Iteration	Posterior	Likelihood	Prior	rate_log_sd	rate_neo	root_freqs[1]	root_freqs[2]	tree_length
0	-2579.202	-2787.274	208.0724	1.077553	0.1011369	0.502023	0.497977	4.874253
6	-2595.557	-2805.089	209.5319	1.188763	0.09582893	0.592428	0.407572	4.001596
12	-2596.297	-2806.252	209.9549	1.256831	0.1073451	0.703224	0.296776	3.691459
18	-2576.241	-2785.652	209.4105	1.260361	0.07700515	0.61045	0.38955	4.078224
24	-2585.135	-2794.691	209.5555	1.122952	0.08334022	0.392585	0.607415	4.057245
30	-2582.559	-2792.534	209.9743	1.23206	0.07501747	0.583918	0.416082	3.776722
36	-2582.525	-2792.972	210.4471	1.000006	0.07077512	0.558988	0.441012	3.649217
42	-2579.396	-2788.381	208.9851	1.05929	0.08122805	0.507439	0.492561	4.422194
48	-2580.778	-2788.811	208.0331	1.089127	0.06825531	0.733217	0.266783	4.972386
54	-2571.547	-2781.616	210.0681	1.043209	0.06843244	0.520737	0.479263	3.849454
60	-2572.536	-2779.284	206.7487	1.040333	0.09174609	0.566522	0.433478	5.648677
66	-2563.14	-2772.915	209.7752	0.9530928	0.100722	0.566522	0.433478	3.985248
72	-2575.534	-2785.302	209.7673	1.024925	0.1072796	0.471638	0.528362	3.933028
78	-2584.989	-2793.545	208.5561	1.041411	0.1011189	0.534259	0.465741	4.624165
84	-2598.421	-2804.741	206.3197	0.9236149	0.06291853	0.596929	0.403071	6.020464
90	-2579.736	-2787.123	207.387	1.142577	0.04978294	0.718319	0.281681	5.351094
96	-2584.534	-2793.212	208.678	1.142577	0.1036931	0.62719	0.37281	4.492807
102	-2587.513	-2797.15	209.6375	1.142001	0.0874087	0.635233	0.364767	3.989092
108	-2592.343	-2801.589	209.2468	1.174116	0.07795306	0.532877	0.467123	4.217819
114	-2600.368	-2808.992	208.6238	1.071374	0.08269096	0.497445	0.502555	4.614764
120	-2590.404	-2798.133	207.7284	1.001838	0.08672781	0.682212	0.317788	5.142233
126	-2574.727	-2784.66	209.9329	1.023972	0.06123989	0.682212	0.317788	3.958085
132	-2572.43	-2781.986	209.5566	1.231957	0.06879879	0.599711	0.400289	4.033273
138	-2591.487	-2800.898	209.4113	1.282255	0.08935141	0.527264	0.472736	4.033273
144	-2582.682	-2792.907	210.2241	1.275401	0.06876432	0.581153	0.418847	3.624411
150	-2575.013	-2785.371	210.3583	1.180622	0.08252745	0.502035	0.497965	3.564098
156	-2583.622	-2793.668	210.0456	1.019929	0.1101146	0.641494	0.358506	3.769287
162	-2573.092	-2783.518	210.4261	1.087371	0.08781127	0.482464	0.517536	3.565038
168	-2576.914	-2787.904	210.9905	1.134598	0.09964685	0.585733	0.414267	3.175619
174	-2581.11	-2791.857	210.7474	1.583145	0.05539945	0.5463	0.4537	3.175619
180	-2572.018	-2782.153	210.1349	1.414029	0.08743691	0.636542	0.363458	3.545347
186	-2575.773	-2785.824	210.0509	1.135952	0.1172981	0.537433	0.462567	3.68257
192	-2587.522	-2798.229	210.7066	1.093521	0.07917917	0.666715	0.333285	3.420604
198	-2586.367	-2797.257	210.8904	1.277843	0.1183737	0.701355	0.298645	3.104367
204	-2595.195	-2806.284	211.0887	1.255166	0.08955601	0.640577	0.359423	3.071414
210	-2602.488	-2812.706	210.2176	1.052944	0.1001009	0.618004	0.381996	3.674918
216	-2601.422	-2810.38	208.9579	0.9899413	0.07564376	0.661037	0.338963	4.491122
222	-2601.019	-2808.52	207.5013	1.127436	0.08763575	0.612928	0.387072	5.196131
228	-2606.793	-2814.171	207.3784	0.9165593	0.09106899	0.500115	0.499885	5.37205
234	-2593.114	-2801.9	208.7856	1.17985	0.09344617	0.541685	0.458315	4.435898
240	-2598.232	-2808.006	209.774	1.218226	0.06223209	0.553619	0.446381	3.935054
246	-2598.246	-2808.005	209.7588	1.218226	0.06500625	0.500557	0.499443	3.936008
252	-2592.4	-2802.249	209.8493	1.212741	0.1025288	0.486927	0.513073	3.789371
258	-2579.561	-2789.511	209.9492	1.188711	0.08512232	0.636638	0.363362	3.789371
264	-2583.174	-2794.128	210.954	1.388942	0.1060976	0.558416	0.441584	3.029645
270	-2587.886	-2798.213	210.3267	1.388942	0.07370409	0.558416	0.441584	3.484978
276	-2586.843	-2797.245	210.4012	1.326696	0.07112668	0.558416	0.441584	3.484978
282	-2592.686	-2802.079	209.3932	1.236701	0.07363646	0.579852	0.420148	4.110547
288	-2600.506	-2811.556	211.0499	1.348451	0.08752616	0.5986	0.4014	3.044249
294	-2600.958	-2811.092	210.134	1.369135	0.07726361	0.619074	0.380926	3.598976
300	-2593.007	-2803.141	210.134	1.369135	0.07726361	0.521035	0.478965	3.598976
306	-2592.495	-2802.433	209.9376	0.9724027	0.07726361	0.46477	0.53523	3.940898
312	-2593.349	-2802.428	209.079	1.048079	0.1079596	0.434048	0.565952	4.309961
318	-2587.15	-2796.1	208.95	1.136415	0.0730815	0.589646	0.410354	4.419897
324	-2584.084	-2793.05	208.9658	1.258135	0.09415525	0.551198	0.448802	4.288137
330	-2579.019	-2786.493	207.474	1.091231	0.08011622	0.586119	0.413881	5.25011
336	-2578.852	-2786.983	208.1308	1.016452	0.08334208	0.480342	0.519658	4.919166
342	-2586.757	-2794.602	207.8451	1.075816	0.06779635	0.480342	0.519658	5.085407
348	-2586.446	-2794.303	207.8577	0.9977834	0.07675959	0.480342	0.519658	5.098073
354	-2582.434	-2791.451	209.0174	1.122752	0.1113685	0.643286	0.356714	4.2947
360	-2595.23	-2804.788	209.558	1.290029	0.1415321	0.653921	0.346079	3.825195
366	-2601.936	-2810.452	208.5166	1.328578	0.05853907	0.61879	0.38121	4.595248
372	-2608.333	-2818.72	210.3866	1.355195	0.1570471	0.385511	0.614489	3.273097
378	-2606.049	-2817.186	211.1372	1.271161	0.1365089	0.771976	0.228024	2.919009
384	-2613.917	-2823.319	209.4018	1.214354	0.09399781	0.51053	0.48947	4.065768
390	-2599.471	-2808.81	209.3391	1.319743	0.08437566	0.58372	0.41628	4.065768
396	-2582.759	-2790.928	208.1684	1.205188	0.09220476	0.538168	0.461832	4.770949
402	-2588.523	-2798.163	209.64	0.9620707	0.1258758	0.580137	0.419863	3.999585
408	-2590.072	-2799.33	209.258	0.9620707	0.1049396	0.435142	0.564858	4.264406
414	-2583.335	-2791.741	208.4059	0.9119624	0.07943601	0.541064	0.458936	4.834115
420	-2589.392	-2799.646	210.2537	1.200136	0.0744745	0.555774	0.444226	3.635163
426	-2581.417	-2790.791	209.3737	1.278796	0.0744745	0.559767	0.440233	4.095466
432	-2592.136	-2802.731	210.5949	1.278796	0.08493248	0.613615	0.386385	3.362061
438	-2586.539	-2794.747	208.2082	1.245665	0.07074187	0.39741	0.60259	4.781003
444	-2584.732	-2794.075	209.3426	1.139301	0.07996737	0.561958	0.438042	4.17792
450	-2588.49	-2797.683	209.1936	1.288312	0.07996737	0.561958	0.438042	4.17792
456	-2576.058	-2784.241	208.1833	1.149126	0.1044664	0.589035	0.410965	4.764632
462	-2582.589	-2792.633	210.0444	1.09754	0.1044664	0.617378	0.382622	3.738626
468	-2586.905	-2797.615	210.7097	1.361442	0.06773237	0.546509	0.453491	3.293178
474	-2595.169	-2806.452	211.2831	1.446144	0.1015153	0.671145	0.328855	2.808054
480	-2588.482	-2797.807	209.3251	1.369681	0.0698145	0.61882	0.38118	4.083943
486	-2590.783	-2799.495	208.7122	1.00921	0.134736	0.550375	0.449625	4.479925
492	-2600.493	-2809.624	209.1312	1.00921	0.07642128	0.612489	0.387511	4.38058
498	-2595.523	-2803.902	208.3781	1.262841	0.06631309	0.62213	0.37787	4.688352
504	-2598.62	-2808.245	209.6246	0.9818643	0.1162601	0.635631	0.364369	4.018472
510	-2598.424	-2807.89	209.4656	0.9446748	0.1166706	0.642529	0.357471	4.129361
516	-2583.119	-2792.672	209.5525	1.187063	0.07876677	0.635988	0.364012	4.034375
522	-2572.143	-2782.626	210.483	1.173453	0.07122064	0.680006	0.319994	3.52635
528	-2573.636	-2781.327	207.691	1.344803	0.05909697	0.621807	0.378193	5.045262
534	-2587.591	-2797.232	209.6407	1.474791	0.1027103	0.656804	0.343196	3.75812
540	-2581.643	-2792.47	210.8274	1.414839	0.1027103	0.503514	0.496486	3.098214
546	-2581.968	-2793.454	211.4862	1.414839	0.09405719	0.535777	0.464223	2.722735
552	-2579.872	-2789.314	209.4418	1.098219	0.09840918	0.527766	0.472234	4.098331
558	-2578.968	-2786.012	207.0444	0.9737669	0.0992108	0.631257	0.368743	5.505074
564	-2566.818	-2774.549	207.7307	1.081285	0.07921213	0.521173	0.478827	5.115901
570	-2572.037	-2779.942	207.9046	0.937479	0.09651725	0.521859	0.478141	5.056357
576	-2574.41	-2783.277	208.8674	1.103664	0.09651725	0.526583	0.473417	4.42523
582	-2576.685	-2785.554	208.8692	1.207471	0.1042433	0.591093	0.408907	4.347171
588	-2580.552	-2789.656	209.1038	1.270653	0.06684667	0.540603	0.459397	4.274001
594	-2577.505	-2784.104	206.5986	1.114882	0.06411669	0.482643	0.517357	5.760364
600	-2570.803	-2780.415	209.6123	1.117436	0.05724129	0.551959	0.448041	4.099066
606	-2567.754	-2777.864	210.1099	1.333907	0.08573967	0.688775	0.311225	3.610888
612	-2570.807	-2780.896	210.0888	1.333907	0.09047307	0.606164	0.393836	3.610888
618	-2569.559	-2779.695	210.1351	1.16886	0.08532061	0.576299	0.423701	3.692986
624	-2572.733	-2780.593	207.8604	1.19793	0.05414323	0.644563	0.355437	5.046506
630	-2586.719	-2794.172	207.4532	1.131918	0.0571905	0.463297	0.536703	5.300005
636	-2586.445	-2794.125	207.6796	0.9587051	0.08168655	0.463297	0.536703	5.205756
642	-2606.836	-2814.891	208.0554	1.02534	0.1196152	0.381556	0.618444	4.87091
648	-2588.582	-2797.024	208.442	1.090792	0.1079926	0.470637	0.529363	4.64437
654	-2579.717	-2788.324	208.6076	1.030494	0.08363644	0.462741	0.537259	4.64437
660	-2583.888	-2791.89	208.0018	1.116729	0.1020119	0.543099	0.456901	4.889717
666	-2587.581	-2797.174	209.5926	1.072294	0.1416571	0.612135	0.387865	3.930066
672	-2582.802	-2792.595	209.7932	1.124913	0.07959431	0.677593	0.322407	3.930066
678	-2586.748	-2795.435	208.687	0.9610216	0.09868204	0.592639	0.407361	4.601654
684	-2574.205	-2783.973	209.7684	1.134172	0.08076412	0.566507	0.433493	3.935928
690	-2574.452	-2784.003	209.5514	1.100896	0.08472766	0.571274	0.428726	4.068575
696	-2573.52	-2783.049	209.5287	1.100896	0.08981517	0.571274	0.428726	4.068575
702	-2582.031	-2787.442	205.411	0.8674873	0.05902551	0.62797	0.37203	6.554987
708	-2590.897	-2797.016	206.1185	1.02535	0.0577356	0.519088	0.480912	6.088622
714	-2592.095	-2798.798	206.7029	1.000198	0.05838033	0.519088	0.480912	5.781517
720	-2580.199	-2788.554	208.3556	0.9769404	0.105083	0.560538	0.439462	4.763168
726	-2572.233	-2780.768	208.5354	1.032839	0.08284687	0.609525	0.390475	4.685485
732	-2588.481	-2798.617	210.1365	1.121786	0.1152035	0.595993	0.404007	3.64602
738	-2583.333	-2793.041	209.7083	1.066658	0.1095027	0.601098	0.398902	3.937699
744	-2581.884	-2790.107	208.2228	1.071689	0.073055	0.600524	0.399476	4.86374
750	-2575.558	-2785.11	209.5517	1.13492	0.08164157	0.59898	0.40102	4.057033
756	-2578.755	-2788.627	209.8716	1.247554	0.05808272	0.618689	0.381311	3.874036
762	-2568.928	-2779.79	210.8617	1.234645	0.06555603	0.550317	0.449683	3.284552
768	-2566.593	-2775.86	209.2669	1.115686	0.09451473	0.549159	0.450841	4.197349
774	-2586.897	-2794.942	208.0455	0.921556	0.09451473	0.700259	0.299741	4.991763
780	-2575.408	-2784.549	209.1408	1.127968	0.1058844	0.51133	0.48867	4.234572
786	-2582.715	-2791.169	208.4535	1.154693	0.07861455	0.556793	0.443207	4.673999
792	-2596.063	-2804.605	208.5419	1.098784	0.07168759	0.625971	0.374029	4.673999
798	-2583.204	-2792.024	208.8206	1.160918	0.07908505	0.583781	0.416219	4.463166
804	-2597.42	-2805.286	207.8653	1.021185	0.06957393	0.583781	0.416219	5.099754
810	-2592.488	-2800.308	207.8202	1.07101	0.06859027	0.685496	0.314504	5.099754
816	-2587.507	-2795.599	208.0918	0.8689701	0.1121845	0.507024	0.492976	4.954171
822	-2587.757	-2794.607	206.8502	0.9462156	0.07116614	0.755514	0.244486	5.696274
828	-2595.618	-2803.428	207.8105	1.004168	0.07116614	0.670607	0.329393	5.135333
834	-2590.051	-2798.331	208.2799	1.016222	0.08825701	0.655185	0.344815	4.823934
840	-2596.285	-2806.33	210.045	1.183514	0.100335	0.655132	0.344868	3.698675
846	-2602.327	-2812.006	209.6796	1.183514	0.0875231	0.565179	0.434821	3.940966
852	-2592.723	-2802.095	209.3712	1.05519	0.0855995	0.587568	0.412432	4.194865
858	-2587.08	-2795.516	208.4364	1.05519	0.08586768	0.564792	0.435208	4.720694
864	-2582.08	-2791.935	209.8546	1.18931	0.09000523	0.632066	0.367934	3.830875
870	-2573.95	-2784.201	210.2507	1.362794	0.06449791	0.528326	0.471674	3.570219
876	-2576.305	-2786.567	210.2626	1.350167	0.06465739	0.453305	0.546695	3.570219
882	-2580.165	-2788.174	208.0092	1.136846	0.1240448	0.631519	0.368481	4.824875
888	-2582.567	-2793.291	210.7244	1.066747	0.1331482	0.586988	0.413012	3.29428
894	-2584.035	-2794.217	210.1827	1.234277	0.09875503	0.44106	0.55894	3.593341
900	-2577.99	-2788.342	210.352	1.595433	0.08631287	0.578298	0.421702	3.315064
906	-2580.271	-2790.636	210.3645	1.438746	0.1207334	0.788471	0.211529	3.315064
912	-2577.411	-2787.981	210.5695	1.228395	0.1221077	0.585487	0.414513	3.315064
918	-2580.908	-2790.083	209.1751	1.228395	0.07819459	0.710139	0.289861	4.227075
924	-2575.069	-2785.626	210.5563	1.378436	0.095776	0.593876	0.406124	3.298001
930	-2577.398	-2787.876	210.4788	1.456902	0.1055601	0.554445	0.445555	3.273002
936	-2577.65	-2788.34	210.69	1.385442	0.06687027	0.593531	0.406469	3.293128
942	-2569.77	-2780.565	210.7948	1.364502	0.07387568	0.576578	0.423422	3.223802
948	-2575.161	-2785.695	210.5349	1.350793	0.08584404	0.573247	0.426753	3.352626
954	-2584.923	-2794.286	209.3624	1.350793	0.0657131	0.565388	0.434612	4.08475
960	-2597.747	-2807.976	210.2286	1.162976	0.09785259	0.492719	0.507281	3.610342
966	-2598.342	-2808.547	210.2047	1.121061	0.1137248	0.587601	0.412399	3.610342
972	-2598.953	-2807.229	208.2756	1.018159	0.07333637	0.521719	0.478281	4.863413
978	-2592.867	-2801.985	209.1178	1.179053	0.06527883	0.700413	0.299587	4.32224
984	-2604.932	-2813.911	208.9793	1.052511	0.09306252	0.535745	0.464255	4.399412
990	-2595.047	-2804.717	209.6697	1.229936	0.06558724	0.478275	0.521725	3.978691
996	-2578.45	-2787.061	208.6109	1.280142	0.06683483	0.699658	0.300342	4.5467
1002	-2585.637	-2796.532	210.8948	1.590123	0.06512786	0.592162	0.407838	3.055099
1008	-2592.83	-2803.006	210.1761	1.690758	0.03911882	0.550979	0.449021	3.496143
1014	-2601.401	-2812.723	211.3222	1.693389	0.06772748	0.517655	0.482345	2.726559
1020	-2585.528	-2796.92	211.3919	1.486856	0.09776828	0.443861	0.556139	2.726559
1026	-2574.267	-2785.825	211.5576	1.501057	0.05893103	0.610221	0.389779	2.726559
1032	-2564.4	-2774.232	209.8316	1.370876	0.07842836	0.61266	0.38734	3.769809
1038	-2577.363	-2787.31	209.9475	1.314109	0.06100128	0.61266	0.38734	3.78384
1044	-2588.574	-2798.587	210.0135	1.258541	0.06657638	0.571125	0.428875	3.762071
1050	-2594.423	-2804.845	210.4218	1.461975	0.1309098	0.706764	0.293236	3.244575
1056	-2597.996	-2810	212.0042	1.285815	0.1485905	0.587039	0.412961	2.347476
1062	-2589.48	-2800.087	210.6069	1.297516	0.07314497	0.542741	0.457259	3.376043
1068	-2594.65	-2803.956	209.306	1.098547	0.07780748	0.590172	0.409828	4.227494
1074	-2589.414	-2798.367	208.953	1.112745	0.07780748	0.50719	0.49281	4.419053
1080	-2597.883	-2807.852	209.9682	1.20228	0.05615243	0.567903	0.432097	3.850107
1086	-2593.279	-2804.55	211.2705	1.31119	0.09265744	0.679419	0.320581	2.920518
1092	-2575.312	-2783.696	208.3841	1.054213	0.0775272	0.689105	0.310895	4.771795
1098	-2581.866	-2789.936	208.0698	1.142451	0.08817037	0.722619	0.277381	4.870881
1104	-2580.223	-2786.415	206.1921	1.102747	0.05418534	0.582436	0.417564	6.015985
1110	-2577.294	-2783.424	206.1301	1.018915	0.08464602	0.539986	0.460014	6.015985
1116	-2582.326	-2787.9	205.5735	1.234703	0.08464602	0.42278	0.57722	6.201598
1122	-2576.164	-2782.752	206.5889	0.8737406	0.08705097	0.581492	0.418508	5.838818
1128	-2566.526	-2773.85	207.3237	0.9982136	0.09319873	0.648623	0.351377	5.35204
1134	-2585.161	-2795.147	209.9858	1.269756	0.1042005	0.666052	0.333948	3.673635
1140	-2577.725	-2788.51	210.7848	1.28578	0.09220202	0.654424	0.345576	3.226952
1146	-2594.632	-2804.096	209.4639	1.278062	0.09345292	0.459545	0.540455	3.995329
1152	-2580.955	-2791.307	210.3519	1.294244	0.07880852	0.517597	0.482403	3.511599
1158	-2576.591	-2784.017	207.4261	1.146379	0.06473686	0.598472	0.401528	5.286396
1164	-2577.527	-2787.37	209.8433	1.198707	0.1034484	0.588733	0.411267	3.798695
1170	-2577.018	-2786.84	209.8216	1.198707	0.04937158	0.570778	0.429222	3.955669
1176	-2589.278	-2799.166	209.8881	1.132284	0.04937158	0.599833	0.400167	3.955669
1182	-2593.072	-2802.661	209.5888	1.104619	0.0758321	0.558923	0.441077	4.068469
1188	-2605.33	-2814.685	209.3549	0.9430465	0.1055523	0.640927	0.359073	4.218827
1194	-2594.295	-2802.901	208.6059	1.008419	0.08994198	0.640927	0.359073	4.641833
1200	-2583.418	-2792.679	209.2611	1.201164	0.0809257	0.473274	0.526726	4.186588
1206	-2583.201	-2791.392	208.1909	1.139592	0.09009027	0.581504	0.418496	4.800209
1212	-2586.876	-2795.33	208.4541	1.029218	0.09009027	0.594812	0.405188	4.714778
1218	-2593.948	-2801.591	207.6437	0.9625353	0.09684846	0.625319	0.374681	5.186245
1224	-2577.786	-2786.429	208.6433	1.112611	0.09933725	0.613742	0.386258	4.539495
1230	-2575.76	-2784.617	208.857	1.064755	0.07194775	0.620104	0.379896	4.515594
1236	-2574.179	-2782.917	208.7382	1.018251	0.1094174	0.573817	0.426183	4.515594
1242	-2587.713	-2796.38	208.6669	1.018251	0.1275051	0.673775	0.326225	4.515594
1248	-2586.362	-2794.624	208.2616	0.9094886	0.07785179	0.673775	0.326225	4.919971
1254	-2581.692	-2790.888	209.1962	1.126526	0.08449534	0.774431	0.225569	4.256502
1260	-2577.451	-2786.594	209.1429	1.060172	0.1124985	0.628223	0.371777	4.256502
1266	-2577.328	-2786.722	209.3943	0.9763158	0.07412808	0.648428	0.351572	4.256502
1272	-2592.158	-2801.5	209.3425	1.254927	0.09907723	0.627266	0.372734	4.063983
1278	-2589.503	-2797.553	208.05	1.178185	0.06338628	0.625243	0.374757	4.926617
1284	-2595.884	-2806.061	210.1764	1.442768	0.08242915	0.528847	0.471153	3.517641
1290	-2577.182	-2786.823	209.6405	1.116691	0.08430781	0.691852	0.308148	4.009802
1296	-2578.655	-2786.406	207.7503	1.098932	0.06361942	0.61178	0.38822	5.136396
1302	-2575.399	-2783.645	208.2456	1.098932	0.07673702	0.610072	0.389928	4.826208
1308	-2578.652	-2786.833	208.1808	1.074102	0.07076907	0.59146	0.40854	4.891889
1314	-2573.81	-2783.494	209.6841	1.251496	0.08626395	0.59146	0.40854	3.902692
1320	-2580.928	-2788.698	207.77	1.20277	0.09420719	0.621717	0.378283	4.989347
1326	-2578.853	-2787.107	208.254	1.10286	0.09238458	0.632507	0.367493	4.779849
1332	-2586.195	-2794.573	208.3781	0.9847414	0.08467571	0.576508	0.423492	4.79567
1338	-2593.878	-2802.375	208.4971	1.0129	0.08467571	0.520605	0.479395	4.713429
1344	-2604.349	-2813.275	208.9265	1.0129	0.1092309	0.691642	0.308358	4.412976
1350	-2605.786	-2816.018	210.2321	1.133699	0.07210615	0.567333	0.432667	3.692638
1356	-2601.189	-2811.029	209.8403	1.237873	0.08940061	0.623595	0.376405	3.81274
1362	-2593.494	-2803.829	210.335	1.349898	0.09567698	0.686529	0.313471	3.44488
1368	-2595.303	-2807.215	211.9127	1.315005	0.1329781	0.616073	0.383927	2.422664
1374	-2600.026	-2810.356	210.3291	1.039657	0.1066053	0.571217	0.428783	3.602189
1380	-2596.993	-2807.481	210.4877	1.157253	0.1066053	0.581318	0.418682	3.441271
1386	-2594.927	-2805.221	210.2937	1.177652	0.08772925	0.581318	0.418682	3.589732
1392	-2598.528	-2809.887	211.3589	1.39035	0.08059622	0.563327	0.436673	2.851896
1398	-2594.557	-2805.037	210.4799	1.24552	0.08059622	0.571117	0.428883	3.46051
1404	-2588.208	-2797.414	209.2059	1.225977	0.05624604	0.537588	0.462412	4.271024
1410	-2600.745	-2809.253	208.5081	1.051204	0.05285218	0.448276	0.551724	4.771195
1416	-2588.453	-2797.81	209.3572	1.051204	0.1102972	0.601818	0.398182	4.144983
1422	-2578.6	-2788.865	210.2656	1.03362	0.08118705	0.601818	0.398182	3.70661
1428	-2582.77	-2791.191	208.4212	0.9114261	0.06034372	0.634185	0.365815	4.876791
1434	-2579.144	-2787.429	208.2846	1.003765	0.07064049	0.600536	0.399464	4.873562
1440	-2583.534	-2793.409	209.8751	1.102495	0.07426978	0.433708	0.566292	3.910206
1446	-2587.97	-2797.022	209.0519	0.9884409	0.06661113	0.616536	0.383464	4.463289
1452	-2588.047	-2797.181	209.1341	1.102885	0.09426383	0.567197	0.432803	4.28052
1458	-2604.044	-2814.006	209.962	1.12913	0.09190392	0.545027	0.454973	3.798882
1464	-2590.469	-2798.796	208.327	1.122359	0.1182942	0.641346	0.358654	4.667889
1470	-2586.145	-2795.995	209.8498	1.211511	0.07104514	0.568791	0.431209	3.870995
1476	-2597.68	-2806.696	209.0163	1.109203	0.08751773	0.526425	0.473575	4.36037
1482	-2586.411	-2795.516	209.1047	1.128104	0.07842486	0.599885	0.400115	4.323102
1488	-2582.561	-2790.224	207.6625	1.078147	0.05968467	0.629538	0.370462	5.207221
1494	-2582.052	-2790.613	208.5614	0.9492323	0.09397598	0.519596	0.480404	4.689961
1500	-2579.925	-2788.557	208.6328	1.124043	0.06462897	0.60281	0.39719	4.627996
1506	-2581.789	-2791.894	210.1048	1.103149	0.09730878	0.654326	0.345674	3.717981
1512	-2580.429	-2790.445	210.0164	1.189164	0.0978833	0.654326	0.345674	3.717981
1518	-2581.448	-2791.229	209.7809	1.189164	0.08932841	0.544597	0.455403	3.875037
1524	-2580.951	-2789.68	208.7294	1.189164	0.06693718	0.5321	0.4679	4.530955
1530	-2593.99	-2804.205	210.2149	1.100014	0.111453	0.5321	0.4679	3.621933
1536	-2593.34	-2803.48	210.1399	1.217155	0.1012807	0.460013	0.539987	3.621933
1542	-2587.191	-2796.226	209.0343	1.01375	0.08379928	0.618955	0.381045	4.413532
1548	-2597.517	-2805.441	207.9247	0.8692121	0.06329304	0.451046	0.548954	5.167883
1554	-2601.539	-2809.102	207.5636	0.8961581	0.07717394	0.640657	0.359343	5.315902
1560	-2579.086	-2786.66	207.5741	1.068034	0.06612612	0.560439	0.439561	5.244185
1566	-2581.518	-2790.089	208.5711	1.077789	0.06471578	0.560439	0.439561	4.688229
1572	-2572.253	-2782.077	209.8236	1.153963	0.05906188	0.433284	0.566716	3.952426
1578	-2579.038	-2789.732	210.6948	1.334864	0.09542458	0.533939	0.466061	3.242814
1584	-2575.802	-2784.923	209.1211	1.110789	0.09542458	0.499171	0.500829	4.280559
1590	-2578.903	-2788.042	209.139	1.095967	0.09750153	0.479628	0.520372	4.273753
1596	-2576.402	-2785.479	209.0764	1.211607	0.0673206	0.479628	0.520372	4.321624
1602	-2576.3	-2784.57	208.2694	1.184684	0.0628688	0.664382	0.335618	4.802134
1608	-2597.022	-2805.705	208.683	1.244656	0.05448471	0.614487	0.385513	4.560286
1614	-2590.634	-2800.409	209.7748	1.130024	0.07781376	0.640507	0.359493	3.942453
1620	-2570.028	-2781.485	211.4573	1.23755	0.09582916	0.630962	0.369038	2.843718
1626	-2570.85	-2780.6	209.7493	1.301261	0.0873783	0.57516	0.42484	3.833794
1632	-2574.615	-2785.101	210.4858	1.266169	0.0873783	0.57516	0.42484	3.426981
1638	-2590.731	-2800.61	209.8792	1.255939	0.07423005	0.674305	0.325695	3.819851
1644	-2590.263	-2799.677	209.4131	1.155428	0.07423005	0.63061	0.36939	4.143854
1650	-2598.853	-2808.307	209.4535	1.119082	0.1105927	0.35823	0.64177	4.050793
1656	-2591.032	-2799.194	208.1627	0.8769825	0.09130734	0.667322	0.332678	4.959198
1662	-2583.643	-2791.539	207.8957	0.9178803	0.08701592	0.620617	0.379383	5.095335
1668	-2575.166	-2784.747	209.5809	1.021671	0.08701592	0.657386	0.342614	4.091058
1674	-2582.857	-2793.078	210.2202	1.192908	0.109839	0.425593	0.574407	3.568723
1680	-2566.39	-2777.231	210.8408	1.27235	0.09324689	0.524751	0.475249	3.199038
1686	-2570.307	-2780.124	209.8173	1.27235	0.07098904	0.54462	0.45538	3.854829
1692	-2579.403	-2789.555	210.1524	1.234978	0.07883887	0.570424	0.429576	3.661872
1698	-2583.425	-2792.804	209.3793	0.9852885	0.07783199	0.641703	0.358297	4.250058
1704	-2578.672	-2787.865	209.1929	1.094363	0.09507664	0.561013	0.438987	4.250058
1710	-2581.955	-2792.152	210.1968	1.199077	0.09507664	0.64929	0.35071	3.61479
1716	-2575.831	-2783.962	208.1308	1.199077	0.05685971	0.520795	0.479205	4.887959
1722	-2587.848	-2797.816	209.9685	1.387107	0.0556169	0.520795	0.479205	3.745047
1728	-2581.109	-2792.16	211.0518	1.344863	0.07372893	0.658473	0.341527	3.083146
1734	-2576.673	-2785.676	209.0035	1.112532	0.07118372	0.63861	0.36139	4.40825
1740	-2566.857	-2775.844	208.9865	1.138005	0.0694122	0.480821	0.519179	4.40825
1746	-2572.187	-2779.011	206.8238	1.30444	0.07444721	0.480821	0.519179	5.505596
1752	-2570.443	-2779.74	209.2966	1.17814	0.08669289	0.401216	0.598784	4.164634
1758	-2566.463	-2775.454	208.9912	1.128068	0.0718907	0.658862	0.341138	4.404533
1764	-2572.963	-2779.843	206.88	1.128068	0.0718907	0.552349	0.447651	5.578273
1770	-2589.125	-2796.576	207.451	1.04009	0.07245854	0.636487	0.363513	5.310857
1776	-2593.365	-2800.879	207.5139	0.9668814	0.07464345	0.591032	0.408968	5.310857
1782	-2565.083	-2771.98	206.897	1.176118	0.07545181	0.527913	0.472087	5.533308
1788	-2565.232	-2773.621	208.389	1.08304	0.1140108	0.494705	0.505295	4.664736
1794	-2578.607	-2786.795	208.1875	1.046641	0.1140108	0.509485	0.490515	4.797733
1800	-2573.997	-2782.154	208.1575	1.159912	0.09406676	0.666597	0.333403	4.797733
1806	-2574.717	-2783.411	208.694	1.059498	0.09681836	0.61391	0.38609	4.546911
1812	-2568.887	-2777.814	208.9264	1.087279	0.08344672	0.61391	0.38609	4.43376
1818	-2576.091	-2784.923	208.832	1.087279	0.1071532	0.605249	0.394751	4.429175
1824	-2566.615	-2774.977	208.3624	1.074756	0.09203507	0.609488	0.390512	4.735813
1830	-2580.047	-2790.392	210.3456	1.151403	0.0846938	0.590416	0.409584	3.582716
1836	-2585.869	-2795.994	210.1255	1.412199	0.0834605	0.590416	0.409584	3.562296
1842	-2582.433	-2793.379	210.9463	1.292738	0.09267175	0.546538	0.453462	3.125755
1848	-2590.306	-2801.196	210.8898	1.182329	0.1220964	0.471428	0.528572	3.152903
1854	-2582.928	-2793.485	210.5569	1.465721	0.06644263	0.591457	0.408543	3.32541
1860	-2581.966	-2792.184	210.2182	1.447463	0.08663096	0.591457	0.408543	3.479421
1866	-2577.579	-2785.974	208.3954	1.208268	0.06223887	0.547721	0.452279	4.720332
1872	-2579.513	-2789.202	209.689	1.208268	0.07781088	0.565742	0.434258	3.946733
1878	-2585.152	-2793.996	208.8436	0.9762086	0.08964695	0.699231	0.300769	4.527268
1884	-2588.821	-2798.12	209.2989	0.9762086	0.08964695	0.489866	0.510134	4.270414
1890	-2591.019	-2799.037	208.0178	0.9780929	0.08263484	0.594087	0.405913	5.00514
1896	-2599.121	-2808.229	209.1078	1.101413	0.07433272	0.544648	0.455352	4.34723
1902	-2590.246	-2800.818	210.5721	1.231116	0.06626266	0.613158	0.386842	3.454611
1908	-2577.367	-2787.584	210.2179	1.254841	0.06807142	0.613158	0.386842	3.641909
1914	-2588.387	-2795.987	207.6	1.064117	0.09496641	0.513184	0.486816	5.158716
1920	-2580.208	-2788.618	208.4105	1.096393	0.07493113	0.638823	0.361177	4.740261
1926	-2601.978	-2812.116	210.1385	1.139622	0.08208635	0.646546	0.353454	3.716413
1932	-2601.138	-2810.384	209.2458	1.075275	0.08155337	0.475088	0.524912	4.264981
1938	-2621.304	-2829.226	207.9224	0.8107477	0.08475941	0.618473	0.381527	5.145526
1944	-2591.397	-2799.172	207.7753	0.9385765	0.08906511	0.688195	0.311805	5.145526
1950	-2587.306	-2795.712	208.4058	0.9098937	0.09595036	0.56201	0.43799	4.794154
1956	-2596.215	-2805.198	208.9832	1.100898	0.06918773	0.525254	0.474746	4.431635
1962	-2596.712	-2805.511	208.7989	1.148777	0.09932157	0.486611	0.513389	4.431635
1968	-2597.704	-2807.437	209.7332	1.077551	0.09831737	0.547544	0.452456	3.943928
1974	-2599.037	-2808.42	209.3836	1.120984	0.1071192	0.660805	0.339195	4.097695
1980	-2606.047	-2814.262	208.2154	1.161725	0.07103048	0.433696	0.566304	4.823039
1986	-2601.04	-2809.295	208.2556	1.031878	0.09056478	0.733092	0.266908	4.823039
1992	-2600.908	-2810.761	209.8522	1.054458	0.1382764	0.630288	0.369712	3.798239
1998	-2595.414	-2804.543	209.1294	0.9094651	0.09375385	0.542217	0.457783	4.393733
2004	-2595.99	-2804.402	208.4123	1.002904	0.09375385	0.542217	0.457783	4.743878
2010	-2602.206	-2810.607	208.4015	1.119016	0.077942	0.542217	0.457783	4.724813
2016	-2595.026	-2802.32	207.2943	1.032398	0.08552488	0.534675	0.465325	5.368196
2022	-2593.785	-2801.237	207.4517	0.8233059	0.08552488	0.552346	0.447654	5.396691
2028	-2590.682	-2799.891	209.2089	1.056335	0.08552488	0.521483	0.478517	4.286389
2034	-2577.534	-2787.557	210.0229	1.234343	0.07169223	0.564263	0.435737	3.756462
2040	-2587.801	-2798.013	210.2116	1.187246	0.08530422	0.564263	0.435737	3.638097
2046	-2590.636	-2797.569	206.9332	0.8887176	0.09336888	0.454862	0.545138	5.626717
2052	-2601.849	-2809.115	207.2657	0.9806929	0.0839751	0.596806	0.403194	5.416293
2058	-2589.369	-2796.631	207.2626	0.9953784	0.07520348	0.602498	0.397502	5.432199
2064	-2606.944	-2816.125	209.1809	1.018951	0.07480185	0.520155	0.479845	4.351272
2070	-2604.494	-2813.76	209.2653	1.081377	0.05471664	0.615928	0.384072	4.323589
2076	-2593.978	-2803.714	209.7358	1.272554	0.08051906	0.615928	0.384072	3.875907
2082	-2583.48	-2793.681	210.2001	1.132746	0.07494487	0.569543	0.430457	3.703888
2088	-2579.263	-2788.021	208.7583	1.175456	0.07494487	0.604558	0.395442	4.500891
2094	-2596.131	-2804.83	208.6995	0.9433849	0.05318672	0.653639	0.346361	4.723534
2100	-2603.166	-2812.428	209.2624	1.085686	0.06903231	0.477883	0.522117	4.282998
2106	-2579.756	-2788.455	208.6987	1.032635	0.07430579	0.608633	0.391367	4.616274
2112	-2583.762	-2792.484	208.7213	1.034209	0.06921454	0.621053	0.378947	4.616274
2118	-2580.379	-2787.829	207.4493	1.024987	0.09116056	0.529766	0.470234	5.272886
2124	-2572.542	-2780.996	208.4548	0.889399	0.1124535	0.518164	0.481836	4.7398
2130	-2580.316	-2790.131	209.8146	1.011897	0.04730697	0.552333	0.447667	4.07231
2136	-2571.584	-2781.082	209.4984	1.039082	0.09548074	0.718624	0.281376	4.106948
2142	-2591.072	-2801.652	210.5802	1.145508	0.07498357	0.563522	0.436478	3.475574
2148	-2576.415	-2786.285	209.8705	1.035699	0.07862723	0.684461	0.315539	3.93945
2154	-2582.194	-2790.328	208.1343	1.06359	0.07862723	0.707784	0.292216	4.903061
2160	-2582.835	-2794.068	211.233	1.223429	0.07581432	0.608968	0.391032	3.04157
2166	-2592.598	-2803.02	210.422	1.391827	0.06588546	0.4625	0.5375	3.449498
2172	-2561.108	-2771.169	210.0603	1.146223	0.06048561	0.4625	0.5375	3.81698
2178	-2568.68	-2777.087	208.4075	1.15938	0.0697044	0.705701	0.294299	4.720621
2184	-2570.855	-2781.406	210.5508	1.302374	0.09189092	0.579457	0.420543	3.355899
2190	-2576.835	-2787.801	210.9653	1.170084	0.1092198	0.647618	0.352382	3.145779
2196	-2587.383	-2796.813	209.4305	1.241669	0.08504136	0.497214	0.502786	4.05643
2202	-2577.991	-2788.459	210.4687	1.167226	0.1037533	0.507874	0.492126	3.453477
2208	-2584.653	-2794.627	209.9737	1.158336	0.08405656	0.472476	0.527524	3.79551
2214	-2591.064	-2800.04	208.9759	1.103401	0.07074235	0.512556	0.487444	4.430192
2220	-2586.615	-2795.209	208.5946	1.090606	0.06326922	0.534484	0.465516	4.671881
2226	-2582.378	-2791.158	208.7797	1.276856	0.04974272	0.568263	0.431737	4.501239
2232	-2573.479	-2782.892	209.4129	0.985064	0.0734195	0.485366	0.514634	4.242896
2238	-2570.025	-2779.471	209.4454	1.24192	0.09370219	0.570063	0.429937	4.025878
2244	-2565.089	-2774.04	208.9516	1.189973	0.0671971	0.488076	0.511924	4.404689
2250	-2572.971	-2782.337	209.3659	1.244698	0.04503311	0.534658	0.465342	4.201545
2256	-2577.694	-2788.604	210.9093	1.330129	0.05274033	0.527478	0.472522	3.23752
2262	-2583.211	-2794.742	211.5309	1.501277	0.1083142	0.576515	0.423485	2.604905
2268	-2584.757	-2795.984	211.227	1.31008	0.08872995	0.659963	0.340037	2.957805
2274	-2568.041	-2778.328	210.2869	1.299116	0.07520132	0.641912	0.358088	3.556436
2280	-2577.48	-2788.301	210.8213	1.369974	0.07512425	0.607168	0.392832	3.201348
2286	-2587.362	-2797.65	210.2878	1.369974	0.07531814	0.434748	0.565252	3.514292
2292	-2570.735	-2781.263	210.5283	1.256852	0.07531814	0.684662	0.315338	3.439931
2298	-2567.214	-2777.347	210.1329	1.168201	0.09484389	0.646454	0.353546	3.670303
2304	-2572.7	-2780.627	207.9271	1.156761	0.05433818	0.666584	0.333416	5.031753
2310	-2571.588	-2781.055	209.4678	1.338416	0.07056546	0.575097	0.424903	4.018363
2316	-2570.154	-2780.837	210.6825	1.338416	0.1042063	0.550905	0.449095	3.225977
2322	-2572.044	-2782.638	210.5944	1.402881	0.07334752	0.5328	0.4672	3.320879
2328	-2568.966	-2779.469	210.5032	1.269152	0.07452274	0.511344	0.488656	3.449583
2334	-2576.723	-2786.262	209.5391	1.269152	0.07394314	0.469828	0.530172	4.008037
2340	-2583.067	-2792.187	209.1206	1.114312	0.1021357	0.565585	0.434415	4.2626
2346	-2578.283	-2786.886	208.6034	1.279353	0.04642556	0.591501	0.408499	4.608207
2352	-2580.031	-2788.737	208.7052	1.197899	0.04234698	0.586208	0.413792	4.608207
2358	-2581.575	-2789.754	208.1787	1.084888	0.07065652	0.467825	0.532175	4.887342
2364	-2580.763	-2790.683	209.9196	1.073118	0.1082668	0.567138	0.432862	3.815579
2370	-2574.281	-2784.413	210.1324	1.134593	0.09528967	0.487435	0.512565	3.688915
2376	-2580.59	-2788.155	207.5657	1.344641	0.04506467	0.578227	0.421773	5.15377
2382	-2581.346	-2790.645	209.2983	0.9388887	0.1053654	0.644163	0.355837	4.253675
2388	-2573.518	-2781.196	207.678	0.9539817	0.07670328	0.474254	0.525746	5.221965
2394	-2575.219	-2782.776	207.557	1.07643	0.08519896	0.59733	0.40267	5.199624
2400	-2573.291	-2783.537	210.2464	1.281624	0.08561161	0.59733	0.40267	3.562304
2406	-2572.721	-2782.96	210.2392	1.367704	0.05307067	0.667655	0.332345	3.606945
2412	-2582.575	-2792.324	209.7492	1.218689	0.07564273	0.410928	0.589072	3.912102
2418	-2578.937	-2790.169	211.232	1.283505	0.06521645	0.522318	0.477682	3.036532
2424	-2596.06	-2807.612	211.552	1.420711	0.06384311	0.540648	0.459352	2.764314
2430	-2582.834	-2791.928	209.0936	1.297814	0.06261065	0.497127	0.502873	4.27609
2436	-2577.563	-2786.449	208.8859	1.208335	0.08010442	0.634335	0.365665	4.396966
2442	-2579.898	-2788.639	208.7412	1.118998	0.08010442	0.587795	0.412205	4.528744
2448	-2576.352	-2785.132	208.7802	1.021136	0.09324791	0.554041	0.445959	4.528744
2454	-2582.526	-2791.365	208.8391	1.073238	0.06813011	0.510661	0.489339	4.53119
2460	-2581.09	-2790.926	209.8359	1.376119	0.06967959	0.630754	0.369246	3.788079
2466	-2585.783	-2795.112	209.3288	1.16481	0.06715764	0.587768	0.412232	4.205642
2472	-2574.118	-2783.299	209.1814	1.21189	0.08875742	0.633781	0.366219	4.205642
2478	-2580.182	-2789.141	208.9592	1.131269	0.08914756	0.581537	0.418463	4.37606
2484	-2576.79	-2785.101	208.3105	1.088082	0.08833418	0.656857	0.343143	4.766506
2490	-2589.847	-2799.134	209.2871	1.104724	0.08833418	0.532595	0.467405	4.207506
2496	-2595.887	-2801.795	205.9083	1.059806	0.06227246	0.671553	0.328447	6.172087
2502	-2595.834	-2805.201	209.367	1.425886	0.06227246	0.537383	0.462617	4.048906
2508	-2597.237	-2808.28	211.0428	1.594988	0.06227246	0.757687	0.242313	2.971821
2514	-2596.8	-2807.718	210.9186	1.26219	0.07852186	0.585501	0.414499	3.198176
2520	-2599.145	-2808.804	209.6592	1.2156	0.07681381	0.693816	0.306184	3.962287
2526	-2584.272	-2794.999	210.7267	1.178282	0.06611748	0.481967	0.518033	3.395435
2532	-2583.49	-2793.365	209.8752	1.178282	0.106372	0.644547	0.355453	3.785083
2538	-2591.103	-2800.957	209.8543	1.089527	0.08889167	0.611987	0.388013	3.891214
2544	-2570.572	-2780.395	209.823	1.089527	0.05697856	0.66939	0.33061	3.995574
2550	-2582.71	-2791.94	209.2294	1.160697	0.06612001	0.55484	0.44516	4.267127
2556	-2578.187	-2785.519	207.3322	0.9660261	0.09972732	0.588293	0.411707	5.349607
2562	-2579.98	-2789.721	209.7409	1.350607	0.06005416	0.667806	0.332194	3.884293
2568	-2585.297	-2795.622	210.3248	1.332209	0.1072107	0.60155	0.39845	3.432741
2574	-2590.744	-2800.259	209.5149	1.210255	0.1016931	0.519105	0.480895	3.984706
2580	-2583.382	-2793.051	209.6691	1.002879	0.1046354	0.553225	0.446775	4.008084
2586	-2571.21	-2780.096	208.8862	0.9600793	0.08702644	0.596231	0.403769	4.518939
2592	-2573.245	-2783.589	210.3441	1.145313	0.07757914	0.596231	0.403769	3.606072
2598	-2594.129	-2802.452	208.3234	1.23689	0.04775585	0.54877	0.45123	4.784896
2604	-2581.142	-2790.482	209.3398	1.139118	0.08515968	0.54877	0.45123	4.166135
2610	-2579.44	-2789.136	209.6956	1.215949	0.07386793	0.588883	0.411117	3.94914
2616	-2582.241	-2791.027	208.7857	1.27122	0.07451953	0.533523	0.466477	4.432667
2622	-2581.874	-2792.042	210.1677	1.279276	0.0583517	0.632854	0.367146	3.684341
2628	-2594.481	-2803.121	208.6402	1.013247	0.07680753	0.738849	0.261151	4.653341
2634	-2581.816	-2789.791	207.9752	1.069905	0.09122382	0.647458	0.352542	4.956397
2640	-2584.521	-2792.555	208.0339	1.078633	0.09106895	0.595851	0.404149	4.919252
2646	-2586.805	-2795.315	208.5106	1.09756	0.06519916	0.494718	0.505282	4.709698
2652	-2583.123	-2790.76	207.6371	1.185193	0.07856484	0.614039	0.385961	5.111824
2658	-2581.147	-2791.373	210.2262	1.168245	0.0933841	0.665451	0.334549	3.619888
2664	-2596.358	-2806.627	210.2696	1.155251	0.0499826	0.64136	0.35864	3.721377
2670	-2586.173	-2794.25	208.077	0.7808545	0.07137699	0.47525	0.52475	5.11084
2676	-2584.497	-2794.281	209.7844	1.05526	0.09317148	0.614047	0.385953	3.94014
2682	-2570.951	-2780.645	209.6944	1.127521	0.06826509	0.56849	0.43151	4.01571
2688	-2571.347	-2780.958	209.6103	1.039514	0.1320181	0.49482	0.50518	3.958959
2694	-2583.597	-2792.388	208.7904	1.020764	0.06866777	0.602837	0.397163	4.586528
2700	-2573.464	-2783.976	210.5112	1.020764	0.06866777	0.64027	0.35973	3.60586
2706	-2592.483	-2799.836	207.3532	0.9178847	0.2079225	0.562971	0.437029	5.155299
2712	-2599.443	-2809.492	210.0481	0.9178847	0.1503135	0.622094	0.377906	3.739227
2718	-2583.91	-2794.039	210.129	1.085095	0.08751253	0.601556	0.398444	3.739227
2724	-2589.029	-2799.446	210.4166	1.346834	0.05697724	0.471863	0.528137	3.504515
2730	-2589.028	-2797.408	208.3797	1.338406	0.04537581	0.5861	0.4139	4.70337
2736	-2591.94	-2799.638	207.6982	1.108506	0.04569771	0.499621	0.500379	5.209369
2742	-2603.37	-2813.5	210.13	1.318557	0.1181162	0.575471	0.424529	3.5288
2748	-2591.653	-2800.275	208.6221	1.058111	0.0465469	0.517989	0.482011	4.721284
2754	-2584.263	-2792.52	208.257	1.04355	0.06048492	0.506086	0.493914	4.894312
2760	-2586.148	-2795.315	209.1663	1.164311	0.07140019	0.634851	0.365149	4.286431
2766	-2572.056	-2781.92	209.8638	0.9935246	0.09905506	0.660179	0.339821	3.915453
2772	-2585.457	-2795.296	209.839	1.048162	0.1097775	0.66384	0.33616	3.872698
2778	-2580.239	-2787.979	207.7402	0.8937125	0.09475914	0.41546	0.58454	5.175963
2784	-2565.782	-2772.922	207.1405	1.034829	0.07711395	0.505163	0.494837	5.472785
2790	-2581.667	-2790.591	208.9244	1.081556	0.09744707	0.572679	0.427321	4.403291
2796	-2578.754	-2788.641	209.887	1.110399	0.09744707	0.707039	0.292961	3.839009
2802	-2583.77	-2794.002	210.2317	1.215413	0.07776777	0.469748	0.530252	3.630105
2808	-2595.332	-2805.085	209.7526	1.150875	0.1000796	0.469748	0.530252	3.886485
2814	-2594.186	-2802.313	208.1268	1.012516	0.09610666	0.694622	0.305378	4.892147
2820	-2590.822	-2799.844	209.0221	1.264152	0.09610666	0.632604	0.367396	4.248097
2826	-2587.632	-2797.931	210.299	1.130179	0.08665241	0.493547	0.506453	3.617018
2832	-2586.762	-2796.127	209.3652	1.330636	0.07666616	0.5722	0.4278	4.064915
2838	-2588.046	-2796.971	208.9249	1.364756	0.0656971	0.525872	0.474128	4.325137
2844	-2596.446	-2806.885	210.4394	1.52202	0.04628546	0.568135	0.431865	3.42011
2850	-2588.501	-2799.718	211.2173	1.363167	0.08928058	0.63232	0.36768	2.930192
2856	-2594.179	-2804.613	210.4334	1.344304	0.0546859	0.667833	0.332167	3.502866
2862	-2577.661	-2788.597	210.9358	1.351006	0.07820632	0.582934	0.417066	3.136108
2868	-2576.732	-2787.628	210.8955	1.513174	0.07820632	0.60634	0.39366	3.063447
2874	-2596.15	-2805.209	209.0597	1.348156	0.07791971	0.695928	0.304072	4.225296
2880	-2585.62	-2796.012	210.3926	1.232134	0.07934024	0.430104	0.569896	3.522615
2886	-2585.588	-2795.355	209.7673	1.416096	0.08371095	0.650796	0.349204	3.766804
2892	-2577.34	-2787.359	210.019	1.151019	0.07646128	0.594798	0.405202	3.793785
2898	-2581.682	-2789.656	207.9743	1.243504	0.0761648	0.695167	0.304833	4.898334
2904	-2576.457	-2785.836	209.379	1.079615	0.1153368	0.452343	0.547657	4.104865
2910	-2587.19	-2796.107	208.9162	1.216866	0.06981241	0.516791	0.483209	4.402377
2916	-2584.646	-2795.824	211.1789	1.177078	0.1011112	0.555748	0.444252	3.034299
2922	-2579.979	-2788.76	208.7813	1.094769	0.09061068	0.699336	0.300664	4.493189
2928	-2576.27	-2786.074	209.8039	1.011871	0.09189105	0.65343	0.34657	3.95699
2934	-2567.661	-2775.278	207.6168	1.041145	0.07426868	0.680802	0.319198	5.213925
2940	-2575.38	-2783.819	208.4392	1.231442	0.05817192	0.670766	0.329234	4.694081
2946	-2590.818	-2798.272	207.4532	0.8536342	0.08131217	0.456772	0.543228	5.389703
2952	-2593.133	-2800.72	207.5874	0.9701957	0.09029097	0.661912	0.338088	5.228997
2958	-2598.107	-2806.365	208.258	0.8895833	0.09971367	0.537198	0.462802	4.878943
2964	-2593.785	-2802.011	208.226	0.9151291	0.1012247	0.564165	0.435835	4.878943
2970	-2600.503	-2809.261	208.7581	1.253344	0.05328832	0.604578	0.395422	4.516607
2976	-2594.977	-2804.95	209.9732	1.162638	0.0809848	0.681215	0.318785	3.801401
2982	-2574.608	-2784.819	210.211	1.162638	0.07758104	0.681215	0.318785	3.673182
2988	-2582.526	-2792.744	210.2186	1.120706	0.07758104	0.619981	0.380019	3.693051
2994	-2585.053	-2794.646	209.593	1.047565	0.09398713	0.593764	0.406236	4.051847
3000	-2579.476	-2788.804	209.3281	1.030427	0.1077582	0.539327	0.460673	4.179268
3006	-2577.698	-2787.846	210.148	1.102477	0.08500966	0.586822	0.413178	3.724728
3012	-2584.443	-2793.83	209.3865	1.23779	0.06600214	0.576873	0.423127	4.134549
3018	-2574.506	-2783.636	209.1308	1.008951	0.1034086	0.41195	0.58805	4.313463
3024	-2573.206	-2782.766	209.5604	1.008951	0.08039926	0.59471	0.40529	4.127059
3030	-2578.02	-2786.908	208.8887	0.9604437	0.09124922	0.468192	0.531808	4.506791
3036	-2583.267	-2792.115	208.8476	1.029639	0.083445	0.559021	0.440979	4.510605
3042	-2581.742	-2789.404	207.6618	0.9839906	0.07077685	0.578729	0.421271	5.229793
3048	-2584.246	-2793.072	208.8257	1.018956	0.08862402	0.424846	0.575154	4.515803
3054	-2580.729	-2790.016	209.287	1.080507	0.08586999	0.466098	0.533902	4.22759
3060	-2574.878	-2785.191	210.313	1.261482	0.05750548	0.597689	0.402311	3.612925
3066	-2566.488	-2774.873	208.3851	1.261482	0.122728	0.565634	0.434366	4.547585
3072	-2567.927	-2776.656	208.7289	1.17473	0.06390779	0.565634	0.434366	4.547585
3078	-2577.721	-2786.737	209.0158	1.129837	0.08065969	0.565634	0.434366	4.366504
3084	-2578.923	-2787.094	208.1708	1.281247	0.07058497	0.655616	0.344384	4.782428
3090	-2590.931	-2799.245	208.3144	1.188027	0.07058497	0.752235	0.247765	4.75431
3096	-2585.428	-2794.031	208.6025	1.075384	0.07736456	0.687951	0.312049	4.63818
3102	-2584.011	-2794.37	210.3594	1.175309	0.1057836	0.68996	0.31004	3.50764
3108	-2593.8	-2803.782	209.9823	1.181655	0.1022727	0.56483	0.43517	3.731262
3114	-2592.323	-2800.992	208.669	1.014287	0.09613663	0.46254	0.53746	4.587964
3120	-2581.899	-2791.485	209.5855	1.033402	0.09444863	0.518613	0.481387	4.063109
3126	-2576.907	-2786.516	209.6098	1.164262	0.09207284	0.532104	0.467896	3.980415
3132	-2567.717	-2776.707	208.9899	1.164262	0.076264	0.532104	0.467896	4.373227
3138	-2578.106	-2788.467	210.3615	1.031424	0.09419063	0.643009	0.356991	3.618704
3144	-2586.746	-2795.41	208.6642	1.316699	0.05804728	0.625486	0.374514	4.520439
3150	-2582.555	-2792.191	209.6353	1.482967	0.07058702	0.413358	0.586642	3.839535
3156	-2580.669	-2790.055	209.3855	1.203211	0.07058702	0.477627	0.522373	4.14225
3162	-2579.059	-2786.785	207.7265	1.237523	0.08282672	0.504671	0.495329	5.022366
3168	-2576.654	-2786.575	209.9207	0.9771563	0.108856	0.637445	0.362555	3.868751
3174	-2583.066	-2793.002	209.9358	1.188868	0.08770518	0.621031	0.378969	3.790268
3180	-2573.377	-2783.886	210.5092	1.312432	0.07841088	0.560058	0.439942	3.410098
3186	-2574.65	-2784.577	209.9276	1.281519	0.0769817	0.620894	0.379106	3.769817
3192	-2576.868	-2785.54	208.6723	1.22045	0.08044857	0.533042	0.466958	4.50958
3198	-2584.277	-2792.391	208.1147	1.089711	0.09852564	0.533042	0.466958	4.850056
3204	-2578.209	-2786.256	208.0474	1.110918	0.07473512	0.589337	0.410663	4.93517
3210	-2589.007	-2799.078	210.0712	1.45297	0.1148885	0.38122	0.61878	3.492144
3216	-2585.019	-2795.138	210.1185	1.315251	0.06033358	0.539421	0.460579	3.686331
3222	-2593.675	-2804.173	210.4975	1.295791	0.07930893	0.63956	0.36044	3.424252
3228	-2593.676	-2803.707	210.0312	1.318551	0.09208515	0.595824	0.404176	3.649084
3234	-2601.58	-2811.734	210.1545	1.271766	0.1028316	0.587266	0.412734	3.57794
3240	-2590.403	-2800.255	209.8524	1.191681	0.09483329	0.620165	0.379835	3.818638
3246	-2599.896	-2808.695	208.7997	1.068046	0.1346246	0.667512	0.332488	4.397712
3252	-2589.477	-2799.966	210.4892	1.171466	0.1226167	0.586461	0.413539	3.394559
3258	-2598.135	-2809.159	211.0243	1.336403	0.1470448	0.616067	0.383933	2.92483
3264	-2588.692	-2799.877	211.1846	1.315182	0.08786007	0.486301	0.513699	2.982534
3270	-2599.337	-2810.336	210.9986	1.132335	0.1049435	0.621404	0.378596	3.158891
3276	-2601.46	-2812.801	211.3412	1.125202	0.08406569	0.484256	0.515744	3.012856
3282	-2605.958	-2815.469	209.5102	1.094042	0.1000773	0.630565	0.369435	4.057642
3288	-2596.511	-2806.046	209.5345	1.069788	0.1000773	0.636364	0.363636	4.057642
3294	-2606.372	-2815.256	208.8841	1.251265	0.06076858	0.582417	0.417583	4.425875
3300	-2602.768	-2813.477	210.7093	1.251265	0.07861549	0.601929	0.398071	3.32798
3306	-2598.307	-2808.608	210.3004	1.374482	0.09810367	0.608355	0.391645	3.444652
3312	-2601.357	-2811.893	210.5354	1.289433	0.104736	0.414568	0.585432	3.340326
3318	-2593.15	-2803.736	210.586	1.40622	0.09640761	0.645558	0.354442	3.262477
3324	-2574.829	-2785.001	210.172	1.030949	0.09640761	0.603804	0.396196	3.723114
3330	-2583.159	-2792.624	209.4645	1.034442	0.08258507	0.469024	0.530976	4.161405
3336	-2576.61	-2785.849	209.2396	1.115638	0.08258507	0.471671	0.528329	4.24297
3342	-2581.928	-2791.643	209.7157	1.391109	0.08391531	0.71577	0.28423	3.810386
3348	-2582.013	-2793.334	211.3206	1.471316	0.1167377	0.542474	0.457526	2.731861
3354	-2586.727	-2798.082	211.3548	1.509948	0.07959284	0.681429	0.318571	2.784454
3360	-2585.178	-2796.303	211.1246	1.327486	0.1243299	0.469989	0.530011	2.920263
3366	-2589.514	-2798.643	209.129	1.313264	0.07529832	0.560486	0.439514	4.212759
3372	-2586.745	-2795.794	209.049	1.063312	0.06853232	0.577713	0.422287	4.417557
3378	-2583.339	-2792.187	208.8476	1.176058	0.08762036	0.50145	0.49855	4.417557
3384	-2575.458	-2784.357	208.8996	1.124103	0.08762036	0.593168	0.406832	4.417557
3390	-2571.472	-2780.945	209.4726	1.20614	0.0574576	0.68656	0.31344	4.127515
3396	-2576.75	-2783.727	206.9769	1.004247	0.08508547	0.547489	0.452511	5.559456
3402	-2573.282	-2783.174	209.8914	1.410154	0.08508547	0.624493	0.375507	3.695005
3408	-2576.246	-2784.69	208.4437	1.119472	0.06814137	0.595364	0.404636	4.726873
3414	-2586.129	-2793.893	207.7639	1.119472	0.09173922	0.424795	0.575205	5.044968
3420	-2575.053	-2784.081	209.0277	1.119472	0.08618567	0.617045	0.382955	4.35148
3426	-2572.443	-2781.08	208.6373	1.119472	0.08070523	0.540511	0.459489	4.585293
3432	-2573.22	-2781.403	208.1837	0.9909747	0.06257245	0.519615	0.480385	4.958632
3438	-2582.787	-2792.463	209.6755	1.157095	0.08245723	0.566064	0.433936	3.971534
3444	-2588.479	-2798.02	209.5407	1.192576	0.1010817	0.756523	0.243477	3.981545
3450	-2591.938	-2801.437	209.4997	1.25586	0.0775456	0.684044	0.315956	4.028457
3456	-2590.578	-2800.453	209.8745	1.188463	0.1110856	0.527371	0.472629	3.768504
3462	-2588.239	-2798.633	210.3938	1.179738	0.1258012	0.500884	0.499116	3.438382
3468	-2593.801	-2805.399	211.5981	1.59358	0.0535682	0.688766	0.311234	2.661285
3474	-2585.488	-2795.803	210.3149	1.59358	0.08350857	0.603319	0.396681	3.345397
3480	-2597.936	-2809.602	211.6657	1.475465	0.06917326	0.702055	0.297945	2.645106
3486	-2587.898	-2798.414	210.5167	1.359905	0.07195943	0.623115	0.376885	3.395667
3492	-2587.754	-2798.453	210.6991	1.423483	0.09103957	0.585954	0.414046	3.199181
3498	-2589.502	-2799.774	210.272	1.262602	0.1423396	0.533125	0.466875	3.425208
3504	-2578.546	-2787.704	209.1586	1.184521	0.09029212	0.659719	0.340281	4.230242
3510	-2585.937	-2795.076	209.1388	1.040933	0.0885006	0.635855	0.364145	4.327224
3516	-2582.154	-2791.545	209.3904	1.175815	0.06295254	0.66229	0.33771	4.175999
3522	-2588.75	-2797.814	209.0642	1.063934	0.1043429	0.492844	0.507156	4.317845
3528	-2592.708	-2800.751	208.0429	1.105106	0.08287241	0.641073	0.358927	4.919927
3534	-2586.965	-2796.004	209.0392	1.191381	0.08287241	0.526943	0.473057	4.312824
3540	-2589.242	-2797.473	208.2306	1.104415	0.1082521	0.333778	0.666222	4.754462
3546	-2584.15	-2792.877	208.7263	1.302758	0.0907165	0.333778	0.666222	4.406767
3552	-2583.999	-2793.674	209.6754	1.302758	0.1086727	0.662887	0.337113	3.822989
3558	-2588.558	-2798.784	210.2262	1.481314	0.1117105	0.662887	0.337113	3.392402
3564	-2578.316	-2789.507	211.1912	1.627573	0.08935178	0.618647	0.381353	2.785561
3570	-2581.571	-2791.512	209.9415	1.627573	0.08935178	0.530502	0.469498	3.528693
3576	-2574.899	-2784.89	209.991	1.423722	0.08601904	0.530502	0.469498	3.627014
3582	-2591.514	-2799.61	208.0962	1.109622	0.09787629	0.643056	0.356944	4.850812
3588	-2588.879	-2798.926	210.0463	1.284107	0.1066231	0.73185	0.26815	3.62445
3594	-2591.144	-2801.441	210.2973	1.165568	0.117674	0.761984	0.238016	3.52149
3600	-2589.424	-2800.999	211.5749	1.203671	0.1211531	0.660597	0.339403	2.729381
3606	-2586.839	-2797.667	210.8283	1.295986	0.1211531	0.672915	0.327085	3.12407
3612	-2579.539	-2789.854	210.3153	1.412931	0.1426682	0.56701	0.43299	3.310821
3618	-2570.75	-2781	210.2497	1.412931	0.0656351	0.57215	0.42785	3.53845
3624	-2567.97	-2778.326	210.3562	1.110165	0.106237	0.507113	0.492887	3.546377
3630	-2579.263	-2787.117	207.8541	0.9644492	0.1003441	0.624328	0.375672	5.060339
3636	-2573.443	-2783.11	209.6667	1.089592	0.09631249	0.574983	0.425017	3.980019
3642	-2581.187	-2789.79	208.6033	1.271496	0.07066751	0.613877	0.386123	4.545415
3648	-2575.168	-2785.138	209.9696	1.355673	0.1056992	0.691054	0.308946	3.629603
3654	-2588.23	-2799.31	211.0793	1.4274	0.09010222	0.656574	0.343426	2.972447
3660	-2590.056	-2800.49	210.4346	1.20088	0.09169688	0.65404	0.34596	3.483882
3666	-2590.518	-2800.278	209.7602	1.389835	0.1433093	0.430818	0.569182	3.647171
3672	-2592.462	-2803.322	210.8597	1.240992	0.1107838	0.581252	0.418748	3.162619
3678	-2587.011	-2795.228	208.217	1.128488	0.1076013	0.469615	0.530385	4.750118
3684	-2596.098	-2806.406	210.3087	1.385646	0.1027502	0.527565	0.472435	3.421738
3690	-2589.917	-2799.712	209.7946	1.35723	0.1115989	0.594477	0.405523	3.716013
3696	-2591.457	-2801.121	209.6637	1.243153	0.1152526	0.572383	0.427617	3.848737
3702	-2591.443	-2800.428	208.9852	0.990404	0.09710965	0.719173	0.280827	4.421215
3708	-2586.009	-2794.656	208.6467	1.328941	0.09710965	0.425333	0.574667	4.421215
3714	-2585.199	-2793.945	208.7457	1.252141	0.06609906	0.585807	0.414193	4.488632
3720	-2581.851	-2791.588	209.7365	1.242862	0.07153066	0.63479	0.36521	3.916649
3726	-2575.703	-2785.709	210.0053	1.319635	0.09065026	0.675293	0.324707	3.667083
3732	-2576.4	-2786.922	210.5214	1.319635	0.1009612	0.579188	0.420812	3.3401
3738	-2590.569	-2800.091	209.5222	1.40786	0.08017452	0.613985	0.386015	3.921714
3744	-2605.633	-2815.283	209.6501	1.188221	0.1009515	0.557948	0.442052	3.921714
3750	-2599.698	-2809.354	209.656	1.188221	0.116841	0.557948	0.442052	3.881044
3756	-2599.421	-2808.098	208.677	1.233294	0.06965096	0.556315	0.443685	4.528226
3762	-2589.876	-2798.893	209.0172	1.247318	0.07733709	0.457605	0.542395	4.308001
3768	-2595.558	-2804.049	208.4915	0.9795718	0.06936302	0.585326	0.414674	4.775084
3774	-2594.581	-2805.359	210.7774	1.301059	0.08281008	0.652816	0.347184	3.247086
3780	-2592.359	-2802.081	209.7216	1.301059	0.1171858	0.654974	0.345026	3.777643
3786	-2607.344	-2817.71	210.3658	1.371675	0.1173416	0.409293	0.590707	3.361598
3792	-2609.756	-2818.719	208.9633	1.125372	0.110699	0.584878	0.415122	4.325328
3798	-2602.973	-2811.964	208.9906	1.16973	0.09367985	0.729803	0.270197	4.325328
3804	-2595.556	-2805	209.4438	1.079872	0.1277338	0.557097	0.442903	4.040308
3810	-2593.748	-2804.683	210.9352	1.061377	0.09037945	0.714479	0.285521	3.275384
3816	-2594.41	-2804.254	209.8435	1.118144	0.08125747	0.740673	0.259327	3.900775
3822	-2599.684	-2809.075	209.3908	1.021558	0.1211196	0.538834	0.461166	4.11824
3828	-2592.779	-2802.521	209.7417	1.005368	0.08580868	0.532885	0.467115	4.011744
3834	-2605.543	-2814.588	209.045	1.103561	0.08580868	0.621262	0.378738	4.351627
3840	-2604.215	-2814.046	209.8309	1.266435	0.05831046	0.684381	0.315619	3.885918
3846	-2585.132	-2794.221	209.0884	1.253345	0.07137341	0.512882	0.487118	4.280234
3852	-2586.919	-2795.41	208.4911	1.086507	0.09322214	0.537513	0.462487	4.654335
3858	-2591.288	-2799.96	208.6711	1.138218	0.07277317	0.401107	0.598893	4.576582
3864	-2591.487	-2801.691	210.2045	1.247226	0.09740621	0.54051	0.45949	3.576528
3870	-2589.132	-2798.549	209.4168	1.183533	0.08484996	0.700773	0.299227	4.097906
3876	-2586.797	-2796.247	209.4493	1.183533	0.0752563	0.590487	0.409513	4.104558
3882	-2593.539	-2802.527	208.9879	1.123783	0.09626349	0.43546	0.56454	4.346497
3888	-2590.325	-2799.495	209.17	1.066851	0.09581147	0.567647	0.432353	4.276759
3894	-2584.648	-2795.004	210.3567	1.22717	0.07731342	0.59249	0.40751	3.55191
3900	-2590.585	-2800.719	210.1332	1.286221	0.1219855	0.59249	0.40751	3.536915
3906	-2585.039	-2794.211	209.1721	1.278365	0.1049379	0.587667	0.412333	4.13364
3912	-2592.576	-2801.968	209.3925	1.065344	0.1031495	0.475384	0.524616	4.13364
3918	-2586.108	-2795.944	209.8361	1.096171	0.1031495	0.70238	0.29762	3.862538
3924	-2595.071	-2804.576	209.5046	1.076754	0.09196955	0.528629	0.471371	4.090631
3930	-2592.419	-2799.675	207.2559	1.049285	0.06806682	0.528629	0.471371	5.424911
3936	-2604.593	-2812.732	208.1388	0.9758346	0.09795681	0.383686	0.616314	4.901439
3942	-2591.056	-2799.608	208.5512	1.321512	0.08977151	0.578804	0.421196	4.497163
3948	-2585.094	-2794.591	209.4964	1.321512	0.1049895	0.521674	0.478326	3.923745
3954	-2595.086	-2805.03	209.9435	1.194072	0.08328894	0.670956	0.329044	3.794335
3960	-2593.37	-2802.288	208.9181	1.194072	0.04403901	0.670956	0.329044	4.486005
3966	-2592.934	-2801.613	208.6784	1.276963	0.04371638	0.518746	0.481254	4.575023
3972	-2601.838	-2811.6	209.7626	1.396665	0.04371638	0.479294	0.520706	3.892274
3978	-2604.61	-2814.403	209.7934	1.183917	0.08105684	0.605541	0.394459	3.892274
3984	-2588.842	-2796.502	207.6595	1.133484	0.08505049	0.646568	0.353432	5.111626
3990	-2605.466	-2815.672	210.2058	1.200882	0.08505049	0.490296	0.509704	3.634209
3996	-2613.204	-2823.358	210.154	1.145858	0.1099569	0.533896	0.466104	3.634209
4002	-2596.151	-2805.429	209.2781	1.224467	0.1374726	0.57843	0.42157	4.031595
4008	-2590.711	-2799.808	209.0968	1.011823	0.09921485	0.57843	0.42157	4.341041
4014	-2594.594	-2802.859	208.265	1.195303	0.06877299	0.437223	0.562777	4.782683
4020	-2585.107	-2792.806	207.6991	1.109977	0.07790931	0.587264	0.412736	5.120841
4026	-2584.018	-2792.607	208.589	0.9948431	0.09368658	0.587264	0.412736	4.649685
4032	-2591.132	-2800.573	209.4411	1.114018	0.06210154	0.492872	0.507128	4.184722
4038	-2597.507	-2806.786	209.279	1.215791	0.07462588	0.66508	0.33492	4.184722
4044	-2581.974	-2792.511	210.5371	1.211997	0.07462588	0.549287	0.450713	3.462905
4050	-2580.407	-2790.187	209.7798	1.288585	0.05790564	0.621424	0.378576	3.903672
4056	-2592.844	-2802.733	209.8892	1.141734	0.1112887	0.59479	0.40521	3.786518
4062	-2578.535	-2789.283	210.7471	1.312205	0.08737452	0.62036	0.37964	3.246214
4068	-2594.84	-2805.77	210.9299	1.116947	0.1075114	0.59711	0.40289	3.202491
4074	-2590.603	-2800.095	209.4923	1.243111	0.1193692	0.541862	0.458138	3.937707
4080	-2590.133	-2799.727	209.594	1.230384	0.116176	0.479611	0.520389	3.893964
4086	-2591.957	-2801.859	209.9012	1.230384	0.0700863	0.608886	0.391114	3.83322
4092	-2597.125	-2806.955	209.8301	1.051171	0.1287692	0.691428	0.308572	3.83322
4098	-2578.585	-2788.315	209.7303	1.266062	0.1000543	0.58783	0.41217	3.83322
4104	-2577.517	-2787.333	209.8157	1.264914	0.08096837	0.630988	0.369012	3.83322
4110	-2592.78	-2802.693	209.913	1.100755	0.08096837	0.630988	0.369012	3.871626
4116	-2584.055	-2793.223	209.1679	1.059635	0.126565	0.488913	0.511087	4.21132
4122	-2582.394	-2791.029	208.6354	1.059635	0.07528041	0.719057	0.280943	4.634074
4128	-2568.6	-2778.349	209.749	1.059635	0.0782565	0.577927	0.422073	3.996269
4134	-2590.943	-2799.027	208.0836	0.8959615	0.08707572	0.549147	0.450853	5.003085
4140	-2595.305	-2803.714	208.409	1.038798	0.07120341	0.64899	0.35101	4.783164
4146	-2578.773	-2787.384	208.6111	1.057256	0.07518198	0.621519	0.378481	4.649264
4152	-2599.66	-2808.666	209.0066	1.057256	0.1026335	0.565768	0.434232	4.358207
4158	-2590.037	-2799.32	209.2834	1.057256	0.1063102	0.560599	0.439401	4.192799
4164	-2593.611	-2802.98	209.3689	1.113073	0.07433086	0.645674	0.354326	4.192799
4170	-2590.035	-2799.242	209.207	1.142312	0.1042275	0.603599	0.396401	4.192799
4176	-2593.954	-2803.907	209.9533	1.209111	0.07920764	0.473519	0.526481	3.790769
4182	-2573.181	-2782.968	209.7875	1.254773	0.05236985	0.473519	0.526481	3.934513
4188	-2576.523	-2786.358	209.8349	1.170915	0.05843897	0.686063	0.313937	3.938018
4194	-2575.04	-2783.473	208.4336	1.170915	0.07561564	0.5978	0.4022	4.68389
4200	-2584.224	-2792.194	207.9693	1.070426	0.05250344	0.536891	0.463109	5.061361
4206	-2586.065	-2793.06	206.995	0.9006274	0.06881701	0.574331	0.425669	5.648055
4212	-2592.93	-2803.115	210.1853	1.14861	0.04917795	0.651815	0.348185	3.776135
4218	-2586.512	-2794.326	207.8131	1.103398	0.08776475	0.527565	0.472435	5.036364
4224	-2588.111	-2796.128	208.0167	1.067551	0.09360687	0.44084	0.55916	4.928832
4230	-2587.597	-2797.112	209.5149	0.9773819	0.08029705	0.417011	0.582989	4.171167
4236	-2582.941	-2794.224	211.2828	1.27245	0.09721829	0.584978	0.415022	2.924532
4242	-2589.586	-2799.216	209.6305	1.103613	0.0672691	0.589865	0.410135	4.068529
4248	-2597.039	-2806.458	209.4185	1.23623	0.08422395	0.589865	0.410135	4.068529
4254	-2590.441	-2800.461	210.0208	1.29597	0.07614325	0.553898	0.446102	3.709944
4260	-2602.153	-2812.252	210.099	1.068313	0.0833666	0.326562	0.673438	3.776975
4266	-2596.467	-2807.109	210.6417	1.425589	0.05647175	0.561645	0.438355	3.328046
4272	-2582.978	-2791.129	208.1512	1.325255	0.07873794	0.480138	0.519862	4.74737
4278	-2576.538	-2784.678	208.1402	1.288271	0.0615237	0.625715	0.374285	4.820142
4284	-2574.435	-2781.524	207.0886	1.112701	0.09710101	0.541495	0.458505	5.409223
4290	-2586.406	-2795.702	209.2962	1.164979	0.1111582	0.641008	0.358992	4.113015
4296	-2595.478	-2804.075	208.5971	1.281253	0.1000072	0.534369	0.465631	4.469066
4302	-2579.65	-2788.174	208.5238	1.007225	0.06820251	0.584776	0.415224	4.744667
4308	-2587.866	-2796.54	208.6736	1.062289	0.06081036	0.584776	0.415224	4.650264
4314	-2574.221	-2783.887	209.6663	1.243921	0.09995096	0.584776	0.415224	3.882959
4320	-2580.006	-2789.705	209.6989	1.201511	0.1022687	0.584776	0.415224	3.882959
4326	-2575.003	-2784.476	209.4733	1.251407	0.06981363	0.602104	0.397896	4.066884
4332	-2587.696	-2798.756	211.0597	1.393186	0.06595832	0.580276	0.419724	3.071797
4338	-2587.256	-2796.224	208.9683	1.23358	0.060674	0.507449	0.492551	4.388647
4344	-2590.096	-2800.272	210.1765	1.23358	0.109682	0.507449	0.492551	3.57088
4350	-2603.883	-2813.263	209.3797	1.070828	0.09893146	0.648032	0.351968	4.147978
4356	-2603.838	-2812.976	209.1372	1.110207	0.1517061	0.572429	0.427571	4.147978
4362	-2601.897	-2811.256	209.3588	1.073121	0.1033277	0.563586	0.436414	4.147978
4368	-2589.806	-2799.723	209.9179	1.091442	0.09923713	0.542297	0.457703	3.827705
4374	-2608.278	-2817.135	208.8568	1.122391	0.07234664	0.479168	0.520832	4.482243
4380	-2607.478	-2816.429	208.9513	1.147658	0.08687972	0.687316	0.312684	4.37697
4386	-2592.064	-2802.128	210.0634	1.249051	0.0803866	0.573185	0.426815	3.701103
4392	-2589.08	-2798.935	209.8549	1.121378	0.149159	0.497918	0.502082	3.735613
4398	-2580.248	-2789.275	209.0271	1.028072	0.1033313	0.632385	0.367615	4.361439
4404	-2586.58	-2794.845	208.2653	1.170348	0.08318068	0.666757	0.333243	4.758746
4410	-2591.609	-2799.983	208.3737	1.148956	0.07679614	0.590941	0.409059	4.726606
4416	-2593.169	-2801.866	208.6973	1.197933	0.07679614	0.520953	0.479047	4.517688
4422	-2582.092	-2791.035	208.9431	1.197933	0.1155742	0.513749	0.486251	4.284652
4428	-2583.163	-2792.259	209.0959	1.169617	0.08614842	0.463622	0.536378	4.284652
4434	-2592.833	-2803.088	210.2545	1.338747	0.1466305	0.390748	0.609252	3.381854
4440	-2588.162	-2797.984	209.8218	1.448016	0.05960438	0.508751	0.491249	3.783034
4446	-2592.532	-2802.486	209.954	1.369644	0.1203446	0.565483	0.434517	3.596334
4452	-2610.254	-2820.803	210.5483	1.223918	0.08652645	0.506504	0.493496	3.417377
4458	-2591.298	-2802.051	210.7533	1.28479	0.09388727	0.506504	0.493496	3.241821
4464	-2590.66	-2801.087	210.4276	1.331322	0.09419403	0.506504	0.493496	3.405299
4470	-2591.338	-2801.286	209.9482	1.138306	0.06411605	0.616036	0.383964	3.875697
4476	-2598.584	-2808.462	209.8778	1.223557	0.08389061	0.469508	0.530492	3.813592
4482	-2592.141	-2802.344	210.2032	1.083621	0.0888527	0.551595	0.448405	3.693788
4488	-2589.885	-2799.606	209.7209	1.085016	0.0893864	0.650518	0.349482	3.968961
4494	-2613.006	-2820.486	207.48	1.085016	0.06394587	0.6719	0.3281	5.292683
4500	-2583.76	-2790.993	207.2338	1.121934	0.04518644	0.6719	0.3281	5.459591
4506	-2577.959	-2785.896	207.9367	1.156556	0.06928761	0.593495	0.406505	4.98572
4512	-2581.47	-2791.123	209.6522	1.156244	0.108313	0.4994	0.5006	3.92128
4518	-2592.724	-2803.365	210.6401	1.182021	0.0654137	0.577448	0.422552	3.445978
4524	-2599.673	-2808.811	209.1379	1.257853	0.08173755	0.509666	0.490334	4.222215
4530	-2605.95	-2814.798	208.8478	0.8333203	0.08024977	0.601937	0.398063	4.628918
4536	-2590.087	-2799.279	209.192	1.09019	0.09113698	0.709682	0.290318	4.262653
4542	-2588.029	-2797.637	209.6077	1.110705	0.07888623	0.459186	0.540814	4.04615
4548	-2594.484	-2802.415	207.9315	1.029424	0.08289319	0.644575	0.355425	5.02392
4554	-2594.916	-2802.688	207.7722	1.145907	0.07759126	0.568339	0.431661	5.061212
4560	-2599.334	-2807.509	208.1743	1.193048	0.1003839	0.463849	0.536151	4.75473
4566	-2598.986	-2807.8	208.8142	1.060548	0.123376	0.560628	0.439372	4.417742
4572	-2585.45	-2794.765	209.3156	1.142126	0.06706521	0.637702	0.362298	4.226231
4578	-2594.138	-2803.21	209.0719	1.153876	0.09209587	0.616336	0.383664	4.292205
4584	-2592.117	-2801.204	209.0868	1.297812	0.08912742	0.605098	0.394902	4.209644
4590	-2594.192	-2804.537	210.3453	1.37459	0.06523636	0.460425	0.539575	3.506184
4596	-2583.93	-2794.654	210.7237	1.248075	0.06043004	0.699604	0.300396	3.372613
4602	-2583.604	-2791.652	208.0486	1.019449	0.06043004	0.533069	0.466931	5.023743
4608	-2588.588	-2797.251	208.6625	1.142933	0.06028544	0.641425	0.358575	4.612708
4614	-2579.869	-2789.864	209.9942	1.130562	0.09785361	0.524977	0.475023	3.764673
4620	-2574.977	-2785.232	210.255	1.238188	0.08766936	0.538038	0.461962	3.577193
4626	-2585.326	-2795.461	210.1349	1.26566	0.07307834	0.538038	0.461962	3.669853
4632	-2586.19	-2796.642	210.4525	1.333271	0.05837874	0.518053	0.481947	3.487463
4638	-2577.164	-2787.641	210.4767	1.310302	0.05812723	0.518053	0.481947	3.487463
4644	-2582.718	-2792.833	210.1144	1.310302	0.1010246	0.596686	0.403314	3.583272
4650	-2592.678	-2799.209	206.5315	1.01559	0.06754267	0.58844	0.41156	5.842314
4656	-2586.216	-2792.535	206.319	0.9021587	0.06887419	0.58844	0.41156	6.016771
4662	-2602.985	-2810.205	207.2197	0.9021587	0.09710532	0.589632	0.410368	5.452994
4668	-2601.769	-2809.783	208.014	0.9328461	0.08978699	0.61035	0.38965	5.014504
4674	-2580.143	-2789.028	208.8856	0.9982088	0.1113383	0.541309	0.458691	4.43948
4680	-2576.525	-2785.099	208.5743	1.183669	0.1444371	0.615527	0.384473	4.43948
4686	-2590.257	-2799.478	209.2211	1.183669	0.06462095	0.477901	0.522099	4.26299
4692	-2596.987	-2806.55	209.5633	1.144941	0.07798153	0.702113	0.297887	4.054346
4698	-2597.156	-2807.119	209.963	1.182029	0.0945261	0.654174	0.345826	3.761236
4704	-2584.939	-2794.264	209.3247	1.182029	0.09113053	0.510848	0.489152	4.135238
4710	-2588.63	-2799.006	210.3758	1.390604	0.09601354	0.662456	0.337544	3.396295
4716	-2582.019	-2791.595	209.5762	1.195651	0.08284252	0.487866	0.512134	4.005274
4722	-2591.566	-2800.657	209.0914	1.10373	0.0712111	0.58429	0.41571	4.363534
4728	-2602.167	-2810.65	208.4832	1.13963	0.09730355	0.78196	0.21804	4.619076
4734	-2604.691	-2813.657	208.9666	1.162763	0.1050671	0.685449	0.314551	4.315446
4740	-2603.963	-2813.6	209.6368	1.080411	0.09538452	0.524949	0.475051	4.004682
4746	-2589.445	-2799.298	209.8536	1.160456	0.1182435	0.604608	0.395392	3.780198
4752	-2594.742	-2803.755	209.0126	1.136092	0.05245299	0.450078	0.549922	4.441684
4758	-2586.918	-2795.423	208.5045	1.076674	0.05245299	0.60654	0.39346	4.760084
4764	-2585.797	-2793.756	207.9589	0.9618847	0.123506	0.640493	0.359507	4.951546
4770	-2583.497	-2793.41	209.9129	1.119824	0.06792567	0.593089	0.406911	3.895986
4776	-2588.436	-2796.379	207.9433	1.119824	0.09473412	0.711358	0.288642	4.937855
4782	-2582.935	-2791.216	208.2814	1.232184	0.08532299	0.5976	0.4024	4.709758
4788	-2578.259	-2787.742	209.4824	1.31664	0.06309512	0.696747	0.303253	4.043095
4794	-2575.902	-2785.415	209.5131	1.075696	0.1192152	0.676303	0.323697	4.021898
4800	-2574.775	-2785.105	210.3304	1.247986	0.05860718	0.475646	0.524354	3.60747
4806	-2584.348	-2794.537	210.1887	1.247986	0.1002058	0.649164	0.350836	3.578288
4812	-2591.111	-2800.62	209.5097	1.094757	0.08509404	0.625252	0.374748	4.094928
4818	-2601.956	-2811.364	209.4081	1.10925	0.1077341	0.630401	0.369599	4.088944
4824	-2580.799	-2789.219	208.42	1.10925	0.07671497	0.524118	0.475882	4.723079
4830	-2589.625	-2798.414	208.7898	1.069462	0.05517631	0.654701	0.345299	4.596783
4836	-2596.241	-2804.98	208.7386	1.248765	0.07165703	0.654701	0.345299	4.479472
4842	-2585.109	-2793.925	208.8155	1.068931	0.09428727	0.557289	0.442711	4.479472
4848	-2584.337	-2793.778	209.4406	1.032247	0.09128345	0.693148	0.306852	4.154082
4854	-2584.821	-2794.137	209.3162	1.156695	0.09128345	0.496828	0.503172	4.154082
4860	-2583.713	-2793.061	209.3478	1.142201	0.08741272	0.674696	0.325304	4.154082
4866	-2577.377	-2787.497	210.1201	1.194441	0.08635039	0.677599	0.322401	3.684204
4872	-2585.238	-2795.733	210.495	1.149768	0.07545549	0.536034	0.463966	3.52151
4878	-2602.046	-2810.586	208.5392	1.224223	0.06008297	0.505107	0.494893	4.6368
4884	-2604.423	-2815.386	210.9635	1.153472	0.06376209	0.585625	0.414375	3.27756
4890	-2595.065	-2805.102	210.0377	1.277839	0.0761266	0.489699	0.510301	3.710711
4896	-2580.273	-2791.482	211.2089	1.277839	0.05155838	0.600877	0.399123	3.09415
4902	-2592.902	-2803.916	211.0135	1.321564	0.08302999	0.509009	0.490991	3.09415
4908	-2600.593	-2811.919	211.3263	1.225513	0.1011262	0.588739	0.411261	2.916543
4914	-2604.202	-2815.324	211.1217	1.300152	0.07311951	0.598397	0.401603	3.069825
4920	-2596.454	-2805.878	209.4235	1.232642	0.07605194	0.637899	0.362101	4.089162
4926	-2586.712	-2795.715	209.0031	1.203614	0.06806772	0.73799	0.26201	4.365538
4932	-2584.29	-2791.34	207.0492	0.8524196	0.06827834	0.519706	0.480294	5.646209
4938	-2578.686	-2786.501	207.8145	0.9345676	0.09137486	0.519706	0.480294	5.12036
4944	-2588.303	-2796.011	207.7082	1.094159	0.07953604	0.590548	0.409452	5.12036
4950	-2583.721	-2793.171	209.4503	1.096232	0.06971963	0.473762	0.526238	4.168582
4956	-2590.185	-2800.313	210.1276	1.165274	0.1010606	0.549521	0.450479	3.659634
4962	-2599.05	-2807.663	208.6132	1.067417	0.05509251	0.674052	0.325948	4.697102
4968	-2591.838	-2800.466	208.6276	1.024269	0.06087145	0.512905	0.487095	4.697102
4974	-2595.502	-2804.068	208.5662	0.9818792	0.08271329	0.512905	0.487095	4.697102
4980	-2590.908	-2799.91	209.0016	0.9794115	0.1195186	0.498825	0.501175	4.366279
4986	-2582.442	-2791.711	209.2691	1.010094	0.06675801	0.601946	0.398054	4.328137
4992	-2585.328	-2793.024	207.696	0.9970759	0.05585352	0.508661	0.491339	5.244046
4998	-2594.024	-2802.72	208.6953	1.054123	0.07587444	0.479899	0.520101	4.601982
5004	-2587.45	-2797.82	210.3701	1.081799	0.09530806	0.638707	0.361293	3.581654
5010	-2591.029	-2798.06	207.0309	1.040577	0.09447187	0.656787	0.343213	5.486977
5016	-2582.02	-2789.872	207.8523	1.021999	0.09440388	0.507813	0.492187	5.043581
5022	-2581.007	-2789.993	208.9857	1.14186	0.1135502	0.507813	0.492187	4.296847
5028	-2576.757	-2787.256	210.4988	1.107766	0.07584145	0.671464	0.328536	3.542675
5034	-2575.375	-2785.152	209.7765	1.107766	0.07647123	0.663307	0.336693	3.957758
5040	-2591.76	-2800.493	208.7326	1.171858	0.07264816	0.711259	0.288741	4.523449
5046	-2583.681	-2793.883	210.2021	1.319025	0.08136628	0.517269	0.482731	3.577508
5052	-2584.452	-2792.796	208.3442	1.128568	0.1219898	0.602377	0.397623	4.646672
5058	-2597.813	-2806.907	209.0939	1.089838	0.1159591	0.654973	0.345027	4.259562
5064	-2580.067	-2786.262	206.1958	0.956683	0.1159591	0.659083	0.340917	5.941611
5070	-2583.085	-2790.173	207.0879	0.9471982	0.07010271	0.500367	0.499633	5.568108
5076	-2571.506	-2781.398	209.8912	1.208756	0.08052718	0.565235	0.434765	3.823227
5082	-2575.698	-2785.009	209.3113	1.095374	0.1075766	0.645131	0.354869	4.152335
5088	-2586.296	-2794.163	207.8662	0.8949045	0.09959945	0.633901	0.366099	5.093958
5094	-2582.941	-2791.637	208.6955	0.8949045	0.09714136	0.502026	0.497974	4.637639
5100	-2579.09	-2787.036	207.9466	1.065196	0.09714136	0.656291	0.343709	4.960612
5106	-2584.185	-2792.873	208.6877	0.9988344	0.09714136	0.508823	0.491177	4.583728
5112	-2583.542	-2792.263	208.7208	1.055286	0.07714017	0.70106	0.29894	4.583728
5118	-2590.167	-2798.559	208.392	1.269966	0.06875142	0.687833	0.312167	4.669988
5124	-2579.05	-2786.852	207.8016	1.188894	0.04876194	0.471987	0.528013	5.099102
5130	-2574.68	-2784.516	209.836	1.207854	0.1051586	0.646002	0.353998	3.793553
5136	-2585.212	-2794.999	209.7876	1.141737	0.1051586	0.542817	0.457183	3.859426
5142	-2583.416	-2792.242	208.8254	1.157992	0.1137284	0.641231	0.358769	4.377914
5148	-2595.813	-2805.747	209.9338	1.165592	0.1137284	0.52741	0.47259	3.741369
5154	-2595.384	-2804.573	209.1889	0.9724092	0.06453389	0.700199	0.299801	4.400853
5160	-2590.141	-2799.517	209.3765	1.138812	0.08771569	0.713911	0.286089	4.138963
5166	-2592.35	-2802.092	209.7419	1.108764	0.06859039	0.622636	0.377364	3.998386
5172	-2589.117	-2799.307	210.1898	1.153016	0.1221451	0.605546	0.394454	3.581158
5178	-2599.793	-2809.996	210.2031	1.158221	0.07611935	0.665891	0.334109	3.684284
5184	-2581.701	-2790.452	208.7512	1.127139	0.07588771	0.658039	0.341961	4.5296
5190	-2583.763	-2793.063	209.2991	1.190006	0.05933248	0.658039	0.341961	4.229902
5196	-2587.439	-2795.312	207.8721	1.190006	0.09634243	0.589665	0.410335	4.934532
5202	-2586.01	-2795.971	209.9611	1.159138	0.1531291	0.656962	0.343038	3.644369
5208	-2587.581	-2798.495	210.9141	1.339561	0.1150053	0.514601	0.485399	3.061337
5214	-2576.048	-2783.276	207.228	1.008644	0.121989	0.548604	0.451396	5.333694
5220	-2582.684	-2790.168	207.4837	0.9018539	0.08633733	0.528225	0.471775	5.333694
5226	-2586.135	-2794.429	208.2936	1.18472	0.05559282	0.646372	0.353628	4.808708
5232	-2592.583	-2801.295	208.712	1.242884	0.08238718	0.646372	0.353628	4.469635
5238	-2599.319	-2807.749	208.43	1.193311	0.05564448	0.708494	0.291506	4.727585
5244	-2599.372	-2809.107	209.7349	1.192275	0.07802488	0.611975	0.388025	3.929042
5250	-2598.947	-2806.145	207.1982	1.109402	0.09165548	0.583696	0.416304	5.363677
5256	-2603.226	-2810.975	207.7483	1.10314	0.1083481	0.603625	0.396375	5.02357
5262	-2594.773	-2801.992	207.2184	1.02225	0.05298504	0.546734	0.453266	5.501366
5268	-2585.083	-2792.498	207.4153	0.9810477	0.07710552	0.456292	0.543708	5.351055
5274	-2574.239	-2782.22	207.9812	0.9863567	0.0767276	0.645201	0.354799	5.036015
5280	-2604.513	-2812.491	207.9777	1.122362	0.07734959	0.462868	0.537132	4.960763
5286	-2600.869	-2808.822	207.9533	1.096828	0.0883208	0.533922	0.466078	4.960763
5292	-2600.819	-2809.486	208.667	1.135485	0.0581841	0.564515	0.435485	4.620205
5298	-2585.754	-2796.157	210.4033	1.231262	0.06138551	0.562676	0.437324	3.566865
5304	-2584.618	-2794.256	209.6377	1.132483	0.0831027	0.567828	0.432172	4.005507
5310	-2600.079	-2809.451	209.3719	1.143975	0.1216727	0.656048	0.343952	4.058052
5316	-2586.978	-2798.099	211.1211	1.135888	0.1098708	0.551946	0.448054	3.071754
5322	-2595.837	-2807.422	211.5847	1.338908	0.1093527	0.684989	0.315011	2.669297
5328	-2583.606	-2793.417	209.8115	1.248708	0.1210832	0.51686	0.48314	3.747186
5334	-2587.803	-2797.465	209.6613	1.150704	0.06840676	0.512092	0.487908	4.020943
5340	-2597.647	-2807.827	210.1801	1.269493	0.07380112	0.549279	0.450721	3.639486
5346	-2598.342	-2808.518	210.1754	1.098471	0.07642536	0.624147	0.375853	3.733967
5352	-2591.041	-2799.743	208.7022	1.111492	0.0858592	0.645608	0.354392	4.5402
5358	-2590.885	-2801.252	210.3676	1.281163	0.140288	0.562109	0.437891	3.362633
5364	-2575.756	-2786.323	210.5671	1.224774	0.1035283	0.623813	0.376187	3.362633
5370	-2584.72	-2793.86	209.1407	1.075768	0.08470766	0.623813	0.376187	4.316058
5376	-2567.623	-2776.372	208.7489	1.149578	0.08187754	0.623764	0.376236	4.502653
5382	-2577.457	-2786.272	208.8154	1.064896	0.08589312	0.62041	0.37959	4.502653
5388	-2575.813	-2783.993	208.1794	1.100404	0.08193559	0.618807	0.381193	4.848922
5394	-2595.065	-2802.937	207.8719	1.207341	0.07356161	0.615747	0.384253	4.98221
5400	-2589.195	-2800.039	210.8447	1.385408	0.0928856	0.657786	0.342214	3.130481
5406	-2585.582	-2794.148	208.566	1.069814	0.06895519	0.657315	0.342685	4.684043
5412	-2587.665	-2795.066	207.401	1.051134	0.09046525	0.54303	0.45697	5.286816
5418	-2597.206	-2806.126	208.9196	1.094633	0.1566322	0.364626	0.635374	4.270611
5424	-2592.669	-2801.535	208.8652	1.094633	0.188343	0.483274	0.516726	4.243
5430	-2589.5	-2799.429	209.9294	1.356498	0.1116114	0.626038	0.373962	3.6384
5436	-2598.297	-2808.542	210.2447	0.9769305	0.1116114	0.613302	0.386698	3.675622
5442	-2602.15	-2811.068	208.9174	1.036269	0.07205209	0.485043	0.514957	4.497403
5448	-2582.69	-2790.898	208.2077	1.036269	0.07191363	0.461376	0.538624	4.894923
5454	-2574.15	-2781.444	207.2944	1.036269	0.08659371	0.461376	0.538624	5.36334
5460	-2576.204	-2782.961	206.7572	0.9093633	0.0910035	0.635129	0.364871	5.717572
5466	-2571.595	-2779.562	207.9678	0.8810514	0.08429147	0.593833	0.406167	5.082583
5472	-2583.981	-2791.42	207.439	0.9716018	0.07899492	0.521618	0.478382	5.338333
5478	-2582.56	-2790.249	207.6892	0.9909845	0.06208559	0.528043	0.471957	5.23408
5484	-2582.45	-2790.823	208.3737	0.9423462	0.09803397	0.562091	0.437909	4.788989
5490	-2584.038	-2793.583	209.5449	1.223261	0.07866354	0.596468	0.403532	4.018299
5496	-2574.757	-2784.149	209.3918	1.183871	0.09780405	0.596468	0.403532	4.079499
5502	-2592.223	-2801.604	209.3811	1.115405	0.06079466	0.573651	0.426349	4.221592
5508	-2589.081	-2796.471	207.3901	0.8927727	0.08848536	0.598031	0.401969	5.385047
5514	-2584.358	-2793.03	208.672	1.076012	0.1196366	0.550735	0.449265	4.497316
5520	-2577.996	-2786.921	208.9259	1.076012	0.07089398	0.556417	0.443583	4.473351
5526	-2574.783	-2783.5	208.7169	1.076012	0.09789891	0.522517	0.477483	4.522162
5532	-2575.699	-2784.406	208.7067	1.116999	0.09081054	0.493698	0.506302	4.522162
5538	-2579.137	-2788.667	209.5295	1.08958	0.09081054	0.582548	0.417452	4.072041
5544	-2587.626	-2795.748	208.1219	1.072191	0.1422755	0.544818	0.455182	4.760155
5550	-2594.55	-2803.77	209.2201	1.072191	0.06968934	0.544818	0.455182	4.312768
5556	-2577.866	-2787.093	209.2271	1.162956	0.09868082	0.544818	0.455182	4.18294
5562	-2591.057	-2799.601	208.544	1.229281	0.1020134	0.638426	0.361574	4.523382
5568	-2586.318	-2793.811	207.4928	1.248672	0.0632152	0.515557	0.484443	5.197112
5574	-2598.762	-2807.208	208.4462	1.024458	0.06451668	0.514707	0.485293	4.788402
5580	-2594.99	-2804.073	209.0837	1.079868	0.09306208	0.53889	0.46111	4.324988
5586	-2593.937	-2802.165	208.2281	0.9657708	0.08288221	0.527593	0.472407	4.894399
5592	-2589.686	-2800.621	210.9351	1.22578	0.08288221	0.45558	0.54442	3.198096
5598	-2595.941	-2806.149	210.2089	1.302815	0.06415593	0.615617	0.384383	3.630328
5604	-2592.789	-2803.168	210.3795	1.195928	0.08992878	0.585154	0.414846	3.523481
5610	-2593.73	-2804.032	210.3018	1.112037	0.08963204	0.426661	0.573339	3.618167
5616	-2602.635	-2811.646	209.0107	1.198016	0.06940397	0.551568	0.448432	4.360781
5622	-2605.22	-2814.355	209.1353	1.156065	0.1127368	0.552803	0.447197	4.205862
5628	-2610.138	-2819.894	209.7558	1.061488	0.1029313	0.459934	0.540066	3.928997
5634	-2604.648	-2814.388	209.7397	1.097874	0.0981427	0.592933	0.407067	3.928997
5640	-2589.866	-2798.147	208.2813	1.097874	0.0928189	0.611157	0.388843	4.766333
5646	-2590.531	-2801.132	210.6009	1.222156	0.07679509	0.513046	0.486954	3.41366
5652	-2591.667	-2801.322	209.6552	1.27977	0.06965234	0.465418	0.534582	3.947238
5658	-2585.444	-2796.689	211.2453	1.351842	0.1064236	0.465418	0.534582	2.875777
5664	-2592.277	-2802.981	210.7039	1.333465	0.07389999	0.620337	0.379663	3.295728
5670	-2596.454	-2805.504	209.05	1.270187	0.06539817	0.618772	0.381228	4.308728
5676	-2575.277	-2784.246	208.9689	0.9482091	0.0959015	0.514231	0.485769	4.457137
5682	-2577.482	-2786.321	208.8392	1.167695	0.07592168	0.544411	0.455589	4.457137
5688	-2589.188	-2797.689	208.5006	1.171432	0.07592168	0.544411	0.455589	4.645286
5694	-2589.102	-2798.336	209.2335	1.171432	0.09373573	0.601737	0.398263	4.186602
5700	-2596.855	-2804.729	207.8744	1.145123	0.1222901	0.597554	0.402446	4.89922
5706	-2596.709	-2806.312	209.603	1.316243	0.09433078	0.531762	0.468238	3.891593
5712	-2594.078	-2801.213	207.1348	0.9625279	0.07202317	0.531762	0.468238	5.528894
5718	-2599.866	-2807.743	207.8777	0.9542791	0.1324146	0.496095	0.503905	4.982091
5724	-2580.404	-2788.232	207.8285	1.113774	0.07283357	0.536802	0.463198	5.060166
5730	-2598.358	-2805.904	207.5465	1.113774	0.05944648	0.536802	0.463198	5.25227
5736	-2593.578	-2802.966	209.3877	1.246258	0.06125861	0.618594	0.381406	4.142232
5742	-2591.59	-2801.999	210.4087	1.384172	0.1011488	0.621488	0.378512	3.367946
5748	-2606.671	-2815.369	208.6977	1.236518	0.1657746	0.569012	0.430988	4.298455
5754	-2602.999	-2813.004	210.0049	1.386513	0.04981161	0.524639	0.475361	3.741151
5760	-2590.585	-2800.189	209.6038	1.181506	0.09850322	0.602514	0.397486	3.958062
5766	-2588.046	-2797.523	209.4776	1.181506	0.1199141	0.564751	0.435249	3.980164
5772	-2590.032	-2800.395	210.3625	1.296659	0.0999452	0.526247	0.473753	3.449269
5778	-2591.349	-2799.257	207.9075	0.885251	0.0999452	0.509199	0.490801	5.075603
5784	-2592.567	-2802.167	209.6008	1.117251	0.07658963	0.509199	0.490801	4.052395
5790	-2598.097	-2806.952	208.8548	1.150198	0.06457872	0.57921	0.42079	4.48875
5796	-2589.928	-2800.441	210.5126	1.195829	0.1127967	0.517051	0.482949	3.38928
5802	-2591.282	-2799.947	208.665	1.149065	0.09601464	0.582612	0.417388	4.514823
5808	-2584.745	-2794.573	209.8279	1.27451	0.08027831	0.681468	0.318532	3.82251
5814	-2581.437	-2792.876	211.4391	1.209876	0.06237873	0.693469	0.306531	2.96479
5820	-2581.729	-2791.783	210.054	1.232293	0.06237873	0.531604	0.468396	3.765698
5826	-2596.368	-2806.434	210.066	1.164026	0.1159997	0.53244	0.46756	3.660596
5832	-2588.289	-2795.923	207.6344	0.9002794	0.0879737	0.537324	0.462676	5.247336
5838	-2579.518	-2789.393	209.8757	0.9659997	0.08899379	0.713382	0.286618	3.949502
5844	-2587.436	-2796.854	209.4184	1.07216	0.1016163	0.703346	0.296654	4.118743
5850	-2585.295	-2794.276	208.9807	1.18804	0.06083838	0.703346	0.296654	4.406886
5856	-2600.588	-2810.094	209.5057	0.9165611	0.09328094	0.430099	0.569901	4.177877
5862	-2591.684	-2800.451	208.7664	1.060745	0.06482192	0.68688	0.31312	4.588052
5868	-2593.515	-2802.474	208.9594	1.207694	0.06482192	0.624899	0.375101	4.396777
5874	-2593.354	-2803.371	210.017	1.141655	0.08824383	0.568876	0.431124	3.769335
5880	-2599.97	-2810.365	210.3945	1.226601	0.09536235	0.550359	0.449641	3.482995
5886	-2601.133	-2812.202	211.0691	1.372434	0.1031508	0.550359	0.449641	2.977809
5892	-2593.826	-2805.85	212.0235	1.261662	0.1007231	0.608085	0.391915	2.467052
5898	-2608.26	-2818.586	210.3256	1.438659	0.08087386	0.57835	0.42165	3.437067
5904	-2578.798	-2788.057	209.2592	1.039986	0.08180394	0.517445	0.482555	4.276717
5910	-2587.286	-2796.076	208.7904	0.9950507	0.08180394	0.520263	0.479737	4.566356
5916	-2589.615	-2796.43	206.8152	1.102155	0.05721183	0.563241	0.436759	5.667343
5922	-2579.818	-2789.457	209.6393	1.378821	0.03740337	0.563241	0.436759	3.990784
5928	-2582.751	-2792.451	209.6999	1.227193	0.06679657	0.574128	0.425872	3.959613
5934	-2578.836	-2784.026	205.1907	1.022464	0.06410071	0.665988	0.334012	6.576823
5940	-2582.692	-2792.685	209.9931	1.185425	0.1051893	0.6029	0.3971	3.715805
5946	-2589.292	-2798.609	209.3164	1.148153	0.1350119	0.60454	0.39546	4.05845
5952	-2584.407	-2792.777	208.3705	1.16722	0.08983677	0.577449	0.422551	4.684977
5958	-2600.278	-2808.877	208.5989	0.9439164	0.09987412	0.577449	0.422551	4.657761
5964	-2609.449	-2817.15	207.7014	1.021428	0.0686321	0.607884	0.392116	5.192864
5970	-2591.572	-2800.345	208.7732	1.115131	0.08438903	0.631706	0.368294	4.501928
5976	-2586.821	-2795.119	208.2975	1.214408	0.07627349	0.553578	0.446422	4.733932
5982	-2579.617	-2788.113	208.4951	1.12016	0.07085446	0.553578	0.446422	4.69045
5988	-2573.704	-2782.082	208.3782	1.146297	0.09061361	0.559907	0.440093	4.69045
5994	-2582.857	-2789.544	206.6865	1.255771	0.07439305	0.633724	0.366276	5.607915
6000	-2587.295	-2793.84	206.5447	1.149018	0.06313959	0.577011	0.422989	5.773803
6006	-2587.826	-2794.773	206.9466	1.150574	0.06770654	0.560813	0.439187	5.540317
6012	-2585.016	-2793.398	208.3813	1.227156	0.06133874	0.683153	0.316847	4.720103
6018	-2591.993	-2799.581	207.5881	1.125007	0.09025367	0.47209	0.52791	5.143036
6024	-2607.079	-2818.049	210.9703	1.39708	0.08809641	0.57735	0.42265	3.06128
6030	-2601.963	-2813.65	211.6869	1.480222	0.09332412	0.600221	0.399779	2.560567
6036	-2609.582	-2821.451	211.8692	1.464184	0.08045028	0.481623	0.518377	2.492864
6042	-2583.556	-2794.214	210.6579	1.513335	0.05209967	0.634249	0.365751	3.279674
6048	-2587.286	-2798.158	210.8717	1.616828	0.07722661	0.590296	0.409704	3.018413
6054	-2596.271	-2806.046	209.7748	1.616828	0.04100662	0.616173	0.383827	3.766381
6060	-2593.834	-2804.792	210.9575	1.527288	0.06206875	0.561684	0.438316	3.064105
6066	-2587.758	-2796.27	208.5123	1.309636	0.07408512	0.577027	0.422973	4.566006
6072	-2592.715	-2801.813	209.0983	1.205214	0.09461439	0.553564	0.446436	4.241983
6078	-2582.707	-2792.065	209.3577	1.39407	0.07780068	0.6304	0.3696	4.02995
6084	-2591.043	-2802.017	210.9744	1.39407	0.07780068	0.640848	0.359152	3.088594
6090	-2589.152	-2797.163	208.0107	1.093174	0.09537665	0.588326	0.411674	4.913627
6096	-2579.077	-2787.772	208.695	0.9858442	0.1822409	0.572835	0.427165	4.411451
6102	-2586.945	-2796.466	209.5206	0.9858442	0.1490095	0.608072	0.391928	4.005747
6108	-2584.251	-2793.543	209.2922	1.241777	0.1412694	0.686076	0.313924	4.005747
6114	-2577.97	-2786.45	208.4802	0.9009948	0.1376501	0.45554	0.54446	4.664902
6120	-2590.188	-2799.044	208.8558	1.110339	0.1376501	0.671363	0.328637	4.335873
6126	-2590.254	-2800.58	210.3266	1.309814	0.0558495	0.611407	0.388593	3.581746
6132	-2589.46	-2800.517	211.0563	1.313887	0.154138	0.427978	0.572022	2.904099
6138	-2599.171	-2811.374	212.2032	1.277997	0.1003818	0.66674	0.33326	2.344198
6144	-2601.966	-2811.888	209.9218	1.219242	0.08181319	0.52125	0.47875	3.796199
6150	-2600.455	-2810.395	209.9395	1.143949	0.1165642	0.506036	0.493964	3.744011
6156	-2593.564	-2802.55	208.9864	1.143566	0.0840188	0.612005	0.387995	4.366721
6162	-2593.002	-2803.584	210.5823	1.096466	0.09705998	0.613633	0.386367	3.444986
6168	-2585.1	-2793.989	208.8892	1.112725	0.1022588	0.546163	0.453837	4.394038
6174	-2581.633	-2791.565	209.9319	1.144532	0.09215495	0.652477	0.347523	3.806747
6180	-2602.556	-2812.13	209.5746	1.098328	0.09215495	0.524553	0.475447	4.037967
6186	-2589.555	-2797.643	208.0888	1.1462	0.07136839	0.508467	0.491533	4.901384
6192	-2590.772	-2799.196	208.4243	0.937234	0.09238727	0.648112	0.351888	4.777237
6198	-2589.299	-2795.887	206.5879	1.07232	0.06244372	0.639785	0.360215	5.793983
6204	-2579.862	-2788.559	208.6978	1.217312	0.06889213	0.691828	0.308172	4.527562
6210	-2589.408	-2798.665	209.2564	1.221542	0.06889213	0.606125	0.393875	4.209745
6216	-2582.075	-2791.679	209.6043	1.138742	0.09641087	0.535305	0.464695	3.987349
6222	-2582.844	-2791.026	208.1827	1.221882	0.0660575	0.535305	0.464695	4.821076
6228	-2604.348	-2810.328	205.9805	1.114486	0.1060666	0.604884	0.395116	5.994873
6234	-2591.128	-2798.065	206.9363	1.040101	0.07452534	0.4632	0.5368	5.588791
6240	-2583.107	-2790.918	207.8117	1.040101	0.08670475	0.554134	0.445866	5.074891
6246	-2588.079	-2796.166	208.0864	1.138994	0.0902886	0.599294	0.400706	4.858342
6252	-2574.094	-2782.243	208.1489	1.128695	0.09075621	0.492689	0.507311	4.828046
6258	-2570.038	-2777.833	207.7952	1.034123	0.07489746	0.662374	0.337626	5.11744
6264	-2578.37	-2784.267	205.8978	1.143546	0.06037222	0.648257	0.351743	6.137317
6270	-2577.007	-2785.621	208.6133	1.143546	0.07994543	0.531156	0.468844	4.587197
6276	-2580.469	-2788.972	208.5027	0.9456578	0.1348206	0.530028	0.469972	4.63313
6282	-2579.763	-2788.592	208.8289	1.119303	0.08739777	0.511351	0.488649	4.460614
6288	-2584.877	-2794.926	210.0492	1.1563	0.09992293	0.663702	0.336298	3.712998
6294	-2579.848	-2788.089	208.241	1.020756	0.0706506	0.669861	0.330139	4.888376
6300	-2583.364	-2794.52	211.1559	1.581157	0.1040152	0.669861	0.330139	2.796917
6306	-2572.063	-2783.486	211.4231	1.555197	0.05195345	0.39708	0.60292	2.796917
6312	-2581.848	-2792.197	210.3489	1.555197	0.08203817	0.515814	0.484186	3.35191
6318	-2594.541	-2804.54	209.9989	1.498531	0.1028409	0.553699	0.446301	3.536529
6324	-2585.369	-2793.91	208.5406	1.262967	0.09745561	0.525204	0.474796	4.517252
6330	-2600.014	-2809.808	209.7945	1.069665	0.1020025	0.578822	0.421178	3.904399
6336	-2592.086	-2798.954	206.8675	1.011193	0.103049	0.477298	0.522702	5.572802
6342	-2592.288	-2801.166	208.8782	1.232963	0.08397306	0.611135	0.388865	4.377463
6348	-2597.332	-2806.152	208.8199	1.149228	0.06711741	0.613449	0.386551	4.502014
6354	-2592.408	-2801.321	208.9134	1.123387	0.1071052	0.520548	0.479452	4.362989
6360	-2578.044	-2786.452	208.4083	1.131772	0.08786033	0.687258	0.312742	4.688601
6366	-2580.793	-2790.05	209.2566	1.131772	0.08153023	0.570355	0.429645	4.226908
6372	-2582.146	-2790.6	208.454	1.1984	0.08153023	0.570355	0.429645	4.641727
6378	-2594.547	-2803.438	208.8916	1.077819	0.1166556	0.536277	0.463723	4.379182
6384	-2591.127	-2799.373	208.2466	1.058323	0.1499817	0.605564	0.394436	4.682861
6390	-2595.539	-2805.101	209.5617	1.036028	0.09544989	0.67041	0.32959	4.072677
6396	-2587.097	-2795.368	208.2705	1.010744	0.08579448	0.496983	0.503017	4.838369
6402	-2576.436	-2785.761	209.3253	1.169968	0.08579448	0.535571	0.464429	4.155256
6408	-2583.083	-2792.441	209.3575	1.169968	0.06825317	0.693211	0.306789	4.183423
6414	-2591.014	-2799.303	208.2885	1.089064	0.07467465	0.572618	0.427382	4.813148
6420	-2589.795	-2798.569	208.7736	0.9437368	0.08950773	0.572618	0.427382	4.585143
6426	-2584.216	-2791.275	207.0589	1.029959	0.07161508	0.542467	0.457533	5.534616
6432	-2583.405	-2793.12	209.7145	1.186787	0.0664543	0.668532	0.331468	3.975349
6438	-2583.623	-2790.529	206.9059	1.027072	0.08042865	0.64025	0.35975	5.597582
6444	-2591.925	-2802.46	210.5354	1.361777	0.1203018	0.595501	0.404499	3.260653
6450	-2596.449	-2807.399	210.9498	1.361777	0.08350281	0.679875	0.320125	3.106914
6456	-2596.034	-2806.849	210.8153	1.256035	0.07657352	0.568851	0.431149	3.268284
6462	-2597.813	-2806.767	208.9547	1.194081	0.07929966	0.590563	0.409437	4.36827
6468	-2584.915	-2793.358	208.4425	1.037152	0.07034655	0.6323	0.3677	4.767666
6474	-2585.064	-2792.639	207.5751	1.055743	0.08176346	0.562958	0.437042	5.209681
6480	-2601.902	-2811.783	209.8812	0.9588668	0.06873986	0.604119	0.395881	4.003987
6486	-2595.398	-2805.39	209.9922	1.224353	0.0978777	0.59452	0.40548	3.711652
6492	-2593.574	-2803.687	210.1129	1.108075	0.09408743	0.526425	0.473575	3.718529
6498	-2589.459	-2798.881	209.4224	1.019023	0.1346127	0.589568	0.410432	4.072448
6504	-2597.314	-2806.596	209.2819	1.107124	0.1153952	0.589568	0.410432	4.144332
6510	-2595.849	-2805.032	209.1825	1.138579	0.1337817	0.625133	0.374867	4.142748
6516	-2585.743	-2795.245	209.5025	1.141444	0.1003567	0.49251	0.50749	4.034367
6522	-2589.176	-2799.192	210.0159	1.052323	0.09159504	0.54214	0.45786	3.812864
6528	-2592.306	-2800.061	207.7553	1.227251	0.1055959	0.630627	0.369373	4.957034
6534	-2582.061	-2790.899	208.838	1.117417	0.1055959	0.48916	0.51084	4.412401
6540	-2589.134	-2798.593	209.4591	1.09309	0.1219242	0.637199	0.362801	4.036741
6546	-2584.511	-2793.651	209.1406	1.09309	0.06474771	0.637199	0.362801	4.359399
6552	-2576.333	-2785.189	208.8559	1.154053	0.07124518	0.738764	0.261236	4.467892
6558	-2596.266	-2805.148	208.8816	1.165821	0.06348299	0.539857	0.460143	4.467892
6564	-2590.947	-2798.989	208.0425	1.375167	0.05036721	0.489007	0.510993	4.857184
6570	-2586.354	-2794.491	208.1372	0.9899375	0.09053007	0.590845	0.409155	4.912475
6576	-2584.686	-2792.19	207.5043	1.019232	0.09053007	0.584923	0.415077	5.247232
6582	-2579.603	-2787.536	207.9329	1.317465	0.07869606	0.565611	0.434389	4.873629
6588	-2576.572	-2785.948	209.3761	1.427653	0.06390569	0.511514	0.488486	4.038147
6594	-2591.206	-2801.15	209.9438	1.427653	0.04964763	0.677488	0.322512	3.753142
6600	-2576.943	-2786.934	209.9911	1.107064	0.08560043	0.578753	0.421247	3.81098
6606	-2577.248	-2787.24	209.9915	1.167963	0.0723615	0.612182	0.387818	3.81098
6612	-2578.519	-2787.757	209.2377	1.069441	0.08134978	0.58547	0.41453	4.273426
6618	-2584.023	-2792.683	208.6609	1.089151	0.06703295	0.58547	0.41453	4.625237
6624	-2575.262	-2784.917	209.6556	1.284556	0.06398538	0.555356	0.444644	3.959972
6630	-2619.946	-2829.085	209.1396	1.05897	0.0839831	0.532083	0.467917	4.328068
6636	-2608.654	-2816.672	208.0174	0.9825741	0.09826303	0.461167	0.538833	4.964517
6642	-2595.25	-2803.084	207.8338	1.068941	0.06909724	0.486669	0.513331	5.092022
6648	-2598.514	-2808.278	209.7643	1.190197	0.05858408	0.648009	0.351991	3.966971
6654	-2583.929	-2792.835	208.9054	1.150073	0.06551434	0.687548	0.312452	4.457761
6660	-2566.669	-2776.474	209.8046	1.292403	0.08763275	0.557094	0.442906	3.806391
6666	-2573.4	-2783.353	209.9533	1.187913	0.08950273	0.557094	0.442906	3.776166
6672	-2588.585	-2798.923	210.3375	1.336134	0.08098911	0.59669	0.40331	3.489702
6678	-2606.818	-2817.369	210.5517	1.145882	0.07581465	0.690138	0.309862	3.489702
6684	-2591.346	-2798.335	206.9891	1.0641	0.05265148	0.510224	0.489776	5.605312
6690	-2588.512	-2796.734	208.2217	1.14451	0.09259108	0.623802	0.376198	4.774119
6696	-2582.961	-2794.007	211.0459	1.288013	0.09625599	0.640619	0.359381	3.059904
6702	-2582.803	-2794.776	211.9729	1.45327	0.08907924	0.619032	0.380968	2.410072
6708	-2598.727	-2809.581	210.854	1.187195	0.06958546	0.709915	0.290085	3.305554
6714	-2593.995	-2803.868	209.8732	1.113883	0.09047909	0.392863	0.607137	3.862323
6720	-2594.46	-2803.929	209.4688	1.048004	0.1154752	0.721533	0.278467	4.071416
6726	-2586.412	-2795.27	208.8578	1.133471	0.09550256	0.66492	0.33508	4.41631
6732	-2582.061	-2791.806	209.7446	1.133471	0.07193151	0.502042	0.497958	3.973551
6738	-2574.994	-2783.046	208.0521	1.071683	0.06410709	0.59858	0.40142	4.982731
6744	-2576.465	-2785.74	209.2749	1.155324	0.1295843	0.649639	0.350361	4.089551
6750	-2583.305	-2793.37	210.0652	1.129198	0.1062571	0.724096	0.275904	3.704051
6756	-2576.943	-2786.258	209.3148	1.124015	0.1019524	0.473737	0.526263	4.147328
6762	-2580.404	-2790.195	209.7915	1.186855	0.1179896	0.574168	0.425832	3.80135
6768	-2576.028	-2784.66	208.6322	1.02217	0.07851122	0.570527	0.429473	4.648369
6774	-2575.169	-2784.451	209.2819	1.140196	0.08016642	0.495532	0.504468	4.211349
6780	-2574.467	-2782.157	207.69	1.057877	0.08789447	0.41964	0.58036	5.129554
6786	-2575.933	-2786.364	210.4307	1.110964	0.08803657	0.579724	0.420276	3.548043
6792	-2578.333	-2788.727	210.3946	1.256307	0.0646492	0.453402	0.546598	3.548043
6798	-2572.26	-2782.413	210.1531	1.183475	0.1389289	0.51619	0.48381	3.548043
6804	-2556.697	-2766.305	209.6078	1.309467	0.08603276	0.530655	0.469345	3.913776
6810	-2564.141	-2773.854	209.7133	1.170435	0.09708356	0.488351	0.511649	3.905167
6816	-2566.347	-2776.777	210.4299	1.179449	0.09708356	0.647502	0.352498	3.4855
6822	-2564.586	-2775.476	210.89	1.542477	0.09841251	0.625014	0.374986	2.995287
6828	-2560.187	-2769.252	209.0644	1.220573	0.1112095	0.625014	0.374986	4.212993
6834	-2569.903	-2781.164	211.2612	1.220573	0.1033534	0.525981	0.474019	2.953148
6840	-2569.16	-2779.473	210.3131	1.087213	0.08054226	0.611996	0.388004	3.649828
6846	-2571.19	-2779.076	207.886	1.023683	0.07813139	0.598545	0.401455	5.064507
6852	-2574.945	-2783.086	208.1412	1.133936	0.0740768	0.613598	0.386402	4.871862
6858	-2575.996	-2784.269	208.2735	1.067333	0.0740768	0.613598	0.386402	4.835214
6864	-2587.031	-2795.385	208.354	1.027442	0.07880552	0.726902	0.273098	4.800279
6870	-2584.904	-2792.425	207.521	1.124403	0.07880552	0.631531	0.368469	5.209158
6876	-2599.331	-2807.898	208.5663	1.124403	0.04988357	0.631531	0.368469	4.706043
6882	-2585.824	-2794.237	208.4133	0.9798155	0.09104327	0.528146	0.471854	4.762849
6888	-2571.835	-2779.265	207.4306	1.046707	0.07614424	0.453525	0.546475	5.308858
6894	-2582.413	-2793.418	211.0051	1.372455	0.07825658	0.589629	0.410371	3.081922
6900	-2587.139	-2797.812	210.6731	1.208656	0.07246889	0.599065	0.400935	3.391194
6906	-2573.29	-2782.688	209.398	1.128036	0.1070521	0.530018	0.469982	4.085623
6912	-2585.311	-2794.918	209.6066	1.161923	0.07624207	0.618353	0.381647	4.024546
6918	-2590.642	-2800.087	209.4444	1.225042	0.0658877	0.681543	0.318457	4.109196
6924	-2596.966	-2806.173	209.2073	1.181181	0.08115208	0.649306	0.350694	4.227818
6930	-2588.25	-2795.854	207.6043	1.215834	0.05382888	0.649306	0.350694	5.179338
6936	-2569.831	-2779.648	209.8173	1.328266	0.0615883	0.688725	0.311275	3.848915
6942	-2581.589	-2791.619	210.0304	1.202014	0.07314208	0.68773	0.31227	3.766807
6948	-2579.04	-2786.716	207.676	1.015654	0.08979368	0.70931	0.29069	5.156034
6954	-2573.993	-2784.92	210.927	1.354809	0.0724072	0.647766	0.352234	3.15527
6960	-2593.257	-2802.69	209.4328	1.354809	0.06325271	0.50871	0.49129	4.049177
6966	-2582.369	-2792.944	210.5749	1.458339	0.09163887	0.591083	0.408917	3.250464
6972	-2578.909	-2788.224	209.3149	1.314529	0.09656876	0.600614	0.399386	4.051865
6978	-2581.618	-2792.89	211.2726	1.402661	0.1094815	0.638607	0.361393	2.82079
6984	-2579.743	-2791.168	211.4241	1.438349	0.06120566	0.544943	0.455057	2.839323
6990	-2588.162	-2800.233	212.0715	1.438349	0.08891455	0.544943	0.455057	2.357587
6996	-2588.159	-2800.109	211.9501	1.69162	0.06083869	0.602421	0.397579	2.357587
7002	-2598.746	-2809.637	210.8907	1.69162	0.05137823	0.439803	0.560197	3.037577
7008	-2580.909	-2791.792	210.882	1.366838	0.07423562	0.647539	0.352461	3.169709
7014	-2597.563	-2807.994	210.4308	1.42473	0.05038728	0.575811	0.424189	3.470062
7020	-2597.615	-2805.834	208.2185	1.309562	0.09187884	0.572283	0.427717	4.68535
7026	-2594.139	-2804.036	209.8972	1.254321	0.06851387	0.567403	0.432597	3.826094
7032	-2596.987	-2805.5	208.513	1.212108	0.117204	0.643993	0.356007	4.515609
7038	-2588.357	-2799.852	211.4949	1.45089	0.1161234	0.516422	0.483578	2.638829
7044	-2596.933	-2807.663	210.7302	1.621996	0.0824748	0.570793	0.429207	3.08544
7050	-2587.071	-2797.917	210.8456	1.383469	0.0824748	0.67637	0.32363	3.158779
7056	-2589.394	-2798.194	208.7998	1.221777	0.1302493	0.634353	0.365647	4.320063
7062	-2586.129	-2795.349	209.2198	1.099036	0.1133217	0.581151	0.418849	4.188938
7068	-2586.344	-2796.051	209.707	1.48369	0.07780106	0.552251	0.447749	3.77828
7074	-2593.204	-2804.521	211.3169	1.518575	0.05809464	0.672903	0.327097	2.864977
7080	-2584.133	-2794.03	209.8978	1.332075	0.08613379	0.634289	0.365711	3.733701
7086	-2582.776	-2792.112	209.3363	1.128396	0.08262878	0.601059	0.398941	4.180744
7092	-2582.815	-2791.648	208.8327	1.10481	0.06834616	0.528862	0.471138	4.516453
7098	-2589.922	-2799.956	210.0339	1.113921	0.05268155	0.57188	0.42812	3.873057
7104	-2589.606	-2799.16	209.554	1.113921	0.08186062	0.57188	0.42812	4.067107
7110	-2590.815	-2800.778	209.963	1.210255	0.08186062	0.680922	0.319078	3.777512
7116	-2584.388	-2794.82	210.4327	1.348239	0.09527956	0.607329	0.392671	3.389656
7122	-2600.962	-2807.019	206.0577	1.010891	0.04781559	0.607329	0.392671	6.156624
7128	-2588.15	-2795.701	207.5511	1.201677	0.06157312	0.460385	0.539615	5.195356
7134	-2581.644	-2790.095	208.451	0.9143346	0.07540383	0.686363	0.313637	4.818075
7140	-2582.976	-2792.129	209.153	1.039783	0.07540383	0.68291	0.31709	4.353698
7146	-2607.724	-2816.728	209.0038	1.081167	0.09951474	0.516511	0.483489	4.353698
7152	-2594.01	-2803.566	209.5566	1.220312	0.06556287	0.516511	0.483489	4.048847
7158	-2588.38	-2799.241	210.8614	1.197551	0.06556287	0.602717	0.397283	3.306571
7164	-2574.705	-2784.252	209.547	1.288491	0.06294691	0.602717	0.397283	4.022673
7170	-2577.257	-2787.831	210.5743	1.254633	0.1438995	0.672268	0.327732	3.248828
7176	-2589.705	-2798.698	208.9926	1.254633	0.04982763	0.627445	0.372555	4.393569
7182	-2587.941	-2796.981	209.0407	1.330221	0.07391324	0.699807	0.300193	4.256891
7188	-2598.663	-2808.334	209.6715	1.286878	0.09537133	0.566526	0.433474	3.866533
7194	-2592.684	-2802.291	209.6063	1.34832	0.08828923	0.655997	0.344003	3.886529
7200	-2593.511	-2801.01	207.499	1.020157	0.07997137	0.555809	0.444191	5.275922
7206	-2582.221	-2792.055	209.8333	1.262936	0.08202673	0.676932	0.323068	3.821444
7212	-2584.496	-2793.661	209.1654	1.090009	0.1159465	0.676932	0.323068	4.218987
7218	-2577.383	-2787.426	210.0437	1.110921	0.08756234	0.610482	0.389518	3.773416
7224	-2577.814	-2785.65	207.8362	0.9811728	0.08476149	0.56281	0.43719	5.09884
7230	-2589.539	-2797.978	208.4389	1.017153	0.05816627	0.538549	0.461451	4.814019
7236	-2584.53	-2793.402	208.8718	1.043824	0.09715424	0.686413	0.313587	4.454923
7242	-2582.678	-2790.984	208.3057	1.170889	0.05872934	0.5194	0.4806	4.80096
7248	-2588.269	-2797.499	209.2297	1.137674	0.09256884	0.619315	0.380685	4.210774
7254	-2589.861	-2799.095	209.2345	1.137674	0.1106023	0.603339	0.396661	4.164885
7260	-2602.081	-2811.107	209.0262	0.9729361	0.07809729	0.657359	0.342641	4.455844
7266	-2602.3	-2810.797	208.4965	0.9938651	0.08023073	0.701837	0.298163	4.735761
7272	-2598.912	-2807.293	208.3806	0.9938651	0.1068047	0.700322	0.299678	4.735761
7278	-2604.213	-2814.301	210.0878	1.160716	0.09873435	0.42682	0.57318	3.691048
7284	-2591.765	-2801.061	209.2954	1.116351	0.1097637	0.57543	0.42457	4.144311
7290	-2599.268	-2807.819	208.5509	1.080082	0.08097456	0.618783	0.381217	4.655131
7296	-2607.67	-2817.285	209.6148	1.165024	0.1419659	0.55973	0.44027	3.863486
7302	-2596.945	-2807.002	210.0573	1.165024	0.145416	0.463223	0.536777	3.60089
7308	-2595.149	-2806.3	211.151	1.304158	0.116083	0.557938	0.442062	2.937899
7314	-2587.324	-2797.911	210.5868	1.387752	0.09081617	0.563665	0.436335	3.287254
7320	-2583.43	-2793.463	210.0329	1.387752	0.08582486	0.651629	0.348371	3.624119
7326	-2593.21	-2804.241	211.0303	1.362476	0.1052156	0.594331	0.405669	3.00191
7332	-2595.468	-2805.943	210.4747	1.155943	0.1301995	0.595356	0.404644	3.395131
7338	-2582.725	-2791.802	209.0774	1.079753	0.09198871	0.60298	0.39702	4.331288
7344	-2582.862	-2791.323	208.4605	1.151896	0.0614215	0.512491	0.487509	4.717665
7350	-2587.414	-2794.945	207.5307	1.051222	0.08858438	0.525578	0.474422	5.219722
7356	-2600.255	-2809.175	208.9194	1.050806	0.09282729	0.561092	0.438908	4.434748
7362	-2598.887	-2807.778	208.8913	1.047709	0.08322976	0.670425	0.329575	4.476369
7368	-2592.201	-2800.05	207.8482	1.140556	0.05796342	0.538494	0.461506	5.074493
7374	-2594.563	-2803.568	209.0049	1.146994	0.07029338	0.693072	0.306928	4.39046
7380	-2591.692	-2801.034	209.3422	1.264186	0.07029338	0.693072	0.306928	4.133003
7386	-2584.574	-2795.801	211.2269	1.315178	0.07494349	0.490025	0.509975	2.992669
7392	-2581.227	-2789.485	208.2576	1.153549	0.05853303	0.608292	0.391708	4.838027
7398	-2593.006	-2801.225	208.2191	1.086935	0.08078742	0.569574	0.430426	4.837207
7404	-2590.564	-2797.85	207.2859	0.9720639	0.08827966	0.470924	0.529076	5.399287
7410	-2577.138	-2786.818	209.6795	1.121749	0.1080571	0.637404	0.362596	3.926003
7416	-2572.896	-2781.834	208.9378	1.123408	0.1071475	0.622886	0.377114	4.349079
7422	-2582.036	-2791.931	209.8952	1.147855	0.1157857	0.634546	0.365454	3.769118
7428	-2593.553	-2801.339	207.7856	0.8502409	0.09000924	0.54351	0.45649	5.186393
7434	-2590.757	-2800.887	210.1302	1.021766	0.1126634	0.627325	0.372675	3.713433
7440	-2607.169	-2817.555	210.3858	1.117341	0.0652917	0.5379	0.4621	3.6321
7446	-2591.311	-2800.184	208.8732	1.106083	0.06228421	0.656251	0.343749	4.509571
7452	-2578.988	-2789.358	210.3696	1.33184	0.04922691	0.580235	0.419765	3.563231
7458	-2576.643	-2786.608	209.9648	1.33184	0.06058353	0.604156	0.395844	3.764784
7464	-2572.164	-2781.774	209.6101	1.106756	0.08663597	0.66363	0.33637	4.026862
7470	-2580.266	-2791.153	210.8875	1.267178	0.0754592	0.520774	0.479226	3.222106
7476	-2567.171	-2776.404	209.2331	1.076772	0.06129384	0.740782	0.259218	4.325915
7482	-2573.626	-2781.767	208.1411	0.9448266	0.1012591	0.407925	0.592075	4.90962
7488	-2563.589	-2770.669	207.0801	1.078365	0.07038132	0.556385	0.443615	5.499565
7494	-2573.26	-2782.507	209.2474	1.29129	0.09669831	0.556385	0.443615	4.103237
7500	-2576.262	-2785.176	208.9142	1.046928	0.09397752	0.654238	0.345762	4.436984
7506	-2576.537	-2785.459	208.9226	1.068291	0.08724441	0.610377	0.389623	4.436984
7512	-2583.826	-2792.816	208.9903	1.080857	0.08810796	0.513234	0.486766	4.389527
7518	-2587.408	-2797.284	209.8759	1.166216	0.1114998	0.694975	0.305025	3.779559
7524	-2592.951	-2804.062	211.1113	1.220483	0.07536802	0.659325	0.340675	3.117235
7530	-2586.521	-2796.059	209.5375	1.056159	0.1099583	0.582707	0.417293	4.040274
7536	-2595.005	-2804.702	209.6972	1.030295	0.07913161	0.48359	0.51641	4.040274
7542	-2599.44	-2808.814	209.3739	1.175346	0.1280424	0.666947	0.333053	4.025018
7548	-2589.814	-2799.272	209.4574	1.175346	0.07157199	0.652884	0.347116	4.114494
7554	-2591.226	-2800.222	208.9965	0.899637	0.09007007	0.490367	0.509633	4.483262
7560	-2602.958	-2811.76	208.8025	1.122283	0.08367675	0.507322	0.492678	4.483262
7566	-2599.115	-2807.437	208.3224	1.157215	0.05377678	0.488352	0.511648	4.813082
7572	-2584.299	-2792.105	207.8054	1.026285	0.08678477	0.517387	0.482613	5.085855
7578	-2575.975	-2785.811	209.8357	1.052885	0.08197739	0.653048	0.346952	3.94072
7584	-2586.207	-2796.496	210.2892	1.099491	0.09000873	0.687188	0.312812	3.631794
7590	-2577.234	-2787.319	210.0852	1.270836	0.05756666	0.638974	0.361026	3.739163
7596	-2576.351	-2785.259	208.908	1.270836	0.05523074	0.469164	0.530836	4.416852
7602	-2587.056	-2795.992	208.9359	1.15797	0.06181481	0.47289	0.52711	4.446329
7608	-2590.186	-2799.429	209.243	1.148517	0.123181	0.47289	0.52711	4.125533
7614	-2607.314	-2815.584	208.2701	1.28491	0.03467506	0.47289	0.52711	4.823505
7620	-2598.094	-2806.748	208.6536	1.116583	0.07631641	0.590458	0.409542	4.589175
7626	-2594.989	-2805.612	210.623	1.358437	0.1058619	0.502019	0.497981	3.245212
7632	-2577.538	-2788.092	210.5532	1.472729	0.06518474	0.465742	0.534258	3.327063
7638	-2581.876	-2793.178	211.3024	1.323565	0.06740663	0.572439	0.427561	2.963876
7644	-2566.47	-2777.648	211.1783	1.323565	0.1129198	0.432796	0.567204	2.917328
7650	-2571.301	-2782.527	211.2257	1.2801	0.1129198	0.577757	0.422243	2.914947
7656	-2579.898	-2790.643	210.7446	1.218825	0.1065137	0.659299	0.340701	3.254308
7662	-2576.029	-2786.277	210.2478	1.178688	0.1216991	0.731884	0.268116	3.533491
7668	-2586.741	-2797.323	210.5816	1.201244	0.08761216	0.466052	0.533948	3.408297
7674	-2580.131	-2789.967	209.8356	1.095406	0.1236806	0.524588	0.475412	3.815804
7680	-2591.015	-2799.731	208.7164	1.049685	0.08230744	0.58054	0.41946	4.575978
7686	-2592.614	-2800.042	207.4274	1.049685	0.0749321	0.584536	0.415464	5.312127
7692	-2595.789	-2801.768	205.979	1.22058	0.04566561	0.584536	0.415464	6.091181
7698	-2576.566	-2785.534	208.968	0.9704839	0.09864976	0.612868	0.387132	4.438445
7704	-2594.613	-2804.089	209.476	0.9704839	0.1242134	0.489373	0.510627	4.091983
7710	-2587.029	-2796.385	209.356	1.289388	0.07300788	0.592011	0.407989	4.103431
7716	-2584.674	-2792.381	207.7073	1.120922	0.07256337	0.570238	0.429762	5.124112
7722	-2592.867	-2803.08	210.2134	1.085901	0.08607594	0.584457	0.415543	3.693743
7728	-2584.202	-2793.994	209.7915	0.9871638	0.1003446	0.603062	0.396938	3.957357
7734	-2586.337	-2793.772	207.4357	0.9484782	0.07280548	0.363552	0.636448	5.368924
7740	-2593.275	-2804.234	210.9585	1.464441	0.1072217	0.573358	0.426642	2.978856
7746	-2587.991	-2798.744	210.7531	1.356828	0.07105545	0.537095	0.462905	3.260883
7752	-2589.632	-2800.189	210.5572	1.414286	0.09662306	0.568732	0.431268	3.274151
7758	-2578.61	-2789.291	210.6807	1.458661	0.0603639	0.653062	0.346938	3.274151
7764	-2590.707	-2801.863	211.1559	1.266951	0.1143468	0.653062	0.346938	2.961473
7770	-2581.767	-2792.873	211.1062	1.17022	0.09282155	0.574559	0.425441	3.103086
7776	-2589.079	-2799.879	210.7999	1.17022	0.1142271	0.61058	0.38942	3.231759
7782	-2583.64	-2794.06	210.4203	1.150756	0.08305259	0.610136	0.389864	3.543969
7788	-2574.305	-2784.615	210.3106	1.153394	0.09453667	0.601996	0.398004	3.576577
7794	-2581.321	-2792.549	211.2279	1.297146	0.08315289	0.508116	0.491884	2.980108
7800	-2582.414	-2793.402	210.9876	1.273257	0.05882958	0.594474	0.405526	3.20686
7806	-2576.96	-2787.504	210.5438	1.193741	0.09492474	0.64403	0.35597	3.41598
7812	-2581.223	-2791.47	210.2471	1.180146	0.1046142	0.508758	0.491242	3.573046
7818	-2584.482	-2794.815	210.3329	1.140321	0.09380767	0.588795	0.411205	3.573046
7824	-2586.147	-2795.47	209.3236	1.1736	0.05525282	0.665643	0.334357	4.236846
7830	-2578.668	-2787.623	208.9549	1.162305	0.08996331	0.585262	0.414738	4.358879
7836	-2587.762	-2796.735	208.9728	1.128359	0.09785084	0.546232	0.453768	4.348586
7842	-2583.93	-2794.138	210.2077	1.251001	0.0933581	0.60254	0.39746	3.58266
7848	-2597.188	-2807.657	210.4692	1.131962	0.1259164	0.60254	0.39746	3.42193
7854	-2597.636	-2807.917	210.2806	1.297149	0.08606615	0.482716	0.517284	3.532154
7860	-2586.804	-2797.413	210.6095	1.372512	0.08639941	0.711273	0.288727	3.294464
7866	-2576.63	-2785.617	208.9864	1.140646	0.09249343	0.572601	0.427399	4.347038
7872	-2578.935	-2788.449	209.5147	1.167535	0.07479136	0.407338	0.592662	4.077651
7878	-2568.043	-2777.657	209.6132	1.10754	0.07479136	0.545679	0.454321	4.055669
7884	-2597.332	-2806.717	209.3843	0.9727453	0.07865245	0.689577	0.310423	4.252209
7890	-2580.892	-2790.087	209.1945	1.196558	0.07139704	0.595351	0.404649	4.252209
7896	-2580.709	-2790.762	210.0526	1.281059	0.113399	0.497445	0.502555	3.606519
7902	-2581.699	-2792.24	210.5412	1.075623	0.08466475	0.625254	0.374746	3.513061
7908	-2575.326	-2784.474	209.148	1.223205	0.1126547	0.531357	0.468643	4.160717
7914	-2574.214	-2782.856	208.6414	1.172061	0.05680424	0.604577	0.395423	4.617871
7920	-2572.671	-2780.476	207.8049	1.021093	0.0817129	0.487081	0.512919	5.101728
7926	-2580.083	-2789.563	209.4803	1.139085	0.1426422	0.441468	0.558532	3.954063
7932	-2589.201	-2797.957	208.7564	1.016498	0.08092145	0.640892	0.359108	4.5757
7938	-2586.181	-2795.661	209.4802	1.15566	0.1039914	0.577119	0.422881	4.030202
7944	-2600.926	-2810.147	209.2207	1.140594	0.09202395	0.475868	0.524132	4.215599
7950	-2577.959	-2787.699	209.7404	1.046541	0.0716656	0.475868	0.524132	4.026382
7956	-2585.62	-2794.133	208.5125	1.046541	0.1029956	0.475868	0.524132	4.641326
7962	-2592.704	-2802.546	209.8418	1.17985	0.06804886	0.554481	0.445519	3.902005
7968	-2589.655	-2799.11	209.4553	1.050083	0.0975978	0.547894	0.452106	4.120008
7974	-2595.59	-2802.355	206.7647	0.962495	0.08294034	0.65168	0.34832	5.704173
7980	-2592.239	-2799.47	207.2311	1.007776	0.04696757	0.587084	0.412916	5.518965
7986	-2588.828	-2798.453	209.6251	1.238046	0.08854969	0.60837	0.39163	3.93835
7992	-2594.504	-2805.236	210.7321	1.21514	0.07032944	0.599798	0.400202	3.358776
7998	-2588.707	-2798.847	210.1401	1.218654	0.0951858	0.521124	0.478876	3.636056
8004	-2578.755	-2790.196	211.4414	1.433926	0.112701	0.512748	0.487252	2.690592
8010	-2582.211	-2793.692	211.4811	1.484498	0.09126546	0.652367	0.347633	2.690592
8016	-2583.825	-2793.122	209.2972	1.332801	0.05504431	0.557473	0.442527	4.162065
8022	-2594.35	-2804.796	210.4463	1.332801	0.05824726	0.557473	0.442527	3.491704
8028	-2580.934	-2791.853	210.9189	1.35194	0.09027593	0.583758	0.416242	3.113105
8034	-2578.466	-2788.01	209.5437	1.155552	0.06043978	0.682662	0.317338	4.107394
8040	-2590.719	-2799.966	209.2464	1.304022	0.09230524	0.683106	0.316894	4.107394
8046	-2584.987	-2794.579	209.5914	1.153065	0.08265901	0.594889	0.405111	4.021348
8052	-2586.186	-2796.192	210.0057	1.206005	0.08942244	0.486001	0.513999	3.735703
8058	-2597.326	-2807.295	209.9688	1.206005	0.1429781	0.621489	0.378511	3.633473
8064	-2598.708	-2809.969	211.2605	1.260228	0.09962997	0.433653	0.566347	2.93911
8070	-2597.472	-2806.963	209.4912	1.098001	0.09251701	0.557404	0.442596	4.08482
8076	-2591.998	-2800.761	208.7628	1.081781	0.06921967	0.513371	0.486629	4.566321
8082	-2597.861	-2806.685	208.8235	1.057267	0.08854574	0.63664	0.36336	4.495687
8088	-2577.35	-2785.548	208.1984	1.092873	0.08531136	0.573784	0.426216	4.83396
8094	-2587.256	-2795.917	208.6608	0.9932957	0.08531136	0.573784	0.426216	4.631124
8100	-2605.214	-2814.448	209.2336	1.087217	0.06713184	0.500306	0.499694	4.303613
8106	-2610.612	-2819.167	208.5557	0.8409953	0.08249306	0.559097	0.440903	4.782251
8112	-2596.953	-2805.355	208.4019	0.8838813	0.1081325	0.559097	0.440903	4.782251
8118	-2596.423	-2804.743	208.3196	1.13959	0.07441232	0.552329	0.447671	4.768305
8124	-2586.447	-2794.69	208.2432	0.9443329	0.1015512	0.621391	0.378609	4.852303
8130	-2598.932	-2808.646	209.7139	1.211004	0.07820181	0.619841	0.380159	3.929887
8136	-2594.673	-2803.412	208.739	1.211004	0.08734869	0.443037	0.556963	4.459723
8142	-2589.117	-2799.759	210.6425	1.44908	0.06347434	0.63462	0.36538	3.293333
8148	-2577.291	-2787.995	210.7041	1.367145	0.09777941	0.582362	0.417638	3.212247
8154	-2587.491	-2798.486	210.9952	1.294602	0.070756	0.551814	0.448186	3.155177
8160	-2576.919	-2787.796	210.8763	1.450947	0.06495175	0.551814	0.448186	3.149555
8166	-2575.583	-2784.654	209.0709	1.238406	0.115176	0.555966	0.444034	4.190149
8172	-2565.428	-2775.888	210.4607	1.430377	0.04705469	0.713144	0.286856	3.45905
8178	-2570.342	-2780.453	210.111	1.456229	0.08208462	0.575135	0.424865	3.548799
8184	-2576.715	-2786.716	210.0013	1.18391	0.1088577	0.456859	0.543141	3.703176
8190	-2595.84	-2806.519	210.6795	1.342078	0.08238013	0.55745	0.44255	3.28183
8196	-2588.99	-2799.469	210.4789	1.302397	0.09167155	0.463952	0.536048	3.398651
8202	-2588.377	-2797.231	208.8536	1.338093	0.05526751	0.605407	0.394593	4.409522
8208	-2588.924	-2797.887	208.9634	1.126533	0.07625069	0.608077	0.391923	4.409522
8214	-2587.248	-2795.513	208.2644	1.126533	0.05764701	0.477038	0.522962	4.851774
8220	-2586.1	-2796.324	210.2238	1.294472	0.06639426	0.565432	0.434568	3.620188
8226	-2592.758	-2802.88	210.1219	1.189371	0.1131061	0.556733	0.443267	3.620188
8232	-2577.874	-2788.487	210.6129	1.366661	0.09805433	0.603118	0.396882	3.265763
8238	-2580.962	-2791.5	210.538	1.324106	0.1343659	0.686097	0.313903	3.249735
8244	-2579.252	-2789.944	210.6922	1.154217	0.1132893	0.606067	0.393933	3.307014
8250	-2575.002	-2784.718	209.7167	1.258818	0.0653433	0.580776	0.419224	3.935905
8256	-2573.332	-2782.921	209.5895	1.229215	0.1007774	0.521997	0.478003	3.93337
8262	-2580.347	-2788.826	208.4794	1.088604	0.0781889	0.552882	0.447118	4.697607
8268	-2577.325	-2787.118	209.7926	1.034728	0.07617494	0.552882	0.447118	3.991136
8274	-2571.914	-2780.332	208.418	1.064013	0.103046	0.542168	0.457832	4.684306
8280	-2577.743	-2788.047	210.3047	1.238765	0.1203496	0.511634	0.488366	3.46832
8286	-2571.308	-2779.96	208.6514	1.393918	0.06456326	0.620344	0.379656	4.466106
8292	-2571.93	-2781.713	209.7834	1.156776	0.05864767	0.534406	0.465594	3.974996
8298	-2573.7	-2782.834	209.1341	1.167194	0.06853212	0.582093	0.417907	4.310833
8304	-2582.318	-2791.139	208.821	1.10382	0.09075908	0.64492	0.35508	4.46538
8310	-2586.487	-2795.341	208.8536	1.10382	0.09075908	0.488217	0.511783	4.447067
8316	-2572.956	-2781.555	208.5983	1.004882	0.09400353	0.614696	0.385304	4.638081
8322	-2574.215	-2783.319	209.1044	1.080699	0.1123819	0.614696	0.385304	4.266917
8328	-2570.486	-2778.725	208.2389	1.049805	0.09936743	0.577254	0.422746	4.801038
8334	-2579.935	-2790.765	210.8308	1.12794	0.1111965	0.442164	0.557836	3.245751
8340	-2583.742	-2795.55	211.8084	1.377968	0.1147591	0.646065	0.353935	2.492754
8346	-2574.529	-2786.489	211.9603	1.476051	0.1147591	0.646065	0.353935	2.335078
8352	-2564.493	-2775.117	210.6244	1.440574	0.08767076	0.682484	0.317516	3.242084
8358	-2569.032	-2778.093	209.0611	1.254005	0.07321114	0.678445	0.321555	4.290393
8364	-2562.88	-2772.682	209.8016	1.158041	0.07360413	0.461625	0.538375	3.922336
8370	-2578.808	-2787.41	208.6019	1.373071	0.07559279	0.474762	0.525238	4.476006
8376	-2578.32	-2787.946	209.6255	1.118112	0.07559279	0.459535	0.540465	4.040473
8382	-2585.662	-2794.074	208.4126	1.322171	0.09073435	0.512321	0.487679	4.572336
8388	-2575.384	-2784.692	209.3083	1.1913	0.07894321	0.732063	0.267937	4.170564
8394	-2578.569	-2788.529	209.9603	1.084882	0.1279869	0.569111	0.430889	3.740512
8400	-2586.691	-2796.395	209.7035	1.127318	0.1141339	0.582368	0.417632	3.894939
8406	-2579.984	-2789.314	209.3302	1.210588	0.07866694	0.547441	0.452559	4.14785
8412	-2582.302	-2791.511	209.2088	1.148	0.1220033	0.62457	0.37543	4.14785
8418	-2582.839	-2792.087	209.2475	1.119635	0.08171269	0.62457	0.37543	4.238497
8424	-2581.418	-2790.37	208.952	1.133454	0.08383728	0.490091	0.509909	4.392306
8430	-2584.514	-2794.214	209.7	1.030928	0.09406267	0.492931	0.507069	4.000074
8436	-2580.699	-2789.647	208.9485	1.237681	0.07154537	0.561411	0.438589	4.367739
8442	-2586.828	-2794.91	208.0819	0.9501608	0.08617898	0.529474	0.470526	4.976103
8448	-2589.527	-2798.5	208.9725	1.115108	0.07779838	0.598262	0.401738	4.406713
8454	-2603.698	-2813.035	209.3373	1.173724	0.08873063	0.46264	0.53736	4.138838
8460	-2602.151	-2812.249	210.0984	1.173724	0.09326365	0.571873	0.428127	3.691057
8466	-2599.028	-2807.901	208.8728	1.040145	0.08051284	0.622154	0.377846	4.498038
8472	-2594.471	-2803.02	208.5488	1.040145	0.08051284	0.650895	0.349105	4.679876
8478	-2593.533	-2801.27	207.7367	0.9526668	0.08010532	0.624489	0.375511	5.181507
8484	-2605.583	-2814.89	209.3069	1.205854	0.1385996	0.499298	0.500702	4.023421
8490	-2592.588	-2801.364	208.7764	0.9748507	0.09552127	0.608292	0.391708	4.55131
8496	-2590.377	-2801.109	210.7317	1.29329	0.09552127	0.690624	0.309376	3.245358
8502	-2595.848	-2806.479	210.6309	1.156089	0.05741618	0.640672	0.359328	3.489502
8508	-2591.723	-2802.262	210.5396	1.156089	0.1055708	0.586822	0.413178	3.414091
8514	-2603.388	-2812.407	209.0195	1.17921	0.1146528	0.586822	0.413178	4.254069
8520	-2589.823	-2798.52	208.6971	1.120487	0.09112481	0.586822	0.413178	4.524812
8526	-2588.955	-2798.473	209.5183	1.07044	0.09112481	0.553996	0.446004	4.088568
8532	-2592.707	-2802.205	209.4979	1.090799	0.09112481	0.554303	0.445697	4.088568
8538	-2584.627	-2794.509	209.882	1.475333	0.05476647	0.621944	0.378056	3.746481
8544	-2591.813	-2802.077	210.2631	1.352658	0.1409482	0.546461	0.453539	3.380594
8550	-2586.778	-2797.271	210.4932	1.334985	0.09826752	0.478914	0.521086	3.3544
8556	-2598.695	-2808.622	209.9264	1.285164	0.06738874	0.472243	0.527757	3.794658
8562	-2588.431	-2799.088	210.6568	1.328803	0.1014892	0.573675	0.426325	3.253581
8568	-2582.073	-2792.832	210.7584	1.328803	0.0796861	0.512431	0.487569	3.250363
8574	-2580.946	-2791.984	211.0384	1.219727	0.0796861	0.517155	0.482845	3.149126
8580	-2582.807	-2792.343	209.5357	1.306715	0.0796861	0.542725	0.457275	3.973168
8586	-2584.279	-2794.192	209.9126	1.152637	0.1282948	0.502501	0.497499	3.728259
8592	-2589.561	-2799.324	209.7634	1.079509	0.1103917	0.54382	0.45618	3.896647
8598	-2584.023	-2793.642	209.6191	1.399283	0.07065852	0.556199	0.443801	3.896647
8604	-2578.017	-2787.288	209.2709	1.215639	0.05753344	0.574909	0.425091	4.236457
8610	-2580.853	-2790.475	209.6213	1.314743	0.07414392	0.574909	0.425091	3.934396
8616	-2574.596	-2784.297	209.7007	1.298603	0.07414392	0.616057	0.383943	3.898146
8622	-2592.312	-2802.391	210.0792	1.276232	0.1072476	0.670782	0.329218	3.608408
8628	-2598.315	-2808.945	210.6302	1.361878	0.05010224	0.45227	0.54773	3.390945
8634	-2591.038	-2801.291	210.2532	1.303507	0.06200808	0.556711	0.443289	3.610305
8640	-2598.608	-2805.554	206.9462	1.152951	0.04352526	0.480957	0.519043	5.605162
8646	-2580.002	-2788.955	208.953	1.026414	0.08321021	0.626991	0.373009	4.45367
8652	-2600.015	-2808.326	208.3102	0.9344602	0.1289389	0.626991	0.373009	4.759418
8658	-2582.575	-2791.906	209.331	1.158442	0.1032125	0.626991	0.373009	4.115528
8664	-2593.817	-2804.382	210.5646	1.208918	0.09132217	0.734505	0.265495	3.404138
8670	-2595.456	-2805.873	210.4172	1.271229	0.06197893	0.551126	0.448874	3.533825
8676	-2581.163	-2790.876	209.7132	1.190333	0.07412661	0.430444	0.569556	3.953038
8682	-2584.28	-2792.749	208.4682	1.097642	0.08651508	0.5542	0.4458	4.677545
8688	-2581.858	-2791.747	209.889	1.179797	0.08204005	0.636765	0.363235	3.837161
8694	-2584.403	-2796.081	211.6783	1.537763	0.1111103	0.559341	0.440659	2.483352
8700	-2579.846	-2790.528	210.6819	1.302012	0.1134601	0.679031	0.320969	3.225414
8706	-2591.873	-2802.765	210.8924	1.177925	0.1462552	0.483304	0.516696	3.100599
8712	-2573.997	-2784.856	210.8586	1.398169	0.1076086	0.483304	0.516696	3.077383
8718	-2577.674	-2788.483	210.8088	1.505741	0.137416	0.519427	0.480573	2.973483
8724	-2573.343	-2783.532	210.1889	1.175834	0.1675541	0.528333	0.471667	3.473712
8730	-2579.231	-2790.448	211.2176	1.265949	0.1002632	0.659271	0.340729	2.959905
8736	-2586.415	-2796.754	210.3395	1.150726	0.07166019	0.575055	0.424945	3.621801
8742	-2590.488	-2802.276	211.7877	1.427326	0.08082133	0.603123	0.396877	2.56557
8748	-2588.495	-2799.386	210.8912	1.160763	0.08082133	0.559222	0.440778	3.268142
8754	-2590.157	-2800.007	209.8499	1.289445	0.1382125	0.583488	0.416512	3.664039
8760	-2597.393	-2806.124	208.731	1.184326	0.07442771	0.611795	0.388205	4.512647
8766	-2587.914	-2796.705	208.7912	1.246357	0.04948096	0.683972	0.316028	4.512647
8772	-2592.178	-2802.029	209.8511	1.246357	0.08323872	0.668468	0.331532	3.817521
8778	-2590.094	-2800.066	209.9717	1.302993	0.05155231	0.604899	0.395101	3.803395
8784	-2599.024	-2808.916	209.892	1.23949	0.08117383	0.509333	0.490667	3.803401
8790	-2600.083	-2809.112	209.0293	1.036484	0.08117383	0.604452	0.395548	4.410261
8796	-2598.017	-2806.313	208.2959	1.091978	0.07361432	0.552065	0.447935	4.810209
8802	-2588.808	-2797.777	208.9687	1.115851	0.08181016	0.56244	0.43756	4.398038
8808	-2593.186	-2801.324	208.1381	0.9364823	0.08181016	0.622238	0.377762	4.963484
8814	-2595.659	-2804.144	208.4854	0.9788867	0.1077011	0.569257	0.430743	4.683461
8820	-2590.749	-2799.246	208.4969	1.135234	0.06162032	0.667746	0.332254	4.706091
8826	-2586.841	-2796.357	209.5166	1.128882	0.05295124	0.563945	0.436055	4.159187
8832	-2589.157	-2797.885	208.7276	1.020613	0.09314889	0.461194	0.538806	4.558801
8838	-2595.324	-2805.172	209.8484	0.9934198	0.08070003	0.535775	0.464225	3.970833
8844	-2592.669	-2800.466	207.7966	1.043502	0.06717184	0.535775	0.464225	5.131873
8850	-2589.732	-2797.499	207.7663	0.9930372	0.09513516	0.607692	0.392308	5.105568
8856	-2579.3	-2789.733	210.4326	1.213821	0.09185296	0.598361	0.401639	3.477097
8862	-2592.179	-2802.641	210.4615	1.136215	0.1131361	0.486311	0.513689	3.4533
8868	-2593.275	-2802.978	209.7039	1.227373	0.07458485	0.603787	0.396213	3.935906
8874	-2569.51	-2779.219	209.7096	1.111392	0.07284549	0.654346	0.345654	4.003686
8880	-2583.793	-2793.098	209.3055	1.07077	0.1197765	0.668523	0.331477	4.141747
8886	-2597.918	-2807.182	209.2646	0.9986363	0.0793457	0.668523	0.331477	4.303491
8892	-2578.252	-2788.225	209.9726	1.081387	0.08647288	0.570907	0.429093	3.834173
8898	-2590.198	-2799.163	208.965	1.104311	0.09911996	0.519971	0.480029	4.363525
8904	-2582.98	-2793.579	210.5991	1.324071	0.05915236	0.574295	0.425705	3.404841
8910	-2578.615	-2785.926	207.3108	1.230319	0.06240437	0.616015	0.383985	5.310044
8916	-2581.878	-2789.332	207.4539	0.9280839	0.09690862	0.616015	0.383985	5.310044
8922	-2577.108	-2783.95	206.8415	0.8851628	0.1063199	0.640896	0.359104	5.648787
8928	-2585.501	-2795.324	209.8233	1.012251	0.06728257	0.539421	0.460579	4.010607
8934	-2585.134	-2794.075	208.9416	1.225356	0.07133093	0.595211	0.404789	4.379169
8940	-2584.835	-2792.687	207.8517	1.019683	0.07281617	0.661622	0.338378	5.099544
8946	-2586.693	-2795.131	208.4372	1.143355	0.06938223	0.44125	0.55875	4.713817
8952	-2575.324	-2783.524	208.1993	0.9884887	0.07111508	0.544601	0.455399	4.928325
8958	-2571.356	-2781.195	209.8385	1.216201	0.06812159	0.628321	0.371679	3.882793
8964	-2584.519	-2795.257	210.7383	1.424964	0.06411002	0.546921	0.453079	3.249184
8970	-2592.58	-2801.484	208.9038	1.471242	0.0569294	0.731771	0.268229	4.301275
8976	-2574.657	-2784.329	209.6726	1.441266	0.06872944	0.652736	0.347264	3.847136
8982	-2576.157	-2787.824	211.6668	1.357334	0.1194132	0.542615	0.457385	2.582289
8988	-2590.045	-2800.471	210.4267	1.149612	0.1194132	0.663465	0.336535	3.451266
8994	-2586.288	-2796.661	210.3732	1.149612	0.05559082	0.51232	0.48768	3.648398
9000	-2577.836	-2787.199	209.3623	1.149612	0.05919152	0.489838	0.510162	4.217399
9006	-2578.825	-2788.775	209.9494	1.16687	0.1171231	0.589576	0.410424	3.723806
9012	-2580.674	-2790.036	209.3623	0.9575728	0.07433104	0.656278	0.343722	4.284697
9018	-2570.406	-2777.661	207.2557	1.002076	0.07398516	0.656278	0.343722	5.435516
9024	-2575.938	-2785.014	209.0755	1.167301	0.06722758	0.725611	0.274389	4.34742
9030	-2571.21	-2780.27	209.0602	1.262593	0.09241066	0.564791	0.435209	4.236445
9036	-2574.124	-2784.953	210.829	1.255277	0.08325635	0.675137	0.324863	3.242445
9042	-2596.072	-2803.605	207.533	0.9095331	0.08325635	0.530563	0.469437	5.30994
9048	-2598.295	-2805.76	207.4649	0.8944256	0.08123517	0.677509	0.322491	5.360952
9054	-2597.613	-2805.93	208.3169	0.9452069	0.08887947	0.610382	0.389618	4.841332
9060	-2590.382	-2799.42	209.0381	1.018478	0.1206011	0.610382	0.389618	4.321175
9066	-2581.498	-2789.045	207.5471	1.018478	0.08391194	0.643216	0.356784	5.240352
9072	-2589.697	-2798.518	208.8205	0.9402905	0.09719754	0.696504	0.303496	4.541905
9078	-2597.486	-2806.749	209.2632	1.106648	0.08711859	0.571358	0.428642	4.223104
9084	-2594.075	-2801.361	207.2853	0.9015236	0.1043884	0.497987	0.502013	5.400229
9090	-2579.818	-2787.346	207.5278	0.9343807	0.1043884	0.637958	0.362042	5.248289
9096	-2589.393	-2799.076	209.683	1.303774	0.07869931	0.566005	0.433995	3.893083
9102	-2591.812	-2803.065	211.2528	1.178796	0.1166301	0.622221	0.377779	2.950779
9108	-2595.249	-2805.288	210.0393	1.087196	0.1166301	0.68977	0.31023	3.718999
9114	-2595.54	-2805.546	210.0062	1.087196	0.09087588	0.549645	0.450355	3.800196
9120	-2594.803	-2804.589	209.7855	1.087196	0.09105501	0.549645	0.450355	3.926492
9126	-2583.582	-2793.261	209.6791	1.095206	0.1213164	0.636123	0.363877	3.911058
9132	-2581.519	-2790.688	209.1695	1.042232	0.07423192	0.696527	0.303473	4.346079
9138	-2591.276	-2800.882	209.6058	0.9850212	0.1147073	0.584735	0.415265	4.030919
9144	-2579.031	-2786.394	207.3628	0.9367069	0.0713617	0.64917	0.35083	5.419338
9150	-2591.647	-2801.103	209.4567	0.9623163	0.09909268	0.572418	0.427582	4.165504
9156	-2591.328	-2799.589	208.2606	1.183891	0.1046388	0.700464	0.299536	4.70163
9162	-2581.079	-2791.102	210.0235	1.141759	0.1026378	0.488431	0.511569	3.729592
9168	-2579.479	-2787.436	207.9573	1.079763	0.0676537	0.687511	0.312489	5.021311
9174	-2587.287	-2793.184	205.8966	0.9922411	0.1154354	0.56665	0.43335	6.086544
9180	-2586.889	-2793.415	206.5258	1.001391	0.05750816	0.57261	0.42739	5.880089
9186	-2585.244	-2792.768	207.5244	1.207649	0.05004609	0.57261	0.42739	5.238572
9192	-2594.958	-2804.149	209.1905	0.9761504	0.08765988	0.619315	0.380685	4.336747
9198	-2580.775	-2790.738	209.9624	1.217754	0.08765988	0.59698	0.40302	3.758403
9204	-2597.079	-2807.473	210.3947	1.239658	0.09391979	0.59698	0.40302	3.478908
9210	-2600.632	-2812.224	211.5915	1.389828	0.09776204	0.59698	0.40302	2.663587
9216	-2597.041	-2809.296	212.2555	1.415113	0.06851115	0.563531	0.436469	2.315451
9222	-2582.704	-2794.588	211.8844	1.415113	0.1455962	0.5085	0.4915	2.34817
9228	-2591.893	-2802.203	210.3105	1.257712	0.1148965	0.570493	0.429507	3.46641
9234	-2584.071	-2793.912	209.8403	1.064192	0.08512615	0.603208	0.396792	3.923422
9240	-2579.184	-2789.029	209.8449	1.407521	0.06543071	0.514519	0.485481	3.776586
9246	-2577.857	-2787.398	209.5417	1.333224	0.03473199	0.449863	0.550137	4.079697
9252	-2573.738	-2782.145	208.4069	1.15122	0.1080569	0.447347	0.552653	4.630039
9258	-2564.407	-2773.511	209.1045	1.15122	0.08979147	0.547038	0.452962	4.280998
9264	-2569.743	-2778.831	209.0884	1.126683	0.09656213	0.577005	0.422995	4.287295
9270	-2564.375	-2773.426	209.0516	1.126683	0.1146863	0.517794	0.482206	4.265535
9276	-2579.099	-2788.025	208.9262	1.196329	0.1301165	0.516775	0.483225	4.263187
9282	-2571.711	-2781.99	210.2784	1.236917	0.1029202	0.659234	0.340766	3.525907
9288	-2573.169	-2783.512	210.3433	1.243175	0.08651496	0.605847	0.394153	3.525907
9294	-2570.029	-2780.239	210.2099	1.059734	0.08651496	0.542324	0.457676	3.709716
9300	-2577.152	-2787.123	209.9718	1.361339	0.07275979	0.638948	0.361052	3.709716
9306	-2572.408	-2782.906	210.4982	1.214125	0.07320722	0.519424	0.480576	3.48826
9312	-2574.464	-2783.397	208.9332	0.9868015	0.08146452	0.47306	0.52694	4.491613
9318	-2586.267	-2794.873	208.6063	0.978882	0.1111135	0.518057	0.481943	4.6079
9324	-2596.227	-2804.824	208.5977	0.9038312	0.0778184	0.611211	0.388789	4.735709
9330	-2587.991	-2796.273	208.2825	0.9615777	0.0778184	0.611211	0.388789	4.879386
9336	-2583.378	-2790.918	207.5406	1.173024	0.08774361	0.492893	0.507107	5.148888
9342	-2590.748	-2800.243	209.4949	1.152602	0.08774361	0.62314	0.37686	4.063596
9348	-2602.578	-2810.742	208.1643	1.152602	0.1217322	0.617595	0.382405	4.734481
9354	-2589.594	-2799.609	210.015	1.097555	0.08767298	0.519401	0.480599	3.797348
9360	-2580.555	-2790.19	209.635	1.202428	0.1076344	0.460899	0.539101	3.906275
9366	-2573.515	-2784.013	210.4976	1.202428	0.1089219	0.580776	0.419224	3.403411
9372	-2582.071	-2792.55	210.4797	1.202428	0.1119632	0.540673	0.459327	3.406652
9378	-2582.093	-2791.53	209.4375	0.9988277	0.1373554	0.572152	0.427848	4.069598
9384	-2587.318	-2796.758	209.44	0.9988277	0.08642363	0.621172	0.378828	4.185688
9390	-2592.237	-2801.254	209.0166	1.203486	0.07759742	0.621172	0.378828	4.332447
9396	-2594.75	-2805.509	210.759	1.274747	0.09913183	0.612203	0.387797	3.23099
9402	-2584.082	-2794.032	209.9503	1.280898	0.1220894	0.47307	0.52693	3.646055
9408	-2585.644	-2794.619	208.9746	1.175666	0.0908704	0.47307	0.52693	4.337931
9414	-2582.114	-2792.292	210.1779	1.203978	0.1227169	0.607766	0.392234	3.557114
9420	-2591.85	-2802.389	210.5387	1.298451	0.1056665	0.559756	0.440244	3.330772
9426	-2586.025	-2795.412	209.3869	1.374941	0.05972693	0.696511	0.303489	4.073762
9432	-2589.061	-2799.694	210.6325	1.170955	0.1171366	0.495385	0.504615	3.323253
9438	-2594.844	-2805.825	210.9813	1.419211	0.09247433	0.525827	0.474173	3.029847
9444	-2616.341	-2823.944	207.6035	1.137133	0.1113392	0.622766	0.377234	5.078284
9450	-2587.491	-2796.413	208.9223	1.201522	0.09528526	0.687271	0.312729	4.342024
9456	-2588.3	-2798.628	210.3273	1.210164	0.09528526	0.613409	0.386591	3.531924
9462	-2598.56	-2808.964	210.4043	1.170525	0.08148636	0.611803	0.388197	3.545968
9468	-2588.312	-2798.424	210.1114	1.100531	0.08970366	0.628122	0.371878	3.734857
9474	-2598.637	-2808.723	210.0866	1.197011	0.1110404	0.502402	0.497598	3.641096
9480	-2583.017	-2792.03	209.013	1.176882	0.1110404	0.63406	0.36594	4.267271
9486	-2599.414	-2808.621	209.2073	1.241701	0.05415851	0.712771	0.287229	4.267271
9492	-2589.758	-2797.774	208.0153	1.234742	0.08360358	0.552573	0.447427	4.861247
9498	-2579.42	-2789.595	210.1749	1.124537	0.07557955	0.646073	0.353927	3.721479
9504	-2574.582	-2782.352	207.7701	1.107723	0.07553839	0.575841	0.424159	5.088844
9510	-2586.336	-2794.181	207.8448	1.088212	0.06402472	0.556143	0.443857	5.088844
9516	-2582.489	-2790.421	207.9319	1.012622	0.0704918	0.527579	0.472421	5.065109
9522	-2587.727	-2795.741	208.014	1.012622	0.0769701	0.684226	0.315774	5.002561
9528	-2584.39	-2794.127	209.7371	1.012622	0.0769701	0.732792	0.267208	4.033351
9534	-2583.343	-2792.599	209.2559	1.176435	0.0769701	0.483261	0.516739	4.213927
9540	-2574.958	-2784.349	209.3911	1.245734	0.112117	0.613842	0.386158	4.01059
9546	-2590.955	-2802.149	211.194	1.31685	0.08560485	0.539605	0.460395	2.982012
9552	-2597.873	-2807.044	209.1718	1.129971	0.1323285	0.403916	0.596084	4.15678
9558	-2597.862	-2806.667	208.8053	1.071185	0.1262713	0.638822	0.361178	4.41053
9564	-2594.676	-2804.347	209.6711	1.188973	0.1337251	0.567425	0.432575	3.834694
9570	-2590.186	-2800.049	209.8635	1.173275	0.0696306	0.648093	0.351907	3.888928
9576	-2580.839	-2790.847	210.0076	1.330379	0.0696306	0.552709	0.447291	3.715512
9582	-2587.452	-2797.973	210.5209	1.416305	0.08200623	0.61575	0.38425	3.332549
9588	-2574.981	-2784.368	209.3869	1.337376	0.1030825	0.557521	0.442479	3.981866
9594	-2574.4	-2784.89	210.4901	1.167347	0.08027708	0.580766	0.419234	3.501055
9600	-2568.3	-2778.968	210.6676	1.294536	0.08027708	0.57284	0.42716	3.322516
9606	-2589.954	-2800.173	210.2191	1.309922	0.07010327	0.601024	0.398976	3.603602
9612	-2579.394	-2787.399	208.0053	1.110951	0.05876119	0.56689	0.43311	5.001553
9618	-2584.047	-2793.433	209.3857	1.185471	0.08956568	0.657259	0.342741	4.10248
9624	-2588.254	-2798.694	210.4398	1.411018	0.06933407	0.657259	0.342741	3.418089
9630	-2582.671	-2790.063	207.3927	1.19601	0.0739042	0.456569	0.543431	5.253168
9636	-2571.799	-2780.044	208.2444	1.319861	0.07493914	0.456569	0.543431	4.708159
9642	-2567.928	-2775.959	208.0306	1.157886	0.06183771	0.636868	0.363132	4.952967
9648	-2570.621	-2778.152	207.5306	0.9900823	0.0861649	0.504625	0.495375	5.259544
9654	-2572.24	-2780.242	208.0017	1.065605	0.0968667	0.438269	0.561731	4.930385
9660	-2571.336	-2780.057	208.7211	1.175622	0.07984767	0.455737	0.544263	4.50887
9666	-2569.792	-2779.833	210.0419	1.265542	0.1011228	0.5946	0.4054	3.651064
9672	-2578.581	-2789.754	211.173	1.326586	0.09304625	0.673085	0.326915	2.968946
9678	-2570.281	-2779.427	209.146	1.131163	0.1057114	0.643082	0.356918	4.230202
9684	-2572.005	-2780.751	208.7459	1.056777	0.09482391	0.725909	0.274091	4.524117
9690	-2586.53	-2797.02	210.4899	1.265473	0.101784	0.477974	0.522026	3.388342
9696	-2583.94	-2794.533	210.5932	1.265012	0.07852505	0.525138	0.474862	3.388342
9702	-2584.105	-2793.258	209.1536	1.160528	0.06748279	0.525138	0.474862	4.306445
9708	-2588.903	-2797.226	208.3233	1.361537	0.06622872	0.712309	0.287691	4.663968
9714	-2572.899	-2782.828	209.9298	1.137727	0.08553551	0.6071	0.3929	3.828758
9720	-2583.581	-2792.851	209.2697	0.9961881	0.08387167	0.670225	0.329775	4.290276
9726	-2581.828	-2790.47	208.6427	1.017651	0.06729776	0.520356	0.479644	4.674811
9732	-2579.088	-2788.697	209.6097	1.062266	0.08513212	0.520356	0.479644	4.056341
9738	-2574.289	-2784.846	210.5572	1.28375	0.07712112	0.619257	0.380743	3.402329
9744	-2573.658	-2784.776	211.1188	1.218216	0.09335857	0.480428	0.519572	3.065513
9750	-2579.119	-2788.683	209.5637	1.193838	0.07045317	0.658194	0.341806	4.046419
9756	-2576.171	-2783.214	207.0431	0.9309108	0.09156447	0.613332	0.386668	5.547528
9762	-2598.02	-2807.722	209.7024	1.265033	0.08341601	0.613332	0.386668	3.89181
9768	-2588.701	-2798.55	209.8489	1.148403	0.0769124	0.590028	0.409972	3.89181
9774	-2576.223	-2786.252	210.0288	1.075661	0.0769124	0.590028	0.409972	3.83026
9780	-2575.405	-2783.526	208.1209	1.068471	0.07331164	0.590028	0.409972	4.921622
9786	-2584.664	-2793.255	208.5911	1.144146	0.1510388	0.56411	0.43589	4.439136
9792	-2585.552	-2794.6	209.0475	1.144146	0.1524183	0.54011	0.45989	4.178261
9798	-2576.231	-2786.775	210.5434	1.145153	0.09445481	0.651869	0.348131	3.445876
9804	-2568.87	-2779.1	210.2299	1.185661	0.09092333	0.628119	0.371881	3.613878
9810	-2575.336	-2784.786	209.4497	1.16068	0.06137297	0.558899	0.441101	4.155362
9816	-2576.784	-2786.428	209.6435	1.19486	0.0623707	0.789321	0.210679	4.02265
9822	-2580.757	-2787.852	207.0949	1.109543	0.06813725	0.480659	0.519341	5.480199
9828	-2582.759	-2791.988	209.2289	1.109543	0.09281106	0.480659	0.519341	4.226586
9834	-2589.153	-2798.213	209.06	1.023815	0.1197626	0.480659	0.519341	4.307639
9840	-2576.601	-2785.594	208.9931	1.201306	0.09303886	0.480659	0.519341	4.307639
9846	-2584.833	-2793.036	208.2031	1.05216	0.1587557	0.603652	0.396348	4.693683
9852	-2571.122	-2779.405	208.2833	0.9539435	0.1207136	0.556182	0.443818	4.781191
9858	-2569.718	-2779.385	209.6667	1.146501	0.1247541	0.481693	0.518307	3.881096
9864	-2577.328	-2787.233	209.9045	1.161586	0.1310037	0.588719	0.411281	3.721856
9870	-2576.242	-2785.596	209.3541	1.105122	0.08530701	0.432456	0.567544	4.176978
9876	-2575.701	-2784.909	209.2073	1.245777	0.1126877	0.615202	0.384798	4.114105
9882	-2582.718	-2792.152	209.4336	1.139772	0.06848191	0.58107	0.41893	4.156693
9888	-2587.295	-2796.427	209.1316	1.441782	0.06848191	0.697479	0.302521	4.156693
9894	-2589.172	-2799.127	209.9552	1.441782	0.08722122	0.613393	0.386607	3.634207
9900	-2587.661	-2797.841	210.1796	1.347021	0.1179159	0.585584	0.414416	3.483746
9906	-2590.561	-2800.896	210.3348	1.257972	0.1042031	0.562532	0.437468	3.477598
9912	-2596.827	-2805.661	208.8335	1.325176	0.05865717	0.55521	0.44479	4.418625
9918	-2585.809	-2794.985	209.1757	1.054643	0.1021517	0.56474	0.43526	4.265154
9924	-2579.785	-2788.294	208.509	1.055739	0.06512605	0.629229	0.370771	4.734203
9930	-2581.826	-2792.637	210.8104	1.321881	0.1019917	0.457712	0.542288	3.165421
9936	-2574.365	-2784.701	210.3359	1.260433	0.06125322	0.612066	0.387934	3.589446
9942	-2583.47	-2793.348	209.8779	1.405566	0.06545188	0.595654	0.404346	3.758669
9948	-2576.337	-2784.018	207.6809	1.059249	0.06545188	0.681702	0.318298	5.191817
9954	-2580.164	-2789.214	209.0502	1.258192	0.08578218	0.473746	0.526254	4.261281
9960	-2584.298	-2793.103	208.8048	1.096509	0.09514427	0.597565	0.402435	4.467874
9966	-2584.43	-2792.649	208.2189	1.160718	0.09794648	0.600088	0.399912	4.753662
9972	-2584.132	-2793.346	209.2141	1.260398	0.05205248	0.492415	0.507585	4.258788
9978	-2579.826	-2789.616	209.7898	1.22911	0.0853541	0.550381	0.449619	3.85721
9984	-2591.688	-2801.351	209.6633	1.336126	0.05097535	0.712085	0.287915	3.963027
9990	-2582.18	-2792.235	210.0555	1.442804	0.06371303	0.609056	0.390944	3.63932
9996	-2574.159	-2783.744	209.5859	1.324479	0.06140607	0.537429	0.462571	3.984252
10002	-2587.154	-2796.411	209.2562	1.168473	0.06963065	0.507953	0.492047	4.23797
10008	-2587.358	-2798.941	211.5833	1.632848	0.08325188	0.572695	0.427305	2.557963
10014	-2588.359	-2799.737	211.3776	1.649673	0.1026352	0.530348	0.469652	2.622505
10020	-2587.352	-2797.011	209.6598	1.32857	0.07917894	0.687734	0.312266	3.890931
10026	-2586.972	-2798.029	211.0566	1.257813	0.1282674	0.681048	0.318952	2.994077
10032	-2581.763	-2791.738	209.9744	1.186189	0.08497459	0.659805	0.340195	3.776661
10038	-2580.341	-2790.596	210.2551	1.266537	0.08497459	0.565961	0.434039	3.56767
10044	-2571.984	-2782.616	210.6324	1.266537	0.08267942	0.599255	0.400745	3.353227
10050	-2569.906	-2778.767	208.8605	1.275601	0.08447456	0.599255	0.400745	4.362065
10056	-2565.047	-2773.417	208.3706	1.152105	0.107812	0.529464	0.470536	4.650476
10062	-2572.85	-2780.397	207.5475	1.169143	0.08953892	0.529464	0.470536	5.142809
10068	-2575.944	-2784.591	208.6467	1.035353	0.1227584	0.545073	0.454927	4.527573
10074	-2581.635	-2791.054	209.419	1.268978	0.1227584	0.651826	0.348174	3.957286
10080	-2581.192	-2790.639	209.4472	1.171157	0.06678706	0.577544	0.422456	4.135774
10086	-2585.501	-2793.653	208.1524	1.163902	0.05365737	0.577544	0.422456	4.904456
10092	-2578.837	-2787.779	208.9418	1.163902	0.08930479	0.539062	0.460938	4.367057
10098	-2581.931	-2789.834	207.9033	1.062843	0.08891023	0.539062	0.460938	5.005971
10104	-2596.719	-2805.557	208.8379	1.184003	0.07451288	0.717078	0.282922	4.452449
10110	-2590.515	-2799.422	208.9072	0.9713556	0.100973	0.575692	0.424308	4.466643
10116	-2600.488	-2809.231	208.7429	1.05885	0.11983	0.627164	0.372836	4.466643
10122	-2588.13	-2796.44	208.3102	1.127805	0.1103865	0.627164	0.372836	4.69198
10128	-2584.516	-2793.663	209.1464	1.219454	0.09382654	0.627164	0.372836	4.208537
10134	-2586.447	-2793.147	206.7003	1.054844	0.06841246	0.64886	0.35114	5.726155
10140	-2595.96	-2806.03	210.069	1.180849	0.1096635	0.588467	0.411533	3.663855
10146	-2597.421	-2807.048	209.6267	1.083535	0.08502061	0.588467	0.411533	4.03482
10152	-2586.223	-2794.636	208.4135	1.027344	0.08217824	0.544147	0.455853	4.758438
10158	-2592.325	-2800.227	207.9012	0.8822236	0.09304246	0.489885	0.510115	5.097248
10164	-2597.053	-2801.186	204.1323	1.03742	0.09304246	0.686738	0.313262	7.067495
10170	-2582.392	-2791.539	209.1467	1.20308	0.09784033	0.671511	0.328489	4.207861
10176	-2581.948	-2791.907	209.9584	1.227417	0.09784033	0.506886	0.493114	3.729466
10182	-2578.101	-2788.336	210.2353	1.211554	0.1061754	0.555966	0.444034	3.557838
10188	-2575.639	-2784.867	209.2282	1.170551	0.09050301	0.586253	0.413747	4.19816
10194	-2583.676	-2793.398	209.7219	1.214736	0.06886731	0.543676	0.456324	3.948412
10200	-2591.952	-2801.564	209.6122	1.214736	0.08993355	0.478508	0.521492	3.955574
10206	-2589.58	-2799.484	209.9039	1.166489	0.08702301	0.481195	0.518805	3.823279
10212	-2595.992	-2804.815	208.8232	1.036748	0.08702301	0.568635	0.431365	4.51126
10218	-2607.63	-2816.345	208.715	1.251671	0.06423172	0.568635	0.431365	4.51126
10224	-2592.768	-2801.167	208.3996	1.0105	0.1028846	0.50197	0.49803	4.724952
10230	-2591.584	-2800.695	209.1118	1.061585	0.1207539	0.586943	0.413057	4.254733
10236	-2587.74	-2797.157	209.4167	1.262287	0.06640502	0.594543	0.405457	4.102314
10242	-2595.487	-2804.316	208.8289	1.096479	0.08624913	0.626732	0.373268	4.47636
10248	-2585.36	-2794.097	208.7368	1.251459	0.07263027	0.538075	0.461925	4.47636
10254	-2574.774	-2783.279	208.5051	1.058284	0.08796711	0.693359	0.306641	4.675248
10260	-2590.934	-2800.024	209.0902	1.070277	0.07578101	0.586306	0.413694	4.370951
10266	-2577.564	-2786.618	209.0541	1.070277	0.09484255	0.586306	0.413694	4.342754
10272	-2595.157	-2804.629	209.4715	0.9434434	0.1106187	0.5886	0.4114	4.140528
10278	-2602.935	-2811.28	208.3449	1.004297	0.08636078	0.461549	0.538451	4.799034
10284	-2582.075	-2790.723	208.648	0.9921113	0.09095744	0.480057	0.519943	4.624891
10290	-2579.156	-2787.861	208.7057	0.9948862	0.09724041	0.615369	0.384631	4.575608
10296	-2571.751	-2780.973	209.2224	1.229622	0.06361609	0.615369	0.384631	4.239001
10302	-2577.826	-2787.03	209.2038	1.002666	0.0948621	0.669272	0.330728	4.296331
10308	-2588.122	-2797.032	208.9103	1.095934	0.0948621	0.599918	0.400082	4.409442
10314	-2590.273	-2801.193	210.9205	1.276635	0.09697074	0.544534	0.455466	3.139566
10320	-2589.03	-2798.398	209.3682	1.276635	0.08927575	0.648791	0.351209	4.061266
10326	-2593.379	-2802.267	208.8883	1.163699	0.05887897	0.532353	0.467647	4.478104
10332	-2574.805	-2783.955	209.1498	0.9622895	0.0874524	0.651794	0.348206	4.368072
10338	-2582.796	-2792.186	209.3904	1.131277	0.08673077	0.630732	0.369268	4.137843
10344	-2581.511	-2790.434	208.9229	0.9891769	0.09598369	0.547651	0.452349	4.459736
10350	-2584.713	-2794.483	209.77	0.9458993	0.09265086	0.719777	0.280223	4.012195
10356	-2580.591	-2790.916	210.3249	1.162627	0.09145299	0.470664	0.529336	3.570731
10362	-2578.409	-2786.835	208.426	0.9904516	0.07254461	0.634055	0.365945	4.797095
10368	-2586.651	-2793.944	207.2936	0.8285258	0.07254461	0.479806	0.520194	5.513904
10374	-2575.212	-2782.44	207.2284	0.9042783	0.07031841	0.553111	0.446889	5.513904
10380	-2569.72	-2779.526	209.8059	1.071397	0.09551118	0.562786	0.437214	3.912753
10386	-2567.04	-2777.912	210.8726	1.252533	0.141458	0.51514	0.48486	3.078124
10392	-2568.146	-2778.239	210.0938	1.252533	0.110188	0.542742	0.457258	3.606697
10398	-2573.032	-2783.188	210.1564	1.345798	0.05546497	0.510795	0.489205	3.660725
10404	-2582.227	-2792.257	210.03	1.148652	0.09725294	0.564383	0.435617	3.735076
10410	-2585.667	-2795.684	210.0172	1.232875	0.1465829	0.468661	0.531339	3.582346
10416	-2588.79	-2799.477	210.687	1.213083	0.07716792	0.636444	0.363556	3.367487
10422	-2588.99	-2800.372	211.382	1.294351	0.1249457	0.537828	0.462172	2.782835
10428	-2581.993	-2793.366	211.3732	1.308162	0.1236544	0.437364	0.562636	2.782835
10434	-2581.8	-2791.67	209.8701	1.385275	0.07432312	0.728705	0.271295	3.750347
10440	-2575.722	-2784.4	208.678	1.119498	0.05706742	0.506455	0.493545	4.626123
10446	-2575.31	-2784.422	209.1122	1.119498	0.0520195	0.731909	0.268091	4.396153
10452	-2569.393	-2779.081	209.6881	1.28462	0.05923813	0.587948	0.412052	3.954684
10458	-2582.744	-2792.45	209.7064	1.052272	0.1062443	0.632066	0.367934	3.954684
10464	-2577.365	-2786.634	209.2699	1.104919	0.08270293	0.569353	0.430647	4.231567
10470	-2580.449	-2789.19	208.7407	1.186951	0.0596589	0.561564	0.438436	4.545862
10476	-2581.21	-2790.844	209.6337	1.117991	0.07945936	0.561564	0.438436	4.025601
10482	-2577.802	-2787.45	209.648	1.165847	0.1021253	0.561564	0.438436	3.932953
10488	-2581.751	-2793.585	211.8348	1.549765	0.06173117	0.493457	0.506543	2.516647
10494	-2594.993	-2803.932	208.9388	1.336368	0.0936147	0.683828	0.316172	4.260464
10500	-2580.407	-2789.901	209.4941	1.162446	0.1130505	0.536906	0.463094	3.997195
10506	-2585.331	-2794.072	208.7406	0.9723005	0.1011068	0.617014	0.382986	4.55944
10512	-2598.096	-2806.65	208.5536	0.962959	0.1078107	0.471616	0.528384	4.653907
10518	-2578.122	-2786.145	208.0233	0.8396771	0.1017491	0.645344	0.354656	5.032435
10524	-2578.547	-2788.831	210.2833	1.097551	0.07821259	0.611009	0.388991	3.667314
10530	-2570.332	-2780.194	209.8619	1.097551	0.1214571	0.669901	0.330099	3.804389
10536	-2586.236	-2795.769	209.5331	1.191458	0.1006956	0.616308	0.383692	3.987465
10542	-2595.969	-2806.653	210.6842	1.145612	0.06670454	0.656402	0.343598	3.437822
10548	-2601.434	-2811.572	210.1384	1.149852	0.0942486	0.638385	0.361615	3.679205
10554	-2597.632	-2808.634	211.002	1.065218	0.0942486	0.664505	0.335495	3.223619
10560	-2592.489	-2801.945	209.4563	1.263459	0.09746656	0.429153	0.570847	3.99809
10566	-2594.746	-2804.972	210.2254	1.204448	0.107192	0.60802	0.39198	3.565339
10572	-2605.65	-2812.455	206.8042	0.870267	0.09044169	0.604503	0.395497	5.714617
10578	-2602.838	-2811.799	208.961	1.089944	0.05983227	0.590298	0.409702	4.47601
10584	-2603.147	-2812.086	208.9394	1.084295	0.06704068	0.590298	0.409702	4.471502
10590	-2594.203	-2803.009	208.806	1.084295	0.07067308	0.595723	0.404277	4.536693
10596	-2589.192	-2798.932	209.7405	1.132156	0.08375141	0.595723	0.404277	3.945251
10602	-2578.864	-2789.528	210.6644	1.248782	0.08523575	0.595723	0.404277	3.338051
10608	-2581.282	-2791.803	210.5207	1.248782	0.06213597	0.584749	0.415251	3.486121
10614	-2577.806	-2788.267	210.4616	1.248782	0.0744015	0.577154	0.422846	3.486121
10620	-2581.744	-2792.655	210.9109	1.248782	0.06838419	0.536286	0.463714	3.23904
10626	-2596.653	-2807.495	210.8418	1.248782	0.08315066	0.564635	0.435365	3.23904
10632	-2590.423	-2799.916	209.493	1.204627	0.07340512	0.532573	0.467427	4.072613
10638	-2585.437	-2795.017	209.5801	1.311592	0.06560247	0.619216	0.380784	3.983179
10644	-2584.727	-2794.705	209.9782	1.155623	0.1168952	0.578278	0.421722	3.714173
10650	-2576.56	-2785.335	208.7751	1.125677	0.08465264	0.583674	0.416326	4.494261
10656	-2584.654	-2793.099	208.4457	1.196257	0.09288704	0.574477	0.425523	4.619057
10662	-2587.199	-2796.442	209.2423	1.115489	0.07462069	0.476697	0.523303	4.262431
10668	-2596.691	-2806.169	209.4777	1.264244	0.06484145	0.641266	0.358734	4.070811
10674	-2599.556	-2807.255	207.6984	1.005645	0.1200595	0.604445	0.395555	5.079318
10680	-2599.165	-2807.519	208.3541	1.010368	0.09477592	0.479736	0.520264	4.769764
10686	-2595.812	-2803.323	207.5108	1.107115	0.07209399	0.688204	0.311796	5.241732
10692	-2593.756	-2803.485	209.7288	1.31595	0.06914233	0.70236	0.29764	3.88573
10698	-2597.782	-2808.474	210.6922	1.062355	0.09696617	0.638957	0.361043	3.400832
10704	-2602.89	-2812.671	209.7811	1.299411	0.1151335	0.653094	0.346906	3.749017
10710	-2599.652	-2807.779	208.1267	1.111367	0.09521199	0.53321	0.46679	4.839259
10716	-2604.455	-2812.63	208.1753	1.118631	0.1079466	0.570424	0.429576	4.778121
10722	-2593.182	-2801.145	207.9636	1.086366	0.07514601	0.666693	0.333307	4.994346
10728	-2586.995	-2795.126	208.1313	0.9015419	0.07880679	0.78754	0.21246	4.994346
10734	-2583.194	-2790.957	207.7628	1.176665	0.09986328	0.643614	0.356386	4.994346
10740	-2578.661	-2787.581	208.9199	1.17419	0.08154579	0.508971	0.491029	4.393352
10746	-2599.495	-2810.886	211.3906	1.606214	0.05638608	0.599417	0.400583	2.772075
10752	-2600.115	-2811.022	210.9071	1.60256	0.05638608	0.53324	0.46676	3.066058
10758	-2593.055	-2804.12	211.0651	1.451734	0.04348673	0.579576	0.420424	3.100353
10764	-2592.542	-2803.096	210.5538	1.288492	0.08678149	0.579576	0.420424	3.375617
10770	-2599.427	-2809.905	210.4784	1.335086	0.0678633	0.480355	0.519645	3.444094
10776	-2582.099	-2791.71	209.6115	1.398987	0.06371883	0.696484	0.303516	3.920459
10782	-2576.354	-2785.604	209.2498	1.28328	0.06521132	0.65704	0.34296	4.188579
10788	-2584.307	-2794.623	210.3159	1.090938	0.05792414	0.56976	0.43024	3.708821
10794	-2581.806	-2789.624	207.8177	1.090938	0.06140678	0.505967	0.494033	5.109502
10800	-2588.594	-2796.597	208.0027	1.009313	0.06708466	0.688126	0.311874	5.03676
10806	-2586.281	-2795.205	208.9237	1.038257	0.086139	0.394159	0.605841	4.45609
10812	-2579.875	-2788.848	208.9726	1.106208	0.06136012	0.522585	0.477415	4.45609
10818	-2583.736	-2792.554	208.8183	1.202301	0.07340267	0.654847	0.345153	4.45609
10824	-2572.203	-2780.88	208.6777	1.117612	0.06493766	0.673323	0.326677	4.60559
10830	-2579.448	-2788.054	208.6059	0.9705993	0.07944855	0.542983	0.457017	4.689546
10836	-2580.776	-2790.931	210.1543	1.309083	0.07944855	0.542983	0.457017	3.61617
10842	-2580.958	-2790.783	209.8256	1.153008	0.07944855	0.603673	0.396327	3.8958
10848	-2585.266	-2794.343	209.0766	1.083453	0.06278446	0.550147	0.449853	4.406379
10854	-2582.665	-2791.137	208.472	1.083453	0.07633311	0.596935	0.403065	4.709429
10860	-2574.322	-2782.488	208.1663	1.083453	0.06587484	0.644235	0.355765	4.907864
10866	-2582.529	-2791.449	208.9199	1.040039	0.1077443	0.644235	0.355765	4.404866
10872	-2576.605	-2785.226	208.6214	1.040039	0.08751231	0.497695	0.502305	4.621479
10878	-2561.535	-2769.429	207.8941	1.103274	0.09021521	0.645523	0.354477	4.985425
10884	-2575.811	-2783.734	207.923	1.019936	0.09074903	0.579167	0.420833	5.014347
10890	-2569.927	-2779.706	209.7793	1.108502	0.1171318	0.581515	0.418485	3.855339
10896	-2573.868	-2782.771	208.9033	1.086504	0.08331739	0.659734	0.340266	4.447553
10902	-2570.295	-2779.096	208.801	1.00934	0.07818538	0.618035	0.381965	4.561742
10908	-2580.718	-2790.84	210.1217	1.171137	0.08914827	0.618035	0.381965	3.689513
10914	-2581.994	-2791.911	209.9171	1.126327	0.07008958	0.615399	0.384601	3.883883
10920	-2579.96	-2790.164	210.2038	1.21265	0.07129545	0.615399	0.384601	3.665537
10926	-2599.133	-2810.096	210.9634	1.192934	0.05798646	0.660823	0.339177	3.271083
10932	-2616.378	-2827.103	210.7243	1.08963	0.09454821	0.683497	0.316503	3.372145
10938	-2582.558	-2792.524	209.9661	1.264802	0.06204767	0.563762	0.436238	3.79853
10944	-2582.326	-2792.652	210.3256	1.406253	0.06320687	0.57163	0.42837	3.505025
10950	-2576.827	-2788.302	211.4745	1.419762	0.1246427	0.674844	0.325156	2.650017
10956	-2574.75	-2786.533	211.783	1.345228	0.08981587	0.534416	0.465584	2.59422
10962	-2575.05	-2785.242	210.1921	1.427515	0.08981587	0.568177	0.431823	3.498012
10968	-2584.185	-2795.324	211.1387	1.27409	0.05747146	0.548633	0.451367	3.120589
10974	-2598.321	-2808.57	210.2488	1.331389	0.06417015	0.669264	0.330736	3.590503
10980	-2589.295	-2800.008	210.7131	1.435584	0.05049943	0.479284	0.520716	3.29771
10986	-2591.142	-2800.573	209.4315	1.287944	0.08745419	0.563557	0.436443	4.023312
10992	-2581.485	-2791.083	209.5984	1.058519	0.1001681	0.593719	0.406281	4.0274
10998	-2582.596	-2792.465	209.8682	1.272268	0.08266532	0.577293	0.422707	3.794285
11004	-2582.255	-2790.495	208.2398	1.135827	0.06844929	0.478457	0.521543	4.830814
11010	-2579.048	-2787.638	208.5901	1.135827	0.06855314	0.561182	0.438818	4.634688
11016	-2580.147	-2787.528	207.3813	0.963254	0.06855314	0.561182	0.438818	5.401925
11022	-2580.975	-2789.266	208.2912	1.188339	0.1074748	0.593301	0.406699	4.675431
11028	-2570.923	-2780.583	209.6599	1.361314	0.05555484	0.658992	0.341008	3.937446
11034	-2578.584	-2789.317	210.7332	1.140867	0.1026855	0.413058	0.586942	3.316368
11040	-2565.477	-2776.194	210.717	1.323861	0.06041611	0.682688	0.317312	3.332069
11046	-2579.35	-2789.284	209.9336	1.202876	0.1074291	0.65263	0.34737	3.734737
11052	-2577.5	-2786.913	209.4129	1.152129	0.06452634	0.699979	0.300021	4.172304
11058	-2592.473	-2799.6	207.1264	0.8893533	0.06452634	0.488206	0.511794	5.593524
11064	-2582.752	-2792.468	209.7155	1.081803	0.0656594	0.488206	0.511794	4.036915
11070	-2581.154	-2791.028	209.8738	1.224705	0.09847607	0.624573	0.375427	3.778275
11076	-2585.699	-2793.957	208.2588	1.199358	0.05557707	0.69814	0.30186	4.820007
11082	-2572.976	-2782.116	209.1397	1.1688	0.09367524	0.489284	0.510716	4.241435
11088	-2570.189	-2779.257	209.0676	1.035825	0.06758918	0.494639	0.505361	4.425086
11094	-2598.687	-2806.977	208.2898	1.080627	0.04443422	0.563406	0.436594	4.900051
11100	-2598.22	-2808.137	209.9163	1.244416	0.06133359	0.719508	0.280492	3.84094
11106	-2595.345	-2805.074	209.7289	1.080976	0.07857684	0.644607	0.355393	3.994742
11112	-2588.936	-2797.863	208.9262	1.108063	0.07389855	0.476756	0.523244	4.447074
11118	-2580.985	-2789.011	208.0262	1.0197	0.08225038	0.558089	0.441911	4.978323
11124	-2592.318	-2802.177	209.859	0.8708693	0.1224884	0.418404	0.581596	3.933901
11130	-2593.227	-2802.074	208.8472	1.040272	0.08443416	0.525337	0.474663	4.502298
11136	-2582.663	-2791.076	208.4127	1.187842	0.08443416	0.589433	0.410567	4.66334
11142	-2583.247	-2793.133	209.8858	1.187842	0.09364967	0.566014	0.433986	3.804554
11148	-2594.542	-2804.749	210.2073	1.14053	0.0853336	0.502579	0.497421	3.667565
11154	-2604.371	-2812.051	207.6797	1.062947	0.06924983	0.550522	0.449478	5.180257
11160	-2589.54	-2797.732	208.192	1.182565	0.06268019	0.478941	0.521059	4.847
11166	-2594.774	-2803.457	208.683	1.072469	0.06093081	0.692322	0.307678	4.638908
11172	-2577.267	-2786.619	209.3524	1.156009	0.1033802	0.742916	0.257084	4.104337
11178	-2565.02	-2775.082	210.0615	1.151106	0.06926624	0.617079	0.382921	3.788868
11184	-2572.666	-2781.78	209.1144	1.251551	0.0872182	0.47307	0.52693	4.225011
11190	-2587.237	-2797.762	210.5254	1.166188	0.06887802	0.415094	0.584906	3.512444
11196	-2582.297	-2793.463	211.1668	1.109811	0.06681107	0.603029	0.396971	3.174296
11202	-2591.322	-2802.348	211.0261	1.109811	0.1000653	0.657743	0.342257	3.168116
11208	-2592.789	-2802.193	209.4036	1.076351	0.1000653	0.448838	0.551162	4.128496
11214	-2586.985	-2796.218	209.2337	0.9887072	0.06456174	0.581383	0.418617	4.366295
11220	-2593.06	-2801.681	208.621	0.9887072	0.09936151	0.601995	0.398005	4.621497
11226	-2594.768	-2804.435	209.6677	0.8937989	0.09936151	0.637998	0.362002	4.083785
11232	-2595.906	-2804.436	208.5296	0.9792747	0.08708215	0.504847	0.495153	4.707995
11238	-2583.891	-2790.3	206.4094	0.9558812	0.06503141	0.64964	0.35036	5.948263
11244	-2583.839	-2791.059	207.2208	0.9558812	0.06503141	0.64964	0.35036	5.503729
11250	-2590.534	-2799.494	208.96	0.9888288	0.1174557	0.55147	0.44853	4.389032
11256	-2590.386	-2799.313	208.9278	1.263077	0.04547523	0.68674	0.31326	4.437657
11262	-2597.1	-2806.298	209.1975	1.171084	0.06864889	0.623211	0.376789	4.272414
11268	-2598.354	-2807.161	208.807	1.115658	0.04654251	0.562824	0.437176	4.585479
11274	-2588.355	-2796.168	207.8134	1.091348	0.04970348	0.5345	0.4655	5.143961
11280	-2608.908	-2818.086	209.1773	1.091348	0.08124097	0.665798	0.334202	4.295461
11286	-2587.113	-2796.204	209.0907	1.089291	0.05875275	0.510218	0.489782	4.406319
11292	-2585.143	-2793.418	208.2752	1.113023	0.05826613	0.510218	0.489782	4.85154
11298	-2595.229	-2804.629	209.4	1.40285	0.06499878	0.642579	0.357421	4.035632
11304	-2597.439	-2807.047	209.6075	1.40285	0.04178153	0.643614	0.356386	3.983067
11310	-2603.804	-2812.432	208.6284	1.303844	0.04890919	0.664816	0.335184	4.573465
11316	-2592.08	-2801.819	209.7389	1.303844	0.04996909	0.62328	0.37672	3.941102
11322	-2579.446	-2789.242	209.7955	1.347673	0.05193284	0.576427	0.423573	3.877882
11328	-2593.561	-2804.249	210.6872	1.51339	0.04212276	0.522395	0.477605	3.291775
11334	-2598.817	-2809.666	210.8492	1.265298	0.06355316	0.61905	0.38095	3.279569
11340	-2593.187	-2801.481	208.2939	1.071688	0.08530072	0.684204	0.315796	4.792515
11346	-2578.859	-2787.484	208.6258	1.120596	0.07942922	0.510895	0.489105	4.594435
11352	-2585.822	-2794.856	209.0341	1.214752	0.06431202	0.432887	0.567113	4.352004
11358	-2593.804	-2803.117	209.3135	1.246485	0.05513804	0.547458	0.452542	4.201557
11364	-2592.124	-2801.805	209.6816	1.246485	0.06012566	0.639318	0.360682	3.977726
11370	-2600.526	-2810.079	209.5526	1.272205	0.09011662	0.639318	0.360682	3.956319
11376	-2599.556	-2808.387	208.8308	0.9913049	0.06816437	0.639318	0.360682	4.581757
11382	-2597.496	-2805.64	208.1442	1.085956	0.05770687	0.66281	0.33719	4.941123
11388	-2585.437	-2794.772	209.3351	1.085956	0.06881221	0.554717	0.445283	4.242257
11394	-2595.846	-2803.874	208.0276	1.062064	0.06407667	0.614605	0.385395	5.001747
11400	-2594.855	-2804.832	209.9774	1.154543	0.08934238	0.635625	0.364375	3.78189
11406	-2599.072	-2808.958	209.8863	1.150538	0.09027461	0.577853	0.422147	3.834281
11412	-2590.65	-2799.983	209.3324	0.9901579	0.07672621	0.579437	0.420563	4.276786
11418	-2594.493	-2804.541	210.0483	1.188705	0.05431439	0.67314	0.32686	3.817134
11424	-2587.626	-2798.947	211.3209	1.188705	0.05431439	0.683298	0.316702	3.072273
11430	-2587.26	-2795.815	208.5545	0.9257528	0.07681089	0.651351	0.348649	4.750248
11436	-2597.186	-2808.273	211.0867	1.148017	0.09590708	0.615067	0.384933	3.119984
11442	-2600.035	-2810.489	210.4542	1.336037	0.08796227	0.516828	0.483172	3.403048
11448	-2605.065	-2813.98	208.9146	1.14952	0.08796227	0.493174	0.506826	4.393863
11454	-2597.767	-2806.606	208.8389	1.115425	0.07957505	0.594135	0.405865	4.477176
11460	-2578.279	-2788.181	209.9026	1.201471	0.06936273	0.658485	0.341515	3.851065
11466	-2599.4	-2807.483	208.083	1.040027	0.1072332	0.659148	0.340852	4.875072
11472	-2591.542	-2800.622	209.0797	1.254791	0.06184447	0.505632	0.494368	4.310444
11478	-2600.247	-2808.844	208.5965	1.275771	0.04995312	0.649213	0.350787	4.604132
11484	-2583.538	-2792.215	208.6767	1.081942	0.07956494	0.541464	0.458536	4.58717
11490	-2581.169	-2790.024	208.8549	1.081942	0.07956494	0.541464	0.458536	4.487069
11496	-2577.349	-2787.38	210.031	1.006404	0.07665067	0.614516	0.385484	3.869504
11502	-2577.264	-2785.519	208.2554	1.006404	0.07822593	0.614516	0.385484	4.86845
11508	-2579.923	-2790.151	210.2279	1.128715	0.06544361	0.55037	0.44963	3.716456
11514	-2588.358	-2797.423	209.0649	1.137407	0.09970341	0.539671	0.460329	4.286933
11520	-2583.159	-2792.526	209.3677	1.071866	0.06117178	0.631258	0.368742	4.252869
11526	-2572.117	-2781.385	209.2683	1.023904	0.09279716	0.56	0.44	4.252869
11532	-2577.855	-2787.097	209.242	1.160688	0.08811531	0.65259	0.34741	4.201925
11538	-2558.622	-2768.193	209.5706	1.069741	0.1093945	0.608774	0.391226	4.014919
11544	-2560.186	-2768.123	207.937	1.053894	0.07530583	0.578536	0.421464	5.026719
11550	-2569.051	-2778.06	209.0089	1.053894	0.0938999	0.677398	0.322602	4.379893
11556	-2587.808	-2796.946	209.1387	1.143394	0.07241319	0.648133	0.351867	4.31116
11562	-2582.512	-2792.145	209.6328	1.143394	0.09569593	0.497902	0.502098	3.970144
11568	-2585.79	-2794.374	208.5842	0.9806576	0.0849936	0.497902	0.502098	4.681936
11574	-2587.14	-2796.007	208.8665	0.9611092	0.07075768	0.512942	0.487058	4.571705
11580	-2596.448	-2805.343	208.8948	1.108043	0.07075768	0.546717	0.453283	4.473214
11586	-2591.986	-2800.15	208.1647	1.005773	0.06597496	0.594939	0.405061	4.951723
11592	-2599.201	-2807.876	208.6756	1.019083	0.08574155	0.649968	0.350032	4.607285
11598	-2607.2	-2817.046	209.8455	1.273768	0.09364686	0.649968	0.350032	3.778338
11604	-2597.667	-2807.299	209.6313	1.276613	0.04586542	0.668633	0.331367	4.030008
11610	-2595.489	-2804.699	209.2099	1.456024	0.09697418	0.721072	0.278928	4.030008
11616	-2600.679	-2811.29	210.6109	1.281448	0.09697418	0.716556	0.283444	3.319921
11622	-2592.319	-2801.171	208.8521	1.136064	0.0679539	0.486169	0.513831	4.489014
11628	-2596.959	-2808.34	211.3812	1.317155	0.1105625	0.500741	0.499259	2.804065
11634	-2580.012	-2790.819	210.8071	1.265317	0.09331555	0.510739	0.489261	3.222994
11640	-2588.991	-2800.471	211.4802	1.350757	0.07394185	0.625427	0.374573	2.821075
11646	-2592.737	-2803.553	210.8165	1.350757	0.09887412	0.588392	0.411608	3.152538
11652	-2593.28	-2803.245	209.9644	1.124331	0.07888137	0.569371	0.430629	3.834035
11658	-2588.222	-2799.155	210.9324	1.211366	0.1696118	0.569255	0.430745	3.009011
11664	-2587.848	-2797.468	209.6201	1.293341	0.07011816	0.587082	0.412918	3.95828
11670	-2600.228	-2809.69	209.4617	1.198357	0.1264291	0.610651	0.389349	3.96523
11676	-2574.428	-2783.057	208.6294	1.040412	0.06374757	0.601122	0.398878	4.679145
11682	-2588.404	-2798.468	210.0645	1.227367	0.08645836	0.544918	0.455082	3.697014
11688	-2587.909	-2797.646	209.7374	1.080245	0.05473883	0.509558	0.490442	4.056069
11694	-2588.682	-2797.548	208.8655	1.080245	0.04304527	0.576921	0.423079	4.582323
11700	-2584.876	-2794.728	209.852	1.324987	0.04304527	0.628685	0.371315	3.884027
11706	-2581.116	-2791.054	209.9383	1.130017	0.06486756	0.628685	0.371315	3.884027
11712	-2594.144	-2804.037	209.8925	1.222559	0.08776086	0.586843	0.413157	3.795691
11718	-2580.059	-2789.426	209.3666	1.043898	0.1014214	0.53819	0.46181	4.164738
11724	-2579.878	-2789.387	209.5095	1.132672	0.04411182	0.533791	0.466209	4.186249
11730	-2587.81	-2797.051	209.2415	1.047718	0.06891654	0.537087	0.462913	4.3166
11736	-2593.221	-2802.867	209.646	1.07095	0.05263574	0.595438	0.404562	4.119459
11742	-2601.419	-2809.926	208.5064	0.9335739	0.0813934	0.622057	0.377943	4.760912
11748	-2597.469	-2807.218	209.749	1.17496	0.06197876	0.622057	0.377943	3.974868
11754	-2585.798	-2795.532	209.734	1.182864	0.06341874	0.632345	0.367655	3.974868
11760	-2577.717	-2787.387	209.6702	1.182864	0.0792667	0.597532	0.402468	3.968222
11766	-2584.9	-2792.639	207.7397	1.093908	0.0673709	0.516688	0.483312	5.134938
11772	-2586.435	-2795.319	208.884	1.151808	0.0730401	0.586335	0.413665	4.448506
11778	-2581.909	-2792.03	210.1217	1.235679	0.0730401	0.594628	0.405372	3.694921
11784	-2586.053	-2796.633	210.5791	1.252866	0.05025141	0.736315	0.263685	3.484186
11790	-2576.709	-2787.358	210.6488	1.346029	0.05025141	0.568774	0.431226	3.388905
11796	-2583.179	-2792.229	209.0502	1.346029	0.05025141	0.518607	0.481393	4.30819
11802	-2581.677	-2792.059	210.3818	1.127553	0.06320315	0.456549	0.543451	3.634369
11808	-2573.393	-2782.727	209.3349	1.188736	0.061703	0.624501	0.375499	4.203692
11814	-2581.378	-2790.806	209.428	1.069923	0.07543212	0.582835	0.417165	4.180787
11820	-2582.026	-2792.451	210.4247	1.272948	0.08431987	0.494374	0.505626	3.466795
11826	-2570.978	-2781.396	210.4174	1.203622	0.1018796	0.563233	0.436767	3.466795
11832	-2582.898	-2792.374	209.476	1.364722	0.05537117	0.524728	0.475272	4.041132
11838	-2580.023	-2790.151	210.1277	1.199984	0.1073803	0.563597	0.436403	3.62421
11844	-2584.379	-2794.292	209.9133	1.108931	0.09474927	0.511676	0.488324	3.831392
11850	-2581.496	-2792.527	211.0307	1.231546	0.1039956	0.475889	0.524111	3.083106
11856	-2587.904	-2798.5	210.5962	1.301297	0.0643099	0.540183	0.459817	3.405017
11862	-2597.698	-2807.524	209.8265	1.301297	0.0643099	0.540183	0.459817	3.851487
11868	-2596.345	-2807.017	210.6719	1.301297	0.06076437	0.525763	0.474237	3.370824
11874	-2588.269	-2798.223	209.9542	1.344017	0.06076437	0.666417	0.333583	3.763377
11880	-2580.844	-2790.637	209.7928	1.189347	0.06609596	0.501596	0.498404	3.93004
11886	-2594.812	-2804.176	209.3645	1.189347	0.06866582	0.478396	0.521604	4.167279
11892	-2589.747	-2800.705	210.9584	1.443622	0.06866582	0.595283	0.404717	3.094333
11898	-2577.84	-2788.7	210.8601	1.387891	0.1028957	0.596495	0.403505	3.094333
11904	-2579.754	-2789.719	209.9648	1.392987	0.07772199	0.492958	0.507042	3.681969
11910	-2575.119	-2784.92	209.8007	1.19435	0.07772199	0.533549	0.466451	3.890976
11916	-2568.855	-2776.775	207.9199	0.9413826	0.06956313	0.41856	0.58144	5.113724
11922	-2577.835	-2785.653	207.8174	0.8592794	0.07954825	0.450493	0.549507	5.189954
11928	-2599.951	-2808.826	208.875	1.092385	0.08762464	0.7576	0.2424	4.449273
11934	-2602.898	-2811.442	208.544	1.167566	0.03534772	0.501872	0.498128	4.734369
11940	-2587.206	-2796.171	208.9646	1.053529	0.076515	0.477694	0.522306	4.449273
11946	-2587.331	-2798.805	211.4743	1.253469	0.076515	0.477694	0.522306	2.876339
11952	-2595.521	-2805.793	210.2721	1.341139	0.08692653	0.598811	0.401189	3.509229
11958	-2592.149	-2803.678	211.5292	1.356049	0.07206737	0.66814	0.33186	2.793468
11964	-2588.56	-2800.129	211.5692	1.388094	0.07290204	0.714024	0.285976	2.747069
11970	-2582.839	-2792.828	209.9893	1.151716	0.06578101	0.637743	0.362257	3.839731
11976	-2583.665	-2794.623	210.9573	1.222821	0.08043744	0.640774	0.359226	3.19334
11982	-2586.223	-2797.061	210.8378	1.222821	0.1079105	0.489037	0.510963	3.19334
11988	-2588.022	-2798.432	210.4094	1.253811	0.09726103	0.538869	0.461131	3.453568
11994	-2576.65	-2786.58	209.9307	1.082437	0.09841697	0.605592	0.394408	3.827535
12000	-2592.252	-2800.99	208.738	1.334657	0.06799804	0.633906	0.366094	4.441326
12006	-2583.051	-2793.679	210.6283	1.20055	0.1090663	0.508195	0.491805	3.327415
12012	-2580.623	-2790.545	209.9218	1.228597	0.09131195	0.529553	0.470447	3.766286
12018	-2575.294	-2784.4	209.1067	1.098234	0.09131195	0.692184	0.307816	4.305955
12024	-2574.694	-2783.296	208.6023	1.098234	0.08596718	0.622407	0.377593	4.603425
12030	-2572.076	-2782.404	210.3275	1.232382	0.09121622	0.583404	0.416596	3.529225
12036	-2579.432	-2789.119	209.6872	1.086825	0.08781753	0.594431	0.405569	3.991164
12042	-2582.787	-2790.997	208.2094	0.9623664	0.08781753	0.407378	0.592622	4.894284
12048	-2587.334	-2795.763	208.4297	1.137531	0.07225542	0.628686	0.371314	4.713627
12054	-2575.214	-2784.287	209.0728	1.035038	0.1083369	0.61132	0.38868	4.319985
12060	-2599.981	-2807.342	207.3608	1.12524	0.05841455	0.41915	0.58085	5.351324
12066	-2584.925	-2794.055	209.1303	1.104261	0.07353319	0.639114	0.360886	4.335064
12072	-2572.663	-2781.246	208.583	1.128154	0.07353319	0.561702	0.438298	4.629629
12078	-2583.675	-2792.666	208.9912	1.262828	0.108611	0.579046	0.420954	4.236577
12084	-2593.525	-2802.191	208.666	0.9860435	0.09545133	0.591557	0.408443	4.607188
12090	-2582.556	-2790.742	208.1861	0.9860435	0.06959423	0.501256	0.498744	4.941092
12096	-2576.144	-2786.087	209.9431	1.00417	0.07415718	0.547498	0.452502	3.927891
12102	-2572.409	-2780.249	207.8395	1.00417	0.06871447	0.491779	0.508221	5.125765
12108	-2577.82	-2787.389	209.5697	1.162051	0.09903226	0.514353	0.485647	3.987425
12114	-2581.968	-2791.622	209.6546	1.170916	0.09739583	0.618249	0.381751	3.937751
12120	-2587.868	-2797.579	209.7112	1.170916	0.08454014	0.651006	0.348994	3.937751
12126	-2587.629	-2796.956	209.3272	1.010115	0.07741753	0.651006	0.348994	4.266622
12132	-2610.124	-2820.543	210.419	1.151232	0.1188547	0.476812	0.523188	3.4561
12138	-2601.729	-2813.259	211.5294	1.353604	0.1112127	0.476812	0.523188	2.689583
12144	-2606.213	-2818.003	211.7894	1.217744	0.1262082	0.687647	0.312353	2.576524
12150	-2588.424	-2797.711	209.2874	1.218827	0.1211097	0.531896	0.468104	4.064783
12156	-2586.817	-2797.226	210.409	1.229665	0.1133309	0.542879	0.457121	3.428882
12162	-2590.621	-2800.43	209.8086	1.238183	0.09328733	0.607779	0.392221	3.820938
12168	-2590.839	-2799.575	208.7361	1.104205	0.05621116	0.503489	0.496511	4.604472
12174	-2576.849	-2785.354	208.5059	1.216693	0.08826743	0.587941	0.412059	4.585278
12180	-2581.193	-2789.851	208.658	1.267124	0.06965071	0.521361	0.478639	4.519895
12186	-2581.383	-2790.789	209.4057	1.350117	0.07671681	0.489704	0.510296	4.030528
12192	-2576.71	-2786.028	209.3175	1.350117	0.09603694	0.613949	0.386051	4.031393
12198	-2578.692	-2789.598	210.9062	1.363527	0.09603694	0.597714	0.402286	3.098777
12204	-2584.065	-2794.433	210.3676	1.553098	0.08643858	0.474252	0.525748	3.330448
12210	-2589.374	-2800.47	211.0955	1.496757	0.08092521	0.615185	0.384815	2.945848
12216	-2588.304	-2799.534	211.2294	1.54165	0.1010449	0.52936	0.47064	2.783849
12222	-2577.859	-2789.508	211.6489	1.54165	0.09264268	0.544276	0.455724	2.547836
12228	-2587.258	-2798.414	211.1554	1.294809	0.05699863	0.544276	0.455724	3.099727
12234	-2581.122	-2791.558	210.436	1.280464	0.08411334	0.519571	0.480429	3.456339
12240	-2588.132	-2798.557	210.4242	1.263506	0.0710258	0.470724	0.529276	3.508676
12246	-2581.612	-2791.148	209.5362	1.093344	0.09622511	0.501889	0.498111	4.052658
12252	-2576.21	-2785.501	209.2908	1.357198	0.04697048	0.633615	0.366385	4.174836
12258	-2586.716	-2798.188	211.4721	1.31677	0.06231822	0.623417	0.376583	2.880568
12264	-2591.387	-2800.374	208.9877	1.241532	0.09723151	0.662912	0.337088	4.277642
12270	-2604.217	-2811.577	207.3608	1.064786	0.08560111	0.698858	0.301142	5.313432
12276	-2576.643	-2785.548	208.9052	1.241103	0.08167119	0.549365	0.450635	4.363558
12282	-2597.018	-2807.726	210.7083	1.475564	0.1133464	0.549365	0.450635	3.106981
12288	-2600.37	-2810.487	210.1174	1.241755	0.1133464	0.602101	0.397899	3.59185
12294	-2596.467	-2805.848	209.3802	1.241755	0.1090528	0.632967	0.367033	4.026234
12300	-2593.967	-2801.349	207.382	1.133837	0.06925319	0.717876	0.282124	5.305609
12306	-2576.472	-2785.888	209.416	1.133837	0.07253142	0.560988	0.439012	4.159067
12312	-2592.064	-2800.876	208.8118	1.239453	0.07162947	0.560988	0.439012	4.44361
12318	-2594.66	-2805.333	210.6728	1.145369	0.1051314	0.66921	0.33079	3.343251
12324	-2601.608	-2812.175	210.5672	1.238209	0.08307852	0.543212	0.456788	3.407068
12330	-2601.375	-2811.729	210.3537	1.214343	0.05631675	0.506439	0.493561	3.620126
12336	-2594.53	-2803.127	208.5964	1.18013	0.07903874	0.574746	0.425254	4.578542
12342	-2610.482	-2820.105	209.6224	1.127337	0.1051576	0.632931	0.367069	3.962363
12348	-2593.711	-2802.848	209.1375	1.127337	0.08670499	0.54004	0.45996	4.283644
12354	-2599.436	-2809.763	210.327	1.266774	0.07591658	0.496788	0.503212	3.549914
12360	-2601.32	-2810.678	209.3583	1.28141	0.06325538	0.70526	0.29474	4.133403
12366	-2609.154	-2818.938	209.7839	1.268005	0.08208261	0.717469	0.282531	3.846779
12372	-2595.699	-2804.926	209.227	1.237215	0.08208261	0.543375	0.456625	4.182461
12378	-2592.255	-2801.976	209.7217	1.261915	0.1057347	0.510188	0.489812	3.826808
12384	-2591.88	-2801.488	209.6079	1.195587	0.1001017	0.510188	0.489812	3.943747
12390	-2587.981	-2796.473	208.4914	1.195587	0.1022475	0.481073	0.518927	4.571334
12396	-2604.254	-2813.749	209.4951	1.231762	0.08858795	0.481073	0.518927	4.016165
12402	-2599.853	-2809.814	209.9612	1.22599	0.09305427	0.551269	0.448731	3.740643
12408	-2591.372	-2801.051	209.6791	1.156871	0.07888161	0.502371	0.497629	3.978985
12414	-2590.726	-2800.288	209.5614	1.246848	0.08493799	0.726029	0.273971	3.978985
12420	-2589.84	-2799.97	210.1301	1.131284	0.08221592	0.629468	0.370532	3.725751
12426	-2588.765	-2797.535	208.7705	1.041693	0.08951258	0.576691	0.423309	4.531882
12432	-2570.678	-2779.633	208.955	1.151959	0.07540066	0.609187	0.390813	4.402152
12438	-2577.528	-2786.716	209.1876	1.178477	0.1063969	0.582648	0.417352	4.178134
12444	-2590.346	-2799.744	209.3977	1.36561	0.05506836	0.495727	0.504273	4.086153
12450	-2593.86	-2800.981	207.1215	1.097175	0.0610493	0.54614	0.45386	5.491387
12456	-2588.248	-2798.386	210.1373	1.236452	0.07593296	0.539642	0.460358	3.677605
12462	-2591.756	-2802.556	210.7998	1.382406	0.05591831	0.539642	0.460358	3.261908
12468	-2590.383	-2800.076	209.6937	1.482044	0.05591831	0.772115	0.227885	3.847749
12474	-2581.261	-2790.11	208.8493	1.181969	0.06317563	0.507452	0.492548	4.477816
12480	-2586.19	-2794.091	207.901	1.134291	0.07323067	0.530381	0.469619	5.007522
12486	-2586.483	-2795.618	209.1347	0.9955996	0.09167421	0.603591	0.396409	4.347224
12492	-2591.272	-2801.248	209.9755	1.09398	0.0820433	0.471554	0.528446	3.83679
12498	-2592.142	-2802.003	209.8616	1.260948	0.07067233	0.57364	0.42636	3.83679
12504	-2594.817	-2806.267	211.4497	1.24499	0.07987704	0.576261	0.423739	2.886933
12510	-2584.423	-2795.754	211.3311	1.224361	0.120855	0.485225	0.514775	2.865935
12516	-2599.179	-2811.01	211.8307	1.480019	0.06177375	0.563237	0.436763	2.562474
12522	-2604.045	-2815.143	211.0983	1.239519	0.06903174	0.563237	0.436763	3.131571
12528	-2592.872	-2802.014	209.142	1.044288	0.08644582	0.579319	0.420681	4.328721
12534	-2595.909	-2806.016	210.1065	1.19146	0.06399531	0.609536	0.390464	3.754356
12540	-2594.212	-2802.234	208.0219	1.267318	0.07019933	0.488423	0.511577	4.874297
12546	-2587.457	-2797.597	210.1403	1.386579	0.06512961	0.442697	0.557303	3.618751
12552	-2586.536	-2796.526	209.9896	1.233133	0.06512961	0.481989	0.518011	3.794571
12558	-2579.429	-2789.382	209.952	1.27003	0.06525737	0.71144	0.28856	3.794571
12564	-2582.611	-2790.381	207.7703	1.073093	0.06526257	0.519396	0.480604	5.135199
12570	-2580.252	-2788.545	208.2927	1.09172	0.08905293	0.519396	0.480604	4.772626
12576	-2593	-2802.306	209.3066	1.14963	0.07248267	0.521557	0.478443	4.212373
12582	-2593.689	-2802.988	209.2996	1.14963	0.07395672	0.566101	0.433899	4.212373
12588	-2597.79	-2806.256	208.4663	1.178182	0.0670294	0.542497	0.457503	4.684412
12594	-2597.19	-2806.794	209.6044	1.020285	0.07812549	0.642561	0.357439	4.101535
12600	-2604.143	-2814.446	210.3036	1.104451	0.07368167	0.44779	0.55221	3.663876
12606	-2606.671	-2815.644	208.9734	1.352519	0.06424449	0.578008	0.421992	4.308633
12612	-2593.676	-2803.041	209.3647	1.200731	0.08237703	0.547771	0.452229	4.124163
12618	-2598.757	-2808.869	210.1117	1.199684	0.06674115	0.522834	0.477166	3.738934
12624	-2587.316	-2797.188	209.8718	1.211789	0.07148936	0.522834	0.477166	3.856968
12630	-2595.385	-2806.83	211.4446	1.38084	0.102857	0.522834	0.477166	2.745959
12636	-2584.109	-2793.712	209.6027	1.22396	0.07967652	0.511768	0.488232	3.982219
12642	-2586.797	-2794.993	208.1961	1.091148	0.1087107	0.666975	0.333025	4.780116
12648	-2585.742	-2794.359	208.6171	0.9502597	0.1029575	0.627332	0.372668	4.636731
12654	-2599.579	-2809.084	209.505	1.200228	0.09005473	0.68379	0.31621	4.02481
12660	-2583.994	-2792.73	208.7358	1.028005	0.09005473	0.478677	0.521323	4.557702
12666	-2589.68	-2798.168	208.4888	0.9714335	0.08995955	0.663254	0.336746	4.72806
12672	-2588.949	-2798.035	209.0866	0.9988093	0.07373883	0.498085	0.501915	4.418713
12678	-2585.731	-2794.617	208.8861	0.9988093	0.0895017	0.446182	0.553818	4.49098
12684	-2584.187	-2792.98	208.7932	1.12824	0.1086702	0.446182	0.553818	4.424442
12690	-2582.86	-2791.591	208.7309	1.161465	0.06044359	0.625748	0.374252	4.563509
12696	-2569.357	-2778.9	209.5433	1.242415	0.08540239	0.511302	0.488698	3.990701
12702	-2571.9	-2781.17	209.2695	1.260084	0.06744972	0.585282	0.414718	4.184385
12708	-2581.005	-2789.904	208.8997	1.191674	0.08943859	0.630657	0.369343	4.374807
12714	-2574.819	-2784.395	209.5761	1.434911	0.08369307	0.630657	0.369343	3.866028
12720	-2583.266	-2790.417	207.1512	1.167465	0.08530038	0.428684	0.571316	5.373179
12726	-2581.215	-2790.336	209.121	0.9881295	0.05481119	0.583163	0.416837	4.457348
12732	-2588.51	-2796.921	208.4114	1.173267	0.07234295	0.583163	0.416837	4.703624
12738	-2587.355	-2797.146	209.7908	1.186745	0.07234295	0.570427	0.429573	3.915504
12744	-2597.175	-2807.376	210.2013	1.232977	0.07523881	0.656169	0.343831	3.644396
12750	-2580.972	-2790.829	209.8569	1.173791	0.07587185	0.483957	0.516043	3.875445
12756	-2603.278	-2811.521	208.2434	1.191255	0.07587185	0.572757	0.427243	4.778171
12762	-2604.495	-2813.986	209.4905	1.470989	0.1093142	0.513159	0.486841	3.831085
12768	-2594.25	-2804.518	210.2678	1.237096	0.09859444	0.51412	0.48588	3.542597
12774	-2589.646	-2799.888	210.2418	1.237096	0.1201271	0.644188	0.355812	3.506485
12780	-2589.817	-2799.641	209.8234	1.245997	0.1086322	0.449934	0.550066	3.770546
12786	-2582.654	-2792.629	209.975	1.217786	0.08023358	0.709473	0.290527	3.770546
12792	-2594.237	-2803.459	209.2223	0.9746247	0.07016955	0.663319	0.336681	4.365348
12798	-2586.829	-2795.564	208.7343	1.141868	0.07669187	0.549605	0.450395	4.528667
12804	-2586.503	-2794.765	208.2618	1.072396	0.06988898	0.476528	0.523472	4.850028
12810	-2600.797	-2809.891	209.0949	1.105803	0.1074539	0.492345	0.507655	4.269488
12816	-2589.767	-2799.623	209.8552	1.372561	0.08891311	0.539365	0.460635	3.727714
12822	-2584.219	-2793.285	209.0655	1.250708	0.05612396	0.607909	0.392091	4.336831
12828	-2582.189	-2790.531	208.342	1.250708	0.05289341	0.589317	0.410683	4.752404
12834	-2597.729	-2807.601	209.8715	1.28261	0.1038877	0.566762	0.433238	3.733038
12840	-2606.9	-2817.148	210.2474	1.051549	0.1544162	0.574535	0.425465	3.53798
12846	-2596.633	-2807.048	210.4155	1.196351	0.07644569	0.630897	0.369103	3.53798
12852	-2594.64	-2804.346	209.7062	1.362438	0.05750267	0.559795	0.440205	3.904659
12858	-2596.311	-2806.69	210.3791	1.463411	0.09959339	0.565981	0.434019	3.342618
12864	-2594.187	-2804.808	210.6211	1.320198	0.1068357	0.565981	0.434019	3.266562
12870	-2584.681	-2795.436	210.7554	1.261842	0.08910243	0.613925	0.386075	3.266562
12876	-2581.652	-2793.112	211.4601	1.659651	0.05256117	0.6051	0.3949	2.708581
12882	-2576.232	-2787.459	211.2263	1.294144	0.06855887	0.599723	0.400277	3.023858
12888	-2574.34	-2783.025	208.6854	1.271033	0.08621248	0.639722	0.360278	4.459001
12894	-2569.005	-2778.889	209.8836	1.271033	0.07955315	0.579521	0.420479	3.794359
12900	-2568.196	-2778.209	210.0133	1.301758	0.06540588	0.523099	0.476901	3.740562
12906	-2574.047	-2783.974	209.9274	1.080189	0.08919757	0.523099	0.476901	3.853841
12912	-2590.781	-2800.419	209.6384	1.18788	0.09989829	0.529597	0.470403	3.931203
12918	-2581.706	-2791.477	209.7707	1.021035	0.1081782	0.594795	0.405205	3.931203
12924	-2579.572	-2789.876	210.3033	1.090353	0.05776045	0.519605	0.480395	3.716892
12930	-2588.423	-2798.809	210.3861	1.177476	0.08091371	0.544828	0.455172	3.554031
12936	-2579.488	-2789.139	209.6504	1.191725	0.1072673	0.630676	0.369324	3.904435
12942	-2591.745	-2800.397	208.6518	1.337182	0.04473611	0.653661	0.346339	4.553325
12948	-2591.587	-2799.349	207.7618	1.122885	0.06367403	0.655005	0.344995	5.11659
12954	-2583.316	-2790.92	207.6037	1.250176	0.0700334	0.605052	0.394948	5.11659
12960	-2576.006	-2785.321	209.3149	1.09776	0.1060695	0.502054	0.497946	4.15247
12966	-2585.467	-2793.74	208.2727	1.09776	0.08574427	0.726269	0.273731	4.788693
12972	-2579.605	-2787.865	208.2597	1.289267	0.04865865	0.556266	0.443734	4.788693
12978	-2591.484	-2802.879	211.3941	1.345708	0.05484569	0.499432	0.500568	2.932552
12984	-2592.074	-2801.061	208.9869	1.114964	0.08383966	0.537993	0.462007	4.383037
12990	-2605.707	-2814.985	209.2782	1.215601	0.05983846	0.560676	0.439324	4.225828
12996	-2606.523	-2816.875	210.3526	1.271499	0.1247768	0.505068	0.494932	3.411103
13002	-2599.172	-2809.224	210.0521	1.227787	0.0659372	0.490894	0.509106	3.759372
13008	-2595.669	-2805.623	209.9539	1.240526	0.08411502	0.490894	0.509106	3.759372
13014	-2589.262	-2797.313	208.0504	0.9701121	0.07836481	0.691416	0.308584	5.002341
13020	-2589.139	-2796.342	207.2027	0.9079931	0.07837327	0.64524	0.35476	5.505128
13026	-2601.272	-2810.661	209.389	1.328214	0.08938029	0.693191	0.306809	4.019668
13032	-2599.954	-2809.9	209.9459	1.291114	0.08547273	0.584011	0.415989	3.731307
13038	-2597.838	-2806.314	208.4761	1.046563	0.1235126	0.539592	0.460408	4.615413
13044	-2600.259	-2807.503	207.244	0.9219968	0.1055823	0.570027	0.429973	5.408946
13050	-2600.288	-2809.494	209.2059	1.340623	0.1102991	0.560806	0.439194	4.066376
13056	-2612.323	-2822.244	209.9203	1.340623	0.06317423	0.515061	0.484939	3.778027
13062	-2594.58	-2804.524	209.9442	1.27479	0.07186971	0.659323	0.340677	3.778027
13068	-2592.614	-2801.082	208.4682	1.222439	0.08622457	0.496969	0.503031	4.608349
13074	-2595.916	-2804.821	208.9048	1.303155	0.08275453	0.522018	0.477982	4.325905
13080	-2598.762	-2808.386	209.6246	1.179602	0.09075671	0.602195	0.397805	3.966496
13086	-2597.133	-2805.864	208.7312	1.000188	0.09075671	0.440628	0.559372	4.574174
13092	-2597.482	-2807.298	209.816	1.099865	0.1041142	0.612321	0.387679	3.869662
13098	-2600.906	-2810.262	209.3565	1.161581	0.1012168	0.549391	0.450609	4.104025
13104	-2589.8	-2798.923	209.1231	1.136536	0.1084321	0.595053	0.404947	4.23378
13110	-2592.585	-2802.144	209.5587	1.136536	0.1163856	0.619254	0.380746	3.96746
13116	-2582.692	-2792.626	209.9346	1.364876	0.08896423	0.694483	0.305517	3.686185
13122	-2584.269	-2793.198	208.9295	1.210582	0.08896423	0.694882	0.305118	4.34848
13128	-2582.977	-2791.978	209.0013	1.19602	0.07640306	0.565083	0.434917	4.34848
13134	-2578.767	-2787.86	209.0932	1.039762	0.111995	0.47894	0.52106	4.297296
13140	-2581.085	-2790.851	209.7654	1.229902	0.07241628	0.603746	0.396254	3.90512
13146	-2584.3	-2793.916	209.6159	1.221715	0.108069	0.55672	0.44328	3.90512
13152	-2574.873	-2784.534	209.6617	1.221715	0.06417707	0.547753	0.452247	3.991873
13158	-2569.996	-2780.343	210.3469	1.283111	0.08675401	0.475888	0.524112	3.49992
13164	-2569.952	-2778.759	208.8067	1.164677	0.07868397	0.571625	0.428375	4.469931
13170	-2573.098	-2781.883	208.7844	1.223534	0.07091292	0.571625	0.428375	4.469931
13176	-2581.894	-2791.275	209.3806	1.216511	0.09103179	0.624161	0.375839	4.084006
13182	-2578.797	-2786.417	207.6198	1.151019	0.09103179	0.478639	0.521361	5.109149
13188	-2573.136	-2781.587	208.4509	1.180174	0.0958979	0.478639	0.521361	4.617849
13194	-2577.65	-2787.493	209.8429	1.119962	0.08168166	0.598264	0.401736	3.898943
13200	-2579.464	-2786.852	207.3873	1.15133	0.09548964	0.598264	0.401736	5.226891
13206	-2592.016	-2802.681	210.6656	1.452241	0.05877029	0.44882	0.55118	3.291518
13212	-2594.595	-2805.457	210.8625	1.383896	0.05986153	0.523037	0.476963	3.212364
13218	-2591.842	-2801.56	209.7185	1.318116	0.07400779	0.484241	0.515759	3.87706
13224	-2583.148	-2793.544	210.3956	1.318116	0.0711555	0.575841	0.424159	3.493163
13230	-2578.732	-2787.63	208.898	1.211141	0.09443472	0.555591	0.444409	4.352376
13236	-2580.126	-2787.775	207.6493	1.033852	0.05881707	0.613874	0.386126	5.241349
13242	-2584.346	-2791.812	207.4663	1.108286	0.08154625	0.629746	0.370254	5.241349
13248	-2588.021	-2796.696	208.6747	1.219964	0.1166495	0.682118	0.317882	4.421411
13254	-2579.556	-2788.217	208.6612	1.233442	0.1166495	0.502415	0.497585	4.421411
13260	-2575.346	-2784.824	209.4774	1.188936	0.08057272	0.59211	0.40789	4.071379
13266	-2586.334	-2794.224	207.8893	1.014534	0.07132978	0.712664	0.287336	5.085458
13272	-2587.699	-2797.073	209.3743	0.9993628	0.1262557	0.651308	0.348692	4.128951
13278	-2575.144	-2783.684	208.5403	1.143663	0.07881439	0.504966	0.495034	4.631004
13284	-2591.833	-2799.167	207.3338	1.026978	0.06018934	0.698231	0.301769	5.415491
13290	-2580.836	-2789.332	208.4957	1.192011	0.08449396	0.522933	0.477067	4.614348
13296	-2591.749	-2801.235	209.4864	1.127423	0.08140339	0.54861	0.45139	4.099135
13302	-2602	-2811.866	209.8656	1.236114	0.05667763	0.699105	0.300895	3.888082
13308	-2597.747	-2804.999	207.2515	1.1353	0.05792056	0.679084	0.320916	5.407347
13314	-2593.101	-2802.034	208.933	0.9764841	0.09111652	0.642768	0.357232	4.473131
13320	-2584.493	-2793.385	208.8921	1.132747	0.06619947	0.460962	0.539038	4.473131
13326	-2573.965	-2782.784	208.8192	1.132747	0.08167041	0.444802	0.555198	4.473131
13332	-2583.635	-2790.628	206.9927	1.093084	0.06500713	0.501752	0.498248	5.553803
13338	-2570.492	-2779.097	208.6059	1.019142	0.07050007	0.505659	0.494341	4.685961
13344	-2567.845	-2776.492	208.6469	1.019142	0.06204412	0.491567	0.508433	4.685961
13350	-2576.262	-2784.78	208.5175	1.26319	0.07796815	0.673172	0.326828	4.578967
13356	-2568.862	-2779.904	211.0422	1.274671	0.0975865	0.498872	0.501128	3.066651
13362	-2572.416	-2782.739	210.3231	1.261332	0.09351901	0.520202	0.479798	3.509047
13368	-2576.265	-2786.736	210.4711	1.19126	0.07627267	0.520202	0.479798	3.509047
13374	-2585.691	-2794.441	208.7492	1.162209	0.08039691	0.619347	0.380653	4.499211
13380	-2578.958	-2790.901	211.9425	1.352863	0.08346679	0.611201	0.388799	2.507992
13386	-2581.838	-2793.76	211.9216	1.551939	0.06819992	0.558886	0.441114	2.441189
13392	-2593.592	-2804.509	210.9177	1.323315	0.09648166	0.546454	0.453546	3.114721
13398	-2589.963	-2799.344	209.381	1.059998	0.1511755	0.590659	0.409341	4.03876
13404	-2601.133	-2811.245	210.112	1.252069	0.08764756	0.554292	0.445708	3.65217
13410	-2596.256	-2807.218	210.9618	1.402643	0.09087042	0.704265	0.295735	3.05567
13416	-2589.166	-2798.739	209.5728	1.226884	0.07712678	0.479153	0.520847	4.004381
13422	-2590.081	-2800.508	210.4265	1.299224	0.1052355	0.619614	0.380386	3.397267
13428	-2586.318	-2796.354	210.0364	1.299224	0.06152485	0.595951	0.404049	3.739674
13434	-2583.567	-2793.601	210.0334	1.368146	0.07960195	0.52527	0.47473	3.651598
13440	-2592.161	-2802.884	210.7231	1.334551	0.08240326	0.494505	0.505495	3.260456
13446	-2585.269	-2796.097	210.8284	1.296358	0.08240326	0.451725	0.548275	3.220835
13452	-2566.254	-2776.852	210.5973	1.321659	0.09294911	0.550903	0.449097	3.314494
13458	-2568.774	-2779.268	210.4939	1.218376	0.09643971	0.592514	0.407486	3.426953
13464	-2571.038	-2781.737	210.6987	1.226994	0.07773806	0.57002	0.42998	3.350902
13470	-2575.01	-2785.272	210.2621	1.142596	0.09537216	0.447223	0.552777	3.608917
13476	-2583.655	-2793.234	209.5792	1.425238	0.04322708	0.577896	0.422104	3.982339
13482	-2588.193	-2797.693	209.4992	1.448358	0.04565674	0.611821	0.388179	4.007941
13488	-2597.104	-2806.681	209.577	1.254562	0.1004945	0.544728	0.455272	3.926746
13494	-2586.929	-2795.93	209.0006	1.352349	0.09555704	0.521126	0.478874	4.211605
13500	-2575.042	-2784.272	209.2302	1.123204	0.09544538	0.643312	0.356688	4.211605
13506	-2577.845	-2785.884	208.039	1.159775	0.07405756	0.612349	0.387651	4.914441
13512	-2569.27	-2777.492	208.2226	1.053183	0.1122349	0.660389	0.339611	4.778504
13518	-2583.696	-2793.422	209.7253	1.287379	0.08296299	0.471958	0.528042	3.866998
13524	-2591.841	-2799.922	208.0812	1.020045	0.1237291	0.514746	0.485254	4.850553
13530	-2582.289	-2792.544	210.2554	1.151527	0.1237291	0.507655	0.492345	3.540292
13536	-2585.967	-2797.153	211.1869	1.249218	0.09026763	0.585566	0.414434	3.014367
13542	-2574.198	-2784.281	210.0829	1.089737	0.09026763	0.550636	0.449364	3.756112
13548	-2585.871	-2795.826	209.9543	1.368309	0.108685	0.516754	0.483246	3.624053
13554	-2585.048	-2795.469	210.4211	1.340873	0.1320449	0.618366	0.381634	3.31393
13560	-2579.181	-2789.799	210.6186	1.353711	0.08123507	0.584224	0.415776	3.31393
13566	-2577.486	-2787.196	209.7094	1.189187	0.1125626	0.600541	0.399459	3.859662
13572	-2566.675	-2776.291	209.6153	1.241416	0.1231514	0.530133	0.469867	3.859662
13578	-2574.322	-2783.365	209.0427	1.241416	0.08124532	0.580013	0.419987	4.286697
13584	-2577.85	-2787.873	210.0222	1.123953	0.1022988	0.717444	0.282556	3.741451
13590	-2582.265	-2792.596	210.3313	1.29321	0.08451121	0.495491	0.504509	3.509005
13596	-2582.607	-2793.456	210.8494	1.308061	0.1284658	0.489251	0.510749	3.087512
13602	-2578.46	-2789.196	210.7359	1.308061	0.07771964	0.521776	0.478224	3.281302
13608	-2582.321	-2792.816	210.4947	1.4219	0.07291843	0.511314	0.488686	3.369501
13614	-2567.982	-2776.834	208.8513	1.14674	0.09427879	0.511314	0.488686	4.415462
13620	-2580.047	-2789.167	209.1199	1.022137	0.06316699	0.574137	0.425863	4.415462
13626	-2588.012	-2796.063	208.0513	1.193788	0.06619351	0.528426	0.471574	4.909627
13632	-2584.518	-2795.046	210.5283	1.07608	0.07594387	0.453064	0.546936	3.543704
13638	-2580.453	-2789.928	209.4753	1.07608	0.07594387	0.533291	0.466709	4.149042
13644	-2587.037	-2795.731	208.6946	0.8913623	0.07954928	0.636525	0.363475	4.684006
13650	-2590.601	-2799.694	209.0931	1.194556	0.05379914	0.499835	0.500165	4.359528
13656	-2585.853	-2794.115	208.2621	1.01558	0.1144468	0.483706	0.516294	4.772444
13662	-2573.285	-2781.411	208.1265	1.072937	0.1000424	0.601651	0.398349	4.849276
13668	-2573.46	-2782.171	208.7111	1.045442	0.05071275	0.565247	0.434753	4.666881
13674	-2574.323	-2784.323	210	1.196213	0.05948782	0.501117	0.498883	3.825781
13680	-2576.352	-2785.41	209.0586	1.204866	0.104572	0.729545	0.270455	4.240661
13686	-2579.592	-2789.575	209.9828	1.311581	0.09130423	0.592637	0.407363	3.683111
13692	-2577.4	-2786.426	209.0268	1.57917	0.05308477	0.575966	0.424034	4.181275
13698	-2579.525	-2790.586	211.0606	1.42488	0.05018398	0.460763	0.539237	3.099044
13704	-2576.191	-2786.995	210.8047	1.47154	0.07068276	0.472496	0.527504	3.163424
13710	-2581.227	-2791.666	210.4388	1.351457	0.06900303	0.664876	0.335124	3.454457
13716	-2575.583	-2785.908	210.3242	1.315933	0.1023438	0.578712	0.421288	3.454457
13722	-2586.195	-2796.534	210.339	1.315933	0.09281858	0.65133	0.34867	3.469702
13728	-2587.423	-2796.72	209.2967	1.357554	0.05352966	0.501142	0.498858	4.152587
13734	-2581.988	-2791.421	209.4326	1.012947	0.1030272	0.571815	0.428185	4.140955
13740	-2570.94	-2782.488	211.5476	1.374749	0.08229789	0.718197	0.281803	2.741709
13746	-2573.714	-2784.189	210.4745	1.344225	0.08662446	0.525631	0.474369	3.389843
13752	-2568.225	-2778.615	210.3902	1.429688	0.08276785	0.655996	0.344004	3.399415
13758	-2569.387	-2779.803	210.416	1.408059	0.07915614	0.64006	0.35994	3.406677
13764	-2575.059	-2784.915	209.8557	1.178069	0.07915614	0.637928	0.362072	3.864941
13770	-2575.107	-2785.763	210.6563	1.335882	0.08442694	0.657404	0.342596	3.293675
13776	-2576.672	-2785.233	208.5614	1.156932	0.08385429	0.433622	0.566378	4.59878
13782	-2591.395	-2800.828	209.4328	1.105029	0.08622275	0.444474	0.555526	4.129944
13788	-2590.146	-2799.407	209.2611	1.181643	0.069755	0.586825	0.413175	4.227381
13794	-2577.353	-2787.192	209.8389	1.135478	0.07481772	0.642029	0.357971	3.910615
13800	-2590.453	-2801.593	211.1403	1.30879	0.07519259	0.610021	0.389979	3.047733
13806	-2589.323	-2799.194	209.8708	1.276203	0.07134722	0.620344	0.379656	3.820877
13812	-2592.087	-2798.772	206.685	0.9513792	0.06264794	0.450263	0.549737	5.806474
13818	-2583.529	-2790.8	207.2705	0.9650282	0.08807559	0.558972	0.441028	5.412162
13824	-2604.571	-2812.45	207.8795	1.078763	0.06628581	0.558972	0.441028	5.068715
13830	-2593.423	-2801.929	208.5059	1.052192	0.06932826	0.50865	0.49135	4.726523
13836	-2586.458	-2797.204	210.7455	1.1762	0.1118832	0.467931	0.532069	3.265985
13842	-2589.149	-2797.083	207.9335	0.9063263	0.07680103	0.491737	0.508263	5.10667
13848	-2582.1	-2790.707	208.6063	1.185117	0.1225113	0.554953	0.445047	4.466594
13854	-2588.81	-2796.208	207.3977	1.109821	0.1420881	0.530767	0.469233	5.142407
13860	-2577.634	-2784.926	207.2923	1.109821	0.06152887	0.648559	0.351441	5.389059
13866	-2575.008	-2783.273	208.2648	1.109821	0.09444564	0.633176	0.366824	4.764894
13872	-2591.478	-2800.342	208.8645	1.109821	0.08368024	0.468482	0.531518	4.455338
13878	-2599.507	-2808.44	208.9331	1.107444	0.0676327	0.642747	0.357253	4.460396
13884	-2584.934	-2794.438	209.5041	1.269136	0.1002394	0.610997	0.389003	3.960747
13890	-2586.481	-2796.177	209.6962	1.13455	0.08431727	0.625723	0.374277	3.967744
13896	-2578.316	-2786.062	207.7456	1.365082	0.05242293	0.61857	0.38143	5.02221
13902	-2593.615	-2801.955	208.34	1.05237	0.05600879	0.671011	0.328989	4.855514
13908	-2598.783	-2806.976	208.1927	0.9432912	0.1145339	0.671011	0.328989	4.851313
13914	-2599.334	-2807.72	208.3861	0.9144582	0.05884981	0.595972	0.404028	4.898766
13920	-2607.08	-2815.6	208.5199	0.7334104	0.1246461	0.595972	0.404028	4.763705
13926	-2599.624	-2808.39	208.7656	0.7334104	0.1246461	0.58185	0.41815	4.626249
13932	-2589.951	-2797.768	207.8179	0.9215552	0.0724536	0.614988	0.385012	5.173567
13938	-2593.226	-2801.623	208.3969	0.923271	0.08149678	0.60106	0.39894	4.827535
13944	-2595.7	-2803.85	208.1494	0.9610967	0.09153831	0.60106	0.39894	4.919255
13950	-2588.368	-2796.948	208.5799	1.051955	0.07014428	0.516628	0.483372	4.683074
13956	-2583.65	-2793.229	209.5797	0.9328338	0.1055773	0.542133	0.457867	4.096757
13962	-2582.031	-2792.949	210.9182	1.185794	0.1161075	0.542133	0.457867	3.147925
13968	-2581.499	-2792.446	210.9478	1.183891	0.08463755	0.562482	0.437518	3.210719
13974	-2573.625	-2781.791	208.1661	1.029625	0.06997723	0.546425	0.453575	4.926951
13980	-2573.762	-2782.795	209.033	1.035783	0.06997723	0.647549	0.352451	4.438138
13986	-2576.611	-2785.175	208.5634	1.037562	0.07980592	0.460273	0.539727	4.67494
13992	-2575.171	-2783.665	208.4935	0.9930314	0.07980592	0.596045	0.403955	4.738994
13998	-2568.137	-2777.396	209.2581	0.9930314	0.07980592	0.552277	0.447723	4.309115
14004	-2563.194	-2771.16	207.9658	1.057166	0.07762208	0.527511	0.472489	5.002929
14010	-2568.703	-2775.59	206.8871	1.074296	0.06465269	0.564343	0.435657	5.623051
14016	-2581.139	-2789.759	208.6197	1.164627	0.06465269	0.681565	0.318435	4.612523
14022	-2581.972	-2790.814	208.8429	0.9313159	0.05973642	0.504507	0.495493	4.631732
14028	-2578.433	-2786.22	207.7867	1.021189	0.1303062	0.634319	0.365681	4.999837
14034	-2579.125	-2787.842	208.7167	1.013361	0.1082814	0.481335	0.518665	4.533019
14040	-2593.338	-2805.02	211.6815	1.407675	0.07657151	0.68905	0.31095	2.655601
14046	-2600.823	-2812.249	211.4265	1.450137	0.1043336	0.628511	0.371489	2.710847
14052	-2594.658	-2805.182	210.5241	1.473906	0.09050123	0.53499	0.46501	3.274268
14058	-2595.629	-2805.946	210.3174	1.419818	0.09050123	0.680833	0.319167	3.42753
14064	-2594.817	-2805.05	210.2332	1.448895	0.1033127	0.522671	0.477329	3.42753
14070	-2587.985	-2799.414	211.429	1.275251	0.1310299	0.508221	0.491779	2.751747
14076	-2582.131	-2792.276	210.1448	1.357437	0.0713504	0.488842	0.511158	3.615651
14082	-2573.358	-2783.495	210.1371	1.343188	0.07599664	0.503051	0.496949	3.615651
14088	-2583.318	-2793.485	210.1675	1.22118	0.09640253	0.650908	0.349092	3.615651
14094	-2583.292	-2790.718	207.4264	1.134451	0.09640253	0.481569	0.518431	5.212446
14100	-2588.074	-2798.428	210.3543	1.13642	0.07478969	0.720775	0.279225	3.612899
14106	-2574.299	-2783.815	209.5156	1.218402	0.06343904	0.741147	0.258853	4.079205
14112	-2584.28	-2793.799	209.5192	1.168772	0.07300687	0.529839	0.470161	4.079205
14118	-2591.895	-2801.286	209.3912	1.042027	0.07219014	0.589233	0.410767	4.22618
14124	-2594.778	-2803.829	209.0509	1.070577	0.06540437	0.707532	0.292468	4.420905
14130	-2588.284	-2798.607	210.3229	1.156518	0.08397871	0.516071	0.483929	3.594822
14136	-2599.72	-2808.896	209.1761	1.102584	0.09332158	0.525678	0.474322	4.259226
14142	-2578.409	-2787.623	209.2142	1.1171	0.08153786	0.568	0.432	4.259226
14148	-2584.055	-2792.406	208.351	1.064098	0.08163735	0.690768	0.309232	4.774178
14154	-2589.674	-2796.338	206.6644	0.9746236	0.08646929	0.584614	0.415386	5.743706
14160	-2591.563	-2800.655	209.0922	1.020895	0.08646929	0.597348	0.402652	4.370024
14166	-2576.98	-2785.892	208.9123	1.186381	0.08646929	0.508021	0.491979	4.378171
14172	-2590.565	-2799.707	209.1417	0.9789898	0.07956018	0.563991	0.436009	4.383483
14178	-2583.712	-2794.296	210.584	1.072615	0.06282655	0.553612	0.446388	3.549899
14184	-2573.787	-2783.414	209.6272	1.293168	0.09913444	0.520781	0.479219	3.879124
14190	-2575.974	-2787.949	211.9749	1.379606	0.1045642	0.520781	0.479219	2.413293
14196	-2575.702	-2787.564	211.8625	1.500252	0.1025867	0.558826	0.441174	2.413293
14202	-2588.527	-2800.221	211.6941	1.461328	0.07395404	0.387041	0.612959	2.622299
14208	-2598.636	-2808.676	210.0404	1.458325	0.03291955	0.612183	0.387817	3.726611
14214	-2591.575	-2799.355	207.7797	1.161959	0.04585761	0.612183	0.387817	5.134229
14220	-2592.298	-2799.976	207.6781	1.293325	0.06316471	0.513141	0.486859	5.069878
14226	-2597.923	-2807.199	209.2753	0.9651438	0.129096	0.591799	0.408201	4.198507
14232	-2595.54	-2804.059	208.5195	0.9651438	0.08098768	0.634805	0.365195	4.736976
14238	-2589.786	-2799.553	209.7673	1.219722	0.08012527	0.520322	0.479678	3.889174
14244	-2606.888	-2816.606	209.718	1.310685	0.1314129	0.595792	0.404208	3.742557
14250	-2596.621	-2806.813	210.1916	1.250791	0.112291	0.61191	0.38809	3.545888
14256	-2591.207	-2802.052	210.8449	1.196524	0.112291	0.481298	0.518702	3.194159
14262	-2602.64	-2813.511	210.8713	1.453953	0.05022966	0.70836	0.29164	3.194159
14268	-2588.483	-2798.852	210.3686	1.192162	0.0817463	0.558525	0.441475	3.55348
14274	-2585.496	-2795.209	209.7129	1.233471	0.09440783	0.611698	0.388302	3.875847
14280	-2592.006	-2802.352	210.3461	1.103612	0.09440783	0.633903	0.366097	3.585194
14286	-2585.454	-2793.229	207.7749	1.074835	0.05632678	0.469567	0.530433	5.156063
14292	-2577.698	-2786.351	208.653	1.367788	0.06864377	0.495901	0.504099	4.46881
14298	-2602.256	-2811.692	209.4351	1.141759	0.05927779	0.668166	0.331834	4.180292
14304	-2602.61	-2811.931	209.321	0.9531969	0.05955324	0.624552	0.375448	4.350931
14310	-2596.251	-2805.18	208.929	1.059486	0.07981985	0.598869	0.401131	4.457334
14316	-2585.46	-2794.894	209.4343	1.208359	0.08035304	0.582005	0.417995	4.085456
14322	-2595.804	-2805.139	209.3356	1.077274	0.1021935	0.582005	0.417995	4.161533
14328	-2577.93	-2788.134	210.2046	1.090719	0.08918887	0.580527	0.419473	3.688008
14334	-2594.608	-2804.646	210.0376	1.168014	0.1102949	0.601641	0.398359	3.688008
14340	-2593.928	-2802.55	208.6228	1.013057	0.07539792	0.636969	0.363031	4.666881
14346	-2601.157	-2809.931	208.7748	1.065946	0.08699793	0.524579	0.475421	4.522105
14352	-2602.972	-2813.847	210.8742	1.295257	0.09206697	0.661034	0.338966	3.168678
14358	-2588.082	-2798.119	210.0368	1.265054	0.1087184	0.72797	0.27203	3.636002
14364	-2598.069	-2807.312	209.2431	1.060272	0.1087184	0.498481	0.501519	4.208321
14370	-2582.5	-2789.531	207.0312	0.9920697	0.08669121	0.578464	0.421536	5.532361
14376	-2582.77	-2789.208	206.4378	0.9215878	0.09292294	0.675766	0.324234	5.881072
14382	-2584.502	-2792.761	208.2597	1.023339	0.104718	0.494478	0.505522	4.791644
14388	-2577.94	-2787.271	209.3313	1.023339	0.08629054	0.658919	0.341081	4.233783
14394	-2575.39	-2784.491	209.1015	1.25315	0.08629054	0.551533	0.448467	4.233783
14400	-2584.236	-2794.859	210.623	1.25315	0.08312101	0.701809	0.298191	3.365422
14406	-2582.158	-2792.209	210.0514	1.271143	0.07558494	0.624984	0.375016	3.708154
14412	-2588.307	-2798.898	210.5915	1.09023	0.08483419	0.602777	0.397223	3.474753
14418	-2585.159	-2792.713	207.5546	0.9516524	0.08483419	0.60291	0.39709	5.270845
14424	-2591.683	-2799.361	207.678	0.8395258	0.1192992	0.60291	0.39709	5.18434
14430	-2588.21	-2795.602	207.3921	0.9039618	0.0779373	0.60291	0.39709	5.404191
14436	-2587.316	-2795.395	208.079	0.890645	0.08477314	0.56331	0.43669	5.014307
14442	-2591.62	-2800.6	208.9794	0.9646277	0.09670929	0.661798	0.338202	4.44
14448	-2586.24	-2795.988	209.7488	1.137307	0.09670929	0.598003	0.401997	3.904726
14454	-2587.717	-2797.941	210.2238	1.014679	0.08210691	0.431311	0.568689	3.739276
14460	-2591.776	-2800.9	209.1245	1.041272	0.08210691	0.480052	0.519948	4.351434
14466	-2593.436	-2802.433	208.9969	1.041272	0.1117576	0.480052	0.519948	4.351434
14472	-2591.142	-2800.796	209.6536	1.048173	0.07190162	0.577466	0.422534	4.074281
14478	-2596.036	-2805.771	209.7343	1.146565	0.07547652	0.67662	0.32338	3.96236
14484	-2595.243	-2805.836	210.5929	1.224649	0.06318921	0.581006	0.418994	3.455033
14490	-2581.849	-2791.649	209.8002	0.9991852	0.1098229	0.654214	0.345786	3.922928
14496	-2577.344	-2787.165	209.8209	1.21401	0.07088357	0.505107	0.494893	3.886567
14502	-2593.616	-2804.316	210.7001	1.115785	0.1201526	0.505107	0.494893	3.308978
14508	-2587.635	-2798.262	210.6266	1.217691	0.09244846	0.573079	0.426921	3.359694
14514	-2581.119	-2790.38	209.2607	1.169322	0.09244846	0.606377	0.393623	4.175539
14520	-2597.278	-2807.127	209.8485	1.15632	0.09458953	0.50014	0.49986	3.841824
14526	-2586.849	-2797.203	210.3539	1.293172	0.08320072	0.641381	0.358619	3.499309
14532	-2585.571	-2795.204	209.6324	1.231934	0.05581312	0.539431	0.460569	4.026371
14538	-2584.244	-2794.411	210.1664	1.252729	0.09160902	0.470841	0.529159	3.610088
14544	-2596.831	-2807.598	210.7667	1.252729	0.09160902	0.65073	0.34927	3.258743
14550	-2581.271	-2792.007	210.7356	1.12785	0.09760061	0.443531	0.556469	3.335306
14556	-2578.764	-2788.884	210.1192	1.12785	0.09760061	0.480952	0.519048	3.694708
14562	-2587.038	-2796.905	209.8677	1.320572	0.09539262	0.675235	0.324765	3.734114
14568	-2582.179	-2792.2	210.0209	1.172471	0.09860059	0.668362	0.331638	3.723254
14574	-2591.28	-2801.394	210.1134	1.079974	0.09860059	0.646543	0.353457	3.723254
14580	-2591.289	-2801.368	210.0794	1.226695	0.1079408	0.693369	0.306631	3.635367
14586	-2589.179	-2798.687	209.5073	1.226695	0.07090692	0.55656	0.44344	4.05862
14592	-2576.651	-2786.627	209.9759	1.226695	0.07802292	0.662407	0.337593	3.770822
14598	-2578.463	-2788.974	210.5111	1.148304	0.08496964	0.610333	0.389667	3.487443
14604	-2586.132	-2796.023	209.8909	1.253054	0.09004068	0.517373	0.482627	3.773178
14610	-2578.159	-2787.145	208.9855	1.121645	0.07042547	0.524477	0.475523	4.415338
14616	-2592.382	-2801.389	209.0072	1.139673	0.06223532	0.540139	0.459861	4.415338
14622	-2586.821	-2796.491	209.6703	1.027933	0.09143924	0.65025	0.34975	4.025328
14628	-2575.057	-2785.046	209.9892	1.200314	0.0775234	0.557998	0.442002	3.779681
14634	-2573.932	-2783.485	209.5527	1.255099	0.05687274	0.671078	0.328922	4.055664
14640	-2591.006	-2800.627	209.6205	1.199355	0.05445316	0.632735	0.367265	4.055664
14646	-2587.286	-2795.479	208.1929	0.9648259	0.08981814	0.604997	0.395003	4.897166
14652	-2597.27	-2805.186	207.9156	0.9192913	0.08726105	0.604997	0.395003	5.082872
14658	-2585.302	-2794.118	208.8162	1.036678	0.1000719	0.601375	0.398625	4.483231
14664	-2592.054	-2799.953	207.8995	1.090776	0.08761583	0.668538	0.331462	4.995758
14670	-2593.794	-2802.922	209.1286	1.179011	0.08093688	0.670102	0.329898	4.274237
14676	-2598.597	-2807.474	208.8769	1.104251	0.08093688	0.597565	0.402435	4.458538
14682	-2604.968	-2814.818	209.8498	1.205499	0.06787897	0.609538	0.390462	3.883165
14688	-2617.867	-2827.348	209.4807	1.098871	0.08646318	0.611357	0.388643	4.105549
14694	-2614.021	-2825.987	211.9659	1.328221	0.1050237	0.544779	0.455221	2.450089
14700	-2609.582	-2820.758	211.1762	1.293976	0.09262404	0.491179	0.508821	2.987677
14706	-2598.177	-2807.999	209.822	1.274919	0.1117057	0.624436	0.375564	3.747482
14712	-2590.203	-2800.203	209.9998	1.086669	0.06786236	0.498072	0.501928	3.865281
14718	-2579.711	-2788.887	209.1767	1.155501	0.06334956	0.640631	0.359369	4.307554
14724	-2576.138	-2784.75	208.6119	1.148948	0.06792995	0.610071	0.389929	4.616795
14730	-2577.32	-2786.21	208.8896	1.112177	0.0953376	0.603246	0.396754	4.410795
14736	-2577.476	-2786.829	209.3525	1.112177	0.07525687	0.581802	0.418198	4.200135
14742	-2589.776	-2801.298	211.5214	1.516837	0.08273772	0.706111	0.293889	2.669435
14748	-2579.052	-2789.594	210.5423	1.292673	0.05169426	0.590259	0.409741	3.478209
14754	-2598.554	-2809.951	211.3975	1.355439	0.09873505	0.521398	0.478602	2.80084
14760	-2599.527	-2809.878	210.3507	1.222567	0.08645595	0.521398	0.478602	3.533722
14766	-2591.862	-2802.529	210.6663	1.2604	0.08645595	0.586035	0.413965	3.326875
14772	-2587.493	-2797.661	210.1688	1.386034	0.0536475	0.507556	0.492444	3.635497
14778	-2589.899	-2800.412	210.5126	1.386034	0.08943593	0.652728	0.347272	3.335576
14784	-2596.533	-2807.104	210.5713	1.248239	0.09073215	0.49119	0.50881	3.378685
14790	-2593.901	-2802.891	208.9905	1.098346	0.1092869	0.659567	0.340433	4.328502
14796	-2608.257	-2814.761	206.5034	0.9166111	0.07908219	0.634406	0.365594	5.881922
14802	-2597.041	-2807.497	210.4555	1.334292	0.08988373	0.556187	0.443813	3.3983
14808	-2589.969	-2799.04	209.071	0.9946897	0.06188778	0.556469	0.443531	4.462018
14814	-2583.978	-2793.71	209.7324	1.168026	0.06188778	0.556637	0.443363	3.988586
14820	-2578.459	-2788.025	209.5664	1.04534	0.09535904	0.612096	0.387904	4.064932
14826	-2570.06	-2779.655	209.595	1.04534	0.116289	0.53976	0.46024	3.999074
14832	-2575.876	-2783.566	207.6899	1.027762	0.09302986	0.511512	0.488488	5.133709
14838	-2582.956	-2792.153	209.1972	1.222371	0.06063711	0.633538	0.366462	4.265646
14844	-2577.717	-2787.531	209.8141	1.24246	0.05244206	0.622637	0.377363	3.9261
14850	-2575.534	-2786.037	210.5025	1.218272	0.1188494	0.536469	0.463531	3.36789
14856	-2570.291	-2779.946	209.6554	1.145984	0.1090506	0.62862	0.37138	3.923591
14862	-2578.629	-2788.32	209.6906	1.04482	0.08478354	0.727526	0.272474	4.021046
14868	-2573.359	-2782.297	208.9382	1.073996	0.08008186	0.645663	0.354337	4.443298
14874	-2585.181	-2794.736	209.5552	1.022261	0.09218413	0.53162	0.46838	4.092305
14880	-2579.071	-2786.302	207.2305	1.022261	0.07833412	0.601291	0.398709	5.42707
14886	-2576.932	-2784.504	207.5719	1.009448	0.1160651	0.587569	0.412431	5.156086
14892	-2575.158	-2783.971	208.8126	1.196912	0.07377786	0.536581	0.463419	4.46134
14898	-2591.251	-2799.949	208.6977	1.196912	0.09940656	0.580525	0.419475	4.46134
14904	-2580.153	-2790.114	209.9609	1.272472	0.09318456	0.706415	0.293585	3.713607
14910	-2585.791	-2796.319	210.5283	1.272472	0.07785802	0.444233	0.555767	3.423807
14916	-2581.745	-2790.447	208.7016	1.036892	0.07785802	0.554131	0.445869	4.602937
14922	-2587.083	-2795.506	208.4231	1.042902	0.07785802	0.517277	0.482723	4.75546
14928	-2592.905	-2801.827	208.9216	1.052297	0.09421591	0.464658	0.535342	4.429217
14934	-2584.333	-2792.84	208.5071	1.099385	0.0799416	0.605895	0.394105	4.671518
14940	-2584.291	-2792.941	208.65	1.062416	0.07246102	0.605895	0.394105	4.631788
14946	-2576.292	-2785.659	209.367	1.124502	0.06752348	0.615056	0.384944	4.205829
14952	-2587.198	-2796.544	209.3467	1.032209	0.1198931	0.595717	0.404283	4.139993
14958	-2592.991	-2802.136	209.1446	1.115237	0.07679753	0.542219	0.457781	4.312125
14964	-2584.62	-2793.705	209.0852	1.115237	0.08985221	0.596805	0.403195	4.312125
14970	-2590.502	-2800.027	209.5256	1.074296	0.0774602	0.680656	0.319344	4.117415
14976	-2588.074	-2796.347	208.273	1.012665	0.07013578	0.601388	0.398612	4.876446
14982	-2579.103	-2788.271	209.1671	1.187668	0.07013578	0.542871	0.457129	4.276183
14988	-2577.831	-2787.324	209.493	1.403536	0.05916869	0.542871	0.457129	3.998441
14994	-2580.22	-2788.803	208.5834	1.094145	0.09146265	0.542239	0.457761	4.602634
15000	-2576.006	-2785.332	209.3267	1.094145	0.1008222	0.530595	0.469405	4.16025
15006	-2666.635	-2875.677	209.0422	1.124458	0.09467295	0.588848	0.411152	4.319317
15012	-2594.255	-2805.152	210.8963	1.158872	0.1083091	0.535861	0.464139	3.195623
15018	-2587.905	-2798.803	210.8983	1.303424	0.08182641	0.542165	0.457835	3.176729
15024	-2587.471	-2798.355	210.8841	1.237619	0.09999267	0.566929	0.433071	3.176729
15030	-2595.926	-2805.786	209.8595	1.169747	0.1125315	0.560383	0.439617	3.784586
15036	-2592.039	-2801.621	209.5818	1.087638	0.07726536	0.632729	0.367271	4.078344
15042	-2586.585	-2796.685	210.0996	1.184913	0.05953923	0.61547	0.38453	3.77476
15048	-2571.474	-2780.842	209.3685	1.194488	0.06224917	0.683647	0.316353	4.179839
15054	-2567.184	-2776.872	209.6886	1.157178	0.0624531	0.511261	0.488739	4.018232
15060	-2568.603	-2779.207	210.6033	1.327597	0.05615895	0.676412	0.323588	3.409019
15066	-2567.137	-2778.054	210.9175	1.374381	0.04936729	0.596269	0.403731	3.216481
15072	-2568.422	-2778.743	210.3214	1.233748	0.05569773	0.554356	0.445644	3.629397
15078	-2573.546	-2782.534	208.9885	1.233748	0.05869241	0.554356	0.445644	4.382681
15084	-2567.54	-2777.419	209.8791	1.127488	0.08915344	0.595979	0.404021	3.854523
15090	-2568.227	-2777.634	209.4075	1.235398	0.06018858	0.546591	0.453409	4.140177
15096	-2586.637	-2797.267	210.6302	1.10102	0.1265512	0.566967	0.433033	3.344254
15102	-2579.149	-2787.841	208.692	1.176017	0.06530517	0.595441	0.404559	4.563792
15108	-2578.007	-2786.63	208.6229	1.202639	0.07417098	0.625501	0.374499	4.563792
15114	-2561.987	-2771.175	209.1879	1.125069	0.1010921	0.589123	0.410877	4.220862
15120	-2573.205	-2783.075	209.8698	1.204192	0.1010921	0.617352	0.382648	3.786011
15126	-2583.174	-2794.28	211.1057	1.480651	0.06628522	0.558707	0.441293	2.990948
15132	-2593.281	-2804.245	210.9644	1.268044	0.06628522	0.569772	0.430228	3.201998
15138	-2594.003	-2803.297	209.294	1.048291	0.1174801	0.569772	0.430228	4.166216
15144	-2591.125	-2800.939	209.8141	1.269024	0.06457113	0.547932	0.452068	3.876388
15150	-2609.521	-2818.378	208.8567	1.172957	0.07956168	0.617911	0.382089	4.434822
15156	-2607.218	-2814.507	207.289	0.9104164	0.0907195	0.583985	0.416015	5.425585
15162	-2595.206	-2805.545	210.3386	1.02621	0.1007463	0.495278	0.504722	3.618742
15168	-2580.176	-2789.755	209.5789	1.071928	0.0750735	0.532059	0.467941	4.094797
15174	-2602.789	-2811.741	208.9517	1.0984	0.07490203	0.58923	0.41077	4.43554
15180	-2593.637	-2804.405	210.7679	1.176859	0.08710595	0.557086	0.442914	3.314519
15186	-2579.64	-2789.462	209.8217	1.176859	0.0712512	0.578019	0.421981	3.906404
15192	-2589.753	-2798.997	209.2434	1.01504	0.07891894	0.639535	0.360465	4.307337
15198	-2593.346	-2802.348	209.0022	1.01504	0.06641857	0.571074	0.428926	4.476862
15204	-2588.608	-2798.228	209.6199	1.194963	0.09138374	0.571074	0.428926	3.958816
15210	-2612.859	-2824.372	211.5126	1.326111	0.111356	0.57969	0.42031	2.716377
15216	-2589.056	-2797.36	208.3039	1.204957	0.06962131	0.461182	0.538818	4.753242
15222	-2609.511	-2818.996	209.4845	1.022958	0.09199458	0.550526	0.449474	4.132631
15228	-2596.91	-2806.031	209.1202	0.9878962	0.07442239	0.628408	0.371592	4.404089
15234	-2596.668	-2804.703	208.0348	0.9878962	0.06738177	0.689978	0.310022	5.030052
15240	-2584.607	-2793.28	208.673	1.006005	0.07176753	0.598887	0.401113	4.652318
15246	-2596.933	-2805.578	208.6446	0.9971877	0.07971551	0.581201	0.418799	4.652318
15252	-2593.001	-2802.235	209.2338	1.25671	0.08158615	0.581201	0.418799	4.168797
15258	-2586.714	-2796.829	210.1152	1.167302	0.09799088	0.550855	0.449145	3.673223
15264	-2600.288	-2810.973	210.6847	1.199997	0.1064977	0.526091	0.473909	3.30079
15270	-2597.914	-2808.634	210.7202	1.234955	0.09202573	0.708719	0.291281	3.295548
15276	-2586.18	-2797.514	211.3331	1.216622	0.0867615	0.590144	0.409856	2.95549
15282	-2584.516	-2796.313	211.797	1.445266	0.07416005	0.614507	0.385493	2.567889
15288	-2582.874	-2794.932	212.058	1.485747	0.0663615	0.614507	0.385493	2.402503
15294	-2584.453	-2796.463	212.0099	1.447912	0.1239805	0.614507	0.385493	2.298332
15300	-2586.656	-2798.709	212.0527	1.48743	0.1800789	0.688314	0.311686	2.118498
15306	-2595.202	-2806.257	211.0543	1.318559	0.1471808	0.565579	0.434421	2.917159
15312	-2589.053	-2798.988	209.9352	1.172465	0.06982518	0.616253	0.383747	3.847725
15318	-2586.779	-2797.289	210.5103	1.101914	0.06982518	0.652466	0.347534	3.55603
15324	-2589.19	-2799.605	210.415	1.236721	0.06982518	0.588276	0.411724	3.533012
15330	-2571.733	-2781.651	209.9176	1.329885	0.06314782	0.411296	0.588704	3.785872
15336	-2575.389	-2785.367	209.9782	1.329885	0.07156454	0.411296	0.588704	3.727471
15342	-2574.615	-2784.372	209.7572	1.302138	0.1090026	0.604766	0.395234	3.775504
15348	-2580.298	-2790.898	210.6004	1.302138	0.1159471	0.512935	0.487065	3.267639
15354	-2579.509	-2788.576	209.0664	0.9381293	0.1036725	0.583454	0.416546	4.389251
15360	-2581.775	-2790.599	208.8233	1.075942	0.06965882	0.518092	0.481908	4.534404
15366	-2576.051	-2784.83	208.7786	1.12633	0.06562054	0.594141	0.405859	4.542175
15372	-2582.745	-2792.87	210.1249	1.313592	0.0524327	0.638017	0.361983	3.706352
15378	-2593.315	-2802.749	209.4336	1.358895	0.0524327	0.677206	0.322794	4.076994
15384	-2588.017	-2797.212	209.1952	1.171746	0.09874715	0.614612	0.385388	4.195875
15390	-2599.712	-2808.942	209.2299	1.294653	0.05839515	0.57041	0.42959	4.212458
15396	-2603.495	-2811.541	208.0459	1.066639	0.0828044	0.637628	0.362372	4.939841
15402	-2607.784	-2817.493	209.7097	1.120236	0.08826103	0.492686	0.507314	3.958096
15408	-2590.706	-2800.063	209.357	1.144402	0.07288105	0.429677	0.570323	4.185623
15414	-2589.256	-2798.211	208.9549	1.075236	0.07760971	0.629875	0.370125	4.43961
15420	-2573.837	-2783.703	209.8664	1.206405	0.1017391	0.525658	0.474342	3.785106
15426	-2571.817	-2781.606	209.7888	1.206405	0.07042353	0.536375	0.463625	3.910606
15432	-2581.693	-2791.435	209.742	1.120887	0.09974814	0.51557	0.48443	3.910606
15438	-2583.995	-2793.851	209.8559	1.114256	0.08287319	0.558714	0.441286	3.891613
15444	-2582.291	-2793.093	210.8021	1.045133	0.07594438	0.607648	0.392352	3.401849
15450	-2577.077	-2785.479	208.4016	0.9373986	0.09870777	0.607648	0.392352	4.774551
15456	-2579.021	-2787.739	208.7178	1.144662	0.07612775	0.607648	0.392352	4.537883
15462	-2595.883	-2806.546	210.6638	1.214314	0.1138415	0.731463	0.268537	3.287052
15468	-2583.743	-2794.292	210.5486	1.214314	0.08575704	0.446758	0.553242	3.42482
15474	-2582.623	-2792.45	209.8278	1.302803	0.07560323	0.54552	0.45448	3.818756
15480	-2590.677	-2799.904	209.2275	1.144992	0.06116072	0.619187	0.380813	4.290842
15486	-2583.252	-2793.475	210.2226	1.065116	0.1075067	0.588734	0.411266	3.647084
15492	-2576.584	-2787.218	210.6334	1.116293	0.08479112	0.50764	0.49236	3.435106
15498	-2581.822	-2791.862	210.0399	1.138086	0.07965493	0.698492	0.301508	3.780639
15504	-2599.031	-2807.567	208.5354	1.076512	0.1015822	0.558486	0.441514	4.614988
15510	-2602.062	-2810.995	208.9326	1.108462	0.06816757	0.49853	0.50147	4.458694
15516	-2596.636	-2805.674	209.0379	1.087506	0.05108373	0.621097	0.378903	4.458694
15522	-2596.306	-2806.107	209.8008	1.143291	0.08253786	0.636965	0.363035	3.907449
15528	-2594.615	-2804.573	209.9582	1.045997	0.1037081	0.468305	0.531695	3.81985
15534	-2602.021	-2810.973	208.9519	1.027152	0.1103038	0.621233	0.378767	4.388195
15540	-2596.761	-2805.62	208.8593	1.103311	0.07318459	0.653975	0.346025	4.489353
15546	-2586.894	-2795.649	208.7543	1.233726	0.07199898	0.686878	0.313122	4.478208
15552	-2599.713	-2808.348	208.6348	1.162268	0.05926178	0.599414	0.400586	4.620241
15558	-2587.76	-2796.284	208.524	1.162268	0.08250324	0.646159	0.353841	4.620241
15564	-2585.155	-2793.674	208.5183	1.027197	0.08250324	0.459919	0.540081	4.69906
15570	-2597.708	-2805.037	207.3292	1.178117	0.06503815	0.447254	0.552746	5.321563
15576	-2604.371	-2811.868	207.4974	1.04786	0.05733481	0.513878	0.486122	5.321563
15582	-2608.09	-2815.487	207.3969	0.9670682	0.09623956	0.678008	0.321992	5.321563
15588	-2590.283	-2798.746	208.4629	1.072998	0.08986364	0.615969	0.384031	4.685922
15594	-2600.997	-2808.601	207.6041	1.227362	0.07819213	0.705369	0.294631	5.107697
15600	-2582.292	-2790.403	208.1107	1.065357	0.08924786	0.619302	0.380698	4.888387
15606	-2585.312	-2794.284	208.9721	1.239707	0.08924786	0.61266	0.38734	4.30722
15612	-2582.782	-2789.732	206.9501	1.036252	0.06953604	0.608727	0.391273	5.596351
15618	-2578.477	-2786.38	207.9026	0.9771529	0.06953604	0.514315	0.485685	5.103573
15624	-2569.833	-2778.624	208.7916	1.280076	0.06800936	0.63846	0.36154	4.441845
15630	-2585.773	-2796.101	210.3274	1.36255	0.1072809	0.597365	0.402635	3.4133
15636	-2593.925	-2802.831	208.9052	1.409975	0.05448214	0.464036	0.535964	4.34206
15642	-2598.666	-2809.285	210.6193	1.399037	0.1042138	0.520144	0.479856	3.227489
15648	-2591.2	-2801.765	210.5651	1.302764	0.1000203	0.5286	0.4714	3.326637
15654	-2597.353	-2807.732	210.3792	1.452532	0.05727412	0.612254	0.387746	3.463821
15660	-2592.966	-2803.968	211.0015	1.471555	0.06539316	0.443988	0.556012	3.061431
15666	-2578.712	-2789.927	211.2142	1.398562	0.1168662	0.565272	0.434728	2.840702
15672	-2570.35	-2780.673	210.323	1.276847	0.07239067	0.565272	0.434728	3.556067
15678	-2581.49	-2791.793	210.3034	1.204572	0.08023699	0.565272	0.434728	3.588186
15684	-2597.202	-2806.599	209.3972	0.9713662	0.1037959	0.631137	0.368863	4.182894
15690	-2586.086	-2796.354	210.2684	1.247312	0.09053151	0.590531	0.409469	3.556696
15696	-2576.571	-2787.38	210.8095	1.37696	0.09495856	0.592356	0.407644	3.151079
15702	-2579.149	-2788.453	209.3036	1.159994	0.05591588	0.592356	0.407644	4.254027
15708	-2572.97	-2782.462	209.4926	1.159994	0.1152154	0.592356	0.407644	3.994491
15714	-2575.658	-2785.631	209.9738	1.298665	0.09705969	0.589852	0.410148	3.681305
15720	-2587.753	-2797.795	210.0425	1.093766	0.1309861	0.6413	0.3587	3.681305
15726	-2590.306	-2798.881	208.5749	0.9313562	0.1272752	0.681573	0.318427	4.616523
15732	-2589.018	-2798.043	209.0251	1.131245	0.1371273	0.556756	0.443244	4.229266
15738	-2580.617	-2792.423	211.8059	1.357868	0.1371273	0.54559	0.45441	2.453262
15744	-2577.573	-2789.354	211.7807	1.417474	0.1268578	0.526894	0.473106	2.455761
15750	-2575.295	-2784.15	208.8557	1.033677	0.1066381	0.576537	0.423463	4.447222
15756	-2566.679	-2775.156	208.4769	1.097811	0.08828791	0.576537	0.423463	4.668123
15762	-2590.02	-2798.529	208.5084	0.9272456	0.1216913	0.629219	0.370781	4.668123
15768	-2593.888	-2803.263	209.3743	1.15353	0.07284821	0.539739	0.460261	4.170706
15774	-2582.416	-2792.789	210.3732	1.145084	0.08378958	0.539739	0.460261	3.572765
15780	-2582.936	-2793.159	210.2225	1.198095	0.09117308	0.565637	0.434363	3.610319
15786	-2588.865	-2798.234	209.3697	1.198095	0.1340247	0.568322	0.431678	4.001609
15792	-2590.751	-2797.621	206.8701	0.9094725	0.1286851	0.568322	0.431678	5.571186
15798	-2589.844	-2797.824	207.9803	0.9094725	0.112417	0.554174	0.445826	4.993111
15804	-2573.907	-2781.933	208.026	1.013581	0.09848577	0.574758	0.425242	4.941944
15810	-2579.443	-2790.035	210.5922	1.092683	0.1407026	0.493058	0.506942	3.340507
15816	-2599.814	-2809.509	209.6952	1.064155	0.05905783	0.603965	0.396035	4.077081
15822	-2592.773	-2804.002	211.2285	1.2493	0.06824131	0.456483	0.543517	3.050339
15828	-2579.975	-2790.683	210.7086	1.241459	0.09369165	0.593258	0.406742	3.294268
15834	-2579.142	-2788.278	209.1355	1.17731	0.06516706	0.593258	0.406742	4.313533
15840	-2594.694	-2804.065	209.3716	1.252276	0.06288819	0.482802	0.517198	4.143457
15846	-2591.187	-2800.519	209.3322	1.395528	0.06634959	0.69303	0.30697	4.074724
15852	-2598.779	-2809.082	210.3029	1.269317	0.0787224	0.43278	0.56722	3.554913
15858	-2593.054	-2803.522	210.4674	1.226485	0.1257963	0.579985	0.420015	3.36784
15864	-2592.151	-2802.631	210.4807	1.076088	0.1190832	0.429869	0.570131	3.4634
15870	-2584.551	-2792.852	208.301	1.108004	0.08251072	0.536241	0.463759	4.775373
15876	-2568.094	-2777.762	209.6685	1.181578	0.08358609	0.524514	0.475486	3.95858
15882	-2586.861	-2797.015	210.1546	1.39379	0.06879529	0.632948	0.367052	3.595962
15888	-2588.64	-2799.108	210.4675	1.216052	0.08497772	0.560162	0.439838	3.473298
15894	-2602.409	-2811.67	209.2609	1.209759	0.07129228	0.639744	0.360256	4.207362
15900	-2579.043	-2789.367	210.3238	1.243615	0.08793595	0.659118	0.340882	3.533316
15906	-2585.694	-2797.047	211.3523	1.341107	0.08828438	0.406288	0.593712	2.864662
15912	-2578.866	-2789.337	210.471	1.174	0.07835225	0.581692	0.418308	3.513507
15918	-2578.841	-2789.552	210.7113	1.495377	0.07835225	0.549629	0.450371	3.183337
15924	-2596.4	-2807.449	211.0489	1.220882	0.1129566	0.525839	0.474161	3.056633
15930	-2603.171	-2812.247	209.0753	1.350704	0.1129566	0.629476	0.370524	4.128852
15936	-2593.846	-2804.131	210.2851	1.255049	0.1031995	0.550894	0.449106	3.510722
15942	-2587.049	-2797.307	210.2586	1.318921	0.09444085	0.675519	0.324481	3.510722
15948	-2583.561	-2795.027	211.4666	1.460901	0.08684454	0.609798	0.390202	2.725999
15954	-2581.718	-2792.378	210.6599	1.511128	0.06200468	0.580007	0.419993	3.250701
15960	-2583.262	-2793.367	210.1046	1.386688	0.1085917	0.502159	0.497841	3.526208
15966	-2586.04	-2796.413	210.3726	1.263588	0.0755626	0.454311	0.545689	3.526208
15972	-2591.609	-2801.411	209.8024	1.196017	0.0755626	0.655512	0.344488	3.894824
15978	-2594.663	-2804.216	209.5528	1.251196	0.07340658	0.695235	0.304765	4.011902
15984	-2590.212	-2799.801	209.5884	1.246683	0.0669041	0.64644	0.35356	4.011902
15990	-2592.856	-2800.726	207.8705	0.9548128	0.0649652	0.63582	0.36418	5.145993
15996	-2601.77	-2811.009	209.2389	0.9548128	0.1143447	0.533258	0.466742	4.257589
16002	-2600.305	-2809.48	209.1754	0.9319925	0.06999704	0.680993	0.319007	4.416355
16008	-2610.988	-2819.587	208.5997	0.7985197	0.1334971	0.627289	0.372711	4.663932
16014	-2594.915	-2805.045	210.1299	1.192004	0.08194423	0.484645	0.515355	3.691504
16020	-2602.452	-2811.74	209.2875	1.122993	0.08194423	0.674077	0.325923	4.213288
16026	-2598.032	-2806.99	208.9587	1.180937	0.09059877	0.511637	0.488363	4.344655
16032	-2581.359	-2789.325	207.9663	0.9841255	0.07796981	0.490259	0.509741	5.042316
16038	-2572.068	-2780.321	208.2529	1.082093	0.08065883	0.53432	0.46568	4.821378
16044	-2579.221	-2789.054	209.8329	1.115917	0.0801133	0.525389	0.474611	3.911149
16050	-2585.668	-2794.389	208.7206	1.119323	0.06724396	0.565851	0.434149	4.574279
16056	-2590.762	-2799.075	208.3131	1.102699	0.07408023	0.546063	0.453937	4.793421
16062	-2606.353	-2815.749	209.3959	1.028093	0.07408023	0.57065	0.42935	4.226344
16068	-2586.93	-2795.936	209.006	1.096037	0.1192401	0.575334	0.424666	4.298504
16074	-2576.676	-2786.363	209.6872	1.030959	0.0801027	0.649619	0.350381	4.043045
16080	-2576.976	-2785.185	208.2088	1.136696	0.1028505	0.54046	0.45954	4.76112
16086	-2590.124	-2799.594	209.4705	1.112086	0.1238721	0.668338	0.331662	4.015085
16092	-2576.417	-2785.356	208.9386	1.112086	0.1369392	0.445192	0.554808	4.289486
16098	-2580.665	-2790.394	209.7293	1.119882	0.09169344	0.445192	0.554808	3.938365
16104	-2594.68	-2803.922	209.2417	1.008178	0.1284546	0.541147	0.458853	4.194525
16110	-2579.339	-2788.456	209.1176	0.9755049	0.1058528	0.578272	0.421728	4.334075
16116	-2587.774	-2796.783	209.0087	1.194793	0.101841	0.503808	0.496192	4.281119
16122	-2586.297	-2795.889	209.5914	1.082552	0.114764	0.682564	0.317436	3.983348
16128	-2585.675	-2796.326	210.6513	1.082552	0.07482276	0.611016	0.388984	3.471265
16134	-2589.579	-2799.284	209.7054	1.175132	0.06572786	0.530957	0.469043	3.989216
16140	-2586.456	-2795.53	209.0746	1.175132	0.09047223	0.629641	0.370359	4.282683
16146	-2589.399	-2798.214	208.8152	1.166389	0.05680407	0.58892	0.41108	4.523522
16152	-2586.067	-2794.896	208.8287	1.115462	0.09836019	0.683802	0.316198	4.435917
16158	-2583.687	-2791.294	207.6073	1.165931	0.07520128	0.492796	0.507204	5.147693
16164	-2586.889	-2795.495	208.6052	0.9374969	0.08372358	0.490466	0.509534	4.697562
16170	-2587.559	-2796.658	209.0988	0.9200125	0.07360992	0.490466	0.509534	4.456579
16176	-2594.435	-2801.95	207.5154	1.360758	0.07025251	0.563115	0.436885	5.10369
16182	-2591.286	-2799.105	207.8189	1.193693	0.04267164	0.631577	0.368423	5.10369
16188	-2581.97	-2791.359	209.3894	1.008489	0.08006569	0.540723	0.459277	4.225339
16194	-2593.095	-2802.647	209.552	1.180543	0.1064408	0.683012	0.316988	3.969173
16200	-2588.14	-2796.738	208.5979	1.11877	0.09626754	0.480863	0.519137	4.568921
16206	-2589.043	-2797.007	207.964	0.897718	0.09626754	0.512502	0.487498	5.046087
16212	-2592.78	-2799.446	206.6661	1.044483	0.0781405	0.54293	0.45707	5.725349
16218	-2587.76	-2796.999	209.2383	1.052744	0.1018608	0.537547	0.462453	4.231477
16224	-2587.479	-2794.61	207.1307	1.013626	0.06775802	0.690844	0.309156	5.514247
16230	-2586.376	-2793.034	206.6586	1.12838	0.07218756	0.722286	0.277714	5.698813
16236	-2587.165	-2797.403	210.2384	1.226771	0.1121675	0.604196	0.395804	3.53296
16242	-2585.838	-2793.919	208.0811	0.8379907	0.09085308	0.659975	0.340025	5.027326
16248	-2609.4	-2818.272	208.8713	0.9292407	0.07560818	0.510606	0.489394	4.574028
16254	-2589.287	-2798.414	209.127	1.096025	0.1042881	0.510616	0.489384	4.264251
16260	-2579.909	-2790.335	210.4264	1.114835	0.1062081	0.550134	0.449866	3.502788
16266	-2584.613	-2792.65	208.0376	0.9342575	0.0795978	0.659888	0.340112	5.02619
16272	-2583.462	-2791.731	208.2683	1.00734	0.0795978	0.600943	0.399057	4.857205
16278	-2587.928	-2797.996	210.0672	1.136879	0.1063869	0.425337	0.574663	3.698167
16284	-2590.764	-2800.966	210.2013	1.155166	0.07204695	0.599517	0.400483	3.698167
16290	-2585.18	-2795.021	209.8406	1.079197	0.07204695	0.559156	0.440844	3.949354
16296	-2577.229	-2786.488	209.2588	1.049751	0.09013138	0.656629	0.343371	4.250236
16302	-2574.629	-2784.413	209.7844	1.251565	0.09013138	0.637236	0.362764	3.835121
16308	-2589.2	-2799.151	209.9515	1.251565	0.07211773	0.64686	0.35314	3.786504
16314	-2581.679	-2790.877	209.1983	1.251565	0.06934627	0.660504	0.339496	4.224469
16320	-2590.828	-2800.867	210.0399	1.212034	0.07738625	0.671285	0.328715	3.744074
16326	-2590.292	-2799.366	209.0739	1.181522	0.0983532	0.449015	0.550985	4.260089
16332	-2594.55	-2802.667	208.1169	0.978649	0.07442797	0.456977	0.543023	4.970866
16338	-2597.816	-2807.095	209.2794	1.145615	0.0995619	0.663568	0.336432	4.160959
16344	-2603.947	-2812.948	209.0003	0.9979707	0.1386465	0.555112	0.444888	4.315652
16350	-2606.19	-2814.144	207.9542	0.9876434	0.1163281	0.566321	0.433679	4.955422
16356	-2597.141	-2807.043	209.9024	1.281744	0.1259163	0.481918	0.518082	3.664751
16362	-2587.269	-2797.164	209.8944	1.223654	0.1039727	0.529835	0.470165	3.753606
16368	-2593.824	-2803.475	209.6504	1.101063	0.133947	0.495465	0.504535	3.896631
16374	-2589.361	-2798.128	208.7679	1.23454	0.1229751	0.762699	0.237301	4.346571
16380	-2590.325	-2799.646	209.3212	1.194346	0.1095479	0.516042	0.483958	4.085747
16386	-2595.156	-2805.087	209.9313	1.099092	0.09612474	0.358795	0.641205	3.823283
16392	-2583.573	-2792.423	208.8499	1.184332	0.1031872	0.560619	0.439381	4.373611
16398	-2590.773	-2800.286	209.5125	1.109896	0.1352723	0.572682	0.427318	3.967766
16404	-2587.424	-2796.49	209.0656	1.079587	0.1144813	0.559079	0.440921	4.284762
16410	-2596.73	-2805.772	209.0426	1.087269	0.1090574	0.591343	0.408657	4.305851
16416	-2592.405	-2801.231	208.8261	1.060359	0.07771727	0.509024	0.490976	4.5202
16422	-2593.45	-2802.807	209.3573	1.141885	0.07771727	0.609632	0.390368	4.174033
16428	-2595.276	-2803.344	208.0682	1.164364	0.05867949	0.462988	0.537012	4.937122
16434	-2593.218	-2800.572	207.3538	1.071649	0.06753623	0.670626	0.329374	5.36008
16440	-2599.126	-2807.623	208.4968	0.9254159	0.07561991	0.620952	0.379048	4.785787
16446	-2601.69	-2809.463	207.7729	1.011928	0.07209769	0.518736	0.481264	5.149416
16452	-2595.204	-2805.586	210.3819	1.111205	0.07904459	0.545871	0.454129	3.59999
16458	-2609.559	-2818.765	209.2059	1.143744	0.09322558	0.540749	0.459251	4.219214
16464	-2591.055	-2801.78	210.7247	1.121755	0.1339455	0.591878	0.408122	3.25991
16470	-2588.413	-2796.6	208.1867	1.091976	0.09771301	0.591878	0.408122	4.810593
16476	-2597.541	-2807.061	209.52	1.127094	0.110526	0.591878	0.408122	4.008434
16482	-2591.837	-2802.015	210.1773	1.1919	0.1208381	0.746574	0.253426	3.568762
16488	-2593.571	-2803.297	209.7258	1.150199	0.08515096	0.60091	0.39909	3.939662
16494	-2610.28	-2820.594	210.3137	1.229596	0.08702856	0.60091	0.39909	3.549726
16500	-2599.932	-2810.875	210.9433	1.401929	0.09290733	0.595429	0.404571	3.06178
16506	-2591.406	-2802.166	210.7602	1.216356	0.06982054	0.657704	0.342296	3.342977
16512	-2580.808	-2790.195	209.3863	0.9460261	0.1120596	0.628841	0.371159	4.184172
16518	-2585.983	-2795.074	209.0904	1.232717	0.09300599	0.454085	0.545915	4.234791
16524	-2579.498	-2788.677	209.1799	1.240852	0.06024088	0.556995	0.443005	4.266106
16530	-2589.201	-2797.187	207.9854	1.148881	0.07440152	0.59208	0.40792	4.949422
16536	-2582.645	-2791.667	209.0222	1.097775	0.09383338	0.59208	0.40792	4.347751
16542	-2589.889	-2799.129	209.2406	1.037124	0.06983609	0.4436	0.5564	4.32062
16548	-2594.411	-2803.888	209.477	0.9061176	0.1194588	0.695762	0.304238	4.138588
16554	-2587.079	-2795.463	208.3844	0.9847244	0.0966679	0.66993	0.33007	4.762606
16560	-2577.254	-2787.896	210.6422	1.164511	0.1185762	0.673626	0.326374	3.318022
16566	-2579.246	-2788.626	209.3801	1.140201	0.09201595	0.648082	0.351918	4.125304
16572	-2586.016	-2794.951	208.9357	0.9010495	0.06357048	0.59295	0.40705	4.586061
16578	-2580.949	-2788.989	208.0404	0.948852	0.0594063	0.411102	0.588898	5.070263
16584	-2587.643	-2795.446	207.8025	1.224465	0.05185442	0.63917	0.36083	5.070263
16590	-2599.104	-2806.896	207.7922	0.9887978	0.1050433	0.63917	0.36083	5.070263
16596	-2582.967	-2791.196	208.2297	1.040703	0.0946301	0.63917	0.36083	4.822599
16602	-2602.396	-2811.518	209.1221	1.106131	0.06393347	0.51461	0.48539	4.36474
16608	-2597.235	-2806.525	209.2901	1.190405	0.05623314	0.594215	0.405785	4.243495
16614	-2595.294	-2802.257	206.9631	0.980925	0.08727512	0.594215	0.405785	5.574461
16620	-2592.012	-2798.715	206.7024	0.9519141	0.05607541	0.62941	0.37059	5.814517
16626	-2578.592	-2786.455	207.8634	0.9591158	0.07725753	0.62941	0.37059	5.115085
16632	-2600.631	-2810.462	209.8308	0.9991319	0.1013474	0.556034	0.443966	3.92557
16638	-2597.591	-2806.763	209.1722	0.9062029	0.1421594	0.529405	0.470595	4.263042
16644	-2603.624	-2813.214	209.5898	1.130442	0.07854464	0.674939	0.325061	4.046008
16650	-2589.879	-2799.519	209.6404	1.130442	0.06783393	0.615526	0.384474	4.046008
16656	-2585.575	-2794.196	208.6209	1.092508	0.1353344	0.611933	0.388067	4.483208
16662	-2575.086	-2784.057	208.9712	0.9658399	0.08100352	0.612777	0.387223	4.483208
16668	-2595.97	-2804.823	208.8522	0.9575589	0.1104501	0.544391	0.455609	4.483208
16674	-2602.024	-2810.832	208.8078	1.038888	0.1104501	0.59606	0.40394	4.462419
16680	-2598.72	-2807.282	208.5622	0.9841859	0.08854978	0.582615	0.417385	4.683351
16686	-2598.203	-2808.641	210.4386	1.034399	0.1169717	0.5833	0.4167	3.517184
16692	-2590.606	-2799.786	209.1805	1.215392	0.0829096	0.5833	0.4167	4.2191
16698	-2586.205	-2795.668	209.4626	1.11079	0.09616837	0.630445	0.369555	4.084792
16704	-2593.724	-2801.221	207.497	1.10013	0.09450539	0.630445	0.369555	5.196891
16710	-2595.394	-2804.05	208.6563	1.049434	0.07761245	0.65827	0.34173	4.621921
16716	-2586.834	-2796.329	209.4946	1.026423	0.09674002	0.672187	0.327813	4.113175
16722	-2587.005	-2793.916	206.9109	1.013284	0.08336556	0.613737	0.386263	5.595033
16728	-2591.506	-2801.231	209.7255	1.183354	0.06238199	0.578654	0.421346	3.982384
16734	-2582.657	-2794.036	211.3787	1.258689	0.08843104	0.521647	0.478353	2.898109
16740	-2580.687	-2790.619	209.9315	1.078808	0.07136997	0.575669	0.424331	3.899337
16746	-2573.957	-2783.76	209.8031	1.128118	0.08101051	0.698074	0.301926	3.918872
16752	-2587.875	-2796.783	208.9075	1.128118	0.05371945	0.459322	0.540678	4.501782
16758	-2591.515	-2799.506	207.9905	0.9260585	0.09437484	0.531243	0.468757	5.02018
16764	-2578.409	-2789.682	211.2738	1.493411	0.06946153	0.716324	0.283676	2.872678
16770	-2580.36	-2789.615	209.2557	1.085888	0.09734234	0.632611	0.367389	4.213691
16776	-2583.319	-2791.904	208.5851	1.085888	0.0961494	0.53391	0.46609	4.594849
16782	-2586.628	-2795.341	208.7124	1.113335	0.05083341	0.666781	0.333219	4.627771
16788	-2587.475	-2796	208.5255	1.113335	0.05429976	0.608203	0.391797	4.722677
16794	-2594.767	-2804.784	210.0171	1.143777	0.08797531	0.505743	0.494257	3.768748
16800	-2609.801	-2818.024	208.2233	0.9543971	0.06609567	0.500695	0.499305	4.947355
16806	-2587.672	-2795.839	208.1675	1.062819	0.076797	0.583146	0.416854	4.889722
16812	-2606.637	-2816.145	209.5082	1.134424	0.06889919	0.470943	0.529057	4.116174
16818	-2598.685	-2807.9	209.2154	1.225306	0.07577867	0.514308	0.485692	4.212363
16824	-2584.716	-2794.302	209.5859	1.327379	0.08545205	0.514308	0.485692	3.917538
16830	-2579.299	-2790.313	211.0148	1.262756	0.0947909	0.576671	0.423329	3.097328
16836	-2578.752	-2786.163	207.4108	1.207915	0.05995553	0.592502	0.407498	5.27383
16842	-2577.272	-2785.507	208.2358	1.162315	0.08124282	0.592502	0.407498	4.784669
16848	-2588.224	-2796.583	208.3596	0.9996306	0.07773782	0.64631	0.35369	4.815396
16854	-2582.019	-2790.842	208.8231	1.041633	0.04953981	0.572169	0.427831	4.609515
16860	-2590.865	-2800.536	209.6707	1.13743	0.118836	0.622552	0.377448	3.897234
16866	-2572.777	-2782.527	209.7507	1.195807	0.05728257	0.69457	0.30543	3.975268
16872	-2586.611	-2796.717	210.1056	1.132387	0.1157976	0.42725	0.57275	3.656455
16878	-2585.824	-2795.629	209.8054	1.253859	0.09673662	0.44683	0.55317	3.805192
16884	-2584.416	-2794.925	210.5097	1.243917	0.08531611	0.44683	0.55317	3.431421
16890	-2592.374	-2800.845	208.4714	1.292208	0.08531611	0.465195	0.534805	4.569672
16896	-2596.891	-2806.233	209.3425	1.294581	0.07828639	0.630819	0.369181	4.094092
16902	-2598.264	-2808.186	209.9221	1.19645	0.09625844	0.485345	0.514655	3.772182
16908	-2587.498	-2795.048	207.5496	0.9675082	0.08716375	0.611485	0.388515	5.259051
16914	-2593.448	-2801.092	207.6441	1.295368	0.05571321	0.438858	0.561142	5.108039
16920	-2600.937	-2811.147	210.2099	1.131936	0.08235577	0.502533	0.497467	3.678873
16926	-2583.781	-2793.147	209.3653	1.29996	0.1101724	0.598893	0.401107	3.998892
16932	-2594.566	-2803.427	208.8608	1.120733	0.1232355	0.565472	0.434528	4.357819
16938	-2602.987	-2811.761	208.7745	1.120733	0.1086154	0.530502	0.469498	4.43931
16944	-2600.696	-2810.277	209.5807	1.105997	0.1067444	0.530502	0.469498	3.994637
16950	-2604.931	-2814.7	209.7689	1.040677	0.1426912	0.56877	0.43123	3.844903
16956	-2606.635	-2816.099	209.4647	1.13561	0.102114	0.645579	0.354421	4.055017
16962	-2591.608	-2800.582	208.9738	1.040177	0.09384702	0.588396	0.411604	4.407519
16968	-2597.566	-2807.417	209.8513	1.067885	0.1069027	0.550819	0.449181	3.861066
16974	-2572.085	-2780.575	208.4902	1.040603	0.1069027	0.638129	0.361871	4.648032
16980	-2597.259	-2806.172	208.9126	1.097919	0.08439936	0.591685	0.408315	4.433102
16986	-2586.88	-2795.923	209.043	1.096324	0.05737434	0.591685	0.408315	4.433102
16992	-2584.891	-2793.803	208.9118	1.003871	0.07511046	0.429999	0.570001	4.51066
16998	-2590.633	-2799.398	208.765	0.9566781	0.08510939	0.556974	0.443026	4.593733
17004	-2596.572	-2804.456	207.8838	1.041821	0.06387533	0.556974	0.443026	5.093361
17010	-2615.714	-2825.679	209.9643	1.186855	0.04527842	0.613528	0.386472	3.892472
17016	-2601.717	-2811.17	209.453	1.178139	0.08306613	0.520441	0.479559	4.084956
17022	-2600.062	-2808.226	208.1638	1.02017	0.08177223	0.560809	0.439191	4.902697
17028	-2607.992	-2814.75	206.7589	1.163054	0.08177223	0.604378	0.395622	5.600257
17034	-2618.176	-2827.063	208.8868	1.154542	0.09308483	0.51248	0.48752	4.39397
17040	-2603.873	-2813.058	209.1853	1.383502	0.07723019	0.567771	0.432229	4.135718
17046	-2598.489	-2808.666	210.1772	1.135303	0.05659246	0.569441	0.430559	3.767059
17052	-2604.004	-2813.759	209.7547	1.273801	0.06826557	0.493891	0.506109	3.897436
17058	-2606.452	-2815.716	209.264	1.10625	0.07762271	0.614968	0.385032	4.247399
17064	-2599.963	-2809.134	209.1707	1.175841	0.08277196	0.565575	0.434425	4.247399
17070	-2603.84	-2812.804	208.9646	1.205126	0.06641162	0.47042	0.52958	4.390912
17076	-2592.656	-2801.709	209.0529	1.053507	0.1022757	0.572063	0.427937	4.335013
17082	-2580.938	-2787.492	206.5547	0.97947	0.063516	0.629858	0.370142	5.860075
17088	-2592.294	-2800.523	208.2288	0.9595455	0.09451002	0.623211	0.376789	4.868659
17094	-2590.558	-2799.813	209.255	1.064235	0.09415386	0.578143	0.421857	4.23419
17100	-2589.936	-2799.343	209.4078	1.064235	0.06126402	0.611132	0.388868	4.23419
17106	-2591.056	-2800.084	209.0276	0.945503	0.06839334	0.62625	0.37375	4.496288
17112	-2588.57	-2799.131	210.5608	1.210223	0.06912226	0.57794	0.42206	3.465353
17118	-2575.948	-2785.979	210.0312	1.238505	0.09746045	0.57645	0.42355	3.681929
17124	-2585.019	-2795.51	210.4903	1.443674	0.06265131	0.530276	0.469724	3.388381
17130	-2586.559	-2797.771	211.2123	1.37927	0.08074016	0.510542	0.489458	2.946754
17136	-2577.435	-2787.111	209.6759	1.268947	0.07513679	0.651464	0.348536	3.926638
17142	-2574.772	-2784.325	209.5534	1.161632	0.07316795	0.627226	0.372774	4.063294
17148	-2579.966	-2788.956	208.9908	1.112116	0.1002538	0.490404	0.509596	4.341809
17154	-2598.039	-2806.491	208.4527	1.112684	0.06448073	0.490404	0.509596	4.735602
17160	-2605.616	-2813.428	207.8126	1.379514	0.0503279	0.699901	0.300099	4.982806
17166	-2597.703	-2807.224	209.5211	1.326354	0.0609037	0.556992	0.443008	4.021615
17172	-2591.076	-2799.247	208.1703	1.164216	0.07833888	0.556992	0.443008	4.827665
17178	-2587.77	-2798.265	210.4948	1.406799	0.06633589	0.562277	0.437723	3.396851
17184	-2580.565	-2790.248	209.6835	1.227823	0.05817514	0.618534	0.381466	3.992824
17190	-2579.397	-2788.529	209.132	1.175445	0.08129625	0.554207	0.445793	4.273366
17196	-2585.079	-2794.295	209.2158	1.215574	0.05888975	0.535301	0.464699	4.263897
17202	-2574.954	-2784.32	209.3656	1.221191	0.07293223	0.541324	0.458676	4.136962
17208	-2583.006	-2793.477	210.4718	1.293513	0.1164277	0.576114	0.423886	3.347386
17214	-2577.574	-2785.929	208.3556	1.145536	0.07042203	0.599128	0.400872	4.75544
17220	-2593.566	-2802.599	209.0325	1.142599	0.0883408	0.57301	0.42699	4.330264
17226	-2589.365	-2797.356	207.9903	1.111752	0.09557077	0.57301	0.42699	4.914153
17232	-2581.16	-2791.566	210.4062	1.122371	0.1231376	0.525921	0.474079	3.470668
17238	-2586.051	-2796.716	210.6651	1.528403	0.0851186	0.484305	0.515695	3.172771
17244	-2579.064	-2789.31	210.2461	1.428262	0.05188501	0.6745	0.3255	3.571205
17250	-2587.201	-2797.441	210.2401	1.243372	0.06208146	0.67137	0.32863	3.652547
17256	-2580.452	-2790.617	210.1651	1.243372	0.08466385	0.691745	0.308255	3.634214
17262	-2574.628	-2784.686	210.0583	1.343541	0.08611941	0.630344	0.369656	3.634214
17268	-2583.549	-2794.741	211.1925	1.343541	0.09649359	0.629444	0.370556	2.937955
17274	-2583.782	-2794.554	210.7714	1.393893	0.1094983	0.43003	0.56997	3.127318
17280	-2577.949	-2788.478	210.5293	1.360918	0.07616345	0.675322	0.324678	3.376054
17286	-2582.831	-2792.821	209.99	1.256627	0.0733517	0.578347	0.421653	3.758023
17292	-2575.251	-2783.693	208.4424	1.238031	0.07547576	0.544385	0.455615	4.641742
17298	-2577.675	-2783.925	206.2507	0.9360687	0.06364037	0.590238	0.409762	6.049357
17304	-2590.088	-2797.711	207.6229	0.9534898	0.09177714	0.479661	0.520339	5.214978
17310	-2585.453	-2792.592	207.1389	1.060907	0.09687662	0.647996	0.352004	5.410611
17316	-2585.021	-2793.487	208.4663	1.059028	0.08699658	0.697774	0.302226	4.698993
17322	-2582.655	-2790.952	208.2967	1.284225	0.05385177	0.590011	0.409989	4.756275
17328	-2572.274	-2782.472	210.1974	1.281984	0.08102346	0.656135	0.343865	3.602693
17334	-2568.512	-2778.612	210.1003	1.285279	0.08102346	0.656135	0.343865	3.657079
17340	-2574.121	-2783.771	209.6502	1.285279	0.09377449	0.531346	0.468654	3.883698
17346	-2581.975	-2792.933	210.9583	1.472108	0.07763471	0.510187	0.489813	3.052045
17352	-2594.948	-2804.661	209.713	1.358864	0.06835686	0.500275	0.499725	3.872329
17358	-2586.902	-2797.049	210.1462	1.358864	0.08051956	0.555414	0.444586	3.589092
17364	-2597.513	-2805.853	208.3391	1.192983	0.101435	0.613899	0.386101	4.660077
17370	-2588.637	-2798.721	210.0848	1.212704	0.101435	0.621558	0.378442	3.656052
17376	-2595.866	-2806.483	210.617	1.280643	0.05047338	0.621558	0.378442	3.445164
17382	-2585.859	-2796.341	210.4821	1.154998	0.1068963	0.602572	0.397428	3.445164
17388	-2592.874	-2803.104	210.2298	1.123591	0.09204329	0.59175	0.40825	3.647105
17394	-2590.895	-2800.8	209.9052	1.132139	0.09046413	0.712873	0.287127	3.833491
17400	-2573.647	-2782.912	209.265	1.055864	0.07367902	0.723919	0.276081	4.285828
17406	-2591.856	-2802.497	210.6403	1.200739	0.1338155	0.702904	0.297096	3.263375
17412	-2586.528	-2796.348	209.8202	1.119009	0.1255737	0.59835	0.40165	3.806878
17418	-2583.831	-2793.618	209.7871	1.119009	0.1061876	0.613418	0.386582	3.870282
17424	-2596.906	-2805.954	209.0485	1.074541	0.07356359	0.654264	0.345736	4.397946
17430	-2608.955	-2819.546	210.5911	1.22251	0.08978293	0.574872	0.425128	3.38458
17436	-2592.155	-2802.473	210.3181	1.22251	0.09074281	0.564853	0.435147	3.541638
17442	-2594.515	-2804.722	210.2066	1.275026	0.07072913	0.564853	0.435147	3.629373
17448	-2591.288	-2801.171	209.883	1.030176	0.07412586	0.668721	0.331279	3.947512
17454	-2597.735	-2807.466	209.7317	1.350899	0.09874583	0.766053	0.233947	3.786744
17460	-2592.759	-2802.138	209.3788	1.018956	0.09208096	0.530019	0.469981	4.194783
17466	-2588.254	-2797.175	208.9206	0.8773936	0.08583968	0.513147	0.486853	4.549022
17472	-2586.062	-2795.313	209.2511	1.197762	0.07121166	0.622166	0.377834	4.219988
17478	-2577.103	-2786.309	209.2067	1.218225	0.07626836	0.568261	0.431739	4.219988
17484	-2573.897	-2784.572	210.6755	1.273897	0.07503008	0.548761	0.451239	3.344385
17490	-2576.243	-2786.789	210.5458	1.11849	0.07503008	0.478303	0.521697	3.511309
17496	-2566.44	-2775.439	208.9991	1.11516	0.0686165	0.501417	0.498583	4.41621
17502	-2573.084	-2782.052	208.9678	1.023706	0.1057946	0.484944	0.515056	4.391572
17508	-2567.431	-2776.466	209.0348	1.023706	0.09014338	0.484944	0.515056	4.391572
17514	-2579.492	-2789.06	209.5682	1.135374	0.1010359	0.622873	0.377127	3.998648
17520	-2582.352	-2791.183	208.8312	1.213822	0.09767969	0.420041	0.579959	4.380697
17526	-2570.134	-2779.295	209.1607	1.240922	0.05552638	0.535835	0.464165	4.290183
17532	-2589.488	-2799.196	209.7082	1.135593	0.1141337	0.538911	0.461089	3.887482
17538	-2584.789	-2794.275	209.4859	1.224135	0.08138755	0.574895	0.425105	4.04434
17544	-2582.595	-2788.905	206.3098	0.8018039	0.0593693	0.544164	0.455836	6.101748
17550	-2578.447	-2787.135	208.6879	1.107263	0.09955249	0.458383	0.541617	4.516913
17556	-2587.526	-2796.78	209.2543	1.140878	0.08182384	0.447423	0.552577	4.222282
17562	-2585.717	-2794.87	209.1531	1.115339	0.08318963	0.677802	0.322198	4.290586
17568	-2580.609	-2790.357	209.7486	1.144911	0.1229391	0.70977	0.29023	3.839017
17574	-2580.351	-2790.166	209.8148	1.144911	0.10639	0.495911	0.504089	3.839017
17580	-2588.102	-2798.434	210.3317	1.205568	0.0989636	0.74908	0.25092	3.522865
17586	-2579.047	-2787.87	208.8234	1.077101	0.08357424	0.560435	0.439565	4.497198
17592	-2584.956	-2794.722	209.7656	1.179828	0.1088499	0.571334	0.428666	3.841431
17598	-2589.855	-2799.019	209.1638	1.17981	0.06240168	0.567171	0.432829	4.303737
17604	-2592.602	-2801.274	208.6726	0.893039	0.06725928	0.52517	0.47483	4.727863
17610	-2591.462	-2799.463	208.0006	1.002853	0.07482288	0.669001	0.330999	5.021039
17616	-2598.311	-2804.526	206.215	1.002853	0.1068687	0.609105	0.390895	5.926036
17622	-2601.109	-2810.759	209.6505	1.106434	0.08878433	0.466653	0.533347	3.99847
17628	-2583.395	-2793.839	210.4441	1.108322	0.08878433	0.626673	0.373327	3.539842
17634	-2578.388	-2786.491	208.1031	1.108322	0.08282739	0.511233	0.488767	4.884762
17640	-2573.219	-2781.771	208.5514	1.100371	0.08282739	0.719114	0.280886	4.638733
17646	-2581.206	-2791	209.7942	1.162261	0.08102956	0.440907	0.559093	3.904303
17652	-2574.741	-2784.078	209.3378	1.173222	0.08102956	0.538504	0.461496	4.158565
17658	-2582.936	-2791.066	208.13	0.9747076	0.09840391	0.483014	0.516986	4.905927
17664	-2576.177	-2784.902	208.7247	1.218759	0.08959776	0.483159	0.516841	4.45782
17670	-2592.561	-2801.748	209.1862	1.153355	0.1002792	0.483159	0.516841	4.207762
17676	-2592.474	-2800.938	208.4634	1.034175	0.0738858	0.589112	0.410888	4.748235
17682	-2579.033	-2788.038	209.0046	1.181372	0.05823486	0.572567	0.427433	4.404424
17688	-2572.877	-2781.616	208.7386	0.9611473	0.06716488	0.589113	0.410887	4.653095
17694	-2591.811	-2800.275	208.464	1.155803	0.08423542	0.611	0.389	4.653095
17700	-2595.433	-2805.357	209.9246	1.080185	0.06947677	0.659233	0.340767	3.907718
17706	-2588.405	-2796.504	208.099	1.000124	0.06722143	0.601069	0.398931	4.98799
17712	-2588.525	-2798.521	209.9959	1.000124	0.0812372	0.436211	0.563789	3.881093
17718	-2594.749	-2803.07	208.3209	0.9091621	0.05986431	0.69328	0.30672	4.935232
17724	-2594.37	-2804.683	210.3128	1.116455	0.1088706	0.611061	0.388939	3.561625
17730	-2588.37	-2798.265	209.8943	1.0784	0.1282757	0.636844	0.363156	3.78168
17736	-2595.927	-2805.762	209.835	1.0784	0.1331968	0.587041	0.412959	3.805175
17742	-2580.314	-2788.758	208.4445	1.0784	0.09802734	0.611582	0.388418	4.673327
17748	-2589.942	-2798.905	208.963	0.9819986	0.08627025	0.539432	0.460568	4.465303
17754	-2577.451	-2787.005	209.5533	1.189021	0.08627025	0.539432	0.460568	4.013239
17760	-2585.647	-2795.602	209.9543	1.163383	0.05931807	0.568906	0.431094	3.871355
17766	-2597.49	-2805.936	208.4457	1.194368	0.101847	0.617481	0.382519	4.598564
17772	-2597.901	-2807.823	209.922	1.146233	0.04942998	0.724683	0.275317	3.928078
17778	-2591.165	-2800.877	209.7116	1.21263	0.05364555	0.493386	0.506614	3.998394
17784	-2579.262	-2787.663	208.401	1.031623	0.07096942	0.527951	0.472049	4.792252
17790	-2579.928	-2788.292	208.3641	1.042624	0.0793958	0.587445	0.412555	4.784633
17796	-2578.281	-2787.574	209.2938	1.20393	0.07902071	0.518104	0.481896	4.171402
17802	-2578.028	-2787.327	209.2991	1.164008	0.08662266	0.511834	0.488166	4.171402
17808	-2575.876	-2783.466	207.5901	0.9548222	0.1129785	0.706831	0.293169	5.183046
17814	-2571.242	-2778.117	206.8751	1.00962	0.09094464	0.472692	0.527308	5.598093
17820	-2576.312	-2786.123	209.811	1.224475	0.1081618	0.588617	0.411383	3.79125
17826	-2574.539	-2784.845	210.3055	1.154291	0.1081618	0.552458	0.447542	3.545592
17832	-2574.007	-2783.903	209.8959	1.196817	0.1024174	0.614401	0.385599	3.772009
17838	-2567.089	-2777.599	210.51	1.192315	0.07464026	0.494906	0.505094	3.490164
17844	-2575.249	-2785.742	210.493	1.192315	0.07827474	0.523782	0.476218	3.490164
17850	-2587.78	-2797.488	209.7075	1.151528	0.1298573	0.558847	0.441153	3.843621
17856	-2586.645	-2794.36	207.7149	1.151528	0.08271613	0.712875	0.287125	5.076803
17862	-2584.638	-2793.198	208.5593	1.000489	0.08271613	0.605242	0.394758	4.690561
17868	-2580.715	-2789.384	208.6685	0.9794068	0.07952407	0.625478	0.374522	4.649369
17874	-2584.928	-2793.925	208.9961	1.026502	0.1616683	0.552716	0.447284	4.256211
17880	-2587.642	-2796.819	209.1775	1.013171	0.1157045	0.472623	0.527377	4.256211
17886	-2589.226	-2799.266	210.0394	1.013171	0.08705846	0.610722	0.389278	3.833462
17892	-2591.61	-2799.441	207.8305	0.9530501	0.04395537	0.60259	0.39741	5.226966
17898	-2591.107	-2797.364	206.257	1.214682	0.05802111	0.638986	0.361014	5.90901
17904	-2585.486	-2796.026	210.5401	1.305294	0.05752576	0.620443	0.379557	3.455099
17910	-2577.096	-2786.774	209.6784	1.184653	0.04288426	0.55722	0.44278	4.064032
17916	-2579.298	-2787.621	208.3231	1.184653	0.06636662	0.511877	0.488123	4.762678
17922	-2579.633	-2788.137	208.5032	1.079453	0.05635875	0.645994	0.354006	4.748344
17928	-2587.511	-2796.699	209.1883	1.206664	0.08683495	0.677999	0.322001	4.209528
17934	-2590.635	-2801.2	210.5649	1.154573	0.06087184	0.481534	0.518466	3.518928
17940	-2582.873	-2792.954	210.081	1.278801	0.06848287	0.473182	0.526818	3.70613
17946	-2570.179	-2780.349	210.1695	1.184618	0.06965727	0.399049	0.600951	3.70613
17952	-2568.31	-2779.144	210.8333	1.300728	0.06068651	0.472044	0.527956	3.276391
17958	-2567.834	-2777.87	210.0356	1.199552	0.1216309	0.560242	0.439758	3.644789
17964	-2564.62	-2774.741	210.1213	1.18849	0.1132889	0.623188	0.376812	3.620652
17970	-2568.911	-2777.698	208.7876	1.098768	0.06852026	0.644774	0.355226	4.544745
17976	-2580.506	-2789.257	208.7517	1.098768	0.0760785	0.602327	0.397673	4.544745
17982	-2596.567	-2805.578	209.0114	1.049926	0.1051798	0.594437	0.405563	4.353587
17988	-2585.32	-2792.744	207.424	1.075965	0.052983	0.551795	0.448205	5.358568
17994	-2578.618	-2785.824	207.2066	0.9228987	0.09250961	0.434098	0.565902	5.459725
18000	-2595.318	-2802.69	207.3719	0.8304636	0.0764009	0.605207	0.394793	5.459725
18006	-2588.721	-2797.203	208.4823	0.907593	0.1001637	0.565016	0.434984	4.742672
18012	-2576.777	-2786.491	209.7136	0.9825894	0.128358	0.593773	0.406227	3.940311
18018	-2588.242	-2797.19	208.9482	0.9463207	0.1131663	0.538295	0.461705	4.4293
18024	-2598.438	-2806.161	207.7231	1.248725	0.05739845	0.393188	0.606812	5.085467
18030	-2583.898	-2793.49	209.5916	1.019243	0.05898747	0.675084	0.324916	4.161762
18036	-2584.473	-2793.881	209.4084	0.9525773	0.1147559	0.458799	0.541201	4.161762
18042	-2583.985	-2792.944	208.9596	1.102	0.08358476	0.624839	0.375161	4.406435
18048	-2569.847	-2778.186	208.3386	1.085434	0.06025307	0.556467	0.443533	4.826082
18054	-2581.46	-2789.695	208.2354	1.085434	0.06025307	0.575467	0.424533	4.8836
18060	-2577.89	-2787.45	209.5598	1.263904	0.07817499	0.683835	0.316165	3.987886
18066	-2574.817	-2785.199	210.3818	1.248161	0.06929412	0.421226	0.578774	3.547144
18072	-2584.136	-2794.378	210.2424	1.148865	0.08657382	0.729935	0.270065	3.639181
18078	-2587.372	-2797.54	210.1676	1.039981	0.06962899	0.552654	0.447346	3.790732
18084	-2579.546	-2788.945	209.3985	1.065616	0.05012614	0.552654	0.447346	4.270109
18090	-2571.785	-2779.887	208.1022	1.240847	0.07697153	0.506323	0.493677	4.826453
18096	-2577.483	-2786.803	209.3197	1.207132	0.07611263	0.428814	0.571186	4.162555
18102	-2585.254	-2794.684	209.4293	1.023759	0.09239294	0.686528	0.313472	4.162555
18108	-2593.192	-2801.072	207.8806	1.013007	0.07335245	0.564958	0.435042	5.085835
18114	-2584.941	-2792.854	207.9131	1.079604	0.1007998	0.564958	0.435042	4.962548
18120	-2586.819	-2795.049	208.2305	1.04453	0.1195254	0.519078	0.480922	4.762729
18126	-2591.35	-2799.481	208.1308	1.248431	0.08375424	0.759284	0.240716	4.788828
18132	-2584.647	-2794.239	209.5915	1.129045	0.1057116	0.641661	0.358339	3.977753
18138	-2591.302	-2801.278	209.9764	1.183859	0.08457116	0.500991	0.499009	3.777893
18144	-2589.759	-2799.249	209.4903	1.184253	0.05948518	0.546419	0.453581	4.124134
18150	-2584.595	-2794.396	209.801	1.256356	0.08956585	0.681041	0.318959	3.824271
18156	-2575.973	-2786.202	210.2291	1.333676	0.07771204	0.504777	0.495223	3.563124
18162	-2583.962	-2793.934	209.9726	1.333676	0.1092515	0.534608	0.465392	3.632152
18168	-2600.096	-2811.165	211.0694	1.391544	0.08904319	0.684618	0.315382	3.002716
18174	-2595.958	-2806.131	210.173	1.322961	0.05784071	0.521377	0.478623	3.65747
18180	-2595.69	-2806.382	210.6927	1.088595	0.09392944	0.590063	0.409937	3.392905
18186	-2596.649	-2807.402	210.7524	1.207637	0.05582964	0.611556	0.388444	3.392905
18192	-2587.624	-2798.553	210.9287	1.231876	0.0894451	0.634763	0.365237	3.180847
18198	-2582.302	-2792.589	210.2862	1.330673	0.0894451	0.647194	0.352806	3.500576
18204	-2589.233	-2798.118	208.8845	1.150557	0.1157925	0.590365	0.409635	4.344064
18210	-2590.469	-2799.756	209.2868	1.172268	0.1157925	0.498873	0.501127	4.103603
18216	-2592.649	-2802.01	209.3611	1.134083	0.1095305	0.635411	0.364589	4.097378
18222	-2593.745	-2803.701	209.9565	1.115945	0.09891152	0.423172	0.576828	3.792211
18228	-2593.421	-2803.268	209.8477	1.161211	0.1142874	0.598532	0.401468	3.792211
18234	-2592.961	-2802.755	209.7935	1.048223	0.1010356	0.6212	0.3788	3.919568
18240	-2581.42	-2791.103	209.6834	1.025591	0.1149526	0.488299	0.511701	3.96285
18246	-2581.917	-2791.303	209.3859	1.113134	0.09236766	0.541526	0.458474	4.136494
18252	-2581.636	-2791.369	209.7337	1.19643	0.07975645	0.546611	0.453389	3.92278
18258	-2582.927	-2792.208	209.2804	1.251032	0.06451368	0.69123	0.30877	4.191459
18264	-2589.791	-2800.061	210.2694	1.199802	0.07466618	0.615594	0.384406	3.625737
18270	-2583.547	-2793.812	210.2648	1.156841	0.103354	0.499608	0.500392	3.579323
18276	-2574.708	-2782.282	207.5741	1.156841	0.0639785	0.637385	0.362615	5.200867
18282	-2582.262	-2792.47	210.2086	1.257405	0.06768613	0.637385	0.362615	3.646842
18288	-2585.61	-2795.136	209.5261	1.006599	0.08224645	0.512572	0.487428	4.143127
18294	-2584.215	-2793.968	209.7531	1.268257	0.1035378	0.689853	0.310147	3.810376
18300	-2584.089	-2793.516	209.4267	1.136815	0.1035378	0.689853	0.310147	4.072581
18306	-2592.655	-2803.784	211.1296	1.319226	0.08425223	0.705864	0.294136	3.022844
18312	-2589.874	-2799.821	209.947	1.199306	0.0624447	0.470134	0.529866	3.846062
18318	-2591.759	-2800.82	209.0608	1.111862	0.0885799	0.555299	0.444701	4.331046
18324	-2580.398	-2789.703	209.3051	1.205767	0.06483217	0.619624	0.380376	4.20224
18330	-2591.402	-2801.694	210.2926	1.262505	0.08588903	0.619624	0.380376	3.545786
18336	-2592.702	-2803.18	210.4786	1.21992	0.07432234	0.549622	0.450378	3.493276
18342	-2593.371	-2803.757	210.3859	1.348457	0.06681644	0.621083	0.378917	3.493276
18348	-2577.464	-2787.342	209.8779	1.075212	0.08579018	0.607515	0.392485	3.893814
18354	-2580.305	-2790.342	210.037	1.086362	0.09163256	0.561105	0.438895	3.781036
18360	-2585.552	-2793.448	207.8956	0.9905464	0.1353133	0.525987	0.474013	4.945992
18366	-2586.913	-2794.476	207.5635	0.9388018	0.06972976	0.579556	0.420444	5.31182
18372	-2598.001	-2808.596	210.5954	1.030909	0.1083914	0.649304	0.350696	3.447853
18378	-2577.244	-2787.143	209.8991	1.142551	0.1009005	0.649304	0.350696	3.805065
18384	-2585.038	-2795.151	210.1127	1.148062	0.07837643	0.649304	0.350696	3.736318
18390	-2588.286	-2799.306	211.0199	1.298052	0.06955173	0.694228	0.305772	3.141894
18396	-2588.254	-2797.889	209.6343	1.300042	0.06669424	0.566728	0.433272	3.955731
18402	-2575.839	-2784.93	209.091	1.093951	0.06669424	0.560971	0.439029	4.381582
18408	-2590.319	-2799.958	209.6389	1.185537	0.0828586	0.576675	0.423325	3.975137
18414	-2590.586	-2798.458	207.8721	1.097979	0.07508558	0.576675	0.423325	5.038866
18420	-2591.138	-2801.686	210.548	1.116461	0.09554978	0.545476	0.454524	3.457193
18426	-2589.77	-2799.584	209.8141	1.137242	0.05896652	0.645415	0.354585	3.967723
18432	-2594.2	-2803.216	209.0164	1.044497	0.09554414	0.656137	0.343863	4.376886
18438	-2596.661	-2807.202	210.5411	1.203993	0.07056817	0.609212	0.390788	3.476468
18444	-2604.798	-2813.733	208.9351	1.053666	0.08644431	0.562218	0.437782	4.440221
18450	-2588.642	-2797.087	208.4454	0.9880185	0.07353634	0.514392	0.485608	4.785011
18456	-2577.595	-2787.364	209.7692	1.225856	0.07506107	0.514392	0.485608	3.898112
18462	-2580.877	-2791.125	210.2478	1.168188	0.09591667	0.551699	0.448301	3.601008
18468	-2578.152	-2788.201	210.0491	1.24596	0.1256593	0.640782	0.359218	3.601008
18474	-2601.018	-2810.296	209.2778	1.24596	0.09853721	0.640782	0.359218	4.107268
18480	-2606.164	-2815.482	209.3181	1.26732	0.08266818	0.70225	0.29775	4.112034
18486	-2608.034	-2817.32	209.2862	1.307774	0.08078732	0.433387	0.566613	4.112034
18492	-2610.155	-2818.698	208.5423	1.159855	0.06334957	0.612395	0.387605	4.662117
18498	-2600.992	-2810.111	209.1187	1.162219	0.06048475	0.515274	0.484726	4.344539
18504	-2616.41	-2824.248	207.8386	1.042504	0.05375518	0.522109	0.477891	5.145798
18510	-2602.805	-2812.582	209.7778	1.204552	0.05375518	0.728425	0.271575	3.964816
18516	-2598.294	-2808.956	210.662	1.23314	0.09111855	0.728552	0.271448	3.333242
18522	-2610.96	-2819.247	208.2862	1.089989	0.07796081	0.535878	0.464122	4.805358
18528	-2598.887	-2808.006	209.1187	1.089989	0.1083763	0.577069	0.422931	4.262776
18534	-2600.273	-2809.828	209.555	1.382064	0.04560821	0.555612	0.444388	4.014049
18540	-2590.898	-2800.483	209.5853	1.118073	0.07468404	0.728195	0.271805	4.065882
18546	-2587.218	-2796.407	209.1891	1.223776	0.05742421	0.533513	0.466487	4.278474
18552	-2585.181	-2795.629	210.4486	1.246839	0.08556437	0.57592	0.42408	3.464836
18558	-2598.311	-2809.227	210.9159	1.290787	0.08399857	0.587429	0.412571	3.167915
18564	-2592.874	-2800.766	207.8923	1.131258	0.06257499	0.620427	0.379573	5.042542
18570	-2600.536	-2809.63	209.0945	1.031742	0.09520657	0.583091	0.416909	4.340825
18576	-2600.473	-2810.619	210.146	1.05497	0.1188762	0.53642	0.46358	3.670817
18582	-2586.421	-2795.079	208.6581	1.058924	0.06925405	0.438916	0.561084	4.637766
18588	-2586.528	-2794.699	208.1709	1.058924	0.06892733	0.503448	0.496552	4.910758
18594	-2596.206	-2804.298	208.0929	1.081859	0.08064262	0.525395	0.474605	4.910758
18600	-2598.272	-2805.379	207.1061	1.080685	0.07972848	0.525395	0.474605	5.459802
18606	-2588.395	-2795.766	207.3713	1.116617	0.06303503	0.525395	0.474605	5.337672
18612	-2594.005	-2803.922	209.9167	1.13143	0.08826782	0.507742	0.492258	3.832881
18618	-2606.498	-2818.445	211.9466	1.383538	0.09579309	0.546742	0.453258	2.452014
18624	-2588.414	-2798.137	209.7226	1.068485	0.1319753	0.723167	0.276833	3.878077
18630	-2607.462	-2817.477	210.0154	1.000703	0.1118365	0.561389	0.438611	3.793741
18636	-2607.838	-2818.337	210.4994	1.143553	0.1514789	0.649351	0.350649	3.342642
18642	-2598.93	-2808.395	209.4646	1.106506	0.0906061	0.478277	0.521723	4.099924
18648	-2584.399	-2792.783	208.384	0.993219	0.08858782	0.574726	0.425274	4.777833
18654	-2581.454	-2790.641	209.187	1.176568	0.06668877	0.603952	0.396048	4.280608
18660	-2577.278	-2787.816	210.5377	1.39978	0.1105233	0.544355	0.455645	3.25988
18666	-2575.975	-2785.638	209.6633	1.303706	0.09751297	0.627194	0.372806	3.856278
18672	-2577.981	-2789.112	211.1308	1.426105	0.09879634	0.473251	0.526749	2.919442
18678	-2571.859	-2780.31	208.4518	1.282163	0.05714559	0.647396	0.352604	4.661469
18684	-2575.253	-2784.46	209.2067	1.144624	0.05605561	0.648973	0.351027	4.317173
18690	-2567.979	-2777.931	209.9517	1.182835	0.08931954	0.593239	0.406761	3.780466
18696	-2568.13	-2776.883	208.7528	1.123765	0.08221494	0.499198	0.500802	4.514122
18702	-2572.645	-2781.117	208.4716	1.123765	0.08496026	0.594409	0.405591	4.664922
18708	-2578.477	-2787.073	208.5964	0.9610642	0.08496026	0.677047	0.322953	4.686126
18714	-2580.369	-2788.165	207.7959	0.8988864	0.06945882	0.560675	0.439325	5.206194
18720	-2572.098	-2781.282	209.1837	1.170135	0.08671487	0.560675	0.439325	4.233188
18726	-2569.732	-2779.231	209.4985	1.239474	0.08671487	0.645162	0.354838	4.014582
18732	-2575.043	-2785.2	210.1564	1.087109	0.05587143	0.428747	0.571253	3.808919
18738	-2571.242	-2781.411	210.1695	1.428625	0.05207521	0.551817	0.448183	3.614944
18744	-2580.705	-2790.906	210.2017	1.384767	0.1002529	0.551817	0.448183	3.490973
18750	-2577.676	-2787.887	210.2109	1.258726	0.06962727	0.642159	0.357841	3.63936
18756	-2588.927	-2799.124	210.1968	1.203429	0.08452019	0.578361	0.421639	3.63936
18762	-2589.008	-2799.543	210.5353	1.246837	0.09399794	0.523362	0.476638	3.392226
18768	-2598.665	-2807.996	209.3313	1.140396	0.09723221	0.539621	0.460379	4.140069
18774	-2588.986	-2798.153	209.1669	1.066804	0.1234898	0.547001	0.452999	4.214516
18780	-2592.79	-2803.525	210.7346	1.318393	0.07012483	0.49028	0.50972	3.297076
18786	-2578.551	-2789.678	211.1275	1.318393	0.1026367	0.55314	0.44686	2.976507
18792	-2578.327	-2789.486	211.1589	1.336391	0.1200739	0.592436	0.407564	2.904188
18798	-2592.585	-2804.111	211.526	1.505754	0.1016953	0.446048	0.553952	2.622188
18804	-2583.078	-2794.693	211.6157	1.548358	0.07216587	0.528763	0.471237	2.622188
18810	-2587.46	-2797.868	210.4077	1.42986	0.0892173	0.628364	0.371636	3.372003
18816	-2598.586	-2808.684	210.0981	1.499156	0.05868164	0.563766	0.436234	3.596328
18822	-2582.448	-2792.724	210.2753	1.265879	0.07017014	0.580939	0.419061	3.596328
18828	-2573.809	-2782.855	209.0463	1.256547	0.07358073	0.563994	0.436006	4.29629
18834	-2585.296	-2793.238	207.9415	1.081262	0.09195395	0.63865	0.36135	4.967033
18840	-2569.785	-2776.862	207.0772	1.091188	0.06468123	0.63865	0.36135	5.509264
18846	-2590.798	-2799.073	208.2745	1.060217	0.05811172	0.487128	0.512872	4.881783
18852	-2586.334	-2797.538	211.2044	1.34752	0.07783114	0.537775	0.462225	2.97869
18858	-2595.251	-2806.185	210.9335	1.295347	0.07783114	0.48878	0.51122	3.17157
18864	-2586.603	-2797.202	210.5985	1.437889	0.1231949	0.694223	0.305777	3.17157
18870	-2584.808	-2795.498	210.6895	1.349764	0.122472	0.457031	0.542969	3.17157
18876	-2589.36	-2800.901	211.5411	1.533394	0.08071075	0.460341	0.539659	2.652785
18882	-2578.268	-2789.235	210.9674	1.451991	0.0909327	0.562902	0.437098	3.022594
18888	-2576.852	-2786.517	209.6648	1.581963	0.05395712	0.50173	0.49827	3.812519
18894	-2581.433	-2791.432	209.9995	1.378156	0.09416229	0.638761	0.361239	3.627669
18900	-2566.802	-2777.316	210.5137	1.318321	0.1232593	0.692754	0.307246	3.292329
18906	-2581.154	-2791.319	210.1653	1.318321	0.08572923	0.648052	0.351948	3.587802
18912	-2585.632	-2795.469	209.8369	1.294542	0.08829221	0.672606	0.327394	3.78491
18918	-2576	-2786.176	210.176	1.294542	0.078886	0.550452	0.449548	3.613506
18924	-2571.738	-2780.092	208.3546	1.294542	0.0772773	0.59176	0.40824	4.654512
18930	-2591.129	-2801.478	210.3483	1.415152	0.06410255	0.631512	0.368488	3.484013
18936	-2588.05	-2796.445	208.3944	1.132295	0.06986921	0.615751	0.384249	4.742635
18942	-2582.012	-2792.855	210.8429	1.238896	0.08522933	0.62735	0.37265	3.238651
18948	-2599.803	-2810.2	210.3964	1.446373	0.07246796	0.587412	0.412588	3.414056
18954	-2593.637	-2803.902	210.2655	1.259559	0.1504052	0.587412	0.412588	3.414056
18960	-2574.307	-2782.507	208.2	1.124086	0.05284913	0.579827	0.420173	4.902329
18966	-2572.053	-2781.08	209.0263	1.264709	0.06488605	0.537798	0.462202	4.326631
18972	-2574.086	-2782.719	208.6325	1.136943	0.06973846	0.659044	0.340956	4.607056
18978	-2584.204	-2793.857	209.6535	1.244834	0.07168775	0.507633	0.492367	3.962625
18984	-2576.761	-2785.997	209.2358	1.303972	0.06603587	0.629324	0.370676	4.182486
18990	-2572.187	-2780.16	207.9731	1.066368	0.09383906	0.551416	0.448584	4.95317
18996	-2586.107	-2793.729	207.6218	1.03785	0.0866052	0.584857	0.415143	5.181622
19002	-2579.274	-2786.757	207.4831	1.112591	0.09045415	0.544989	0.455011	5.207506
19008	-2591.972	-2800.741	208.7693	1.128836	0.09178442	0.662819	0.337181	4.477879
19014	-2593.237	-2803.732	210.4953	1.342326	0.1284205	0.498452	0.501548	3.277389
19020	-2591.95	-2802.407	210.4566	1.304157	0.1199246	0.572563	0.427437	3.341928
19026	-2588.657	-2798.314	209.6575	1.228296	0.1199246	0.543275	0.456725	3.850187
19032	-2583.819	-2793.004	209.1847	1.222198	0.07662188	0.580001	0.419999	4.2293
19038	-2581.79	-2791.431	209.6411	1.141912	0.1544032	0.524422	0.475578	3.836475
19044	-2583.353	-2791.393	208.0395	1.067026	0.0739216	0.630103	0.369897	4.966081
19050	-2595.293	-2803.613	208.3195	1.155214	0.1146043	0.50745	0.49255	4.661914
19056	-2593.123	-2803.166	210.0434	1.057519	0.1087027	0.620209	0.379791	3.752203
19062	-2582.371	-2789.869	207.498	0.9082779	0.108109	0.577985	0.422015	5.270685
19068	-2587.121	-2794.531	207.4096	1.102972	0.08349862	0.494527	0.505473	5.270685
19074	-2590.62	-2799.541	208.921	1.365409	0.06831415	0.507069	0.492931	4.319819
19080	-2579.562	-2788.14	208.5783	1.108965	0.07965108	0.600174	0.399826	4.627008
19086	-2575.519	-2784.081	208.5619	1.056911	0.1067474	0.545041	0.454959	4.599041
19092	-2584.43	-2792.815	208.385	1.086753	0.07437727	0.599894	0.400106	4.761388
19098	-2585.036	-2793.762	208.7263	1.001521	0.08882216	0.440255	0.559745	4.580942
19104	-2585.923	-2794.423	208.4998	1.228105	0.08882216	0.716257	0.283743	4.580942
19110	-2580.509	-2789.824	209.3152	1.010137	0.1079578	0.486758	0.513242	4.197644
19116	-2589.856	-2798.8	208.9444	1.123964	0.07106926	0.578067	0.421933	4.435452
19122	-2596.24	-2805.843	209.6032	1.168405	0.09655369	0.59133	0.40867	3.970685
19128	-2593.401	-2802.129	208.7278	1.078831	0.07067408	0.68295	0.31705	4.583724
19134	-2591.614	-2801.64	210.0254	1.101964	0.1278784	0.663806	0.336194	3.693277
19140	-2597.666	-2804.925	207.2588	1.00369	0.1093818	0.561787	0.438213	5.34716
19146	-2588.819	-2796.897	208.0786	1.028431	0.116521	0.570553	0.429447	4.863048
19152	-2581.432	-2790.701	209.2688	1.180685	0.06805296	0.644796	0.355204	4.228176
19158	-2587.977	-2797.352	209.3752	1.265138	0.0787652	0.556673	0.443327	4.090959
19164	-2587.644	-2797.599	209.9552	1.26715	0.05724985	0.556673	0.443327	3.81709
19170	-2593.343	-2803.075	209.7324	1.263213	0.1069342	0.733969	0.266031	3.81709
19176	-2585.854	-2795.28	209.4264	1.010759	0.1215302	0.652475	0.347525	4.103226
19182	-2588.603	-2798.147	209.544	1.045274	0.09460307	0.624436	0.375564	4.079595
19188	-2583.802	-2793.131	209.3297	1.125237	0.0694728	0.609976	0.390024	4.221245
19194	-2592.876	-2802.219	209.3431	1.207202	0.1141001	0.472935	0.527065	4.055426
19200	-2598.11	-2807.934	209.8248	1.05148	0.1136438	0.515058	0.484942	3.869999
19206	-2591.702	-2798.119	206.4171	0.9039843	0.08235479	0.433347	0.566653	5.927746
19212	-2603.353	-2813.37	210.0163	1.269946	0.1593688	0.557114	0.442886	3.535473
19218	-2588.286	-2797.116	208.8297	1.184427	0.06198669	0.557114	0.442886	4.49079
19224	-2587.561	-2795.567	208.0065	1.045915	0.1041125	0.503917	0.496083	4.921631
19230	-2591.988	-2800.023	208.0356	1.11199	0.08230191	0.647078	0.352922	4.921631
19236	-2576.267	-2785.094	208.8263	1.149246	0.1055985	0.514332	0.485668	4.401057
19242	-2598.389	-2807.635	209.2455	1.170558	0.07471933	0.608716	0.391284	4.229166
19248	-2594.29	-2802.184	207.894	1.031024	0.09368769	0.615385	0.384615	5.017159
19254	-2591.227	-2799.042	207.815	1.031024	0.0782982	0.499306	0.500694	5.099356
19260	-2599.561	-2807.77	208.2094	0.9906437	0.08352779	0.535109	0.464891	4.889324
19266	-2574.959	-2783.953	208.9938	1.130371	0.1108312	0.535109	0.464891	4.304951
19272	-2581.551	-2789.53	207.979	1.085899	0.08545321	0.533902	0.466098	4.959671
19278	-2587.033	-2796.052	209.0194	1.342361	0.09333899	0.692153	0.307847	4.212086
19284	-2590.629	-2799.636	209.0069	1.110824	0.07699559	0.552924	0.447076	4.391838
19290	-2579.909	-2789.804	209.8956	1.192575	0.09824314	0.641885	0.358115	3.784775
19296	-2580.373	-2790.09	209.7167	1.288432	0.1184799	0.600303	0.399697	3.784775
19302	-2581.276	-2790.642	209.3664	1.253456	0.1067415	0.47318	0.52682	4.032858
19308	-2597.898	-2807.986	210.0882	1.172519	0.1163739	0.47318	0.52682	3.64194
19314	-2581.097	-2790.519	209.422	1.044946	0.1045667	0.719203	0.280797	4.125122
19320	-2581.361	-2791.945	210.5837	1.157922	0.108516	0.466729	0.533271	3.380038
19326	-2590.896	-2800.323	209.4266	1.164889	0.08267995	0.528907	0.471093	4.108508
19332	-2602.628	-2811.94	209.3121	1.460527	0.05407007	0.528907	0.471093	4.083676
19338	-2601.502	-2810.586	209.0837	1.201873	0.09644875	0.528907	0.471093	4.247652
19344	-2589.192	-2798.429	209.2362	1.210421	0.06159009	0.552709	0.447291	4.247652
19350	-2606.839	-2814.913	208.0735	1.245325	0.06475198	0.594474	0.405526	4.872423
19356	-2596.975	-2805.877	208.9014	1.199856	0.08333419	0.581897	0.418103	4.384655
19362	-2582.008	-2790.261	208.2529	1.067307	0.1290313	0.663615	0.336385	4.716971
19368	-2582.102	-2791.401	209.2999	1.169925	0.106697	0.568108	0.431892	4.118461
19374	-2576.912	-2785.465	208.5536	0.9966552	0.1326942	0.573836	0.426164	4.580396
19380	-2573.44	-2780.561	207.1213	0.8991813	0.1302756	0.687531	0.312469	5.435391
19386	-2576.974	-2785.341	208.3676	0.9124268	0.06103107	0.661359	0.338641	4.904211
19392	-2579.876	-2789.259	209.3826	1.046459	0.1195104	0.696143	0.303857	4.112325
19398	-2584.077	-2794.147	210.0697	1.147324	0.1419504	0.696715	0.303285	3.611179
19404	-2598.483	-2809.372	210.8892	1.403376	0.1046195	0.435131	0.564869	3.063407
19410	-2588.559	-2799.357	210.7982	1.232913	0.09918683	0.64742	0.35258	3.232465
19416	-2588.294	-2798.267	209.9732	1.178251	0.07103302	0.469831	0.530169	3.819192
19422	-2597.285	-2806.425	209.1402	1.083522	0.1028369	0.469831	0.530169	4.267311
19428	-2602.443	-2810.871	208.4278	1.242046	0.07757088	0.536804	0.463196	4.642177
19434	-2595.879	-2804.946	209.0668	1.176206	0.09390723	0.588757	0.411243	4.27796
19440	-2588.977	-2798.487	209.51	1.405717	0.08425597	0.509401	0.490599	3.919252
19446	-2576.155	-2786.606	210.4514	1.245136	0.05484795	0.594462	0.405538	3.549727
19452	-2586.167	-2795.029	208.8619	1.122795	0.0832934	0.563828	0.436172	4.450497
19458	-2579.876	-2790.651	210.7751	1.272714	0.08504232	0.667068	0.332932	3.259249
19464	-2577.063	-2786.974	209.9105	1.291893	0.09490656	0.710135	0.289865	3.72721
19470	-2581.172	-2790.96	209.7882	1.214947	0.06148749	0.537748	0.462252	3.930925
19476	-2580.49	-2790.07	209.5797	1.148288	0.1243355	0.473344	0.526656	3.930925
19482	-2600.373	-2808.755	208.3822	0.995456	0.06580517	0.634413	0.365587	4.836801
19488	-2589.844	-2798.204	208.3596	0.9100345	0.08902114	0.515827	0.484173	4.836801
19494	-2591.84	-2799.968	208.1276	0.952527	0.09713824	0.448931	0.551069	4.92263
19500	-2585.843	-2794.921	209.0787	0.9831971	0.08758379	0.593986	0.406014	4.3961
19506	-2577.658	-2785.272	207.614	0.8841033	0.08784815	0.574835	0.425165	5.267828
19512	-2591.63	-2800.066	208.4361	1.138835	0.0731054	0.512032	0.487968	4.707048
19518	-2568.557	-2777.602	209.0447	1.135251	0.07794631	0.529837	0.470163	4.354242
19524	-2584.877	-2794.301	209.4241	0.9850189	0.1032272	0.586556	0.413444	4.161181
19530	-2575.021	-2783.42	208.3989	1.088505	0.09690626	0.594664	0.405336	4.695902
19536	-2588.627	-2797.512	208.8848	1.095387	0.08842683	0.572638	0.427362	4.440029
19542	-2597.243	-2807.961	210.7183	1.095387	0.08842683	0.593549	0.406451	3.388108
19548	-2606.516	-2817.358	210.8413	1.390236	0.0720881	0.645526	0.354474	3.186016
19554	-2583.757	-2795.225	211.4673	1.531191	0.0612277	0.505906	0.494094	2.756383
19560	-2578.745	-2786.774	208.0292	1.176057	0.09835397	0.449979	0.550021	4.850007
19566	-2568.166	-2777.569	209.4023	1.004094	0.09755684	0.545359	0.454641	4.176369
19572	-2577.074	-2786.714	209.64	0.9890942	0.06640823	0.545964	0.454036	4.130699
19578	-2593.104	-2800.83	207.7259	0.9245702	0.110892	0.504275	0.495725	5.129282
19584	-2581.074	-2788.856	207.7815	0.9342059	0.09532512	0.589598	0.410402	5.129282
19590	-2581.374	-2790.885	209.5111	0.9443287	0.0907898	0.589882	0.410118	4.165247
19596	-2578.18	-2786.32	208.1403	0.9459069	0.0907898	0.518495	0.481505	4.93461
19602	-2591.702	-2800.487	208.7849	1.147969	0.08875212	0.629906	0.370094	4.465867
19608	-2607.498	-2815.672	208.1734	0.9937576	0.07276607	0.576075	0.423925	4.935401
19614	-2595.871	-2803.426	207.5556	0.9370446	0.08921441	0.464897	0.535103	5.267528
19620	-2599.129	-2807.301	208.1716	0.9274156	0.1007514	0.607525	0.392475	4.903541
19626	-2592.182	-2800.683	208.501	1.17475	0.06830779	0.607525	0.392475	4.663448
19632	-2593.281	-2802.914	209.6322	1.094679	0.07673219	0.559214	0.440786	4.04699
19638	-2592.241	-2802.44	210.1991	1.119118	0.08383905	0.67418	0.32582	3.688605
19644	-2592.46	-2803.164	210.7033	1.27774	0.07037029	0.529	0.471	3.338767
19650	-2598.707	-2810.376	211.6688	1.27774	0.09535619	0.529	0.471	2.691366
19656	-2585.454	-2796.899	211.4448	1.2969	0.1478036	0.492634	0.507366	2.691366
19662	-2584.565	-2794.176	209.6109	1.075363	0.1671837	0.411749	0.588251	3.86723
19668	-2583.386	-2792.664	209.2783	1.033563	0.1016423	0.575821	0.424179	4.220159
19674	-2593.486	-2801.345	207.8597	0.9309141	0.07865403	0.610149	0.389851	5.129165
19680	-2583.179	-2789.61	206.431	0.9262577	0.07865403	0.575222	0.424778	5.917292
19686	-2582.979	-2791.099	208.1193	1.11786	0.1248132	0.613828	0.386172	4.772392
19692	-2577.432	-2787.446	210.0148	1.20769	0.07086044	0.627592	0.372408	3.77875
19698	-2579.601	-2787.523	207.9211	0.8720413	0.1025754	0.663156	0.336844	5.069244
19704	-2579.685	-2787.693	208.0078	0.9854004	0.05897771	0.674368	0.325632	5.069244
19710	-2588.805	-2795.788	206.9831	0.9854004	0.05339564	0.519194	0.480806	5.64972
19716	-2591.244	-2799.463	208.2189	0.8484297	0.104379	0.490849	0.509151	4.912681
19722	-2575.455	-2782.991	207.5365	0.9851479	0.1063297	0.519431	0.480569	5.210947
19728	-2585.106	-2792.318	207.2127	0.8262834	0.110707	0.519431	0.480569	5.467318
19734	-2580.773	-2788.403	207.6304	1.133498	0.06700616	0.611841	0.388159	5.174482
19740	-2580.194	-2789.911	209.7173	1.181334	0.05597796	0.655337	0.344663	4.006346
19746	-2578.775	-2788.135	209.3605	1.099765	0.06588959	0.561981	0.438019	4.228018
19752	-2586.656	-2796.907	210.2515	1.295054	0.09340427	0.534544	0.465456	3.531395
19758	-2587.794	-2796.861	209.0666	1.076359	0.109004	0.62889	0.37111	4.298521
19764	-2575.688	-2784.506	208.8175	1.046769	0.06133464	0.630224	0.369776	4.576793
19770	-2579.297	-2788.785	209.4878	1.166646	0.06409329	0.687739	0.312261	4.122675
19776	-2584.203	-2793.339	209.136	1.275433	0.08483656	0.554329	0.445671	4.205324
19782	-2584.335	-2793.034	208.6989	1.029327	0.08483656	0.658067	0.341933	4.59073
19788	-2586.032	-2795.125	209.0936	1.030388	0.09373197	0.740367	0.259633	4.345718
19794	-2601.294	-2808.628	207.3346	0.8634013	0.1079509	0.633358	0.366642	5.385971
19800	-2586.238	-2794.823	208.5852	0.9801947	0.08339848	0.623478	0.376522	4.68569
19806	-2594.909	-2803.995	209.0861	1.076849	0.09210715	0.623478	0.376522	4.327722
19812	-2590.345	-2799.885	209.5398	1.215198	0.09210715	0.513579	0.486421	3.991207
19818	-2588.266	-2797.651	209.3851	1.215198	0.08504715	0.620531	0.379469	4.097393
19824	-2595.044	-2804.907	209.8638	1.210599	0.1125741	0.708642	0.291358	3.758416
19830	-2584.458	-2794.503	210.045	1.111518	0.09368778	0.687412	0.312588	3.756736
19836	-2592.189	-2801.317	209.1281	1.071328	0.07647507	0.614544	0.385456	4.347096
19842	-2592.588	-2802.05	209.4622	1.024253	0.1056348	0.547103	0.452897	4.111502
19848	-2590.068	-2798.735	208.6671	1.014251	0.08994927	0.617684	0.382316	4.604236
19854	-2588.608	-2799.74	211.1317	1.2594	0.09875124	0.671761	0.328239	3.019282
19860	-2591.938	-2801.064	209.126	1.2594	0.06595165	0.651731	0.348269	4.270274
19866	-2596.636	-2807.473	210.8368	1.319335	0.1284361	0.572351	0.427649	3.088413
19872	-2596.481	-2805.976	209.4952	1.062458	0.109899	0.499373	0.500627	4.060923
19878	-2581.726	-2791.206	209.4801	1.077552	0.109899	0.592614	0.407386	4.060923
19884	-2593.36	-2803.309	209.9498	1.244693	0.06407135	0.589625	0.410375	3.813806
19890	-2589.588	-2800.599	211.0106	1.149727	0.05643127	0.589625	0.410375	3.273302
19896	-2597.261	-2804.951	207.6895	0.8385122	0.1065961	0.511175	0.488825	5.206798
19902	-2593.143	-2800.661	207.5183	0.8516707	0.1400178	0.608328	0.391672	5.222652
19908	-2577.774	-2787.42	209.6463	1.055924	0.08575423	0.491511	0.508489	4.037454
19914	-2580.114	-2788.978	208.8636	0.9867381	0.08392432	0.61989	0.38011	4.524491
19920	-2588.864	-2797.57	208.706	1.009061	0.1157459	0.609117	0.390883	4.524491
19926	-2581.593	-2789.623	208.03	0.9691186	0.06665828	0.543498	0.456502	5.045095
19932	-2585.931	-2794.02	208.089	1.064232	0.09012113	0.598185	0.401815	4.89892
19938	-2592.611	-2800.678	208.0671	1.064232	0.095121	0.605231	0.394769	4.89892
19944	-2590.813	-2800.871	210.0577	1.106559	0.1001702	0.774034	0.225966	3.736167
19950	-2611.111	-2820.266	209.1555	1.314826	0.09444079	0.557835	0.442165	4.147678
19956	-2595.056	-2803.751	208.6948	1.240861	0.08025533	0.504925	0.495075	4.485915
19962	-2588.134	-2795.862	207.7276	1.146688	0.0652874	0.504925	0.495075	5.117981
19968	-2590.929	-2798.059	207.1297	1.119021	0.0652874	0.581516	0.418484	5.463435
19974	-2590.687	-2798.201	207.5135	1.047216	0.08538718	0.581516	0.418484	5.239339
19980	-2590.527	-2799.864	209.3361	1.125202	0.0578102	0.543232	0.456768	4.249938
19986	-2590.475	-2796.595	206.1199	1.188197	0.05324999	0.548839	0.451161	6.011304
19992	-2595.753	-2803.806	208.0527	1.23574	0.08351234	0.630397	0.369603	4.840088
19998	-2578.719	-2788.163	209.4445	1.095592	0.08021742	0.648424	0.351576	4.144173
20004	-2584.955	-2792.737	207.7813	0.9736563	0.06674538	0.550596	0.449404	5.180132
20010	-2579.512	-2787.148	207.6364	1.045904	0.08217792	0.539701	0.460299	5.180132
20016	-2580.648	-2789.234	208.5858	1.19117	0.07412605	0.56979	0.43021	4.591138
20022	-2582.81	-2791.362	208.5524	1.191519	0.08124185	0.616099	0.383901	4.591138
20028	-2578.897	-2785.757	206.8608	0.8313146	0.06459958	0.697343	0.302657	5.770789
20034	-2589.718	-2798.078	208.3603	1.047973	0.1133704	0.46422	0.53578	4.70189
20040	-2595.538	-2805.073	209.5351	1.056763	0.1133704	0.663858	0.336142	4.033395
20046	-2590.519	-2799.984	209.4652	1.056763	0.0716606	0.634659	0.365341	4.177279
20052	-2590.664	-2798.783	208.1197	1.010916	0.07881513	0.61259	0.38741	4.939976
20058	-2584.724	-2793.062	208.3382	1.062413	0.06992787	0.543977	0.456023	4.812887
20064	-2580.643	-2789.275	208.6312	0.8754449	0.09027075	0.618466	0.381534	4.701283
20070	-2575.829	-2784.203	208.3742	1.042169	0.08036608	0.553244	0.446756	4.776707
20076	-2581.319	-2789.904	208.5844	1.246013	0.08922414	0.547401	0.452599	4.522348
20082	-2588.107	-2796.909	208.8022	1.156418	0.06185202	0.54311	0.45689	4.522348
20088	-2602.909	-2812.01	209.101	1.138752	0.07812555	0.67148	0.32852	4.319935
20094	-2611.343	-2820.201	208.8572	1.091914	0.07701525	0.677446	0.322554	4.486802
20100	-2598.247	-2805.22	206.9729	0.9187533	0.06372349	0.609029	0.390971	5.663776
20106	-2585.501	-2794.635	209.1336	1.124805	0.06368334	0.51087	0.48913	4.348353
20112	-2595.192	-2804.493	209.301	1.036704	0.09255177	0.51261	0.48739	4.227682
20118	-2581.33	-2790.334	209.004	1.10049	0.06137571	0.502782	0.497218	4.441611
20124	-2586.16	-2793.037	206.8768	1.181929	0.06300633	0.413894	0.586106	5.574025
20130	-2584.642	-2792.131	207.4892	1.129116	0.06300633	0.643626	0.356374	5.265776
20136	-2578.305	-2788.111	209.8057	1.16896	0.08298549	0.632054	0.367946	3.888736
20142	-2580.112	-2790.585	210.4729	1.139139	0.07973525	0.533154	0.466846	3.528969
20148	-2582.685	-2792.584	209.8993	1.390894	0.08845897	0.450897	0.549103	3.692839
20154	-2583.645	-2793.483	209.8388	1.449713	0.06396251	0.618942	0.381058	3.759908
20160	-2600.157	-2811.07	210.9134	1.111114	0.1056682	0.635245	0.364755	3.220255
20166	-2596.077	-2807.253	211.176	1.287985	0.08861501	0.656665	0.343335	3.00205
20172	-2588.57	-2798.482	209.9121	1.228864	0.08543746	0.571095	0.428905	3.786751
20178	-2588.914	-2796.656	207.7421	0.9585508	0.05770015	0.633923	0.366077	5.234782
20184	-2591.387	-2797.12	205.733	0.9703422	0.07900365	0.633985	0.366015	6.272621
20190	-2591.709	-2797.368	205.6585	0.9728589	0.0950788	0.634532	0.365468	6.272621
20196	-2594.765	-2803.019	208.2534	1.037547	0.09352751	0.523521	0.476479	4.813854
20202	-2593.256	-2800.894	207.6384	0.9563153	0.08053447	0.710771	0.289229	5.232765
20208	-2591.214	-2801.038	209.8245	1.048215	0.06159997	0.487622	0.512378	4.005197
20214	-2581.195	-2789.312	208.1173	1.12467	0.0684763	0.487622	0.512378	4.905196
20220	-2597.384	-2807.483	210.0989	1.416799	0.05717405	0.520347	0.479653	3.647945
20226	-2590.536	-2801.136	210.5997	1.216227	0.08099653	0.535066	0.464934	3.40648
20232	-2598.157	-2806.569	208.4117	1.200821	0.06269064	0.535066	0.464934	4.71413
20238	-2586.025	-2794.59	208.5641	1.038359	0.06474162	0.568153	0.431847	4.71413
20244	-2600.8	-2809.341	208.5415	1.060991	0.06474162	0.51421	0.48579	4.71413
20250	-2592.492	-2801.862	209.3697	1.118372	0.08929271	0.594412	0.405588	4.150424
20256	-2591.548	-2800.657	209.1092	1.118372	0.05302501	0.517955	0.482045	4.395601
20262	-2595.245	-2804.556	209.3115	1.312916	0.0605318	0.608925	0.391075	4.149724
20268	-2592.481	-2800.491	208.0096	1.157928	0.05808275	0.611959	0.388041	4.974933
20274	-2586.557	-2796.318	209.7608	1.184455	0.06552203	0.559142	0.440858	3.952745
20280	-2600.909	-2811.157	210.2483	1.184455	0.07243158	0.628238	0.371762	3.652946
20286	-2601.486	-2812.11	210.6235	1.41311	0.06502408	0.628238	0.371762	3.321241
20292	-2591.527	-2799.731	208.2043	1.219391	0.06502408	0.637674	0.362326	4.813213
20298	-2578.294	-2787.509	209.2151	1.059895	0.06726173	0.649736	0.350264	4.329167
20304	-2579.263	-2785.767	206.5034	1.13015	0.0746002	0.622434	0.377566	5.776565
20310	-2584.204	-2792.183	207.9796	1.030524	0.06412262	0.525617	0.474383	5.045789
20316	-2575.836	-2783.777	207.9413	0.912917	0.08668399	0.565223	0.434777	5.073628
20322	-2572.937	-2780.592	207.6555	0.912917	0.09464749	0.562656	0.437344	5.212449
20328	-2584.421	-2792.108	207.6874	0.9001447	0.09027188	0.565195	0.434805	5.212449
20334	-2574.798	-2784.946	210.1486	1.266023	0.08785899	0.555904	0.444096	3.622283
20340	-2585.517	-2796.123	210.6062	1.277428	0.08068897	0.700292	0.299708	3.367597
20346	-2585.144	-2794.839	209.6953	1.311054	0.08919652	0.456601	0.543399	3.854509
20352	-2582.603	-2790.867	208.2642	1.073159	0.0605035	0.574756	0.425244	4.87375
20358	-2587.808	-2796.33	208.522	1.021957	0.1401031	0.619527	0.380473	4.56864
20364	-2580.567	-2789.612	209.0456	1.136063	0.05780513	0.681803	0.318197	4.408061
20370	-2592.03	-2799.357	207.3269	1.004782	0.06475469	0.465271	0.534729	5.419169
20376	-2592.243	-2799.653	207.4094	0.9970665	0.07334372	0.706533	0.293467	5.355241
20382	-2588.521	-2795.715	207.1933	0.8696705	0.106692	0.672288	0.327712	5.463176
20388	-2581.615	-2788.186	206.5711	0.8483883	0.08575226	0.600255	0.399745	5.865564
20394	-2587.426	-2797.524	210.0976	1.174055	0.08922569	0.615827	0.384173	3.701591
20400	-2594.546	-2804.238	209.6919	1.174055	0.09107889	0.537291	0.462709	3.930319
20406	-2585.102	-2794.608	209.5057	1.122192	0.06448784	0.471206	0.528794	4.13671
20412	-2587.228	-2796.817	209.5894	1.238662	0.05557297	0.581998	0.418002	4.047791
20418	-2580.454	-2790.455	210.0009	1.238662	0.05557297	0.600146	0.399854	3.812037
20424	-2586.462	-2796.365	209.9034	1.311696	0.06050285	0.600146	0.399854	3.812037
20430	-2588.977	-2798.776	209.7994	1.311696	0.08234864	0.529184	0.470816	3.812037
20436	-2598.317	-2809.204	210.8865	1.363074	0.05312523	0.543935	0.456065	3.23036
20442	-2600.248	-2809.121	208.8738	0.9963354	0.06893756	0.432895	0.567105	4.552719
20448	-2596.202	-2806.175	209.9734	1.183792	0.07952385	0.645989	0.354011	3.792932
20454	-2597.875	-2808.437	210.5621	1.268357	0.08584689	0.530165	0.469835	3.385047
20460	-2590.035	-2799.619	209.5843	1.162198	0.09114464	0.578431	0.421569	3.998495
20466	-2589.913	-2798.043	208.13	1.169679	0.09114464	0.629847	0.370153	4.814767
20472	-2596.933	-2805.256	208.3231	1.16352	0.06699071	0.596441	0.403559	4.772744
20478	-2607.102	-2817.038	209.9357	1.16352	0.07553355	0.495627	0.504373	3.836986
20484	-2594.81	-2801.486	206.6768	1.217574	0.05729271	0.343216	0.656784	5.679706
20490	-2597.397	-2804.052	206.6541	1.126728	0.08095685	0.447655	0.552345	5.679706
20496	-2594.133	-2801.342	207.2091	1.077508	0.07598747	0.490592	0.509408	5.414441
20502	-2597.384	-2806.129	208.7452	1.328411	0.07554972	0.548656	0.451344	4.420576
20508	-2600.469	-2810.608	210.1395	1.352739	0.07502853	0.506541	0.493459	3.61135
20514	-2587.452	-2795.299	207.8469	1.06699	0.06143715	0.620696	0.379304	5.106478
20520	-2593.873	-2803.254	209.3809	0.9686253	0.09716648	0.635262	0.364738	4.20961
20526	-2586.015	-2793.81	207.7957	0.9936417	0.07418988	0.568939	0.431061	5.14144
20532	-2577.444	-2785.184	207.7397	1.078039	0.08217749	0.542212	0.457788	5.10512
20538	-2599.017	-2806.995	207.9778	0.9279586	0.06359719	0.482654	0.517346	5.10512
20544	-2588.767	-2797.669	208.9021	1.272649	0.06563674	0.411511	0.588489	4.390209
20550	-2579.964	-2789.234	209.2703	1.244634	0.0815718	0.706985	0.293015	4.15496
20556	-2585.577	-2796.354	210.7777	1.372688	0.07321626	0.706985	0.293015	3.230916
20562	-2583.154	-2793.203	210.0493	1.22058	0.08090275	0.525144	0.474856	3.724289
20568	-2575.322	-2784.538	209.216	1.103959	0.109383	0.646361	0.353639	4.197384
20574	-2587.975	-2797.068	209.0921	1.194192	0.06006912	0.532026	0.467974	4.34264
20580	-2568.318	-2778.778	210.4595	1.216418	0.09432536	0.646817	0.353183	3.453546
20586	-2572.826	-2781.557	208.7311	1.25686	0.05326103	0.620178	0.379822	4.529863
20592	-2577.731	-2787.779	210.0481	1.230142	0.1052975	0.720182	0.279818	3.657868
20598	-2579.94	-2789.293	209.3521	1.12221	0.1040265	0.609358	0.390642	4.122187
20604	-2570.695	-2780.051	209.3554	1.096506	0.1094707	0.576769	0.423231	4.122187
20610	-2577.416	-2786.376	208.9598	1.065182	0.1481185	0.566412	0.433588	4.281279
20616	-2576.309	-2786.255	209.9453	1.123641	0.09877124	0.614087	0.385913	3.794564
20622	-2592.78	-2800.401	207.6208	1.069453	0.1112974	0.498915	0.501085	5.10635
20628	-2597.35	-2805.641	208.2905	1.12588	0.05796899	0.544106	0.455894	4.83668
20634	-2600.557	-2809.777	209.2199	1.282393	0.06233846	0.70172	0.29828	4.214016
20640	-2586.031	-2796.065	210.0339	1.240717	0.06233846	0.540007	0.459993	3.772509
20646	-2598.794	-2808.923	210.1295	1.103215	0.1362332	0.552146	0.447854	3.614134
20652	-2599.713	-2809.997	210.2842	1.075314	0.1112918	0.648266	0.351734	3.596423
20658	-2616.283	-2825.158	208.8755	1.341324	0.1212992	0.568972	0.431028	4.228885
20664	-2594.119	-2804.625	210.506	1.341092	0.05714373	0.603995	0.396005	3.455233
20670	-2598.406	-2808.699	210.2929	1.341092	0.07679144	0.671338	0.328662	3.524159
20676	-2593.057	-2803.351	210.2934	1.211364	0.106165	0.655397	0.344603	3.524159
20682	-2590.215	-2799.621	209.4064	1.170318	0.04456714	0.583339	0.416661	4.222125
20688	-2594.947	-2805.527	210.5794	1.142493	0.08484032	0.593636	0.406364	3.451273
20694	-2585.346	-2793.042	207.6965	1.046535	0.07262095	0.609927	0.390073	5.171138
20700	-2575.313	-2782.984	207.6712	1.003594	0.08744926	0.580947	0.419053	5.171138
20706	-2583.219	-2790.61	207.3905	0.9437191	0.07669837	0.591548	0.408452	5.386337
20712	-2591.602	-2800.267	208.6651	1.022121	0.09977158	0.504494	0.495506	4.577065
20718	-2580.679	-2789.533	208.8536	1.007575	0.05852195	0.504494	0.495506	4.586344
20724	-2574.758	-2783.171	208.4132	1.014031	0.0640386	0.504494	0.495506	4.813948
20730	-2584.047	-2793.105	209.0585	1.030373	0.07553608	0.590071	0.409929	4.411998
20736	-2587.659	-2796.532	208.873	1.036252	0.1113803	0.645795	0.354205	4.425074
20742	-2593.355	-2802.206	208.8514	1.092572	0.08772193	0.539937	0.460063	4.462209
20748	-2585.528	-2793.173	207.6458	1.038292	0.08008145	0.493948	0.506052	5.184491
20754	-2582.97	-2791.571	208.6014	1.070775	0.06666174	0.519691	0.480309	4.669876
20760	-2574.959	-2782.891	207.9323	1.119621	0.0532958	0.656582	0.343418	5.052392
20766	-2581.077	-2789.105	208.0276	1.089353	0.07952519	0.504509	0.495491	4.945757
20772	-2579.044	-2787.511	208.4676	1.15539	0.08332952	0.632549	0.367451	4.653604
20778	-2570.891	-2780.406	209.5156	1.10089	0.1182548	0.499083	0.500917	4.008255
20784	-2580.362	-2789.434	209.0715	1.424968	0.03855111	0.551413	0.448587	4.28437
20790	-2580.066	-2790.231	210.1647	1.495575	0.04816199	0.520648	0.479352	3.590279
20796	-2577.124	-2786.354	209.2297	1.387929	0.04514115	0.569072	0.430928	4.197271
20802	-2576.671	-2786.11	209.4397	1.133549	0.0751812	0.472769	0.527231	4.138673
20808	-2565.59	-2773.901	208.3107	1.133549	0.06040898	0.596789	0.403211	4.814389
20814	-2586.447	-2795.89	209.4434	1.101065	0.1517054	0.522865	0.477135	3.978565
20820	-2580.842	-2791.493	210.6519	1.178554	0.1366221	0.583683	0.416317	3.263537
20826	-2593.247	-2803.048	209.8009	1.492431	0.08157677	0.48362	0.51638	3.708946
20832	-2581.59	-2793.18	211.5901	1.378834	0.09767938	0.48362	0.51638	2.671459
20838	-2585.915	-2796.092	210.1774	1.416153	0.07070799	0.576774	0.423226	3.564383
20844	-2565.894	-2776.244	210.35	1.130881	0.1130338	0.611117	0.388883	3.52176
20850	-2568.822	-2777.547	208.7245	1.197276	0.07557171	0.573682	0.426318	4.506014
20856	-2574.254	-2782.481	208.2268	1.086431	0.08450722	0.53969	0.46031	4.823735
20862	-2587.003	-2797.375	210.3725	1.269735	0.09872669	0.490762	0.509238	3.462195
20868	-2564.139	-2774.82	210.6807	1.416938	0.07351366	0.531696	0.468304	3.261234
20874	-2579.217	-2789.917	210.6998	1.366149	0.08030976	0.511697	0.488303	3.261234
20880	-2569.251	-2779.802	210.5516	1.462413	0.09186922	0.626333	0.373667	3.261234
20886	-2579.573	-2790.286	210.7135	1.462413	0.04273169	0.633927	0.366073	3.304549
20892	-2575.85	-2785.761	209.9111	1.217298	0.06105466	0.478997	0.521003	3.860268
20898	-2586.06	-2796.448	210.3887	1.395117	0.05698481	0.583757	0.416243	3.49263
20904	-2574.096	-2784.4	210.304	1.426916	0.06776124	0.62624	0.37376	3.49263
20910	-2593.309	-2804.392	211.0828	1.476766	0.08998163	0.591217	0.408783	2.940909
20916	-2599.478	-2810.146	210.6682	1.241031	0.07763804	0.521211	0.478789	3.360799
20922	-2584.676	-2794.472	209.7959	1.318123	0.1232448	0.649579	0.350421	3.711236
20928	-2594.231	-2803.175	208.9445	1.160248	0.08815366	0.753982	0.246018	4.370457
20934	-2600.306	-2809.608	209.3017	1.148943	0.07042453	0.428017	0.571983	4.221104
20940	-2601.434	-2810.166	208.7321	1.148943	0.1021277	0.558126	0.441874	4.462472
20946	-2598.224	-2806.594	208.369	1.095008	0.103851	0.558126	0.441874	4.692495
20952	-2583.845	-2792.074	208.2296	1.093775	0.07429063	0.421243	0.578757	4.84442
20958	-2597.252	-2806.187	208.9347	1.174234	0.1282343	0.492567	0.507433	4.274907
20964	-2597.071	-2807.489	210.4183	1.261601	0.1282343	0.503665	0.496335	3.370633
20970	-2591.19	-2800.274	209.0838	1.2387	0.07004792	0.503665	0.496335	4.294717
20976	-2581.654	-2792.071	210.417	1.216262	0.1084406	0.594672	0.405328	3.443693
20982	-2589.776	-2800.966	211.1901	1.273917	0.1233914	0.443983	0.556017	2.915279
20988	-2581.063	-2788.839	207.7759	1.17374	0.07160592	0.509368	0.490632	5.059312
20994	-2591.928	-2800.959	209.0314	1.075803	0.134745	0.594286	0.405714	4.26208
21000	-2583.779	-2792.387	208.6086	1.152448	0.07298099	0.655015	0.344985	4.603125
21006	-2573.532	-2782.673	209.1408	1.272183	0.07298099	0.655015	0.344985	4.235528
21012	-2581.456	-2790.031	208.575	1.126171	0.07298099	0.655015	0.344985	4.636676
21018	-2588.143	-2797.327	209.1848	1.256063	0.1046945	0.621875	0.378125	4.139665
21024	-2599.209	-2809.051	209.8417	1.140767	0.07755078	0.637838	0.362162	3.898633
21030	-2584.891	-2793.483	208.5924	1.127503	0.08590004	0.540791	0.459209	4.592713
21036	-2583.592	-2792.426	208.8338	1.197883	0.09704739	0.688913	0.311087	4.389719
21042	-2576.899	-2788.23	211.3304	1.409061	0.07147707	0.576673	0.423327	2.883622
21048	-2579.086	-2789.717	210.6304	1.399604	0.05447509	0.633103	0.366897	3.355805
21054	-2584.376	-2794.716	210.3403	1.192911	0.09840221	0.602872	0.397128	3.526621
21060	-2588.439	-2796.963	208.5241	1.108823	0.06258998	0.602872	0.397128	4.702965
21066	-2576.454	-2786.1	209.6458	1.249971	0.08789317	0.578778	0.421222	3.921334
21072	-2579.307	-2789.942	210.6351	1.25749	0.07462089	0.643573	0.356427	3.378883
21078	-2573.43	-2783.843	210.4131	1.21616	0.07157704	0.652558	0.347442	3.541238
21084	-2575.997	-2785.615	209.6177	1.21616	0.07777921	0.726633	0.273367	3.983131
21090	-2578.761	-2788.978	210.2169	1.261404	0.08585599	0.515689	0.484311	3.590562
21096	-2581.358	-2791.011	209.6529	1.227886	0.06695949	0.488789	0.511211	3.985669
21102	-2582.78	-2792.262	209.4817	1.260103	0.09738527	0.653423	0.346577	3.985669
21108	-2579.045	-2786.316	207.2707	1.013971	0.09738527	0.644221	0.355779	5.362621
21114	-2586.785	-2796.917	210.132	1.062777	0.07468719	0.567317	0.432683	3.784271
21120	-2583.822	-2793.294	209.472	1.069203	0.09107562	0.707059	0.292941	4.115755
21126	-2581.816	-2792.561	210.7456	1.198578	0.1003088	0.681473	0.318527	3.280968
21132	-2572.288	-2782.082	209.7937	1.254045	0.07795566	0.525051	0.474949	3.860091
21138	-2576.288	-2787.522	211.2343	1.254045	0.06260673	0.531708	0.468292	3.060387
21144	-2580.029	-2791.035	211.0065	1.175133	0.0883057	0.588758	0.411242	3.17132
21150	-2579.32	-2789.054	209.7343	1.17624	0.08541955	0.624889	0.375111	3.919213
21156	-2570.21	-2780.093	209.8826	1.051089	0.08542511	0.511277	0.488723	3.905901
21162	-2587.043	-2795.087	208.0443	0.9326697	0.0680904	0.670054	0.329946	5.053508
21168	-2591.221	-2799.313	208.092	1.086856	0.1091123	0.651398	0.348602	4.839679
21174	-2587.036	-2795.492	208.4568	1.234548	0.07789955	0.51813	0.48187	4.629271
21180	-2592.007	-2801.115	209.1078	1.161799	0.07562425	0.423292	0.576708	4.3097
21186	-2589.254	-2799.981	210.7265	1.208463	0.1008572	0.637822	0.362178	3.285034
21192	-2578.718	-2787.323	208.6048	1.095559	0.07568839	0.515083	0.484917	4.62998
21198	-2597.756	-2807.607	209.8507	1.164736	0.1884851	0.554308	0.445692	3.63804
21204	-2592.875	-2801.154	208.2794	1.06999	0.09227201	0.467713	0.532287	4.784302
21210	-2586.457	-2796.007	209.55	1.13384	0.09021716	0.59893	0.40107	4.036595
21216	-2585.229	-2794.817	209.5883	1.074489	0.09504197	0.648389	0.351611	4.036595
21222	-2576.188	-2785.298	209.1099	1.070489	0.1175146	0.556136	0.443864	4.257976
21228	-2568.032	-2777.07	209.0385	1.175437	0.1020938	0.561357	0.438643	4.274624
21234	-2570.969	-2780.233	209.2646	1.187388	0.08087776	0.645357	0.354643	4.192499
21240	-2585.322	-2792.987	207.6659	1.019307	0.09043872	0.63649	0.36351	5.157997
21246	-2593.018	-2802.613	209.5953	1.139377	0.0632575	0.607421	0.392579	4.07936
21252	-2572.957	-2782.378	209.4213	1.221613	0.08264289	0.511807	0.488193	4.07936
21258	-2573.992	-2783.542	209.5496	1.189057	0.06243381	0.613609	0.386391	4.07936
21264	-2577.521	-2786.582	209.0612	1.121727	0.07178993	0.666667	0.333333	4.368872
21270	-2581.362	-2790.757	209.395	1.239434	0.06525744	0.632028	0.367972	4.130831
21276	-2576.842	-2786.532	209.6901	1.26439	0.08021775	0.544553	0.455447	3.907618
21282	-2572.358	-2782.063	209.7049	1.145789	0.1038606	0.544553	0.455447	3.907618
21288	-2584.51	-2793.199	208.6895	1.197453	0.107467	0.63245	0.36755	4.446668
21294	-2589.332	-2798.36	209.0281	0.9813651	0.07938477	0.592755	0.407245	4.446668
21300	-2580.287	-2789.288	209.0007	1.160594	0.04818147	0.557013	0.442987	4.446668
21306	-2585.177	-2795.39	210.2125	1.154997	0.07288296	0.649521	0.350479	3.689508
21312	-2582.06	-2791.852	209.7914	1.187358	0.09609358	0.582037	0.417963	3.85305
21318	-2573.702	-2784.523	210.8213	1.262636	0.08687512	0.632393	0.367607	3.233024
21324	-2580.225	-2789.966	209.7412	1.262636	0.1395327	0.713281	0.286719	3.739599
21330	-2583.099	-2792.67	209.5711	1.285677	0.0847875	0.713281	0.286719	3.951648
21336	-2587.036	-2794.288	207.252	1.07835	0.1083638	0.532424	0.467576	5.312024
21342	-2581.586	-2787.731	206.1442	0.9072968	0.06590815	0.582438	0.417562	6.117033
21348	-2584.93	-2793.404	208.474	1.144952	0.1004406	0.582438	0.417562	4.613738
21354	-2580.5	-2790.795	210.2948	1.101096	0.1204899	0.582438	0.417562	3.554022
21360	-2590.815	-2799.406	208.5911	1.212216	0.07497216	0.442307	0.557693	4.574128
21366	-2595.96	-2806.368	210.407	1.279453	0.07307022	0.679457	0.320543	3.503752
21372	-2594.667	-2803.412	208.7449	1.215727	0.06144743	0.502711	0.497289	4.522331
21378	-2582.636	-2792.407	209.7711	1.237188	0.06996169	0.469242	0.530758	3.904396
21384	-2583.083	-2793.445	210.3619	1.237188	0.1009071	0.469242	0.530758	3.481958
21390	-2591.64	-2801.152	209.5119	1.256726	0.06512792	0.630062	0.369938	4.054764
21396	-2581.666	-2791.202	209.5366	1.256726	0.06512792	0.605509	0.394491	4.040666
21402	-2585.853	-2794.998	209.1455	1.1628	0.1166772	0.654078	0.345922	4.187312
21408	-2579.068	-2789.775	210.7064	1.223892	0.06409525	0.563618	0.436382	3.386367
21414	-2584.573	-2795.242	210.6695	1.203558	0.08815983	0.557643	0.442357	3.353907
21420	-2583.534	-2791.812	208.2787	0.9008437	0.08815983	0.471638	0.528362	4.889137
21426	-2574.749	-2782.151	207.4018	1.094815	0.08723427	0.45882	0.54118	5.270164
21432	-2590.695	-2800.221	209.5263	1.242094	0.07213528	0.610098	0.389902	4.035685
21438	-2578.238	-2789.469	211.2307	1.299595	0.08648023	0.613142	0.386858	2.967931
21444	-2573.329	-2783.497	210.168	1.214407	0.08932629	0.613142	0.386858	3.637188
21450	-2568.433	-2777.386	208.9522	1.19855	0.0720121	0.551502	0.448498	4.386442
21456	-2575.906	-2784.984	209.0778	1.078541	0.06066182	0.469303	0.530697	4.414372
21462	-2566.516	-2777.603	211.0867	1.223984	0.08613877	0.646655	0.353345	3.100333
21468	-2573.077	-2782.514	209.4377	1.175358	0.09990156	0.475607	0.524393	4.053065
21474	-2579.511	-2787.833	208.3212	1.021024	0.0757835	0.475607	0.524393	4.83001
21480	-2572.776	-2782.15	209.3739	1.03452	0.08631274	0.615975	0.384025	4.203255
21486	-2572.777	-2782.065	209.2881	1.021659	0.08788094	0.615975	0.384025	4.255207
21492	-2613.526	-2822.482	208.9556	0.9654452	0.07298152	0.566466	0.433534	4.513251
21498	-2590.111	-2798.773	208.6613	0.9452386	0.103068	0.636444	0.363556	4.614499
21504	-2592.413	-2800.763	208.3503	1.13633	0.1059335	0.661	0.339	4.675032
21510	-2582.196	-2792.257	210.0607	1.138962	0.1269626	0.663801	0.336199	3.653417
21516	-2592.075	-2803.37	211.2953	1.111044	0.09579374	0.612746	0.387254	3.017748
21522	-2592.299	-2803.546	211.2464	1.254072	0.0897184	0.674127	0.325873	2.977161
21528	-2586.621	-2796.15	209.5282	1.320365	0.05828021	0.520258	0.479742	4.028392
21534	-2589.08	-2798.519	209.4397	1.45667	0.081974	0.526221	0.473779	3.936308
21540	-2593.618	-2803.682	210.0641	1.45667	0.05944197	0.54126	0.45874	3.638528
21546	-2591.394	-2799.723	208.329	1.388313	0.05944197	0.54126	0.45874	4.664438
21552	-2583.461	-2792.174	208.7129	1.158855	0.07245096	0.631656	0.368344	4.542396
21558	-2585.701	-2793.921	208.2203	1.006563	0.08004238	0.540371	0.459629	4.883251
21564	-2572.724	-2779.993	207.2687	1.026341	0.04328533	0.536522	0.463478	5.498202
21570	-2567.755	-2774.31	206.5555	0.8399896	0.09313484	0.535445	0.464555	5.860832
21576	-2573.122	-2780.3	207.178	0.9610762	0.07085901	0.614814	0.385186	5.508956
21582	-2583.678	-2790.651	206.9731	0.855577	0.07372923	0.732682	0.267318	5.671909
21588	-2577.343	-2785.976	208.6335	0.855577	0.08966797	0.575296	0.424704	4.712642
21594	-2588.803	-2797.752	208.9488	0.9425644	0.06330625	0.637777	0.362223	4.556166
21600	-2598.423	-2806.969	208.5454	1.04379	0.05111257	0.631214	0.368786	4.759357
21606	-2587.483	-2793.984	206.5006	1.127335	0.08108163	0.653114	0.346886	5.763144
21612	-2573.092	-2781.579	208.4867	1.096249	0.09273674	0.527368	0.472632	4.652506
21618	-2571.92	-2782.539	210.6186	1.085384	0.09672992	0.511967	0.488033	3.431071
21624	-2592.256	-2800.989	208.7323	1.059624	0.1011074	0.611212	0.388788	4.515058
21630	-2581.056	-2789.676	208.6195	0.885156	0.1011074	0.602368	0.397632	4.676209
21636	-2577.294	-2785.921	208.6269	0.9095764	0.09368353	0.639141	0.360859	4.676209
21642	-2575.137	-2784.709	209.5726	1.146109	0.06663333	0.592359	0.407641	4.07907
21648	-2574.404	-2783.497	209.0929	1.133101	0.06972484	0.60723	0.39277	4.350119
21654	-2577.448	-2786.099	208.6513	0.9889092	0.05875824	0.672803	0.327197	4.709509
21660	-2574.076	-2782.569	208.4934	0.8597659	0.05920147	0.610716	0.389284	4.868493
21666	-2574.922	-2782.76	207.838	0.9398587	0.09212196	0.583494	0.416506	5.102577
21672	-2573.493	-2780.192	206.6994	0.7648893	0.1029236	0.506644	0.493356	5.800304
21678	-2577.194	-2784.954	207.7598	0.8600844	0.08437141	0.488286	0.511714	5.209142
21684	-2591.181	-2798.937	207.7557	0.8307563	0.09187692	0.466916	0.533084	5.209142
21690	-2584.911	-2793.895	208.9837	0.9500598	0.1080699	0.622067	0.377933	4.418849
21696	-2578.434	-2786.849	208.4147	0.9500598	0.07456921	0.481674	0.518326	4.820572
21702	-2581.283	-2788.695	207.4124	0.9826639	0.07456921	0.636588	0.363412	5.358345
21708	-2586.594	-2795.006	208.4119	1.035957	0.1010242	0.509888	0.490112	4.708216
21714	-2581.883	-2789.805	207.9216	1.048862	0.06035716	0.509888	0.490112	5.07805
21720	-2589.025	-2797.671	208.6464	0.9873808	0.1189766	0.693482	0.306518	4.563016
21726	-2584.44	-2793.337	208.897	1.039626	0.08407368	0.511053	0.488947	4.475583
21732	-2585.424	-2793.673	208.2491	1.015735	0.0752369	0.471089	0.528911	4.874559
21738	-2582.9	-2792.048	209.1486	1.104529	0.1249678	0.471089	0.528911	4.200261
21744	-2579.23	-2788.1	208.8691	1.109542	0.06889072	0.580888	0.419112	4.491857
21750	-2567.557	-2775.621	208.0641	1.082351	0.05895966	0.540836	0.459164	4.984205
21756	-2582.214	-2790.51	208.2957	0.9963053	0.05895966	0.504061	0.495939	4.90325
21762	-2575.004	-2784.488	209.4836	0.9739752	0.07592558	0.625292	0.374708	4.202374
21768	-2584.093	-2790.452	206.3596	1.00034	0.0798671	0.631731	0.368269	5.912754
21774	-2588.445	-2795.115	206.67	0.9674275	0.1153773	0.631731	0.368269	5.677578
21780	-2584.468	-2794.069	209.6016	1.392946	0.07875483	0.523657	0.476343	3.888475
21786	-2590.144	-2802.323	212.1783	1.392946	0.1317404	0.655655	0.344345	2.206504
21792	-2588.842	-2800.334	211.4926	1.144612	0.07093273	0.655163	0.344837	2.946919
21798	-2599.565	-2811.305	211.7395	1.260043	0.116131	0.515647	0.484353	2.605554
21804	-2601.688	-2812.763	211.0752	1.301249	0.08642819	0.575318	0.424682	3.060316
21810	-2594.674	-2805.241	210.5671	1.31334	0.06433558	0.582644	0.417356	3.414935
21816	-2581.26	-2791.681	210.4209	1.183947	0.06562905	0.551108	0.448892	3.57207
21822	-2589.033	-2797.189	208.1562	1.102131	0.0605921	0.596826	0.403174	4.917517
21828	-2576.139	-2785.157	209.0176	1.028337	0.08285499	0.695541	0.304459	4.417127
21834	-2581.782	-2789.916	208.1341	1.028337	0.06035526	0.671287	0.328713	4.971493
21840	-2591.271	-2798.433	207.1626	1.068984	0.06035526	0.597852	0.402148	5.486177
21846	-2578.902	-2787.445	208.5435	1.119378	0.08487497	0.536144	0.463856	4.627316
21852	-2577.855	-2787.811	209.9553	1.119378	0.06226664	0.591843	0.408157	3.887682
21858	-2582.82	-2793.87	211.0499	1.215807	0.08787704	0.554877	0.445123	3.122512
21864	-2574.253	-2783.873	209.6194	1.158113	0.07891114	0.671683	0.328317	4.012309
21870	-2579.087	-2789.859	210.7726	1.300026	0.0677918	0.606387	0.393613	3.292154
21876	-2589.23	-2799.228	209.9984	1.169722	0.1038579	0.517305	0.482695	3.724981
21882	-2578.956	-2788.402	209.4461	1.169722	0.0958905	0.608714	0.391286	4.061257
21888	-2574.036	-2783.624	209.5879	0.949084	0.09243466	0.545811	0.454189	4.114772
21894	-2577.952	-2787.824	209.8714	1.298793	0.08316567	0.394611	0.605389	3.775852
21900	-2575.88	-2786.853	210.9731	1.298793	0.08389195	0.391212	0.608788	3.129489
21906	-2588.546	-2799.646	211.1003	1.20105	0.06865362	0.577311	0.422689	3.154312
21912	-2586.006	-2794.762	208.7558	1.147111	0.09997952	0.584049	0.415951	4.455277
21918	-2589.909	-2800.331	210.4221	1.220811	0.0976487	0.491699	0.508301	3.464488
21924	-2593.964	-2805.655	211.6909	1.525397	0.08522065	0.492871	0.507129	2.552307
21930	-2596.232	-2806.402	210.1696	1.247748	0.08212532	0.622883	0.377117	3.635753
21936	-2587.645	-2798.179	210.5339	1.260763	0.0782975	0.430171	0.569829	3.426184
21942	-2590.69	-2800.228	209.5376	1.12752	0.0782975	0.579011	0.420989	4.078042
21948	-2583.521	-2792.926	209.4047	1.297686	0.0703977	0.641387	0.358613	4.078042
21954	-2583.966	-2793.567	209.601	1.245837	0.0703977	0.578854	0.421146	3.995596
21960	-2587.967	-2797.508	209.5415	1.149445	0.1053124	0.526611	0.473389	3.995596
21966	-2582.364	-2792.389	210.0252	1.142429	0.09162717	0.519866	0.480134	3.755541
21972	-2583.414	-2793.92	210.5061	1.2305	0.09767799	0.725199	0.274801	3.40958
21978	-2573.229	-2784.614	211.3849	1.31047	0.1174747	0.619148	0.380852	2.788999
21984	-2565.947	-2776.406	210.4585	1.170184	0.1075061	0.662304	0.337696	3.448593
21990	-2595.545	-2805.791	210.2455	1.38786	0.1446295	0.563934	0.436066	3.362482
21996	-2585.356	-2796.837	211.4812	1.35927	0.1215772	0.563934	0.436066	2.690418
22002	-2591.281	-2801.474	210.1929	1.296522	0.114609	0.452591	0.547409	3.513077
22008	-2592.184	-2802.341	210.1567	1.245504	0.07168393	0.484256	0.515744	3.672715
22014	-2580.752	-2791.011	210.2596	1.363744	0.08686247	0.602319	0.397681	3.503503
22020	-2591.086	-2799.319	208.2331	1.037785	0.1172717	0.441558	0.558442	4.770001
22026	-2569.724	-2777.624	207.8997	1.132216	0.05049042	0.522526	0.477474	5.071308
22032	-2581.689	-2791.329	209.6397	1.14106	0.09661395	0.614567	0.385433	3.965267
22038	-2566.726	-2776.498	209.7714	1.153607	0.06519726	0.686345	0.313655	3.965267
22044	-2565.937	-2776.364	210.4272	1.166289	0.08068453	0.511554	0.488446	3.537251
22050	-2567.05	-2777.148	210.0978	1.166289	0.09639283	0.567624	0.432376	3.687815
22056	-2576.657	-2786.034	209.3775	1.180146	0.07140033	0.633742	0.366258	4.157665
22062	-2585.562	-2794.94	209.3775	1.180146	0.07140033	0.496618	0.503382	4.157665
22068	-2583.271	-2792.691	209.4201	1.165817	0.08829074	0.51282	0.48718	4.09731
22074	-2586.01	-2795.786	209.7766	1.236543	0.06880352	0.418994	0.581006	3.90479
22080	-2582.012	-2791.145	209.1324	1.22622	0.05298606	0.543038	0.456962	4.321739
22086	-2575.103	-2785.021	209.9181	1.275107	0.05298606	0.543038	0.456962	3.846111
22092	-2573.399	-2783.677	210.2784	1.211824	0.124159	0.668551	0.331449	3.490737
22098	-2580.531	-2789.084	208.5537	1.17667	0.07717767	0.582945	0.417055	4.609247
22104	-2573.947	-2782.288	208.3405	1.000303	0.09504165	0.582945	0.417055	4.782325
22110	-2583.551	-2793.574	210.0231	1.174191	0.1072115	0.728108	0.271892	3.700101
22116	-2581.225	-2791.665	210.4395	1.137685	0.1072115	0.622411	0.377589	3.479435
22122	-2583.068	-2790.694	207.6257	1.118957	0.064299	0.633708	0.366292	5.192422
22128	-2588.025	-2796.967	208.9421	1.054659	0.09547586	0.53379	0.46621	4.413278
22134	-2579.324	-2788.52	209.1958	0.8604218	0.09494794	0.520121	0.479879	4.381017
22140	-2586.233	-2795.003	208.7698	1.022345	0.08772806	0.518987	0.481013	4.547595
22146	-2580.968	-2790.227	209.259	0.9367849	0.08827554	0.607488	0.392512	4.318715
22152	-2570.965	-2779.508	208.5433	0.9764714	0.08123187	0.514964	0.485036	4.716728
22158	-2575.334	-2783.909	208.5748	0.8784788	0.122801	0.694172	0.305828	4.655828
22164	-2583.721	-2789.689	205.9674	0.8765301	0.07560303	0.679933	0.320067	6.204817
22170	-2582.802	-2789.2	206.3984	0.8528877	0.07560303	0.513682	0.486318	5.982884
22176	-2580.571	-2788.869	208.2985	0.7785503	0.06897806	0.673186	0.326814	4.995588
22182	-2581.156	-2790.261	209.1048	0.906212	0.06671472	0.692568	0.307432	4.479555
22188	-2575.892	-2784.605	208.7125	1.067256	0.06597401	0.575426	0.424574	4.611489
22194	-2583.263	-2791.92	208.6577	1.080682	0.05927457	0.614404	0.385596	4.65311
22200	-2585.74	-2794.151	208.4109	1.124386	0.05927457	0.576999	0.423001	4.766706
22206	-2578.534	-2786.783	208.2489	1.131972	0.06893744	0.463546	0.536454	4.826548
22212	-2578.052	-2788.437	210.3853	1.308705	0.05610446	0.679411	0.320589	3.547537
22218	-2590.647	-2800.93	210.2838	1.308705	0.05965551	0.520541	0.479459	3.596284
22224	-2587.005	-2796.825	209.8195	1.190254	0.07467714	0.639445	0.360555	3.890683
22230	-2595.177	-2805.713	210.5355	1.153657	0.07722111	0.629163	0.370837	3.490808
22236	-2599.468	-2811.417	211.9489	1.355244	0.08714152	0.629163	0.370837	2.492185
22242	-2585.628	-2796.876	211.2484	1.168184	0.09821818	0.653496	0.346504	3.005368
22248	-2594.547	-2805.475	210.9283	1.191228	0.09821818	0.653496	0.346504	3.182512
22254	-2595.498	-2805.931	210.4329	1.235514	0.1112374	0.565168	0.434832	3.416432
22260	-2578.846	-2787.959	209.1132	1.110353	0.08798113	0.689	0.311	4.303748
22266	-2581.572	-2792.063	210.4913	1.243253	0.08798113	0.593951	0.406049	3.435619
22272	-2597.249	-2807.393	210.144	1.419429	0.05324276	0.58019	0.41981	3.631702
22278	-2581.575	-2791.157	209.5823	1.1951	0.05741032	0.499636	0.500364	4.071437
22284	-2588.309	-2798.279	209.9705	1.15995	0.08087333	0.611969	0.388031	3.80476
22290	-2590.908	-2799.219	208.3113	0.8918162	0.1527398	0.611969	0.388031	4.73445
22296	-2578.603	-2786.649	208.0465	1.156588	0.1527398	0.476229	0.523771	4.73445
22302	-2579.047	-2788.02	208.9732	1.037653	0.08083532	0.476229	0.523771	4.442105
22308	-2575.354	-2782.11	206.7562	1.06113	0.09233041	0.496004	0.503996	5.631709
22314	-2572.406	-2780.243	207.837	1.10202	0.08787948	0.557607	0.442393	5.023555
22320	-2576.707	-2785.289	208.5822	1.191752	0.08787948	0.557607	0.442393	4.557427
22326	-2603.528	-2811.594	208.0656	0.9840667	0.09553408	0.503071	0.496929	4.943411
22332	-2591.911	-2801.841	209.9306	1.288772	0.08202902	0.654391	0.345609	3.750463
22338	-2596.06	-2806.626	210.566	1.211344	0.09313723	0.706081	0.293919	3.397233
22344	-2592.364	-2800.609	208.2448	1.125095	0.1034578	0.623037	0.376963	4.746067
22350	-2594.962	-2804.15	209.1873	1.21767	0.1006642	0.545615	0.454385	4.169701
22356	-2599.922	-2808.119	208.1974	1.303033	0.06558591	0.640496	0.359504	4.768848
22362	-2602.273	-2811.432	209.1595	1.265714	0.1002153	0.640496	0.359504	4.15923
22368	-2581.367	-2791.117	209.7501	1.265714	0.09169418	0.475503	0.524497	3.842777
22374	-2583.641	-2794.752	211.1118	1.425217	0.1045572	0.603017	0.396983	2.916808
22380	-2592.535	-2801.8	209.2647	1.460227	0.06551045	0.606364	0.393636	4.078622
22386	-2598.988	-2809.496	210.5073	1.327076	0.05585762	0.517006	0.482994	3.466378
22392	-2585.821	-2794.737	208.916	1.327076	0.06393404	0.56035	0.43965	4.356353
22398	-2593.857	-2802.049	208.1922	1.306086	0.04006519	0.709381	0.290619	4.840807
22404	-2594.745	-2803.57	208.8249	1.2441	0.05420481	0.646103	0.353897	4.481624
22410	-2602.626	-2811.478	208.8519	1.151488	0.08813328	0.549411	0.450589	4.427694
22416	-2604.393	-2813.644	209.2514	1.058569	0.07378991	0.564937	0.435063	4.291751
22422	-2599.481	-2808.723	209.2425	1.058569	0.08112545	0.547361	0.452639	4.277465
22428	-2592.724	-2803.482	210.758	1.362457	0.0563703	0.652645	0.347355	3.297045
22434	-2592.855	-2804.32	211.4649	1.362457	0.1164388	0.466741	0.533259	2.710873
22440	-2591.479	-2800.907	209.4282	1.284634	0.1164388	0.541542	0.458458	3.957255
22446	-2597.14	-2806.316	209.1759	1.18131	0.1233207	0.602131	0.397869	4.144725
22452	-2586.84	-2796.344	209.5041	1.208092	0.08285707	0.55119	0.44881	4.039249
22458	-2580.908	-2788.128	207.2201	1.106867	0.0683786	0.638904	0.361096	5.412083
22464	-2582.344	-2790.119	207.7754	1.145939	0.04305582	0.488973	0.511027	5.153217
22470	-2585.693	-2793.524	207.8306	1.224786	0.0793525	0.651418	0.348582	4.980463
22476	-2590.132	-2798.138	208.0056	1.135142	0.1044238	0.53443	0.46557	4.871691
22482	-2594.761	-2804.55	209.7891	1.167102	0.07275729	0.473642	0.526358	3.926575
22488	-2606.115	-2815.534	209.4181	1.25804	0.130954	0.519569	0.480431	3.946177
22494	-2586.382	-2796.36	209.9774	1.177825	0.1012401	0.601255	0.398745	3.738798
22500	-2595.496	-2805.24	209.7435	1.209082	0.1490505	0.487703	0.512297	3.749513
22506	-2601.717	-2811.551	209.8345	1.190967	0.1290768	0.567301	0.432699	3.749513
22512	-2592.592	-2802.6	210.0081	1.133517	0.100059	0.577	0.423	3.749513
22518	-2586.237	-2795.144	208.9068	1.100637	0.1131774	0.533689	0.466311	4.365581
22524	-2593.417	-2802.894	209.4773	1.208274	0.07883884	0.521842	0.478158	4.06499
22530	-2591.227	-2799.628	208.4015	1.176726	0.07684623	0.495755	0.504245	4.695353
22536	-2580.307	-2788.845	208.5385	1.088305	0.06664315	0.500276	0.499724	4.695353
22542	-2587.133	-2796.583	209.4497	1.073253	0.09133465	0.61938	0.38062	4.125479
22548	-2587.282	-2796.108	208.8258	1.123997	0.08019355	0.677643	0.322357	4.47815
22554	-2609.73	-2817.512	207.7818	1.010111	0.107747	0.698199	0.301801	5.058006
22560	-2608.403	-2816.796	208.3932	0.9784067	0.08489994	0.719941	0.280059	4.790177
22566	-2606.439	-2815.804	209.3653	0.9784067	0.08754978	0.669494	0.330506	4.236782
22572	-2606.236	-2814.666	208.4304	1.214818	0.09352011	0.707955	0.292045	4.615692
22578	-2587.38	-2796.638	209.2584	1.214818	0.08101002	0.551695	0.448305	4.180134
22584	-2590.343	-2799.449	209.1068	1.212136	0.09657975	0.552387	0.447613	4.228392
22590	-2593.668	-2802.862	209.1943	1.269361	0.0650636	0.552387	0.447613	4.228392
22596	-2583.012	-2790.201	207.189	1.114877	0.07407978	0.522601	0.477399	5.409858
22602	-2577.382	-2784.85	207.4681	1.294946	0.1041701	0.541011	0.458989	5.082226
22608	-2573.461	-2781.743	208.2823	1.081515	0.07228826	0.562442	0.437558	4.827136
22614	-2578.292	-2785.152	206.8593	0.9240862	0.09163578	0.562442	0.437558	5.652042
22620	-2587.982	-2795.874	207.8922	1.053249	0.1198238	0.562442	0.437558	4.945796
22626	-2587.281	-2795.615	208.334	1.106448	0.124603	0.583226	0.416774	4.659142
22632	-2588.408	-2797.606	209.1974	1.08978	0.085874	0.672323	0.327677	4.273085
22638	-2593.475	-2801.551	208.0756	1.067578	0.09150254	0.54089	0.45911	4.901133
22644	-2599.638	-2810.317	210.6791	1.22382	0.1072756	0.45704	0.54296	3.288159
22650	-2586.626	-2798.167	211.5404	1.397014	0.07870838	0.731855	0.268145	2.742619
22656	-2578.524	-2790.381	211.8567	1.436872	0.07207056	0.593306	0.406694	2.542134
22662	-2575.879	-2786.528	210.6493	1.336987	0.06127658	0.542601	0.457399	3.361671
22668	-2588.55	-2798.214	209.6644	1.183338	0.1067334	0.532382	0.467618	3.902509
22674	-2578.672	-2788.989	210.3169	1.218705	0.08769013	0.49592	0.50408	3.552478
22680	-2593.212	-2804.795	211.5831	1.403985	0.07137581	0.50605	0.49395	2.733278
22686	-2589.237	-2800.704	211.4662	1.520874	0.07137581	0.523377	0.476623	2.733278
22692	-2577.246	-2787.643	210.3965	1.514831	0.0510247	0.596219	0.403781	3.435525
22698	-2575.111	-2783.676	208.5652	0.9766375	0.07422071	0.536115	0.463885	4.722584
22704	-2580.299	-2789.452	209.1534	1.180969	0.08609409	0.575748	0.424252	4.245792
22710	-2586.667	-2795.923	209.2565	1.077828	0.08609409	0.596404	0.403596	4.245792
22716	-2587.813	-2797.107	209.2942	1.077828	0.07786254	0.557947	0.442053	4.245792
22722	-2586.872	-2797.339	210.4674	1.113458	0.1373986	0.540795	0.459205	3.40868
22728	-2580.148	-2789.076	208.9279	1.125822	0.1028173	0.557369	0.442631	4.363464
22734	-2582.331	-2792.234	209.9034	1.189978	0.06527003	0.522486	0.477514	3.868525
22740	-2583.274	-2793.43	210.156	1.189978	0.1267528	0.521956	0.478044	3.568981
22746	-2589.828	-2800.882	211.0544	1.394678	0.1009542	0.521956	0.478044	2.978857
22752	-2590.551	-2801.424	210.873	1.394678	0.07710751	0.528095	0.471905	3.150508
22758	-2591.811	-2803.4	211.5887	1.345021	0.1038777	0.688323	0.311677	2.676971
22764	-2587.192	-2797.646	210.4534	1.319012	0.07840585	0.604054	0.395946	3.438928
22770	-2585.712	-2796.391	210.6788	1.085868	0.08499496	0.669381	0.330619	3.425804
22776	-2583.151	-2793.254	210.1032	1.063964	0.08499496	0.581931	0.418069	3.77281
22782	-2582.083	-2792.005	209.9216	1.273534	0.07888618	0.581931	0.418069	3.77281
22788	-2584.326	-2795.019	210.6932	1.270322	0.05090979	0.591001	0.408999	3.405317
22794	-2591.15	-2800.378	209.2279	1.191016	0.0656231	0.568334	0.431666	4.252186
22800	-2582.605	-2791.739	209.1345	1.168453	0.0906088	0.640249	0.359751	4.252186
22806	-2579.751	-2789.193	209.4414	1.265091	0.06905159	0.600805	0.399195	4.079366
22812	-2586.884	-2794.056	207.1717	1.035138	0.0712426	0.600805	0.399195	5.470706
22818	-2587.33	-2796.064	208.734	1.34878	0.05206636	0.540841	0.459159	4.479921
22824	-2585.991	-2794.093	208.1011	1.113742	0.08335274	0.540841	0.459159	4.881511
22830	-2580.968	-2788.043	207.0747	1.033395	0.09175218	0.601082	0.398918	5.473361
22836	-2597.898	-2803.997	206.0995	1.03094	0.1041089	0.536071	0.463929	5.979987
22842	-2600.952	-2809.404	208.4515	1.041676	0.06164251	0.562031	0.437969	4.783671
22848	-2595.274	-2804.747	209.4732	1.138476	0.06014192	0.554222	0.445778	4.15808
22854	-2591.6	-2800.432	208.8318	1.061943	0.09163093	0.583482	0.416518	4.480736
22860	-2583.968	-2792.101	208.1337	0.9966528	0.1055523	0.583482	0.416518	4.874886
22866	-2585.185	-2793.041	207.8563	1.006603	0.0833179	0.598838	0.401162	5.077239
22872	-2592.934	-2803.02	210.086	1.388034	0.1197678	0.606926	0.393074	3.510168
22878	-2587.231	-2796.96	209.7294	1.388034	0.07393678	0.557714	0.442286	3.830829
22884	-2581.269	-2791.079	209.8102	1.30277	0.06350956	0.485807	0.514193	3.862215
22890	-2581.084	-2790.186	209.1023	1.106162	0.1006546	0.485807	0.514193	4.28111
22896	-2580.687	-2790.873	210.1866	1.154074	0.07943457	0.49836	0.50164	3.687311
22902	-2576.379	-2786.38	210.0011	1.17621	0.07943457	0.49836	0.50164	3.781602
22908	-2577.454	-2786.455	209.0011	0.9888737	0.1373924	0.59732	0.40268	4.322898
22914	-2594.009	-2803.989	209.9796	1.267828	0.07702996	0.561563	0.438437	3.747626
22920	-2596.765	-2807.142	210.3761	1.226388	0.07551677	0.561242	0.438758	3.545974
22926	-2587.261	-2797.006	209.7448	1.110677	0.1294766	0.561242	0.438758	3.846488
22932	-2588.68	-2797.886	209.206	1.164808	0.08877704	0.667661	0.332339	4.218314
22938	-2593.62	-2804.495	210.8753	1.345693	0.080181	0.512624	0.487376	3.16981
22944	-2600.128	-2810.534	210.4065	1.31254	0.1340599	0.641563	0.358437	3.33475
22950	-2582.325	-2792.055	209.7299	1.147502	0.1162589	0.684244	0.315756	3.863325
22956	-2589.728	-2799.454	209.7266	1.257929	0.09066158	0.605145	0.394855	3.863325
22962	-2586.626	-2796.1	209.4739	1.223724	0.09050224	0.418434	0.581566	4.028009
22968	-2575.755	-2785.285	209.5295	1.103539	0.08246061	0.54355	0.45645	4.085423
22974	-2569.682	-2778.449	208.7673	1.12775	0.07870949	0.497332	0.502668	4.5128
22980	-2578.157	-2788.042	209.8854	1.429202	0.06947068	0.602418	0.397582	3.729472
22986	-2584.793	-2795.431	210.6376	1.324976	0.07600142	0.599771	0.400229	3.333986
22992	-2588.937	-2799.758	210.8214	1.309595	0.08643732	0.642343	0.357657	3.206312
22998	-2578.811	-2788.643	209.832	1.240719	0.1246215	0.539312	0.460688	3.732021
23004	-2589.493	-2799.478	209.9844	1.331888	0.08253275	0.59041	0.40959	3.693204
23010	-2586.734	-2796.895	210.1617	1.393573	0.06626358	0.562907	0.437093	3.599081
23016	-2592.486	-2802.646	210.1598	1.428038	0.06042995	0.562907	0.437093	3.596746
23022	-2582.412	-2791.47	209.0582	1.292314	0.07747647	0.562907	0.437093	4.259004
23028	-2585.615	-2796.04	210.4245	1.331912	0.09879257	0.527019	0.472981	3.395216
23034	-2577.02	-2787.361	210.3407	1.372573	0.07352802	0.569337	0.430663	3.48682
23040	-2584.847	-2795.745	210.898	1.367623	0.07370113	0.563547	0.436453	3.16125
23046	-2585.472	-2796.612	211.1407	1.235497	0.1143167	0.523171	0.476829	2.989596
23052	-2581.71	-2790.701	208.9909	1.106054	0.07970801	0.669857	0.330143	4.39646
23058	-2588.428	-2797.489	209.0608	1.121975	0.08895247	0.544501	0.455499	4.324357
23064	-2593.246	-2802.228	208.9821	1.158018	0.098759	0.54978	0.45022	4.324357
23070	-2584.129	-2793.937	209.8082	1.19785	0.05873363	0.662015	0.337985	3.937038
23076	-2589.157	-2799.571	210.4142	1.370758	0.09836245	0.477911	0.522089	3.379522
23082	-2575.658	-2786.159	210.501	1.37995	0.07708803	0.559592	0.440408	3.37895
23088	-2585.887	-2796.473	210.5855	1.368811	0.08350006	0.675933	0.324067	3.318469
23094	-2578.282	-2788.345	210.0637	1.253156	0.07247833	0.624104	0.375896	3.719874
23100	-2578.558	-2788.16	209.6015	1.116779	0.06088245	0.548116	0.451884	4.095329
23106	-2581.944	-2791.491	209.5466	1.105697	0.07455299	0.630331	0.369669	4.095329
23112	-2580.866	-2790.758	209.8918	1.105697	0.08261406	0.600418	0.399582	3.876634
23118	-2592.489	-2801.485	208.9967	1.115047	0.08961712	0.423656	0.576344	4.362851
23124	-2607.887	-2814.584	206.6968	0.8651172	0.07640193	0.483666	0.516334	5.811144
23130	-2594.405	-2802.519	208.1141	0.9091984	0.06189644	0.526333	0.473667	5.044541
23136	-2595.865	-2806.257	210.3915	1.289482	0.09796044	0.59001	0.40999	3.441428
23142	-2594.858	-2805.355	210.4974	1.372615	0.07754715	0.464477	0.535523	3.384121
23148	-2586.198	-2794.629	208.4307	1.09658	0.096745	0.688238	0.311762	4.67395
23154	-2578.711	-2788.335	209.6239	1.036683	0.06739407	0.505371	0.494629	4.110098
23160	-2568.99	-2779.438	210.448	1.133496	0.1220283	0.627361	0.372639	3.442256
23166	-2568.522	-2778.076	209.5531	1.003211	0.08055607	0.627361	0.372639	4.134064
23172	-2573.798	-2783.122	209.3233	1.134875	0.1029134	0.549688	0.450312	4.134064
23178	-2583.939	-2793.817	209.8778	1.159703	0.1029134	0.617511	0.382489	3.802576
23184	-2584.859	-2794.443	209.5847	1.005687	0.09582379	0.547628	0.452372	4.075928
23190	-2579.756	-2789.812	210.0559	1.091716	0.1750857	0.536055	0.463945	3.585877
23196	-2585.387	-2795.828	210.4412	1.217863	0.09410594	0.58442	0.41558	3.463988
23202	-2593.356	-2802.336	208.9803	0.9606567	0.08548101	0.724051	0.275949	4.469589
23208	-2577.098	-2786.068	208.9696	0.9846172	0.0825379	0.720797	0.279203	4.469589
23214	-2587.497	-2797.954	210.4564	1.083008	0.0825379	0.577566	0.422434	3.563767
23220	-2575.611	-2785.751	210.1404	1.236348	0.08727414	0.619557	0.380443	3.645797
23226	-2575.77	-2783.633	207.8633	0.9867717	0.06132238	0.619557	0.380443	5.142157
23232	-2576.595	-2783.742	207.1475	0.8427168	0.08369687	0.659196	0.340804	5.557907
23238	-2581.403	-2790.999	209.5962	0.9957199	0.08005619	0.441136	0.558864	4.115147
23244	-2578.503	-2787.56	209.0571	0.9152438	0.09219227	0.554639	0.445361	4.435094
23250	-2586.655	-2796.985	210.33	1.184146	0.09478277	0.554639	0.445361	3.5468
23256	-2590.891	-2799.823	208.9314	1.143417	0.05861765	0.571037	0.428963	4.46599
23262	-2594.497	-2804.713	210.2162	1.154804	0.08249968	0.592894	0.407106	3.661589
23268	-2597.23	-2806.558	209.3278	0.986151	0.09929939	0.496041	0.503959	4.224625
23274	-2580.478	-2790.958	210.48	1.068511	0.05424883	0.662352	0.337648	3.637435
23280	-2578.36	-2788.141	209.7805	1.083371	0.07037269	0.53807	0.46193	3.985939
23286	-2579.521	-2787.375	207.8536	0.9086672	0.08789004	0.535188	0.464812	5.121583
23292	-2575.39	-2785.327	209.9371	1.108741	0.0672448	0.467372	0.532628	3.890339
23298	-2591.482	-2801.002	209.5199	1.167835	0.09566764	0.55664	0.44336	4.020793
23304	-2587.009	-2794.935	207.9262	0.9073696	0.06088516	0.563806	0.436194	5.152521
23310	-2585.531	-2794.129	208.5973	1.11332	0.09337518	0.463662	0.536338	4.57937
23316	-2587.367	-2797.43	210.0633	1.219803	0.08104373	0.469078	0.530922	3.716291
23322	-2591.142	-2801.345	210.2031	1.242794	0.06667358	0.588235	0.411765	3.661332
23328	-2591.518	-2800.246	208.728	1.120631	0.08687807	0.628745	0.371255	4.517962
23334	-2584.336	-2793.289	208.9523	1.073734	0.05911914	0.60639	0.39361	4.492033
23340	-2586.316	-2794.973	208.657	1.097697	0.04806294	0.560449	0.439551	4.675342
23346	-2584.877	-2794.359	209.4821	1.110157	0.09502708	0.655926	0.344074	4.076821
23352	-2585.575	-2795.061	209.4858	1.106505	0.09502708	0.681375	0.318625	4.076821
23358	-2578.84	-2787.619	208.7794	1.100596	0.07279981	0.562573	0.437427	4.536796
23364	-2575.394	-2783.624	208.2292	1.04119	0.06944111	0.562573	0.437427	4.886798
23370	-2590.25	-2799.496	209.246	1.249419	0.06944111	0.562573	0.437427	4.198346
23376	-2584.869	-2796.158	211.289	1.198164	0.07946731	0.673208	0.326792	3.013006
23382	-2582.904	-2792.338	209.4338	1.257536	0.06758889	0.507094	0.492906	4.092035
23388	-2590.074	-2799.493	209.4189	1.137634	0.06758889	0.531756	0.468244	4.168719
23394	-2587.542	-2797.192	209.6498	1.225343	0.0869762	0.680135	0.319865	3.935503
23400	-2595.469	-2804.753	209.284	1.225343	0.07714252	0.611317	0.388683	4.169771
23406	-2593.791	-2803.261	209.4699	1.110154	0.06215162	0.611317	0.388683	4.170407
23412	-2582.019	-2790.297	208.2775	1.042006	0.08510675	0.570203	0.429797	4.81876
23418	-2593.423	-2802.601	209.1777	0.9243337	0.07264036	0.692662	0.307338	4.412258
23424	-2582.861	-2791.927	209.0659	1.007049	0.08061523	0.707841	0.292159	4.407676
23430	-2576.351	-2785.996	209.6448	1.131288	0.1036821	0.523689	0.476311	3.950817
23436	-2589.271	-2798.616	209.3453	0.9991606	0.07996762	0.639569	0.360431	4.255864
23442	-2577.724	-2785.973	208.2493	0.9949282	0.09107058	0.688929	0.311071	4.845884
23448	-2590.439	-2799.261	208.822	0.8828097	0.125718	0.733236	0.266764	4.50836
23454	-2590.438	-2800.551	210.1135	1.195429	0.09757515	0.482384	0.517616	3.658921
23460	-2586.886	-2796.65	209.7647	1.046155	0.08064575	0.454606	0.545394	3.988716
23466	-2586.183	-2795.779	209.5953	1.046155	0.103413	0.544381	0.455619	4.028391
23472	-2584.522	-2794.047	209.5252	0.9840755	0.09111841	0.687379	0.312621	4.133825
23478	-2590.812	-2799.763	208.9509	0.8149509	0.1277451	0.64193	0.35807	4.469702
23484	-2589.515	-2796.549	207.0345	0.9423322	0.1332457	0.446203	0.553797	5.45329
23490	-2588.237	-2797.335	209.0981	1.078273	0.07679918	0.587167	0.412833	4.35927
23496	-2597.548	-2807	209.4518	1.094722	0.05600273	0.474214	0.525786	4.206709
23502	-2586.926	-2796.475	209.5485	1.134884	0.07459917	0.606334	0.393666	4.077507
23508	-2595.764	-2806.848	211.0837	1.385527	0.113721	0.536352	0.463648	2.935075
23514	-2604.727	-2814.172	209.4453	1.363361	0.05017608	0.615632	0.384368	4.074263
23520	-2602.536	-2809.462	206.9253	1.197226	0.05017608	0.648894	0.351106	5.574026
23526	-2594.738	-2802.25	207.5123	1.131815	0.08426914	0.487277	0.512723	5.196012
23532	-2589.726	-2798.101	208.3755	1.109377	0.08426914	0.612282	0.387718	4.72852
23538	-2587.561	-2795.846	208.2854	1.102053	0.08426914	0.708385	0.291615	4.782942
23544	-2605.852	-2815.85	209.9978	1.216344	0.0747003	0.72243	0.27757	3.773118
23550	-2614.69	-2825.077	210.3877	1.310326	0.09859686	0.714115	0.285885	3.429875
23556	-2595.014	-2805.471	210.4576	1.196346	0.09859686	0.577972	0.422028	3.455688
23562	-2580.492	-2789.768	209.2767	1.151942	0.09124672	0.464848	0.535152	4.179325
23568	-2583.101	-2792.47	209.3696	1.156519	0.06354661	0.500643	0.499357	4.19716
23574	-2589.53	-2797.846	208.3159	1.02759	0.07022207	0.648404	0.351596	4.843941
23580	-2576.688	-2787.288	210.6002	1.221035	0.07022207	0.695074	0.304926	3.432941
23586	-2584.758	-2795.68	210.9222	1.212416	0.06330367	0.695074	0.304926	3.268438
23592	-2595.587	-2805.751	210.1641	1.167799	0.06453849	0.513134	0.486866	3.733277
23598	-2579.277	-2787.866	208.5895	0.917724	0.0630871	0.603522	0.396478	4.771899
23604	-2574.094	-2783.669	209.5751	1.100814	0.09978842	0.660711	0.339289	4.017485
23610	-2575.627	-2786.429	210.8017	1.166124	0.06965571	0.605928	0.394072	3.348527
23616	-2575.379	-2785.423	210.0439	1.145537	0.06965571	0.571824	0.428176	3.801107
23622	-2586.065	-2794.325	208.2598	1.063253	0.07841425	0.594882	0.405118	4.833823
23628	-2590.894	-2799.994	209.1004	1.056119	0.1124931	0.419696	0.580304	4.282845
23634	-2599.551	-2808.476	208.9244	1.103497	0.0758654	0.645589	0.354411	4.445453
23640	-2604.936	-2813.771	208.8347	1.09805	0.0738562	0.628044	0.371956	4.504347
23646	-2600.864	-2809.958	209.0938	1.180756	0.07688217	0.590748	0.409252	4.303539
23652	-2603.677	-2812.462	208.7856	1.328287	0.07861127	0.610381	0.389619	4.389808
23658	-2578.634	-2786.677	208.0434	1.070806	0.07709531	0.547492	0.452508	4.953579
23664	-2582.424	-2792.185	209.7609	1.047933	0.1125587	0.685271	0.314729	3.911164
23670	-2570.002	-2779.893	209.8911	1.264543	0.09175338	0.598743	0.401257	3.762141
23676	-2576.486	-2784.293	207.8071	1.043232	0.1102551	0.549017	0.450983	5.019886
23682	-2577.548	-2787.1	209.5519	1.183501	0.08923194	0.702103	0.297897	4.009663
23688	-2583.838	-2792.14	208.302	0.9888975	0.08923194	0.668631	0.331369	4.824381
23694	-2575.689	-2785.181	209.492	1.001185	0.09178763	0.538086	0.461914	4.141265
23700	-2581.863	-2788.997	207.134	1.001185	0.1105952	0.538086	0.461914	5.414596
23706	-2580.155	-2789.147	208.9918	1.256762	0.06416942	0.558527	0.441473	4.352573
23712	-2572.725	-2781.399	208.674	1.071315	0.05638555	0.729534	0.270466	4.65723
23718	-2576.575	-2785.072	208.4969	1.209462	0.06427711	0.729534	0.270466	4.65723
23724	-2580.275	-2788.736	208.4607	1.095566	0.06104514	0.509082	0.490918	4.7501
23730	-2583.837	-2793.207	209.3697	1.176868	0.08132188	0.446032	0.553968	4.137611
23736	-2586.368	-2796.531	210.1635	1.254996	0.1001539	0.758675	0.241325	3.588983
23742	-2581.636	-2790.954	209.3184	1.176652	0.09444467	0.74594	0.25406	4.133647
23748	-2574.923	-2782.338	207.4144	1.041896	0.09444467	0.510879	0.489121	5.274926
23754	-2571.434	-2781.701	210.2669	1.242637	0.1132379	0.547482	0.452518	3.504563
23760	-2579.005	-2789.379	210.374	1.284617	0.07872168	0.559257	0.440743	3.504563
23766	-2571.311	-2781.119	209.8083	1.284617	0.08380315	0.561339	0.438661	3.818666
23772	-2574.984	-2784.89	209.9054	1.112944	0.1008246	0.528316	0.471684	3.818666
23778	-2582.559	-2790.728	208.1686	1.206294	0.05107103	0.654904	0.345096	4.87904
23784	-2584.31	-2794.341	210.0304	1.215146	0.05121541	0.561953	0.438047	3.821128
23790	-2598.321	-2808.921	210.6002	1.251661	0.08530271	0.588516	0.411484	3.373919
23796	-2585.197	-2795.492	210.2954	1.16952	0.06914386	0.588516	0.411484	3.643446
23802	-2577.537	-2787.986	210.4494	1.434123	0.05624787	0.533963	0.466037	3.436481
23808	-2594.287	-2805.372	211.0849	1.357121	0.0824575	0.563756	0.436244	3.031819
23814	-2586.771	-2797.017	210.2461	1.218621	0.09550215	0.674759	0.325241	3.57374
23820	-2586.293	-2794.974	208.6812	0.9501805	0.08759341	0.610872	0.389128	4.638124
23826	-2591.576	-2800.495	208.9186	1.006072	0.08402108	0.638456	0.361544	4.482447
23832	-2591.648	-2801.013	209.3649	1.117453	0.07563093	0.62947	0.37053	4.189093
23838	-2594.593	-2806.308	211.7149	1.345479	0.0927691	0.779932	0.220068	2.628175
23844	-2599.86	-2809.999	210.1395	1.176463	0.102295	0.411774	0.588226	3.643269
23850	-2598.397	-2807.281	208.8841	1.008127	0.1309575	0.610374	0.389626	4.391614
23856	-2595.087	-2805.347	210.2598	1.195081	0.09305248	0.611963	0.388037	3.585616
23862	-2590.987	-2799.412	208.4247	1.009344	0.12474	0.724301	0.275699	4.662458
23868	-2577.634	-2785.816	208.1827	0.9421679	0.08628334	0.553788	0.446212	4.92422
23874	-2578.364	-2786.519	208.1543	0.9544749	0.07510201	0.5114	0.4886	4.961787
23880	-2587.037	-2793.806	206.7689	0.9270804	0.09282562	0.535594	0.464406	5.69706
23886	-2579.232	-2786.532	207.3001	0.9863306	0.09550488	0.520471	0.479529	5.366107
23892	-2586.681	-2793.779	207.0981	1.194994	0.09397235	0.546138	0.453862	5.366107
23898	-2598.645	-2810.125	211.4798	1.264942	0.06151775	0.527222	0.472778	2.909647
23904	-2594.441	-2805.859	211.4179	1.264942	0.07434599	0.527222	0.472778	2.909647
23910	-2597.074	-2807.126	210.0514	1.261293	0.09770597	0.527222	0.472778	3.656412
23916	-2597.64	-2806.82	209.1801	1.354985	0.09193821	0.694649	0.305351	4.117078
23922	-2603.365	-2814.129	210.7639	1.225342	0.09193821	0.709966	0.290034	3.275671
23928	-2595.014	-2803.698	208.6839	1.062304	0.1008574	0.623079	0.376921	4.541362
23934	-2608.903	-2818.63	209.7273	1.020269	0.1008574	0.575378	0.424622	3.973951
23940	-2599.799	-2809.367	209.5673	1.19882	0.1008574	0.58487	0.41513	3.96332
23946	-2599.08	-2807.509	208.429	1.20195	0.07152667	0.560817	0.439183	4.679882
23952	-2595.792	-2805.11	209.3174	1.211075	0.09122578	0.657757	0.342243	4.122612
23958	-2589.478	-2798.427	208.9493	1.249075	0.1067479	0.651252	0.348748	4.272403
23964	-2586.276	-2796.079	209.8026	1.121999	0.104213	0.688399	0.311601	3.864394
23970	-2591.411	-2800.296	208.8853	1.18529	0.08177092	0.569046	0.430954	4.405994
23976	-2588.261	-2798.218	209.9565	1.161799	0.1063171	0.528497	0.471503	3.747855
23982	-2588.978	-2798.527	209.5486	1.12244	0.09847803	0.452727	0.547273	4.023436
23988	-2586.291	-2795.277	208.9853	1.125013	0.08284816	0.678761	0.321239	4.380804
23994	-2598.907	-2807.91	209.0031	1.268668	0.07428014	0.490425	0.509575	4.312036
24000	-2606.153	-2815.24	209.0866	1.222752	0.08238795	0.695482	0.304518	4.269485
24006	-2593.483	-2804.489	211.0069	1.253502	0.07806317	0.463403	0.536597	3.152227
24012	-2590.568	-2802.028	211.4606	1.266651	0.08038647	0.561067	0.438933	2.865807
24018	-2582.107	-2793.385	211.2786	1.274311	0.1215629	0.561067	0.438933	2.865807
24024	-2594.178	-2803.549	209.3706	1.198481	0.1002798	0.673555	0.326445	4.077222
24030	-2587.428	-2797.009	209.5814	1.222245	0.05014942	0.48163	0.51837	4.077222
24036	-2574.141	-2782.889	208.7472	1.111777	0.08919232	0.619898	0.380102	4.506338
24042	-2579.142	-2788.007	208.8653	1.301814	0.06427879	0.617703	0.382297	4.39828
24048	-2593.457	-2803.243	209.7857	1.273678	0.1268645	0.634184	0.365816	3.734784
24054	-2588.311	-2798.486	210.1751	1.101039	0.0958763	0.604494	0.395506	3.682134
24060	-2588.497	-2799.805	211.3079	1.548549	0.0958763	0.55672	0.44328	2.745161
24066	-2595.47	-2805.01	209.5406	1.258094	0.05033621	0.458125	0.541875	4.07946
24072	-2583.339	-2792.376	209.0372	1.272499	0.08388724	0.542952	0.457048	4.265429
24078	-2580.06	-2789.32	209.2607	1.049022	0.08388724	0.66085	0.33915	4.265429
24084	-2589.942	-2799.344	209.4023	1.097659	0.08353496	0.662385	0.337615	4.158406
24090	-2579.52	-2789.772	210.2517	1.163843	0.05608328	0.652637	0.347363	3.709046
24096	-2593.65	-2803.851	210.2005	1.215048	0.05608328	0.555584	0.444416	3.709046
24102	-2603.233	-2814.18	210.9478	1.215048	0.1053552	0.538542	0.461458	3.138945
24108	-2592.114	-2801.719	209.6051	1.124946	0.1050544	0.628552	0.371448	3.973861
24114	-2583.824	-2792.343	208.5189	1.135795	0.09331908	0.669395	0.330605	4.610881
24120	-2576.069	-2783.949	207.8798	1.028436	0.07451331	0.601329	0.398671	5.074668
24126	-2576.057	-2784.09	208.033	1.236827	0.06934284	0.601329	0.398671	4.887361
24132	-2574.224	-2783.637	209.4129	1.245915	0.06934284	0.485577	0.514423	4.105738
24138	-2587.445	-2797.609	210.1639	1.223471	0.07492678	0.547181	0.452819	3.672439
24144	-2593.418	-2803.848	210.4302	1.164137	0.1087812	0.71638	0.28362	3.465641
24150	-2585.693	-2793.474	207.7812	1.096996	0.06632058	0.652519	0.347481	5.113041
24156	-2584.038	-2793.898	209.8606	1.084241	0.09197226	0.635286	0.364714	3.882847
24162	-2579.774	-2788.641	208.8672	1.035501	0.07637754	0.635286	0.364714	4.514618
24168	-2589.707	-2799.516	209.8093	0.9739378	0.07590573	0.635286	0.364714	4.017029
24174	-2580.554	-2788.839	208.2851	0.9739378	0.1025893	0.512344	0.487656	4.810035
24180	-2594.559	-2803.791	209.2313	1.115492	0.08795851	0.683744	0.316256	4.234049
24186	-2600.014	-2810.381	210.3668	1.115492	0.06571418	0.515533	0.484467	3.642948
24192	-2597.172	-2807.55	210.3782	1.240737	0.08166133	0.654602	0.345398	3.519784
24198	-2595.062	-2805.06	209.9978	1.215004	0.1046383	0.605978	0.394022	3.697278
24204	-2578.091	-2788.376	210.2855	1.142629	0.1151525	0.584124	0.415876	3.547536
24210	-2590.499	-2800.758	210.259	1.305846	0.08006106	0.546894	0.453106	3.555569
24216	-2590.908	-2801.822	210.9136	1.247251	0.06385523	0.638573	0.361427	3.251352
24222	-2585.149	-2796.579	211.4302	1.252061	0.09435759	0.638573	0.361427	2.855226
24228	-2580.035	-2789.673	209.638	1.155193	0.06390553	0.513942	0.486058	4.044152
24234	-2577.677	-2787.334	209.6572	0.9283119	0.1102951	0.617859	0.382141	4.044152
24240	-2576.456	-2786.391	209.9355	1.16318	0.1140098	0.685298	0.314702	3.741097
24246	-2585.159	-2793.959	208.8007	1.283227	0.07131869	0.523229	0.476771	4.426013
24252	-2585.063	-2795.898	210.8358	1.383686	0.08705821	0.608928	0.391072	3.152128
24258	-2577.09	-2784.356	207.2659	0.8512561	0.105086	0.51527	0.48473	5.437025
24264	-2586.195	-2792.956	206.7605	0.7955285	0.105086	0.487757	0.512243	5.745107
24270	-2583.101	-2791.533	208.4322	0.9367228	0.07383003	0.638398	0.361602	4.820214
24276	-2589.858	-2798.293	208.4351	0.8595869	0.09007031	0.638398	0.361602	4.820214
24282	-2587.43	-2794.788	207.3588	0.8756218	0.07703595	0.567633	0.432367	5.440489
24288	-2584.459	-2792.539	208.0801	1.01439	0.1376894	0.567633	0.432367	4.825082
24294	-2584.409	-2793.16	208.7508	0.9914029	0.08862412	0.397576	0.602424	4.573361
24300	-2581.848	-2791.809	209.9603	1.082253	0.09509752	0.736764	0.263236	3.818874
24306	-2580.988	-2789.151	208.163	0.8926164	0.08082353	0.51064	0.48936	4.976525
24312	-2588.289	-2797.408	209.1182	1.075833	0.1120463	0.703373	0.296627	4.262622
24318	-2580.778	-2789.933	209.155	0.9390831	0.09681965	0.614555	0.385445	4.355069
24324	-2585.456	-2794.5	209.0443	1.127291	0.07943714	0.5785	0.4215	4.355069
24330	-2585.726	-2793.758	208.0317	1.127291	0.09278728	0.542944	0.457056	4.889173
24336	-2590.728	-2799.257	208.5287	1.131464	0.06591125	0.647497	0.352503	4.678678
24342	-2581.005	-2790.719	209.714	1.001701	0.06432549	0.5397	0.4603	4.087183
24348	-2577.495	-2787.954	210.4595	1.20857	0.09264739	0.63774	0.36226	3.46241
24354	-2591.304	-2801.968	210.6645	1.149545	0.09264739	0.758506	0.241494	3.37697
24360	-2584.405	-2793.591	209.1861	1.114502	0.08212531	0.556686	0.443314	4.275118
24366	-2574.36	-2784.494	210.1338	1.407696	0.08212531	0.556686	0.443314	3.563656
24372	-2566.683	-2777.593	210.9101	1.313812	0.06745261	0.553533	0.446467	3.203697
24378	-2573.435	-2783.346	209.9112	1.369178	0.09302449	0.501776	0.498224	3.686842
24384	-2572.385	-2780.575	208.1899	1.132626	0.09271452	0.612656	0.387344	4.798175
24390	-2587.516	-2795.947	208.431	1.095142	0.04983254	0.612656	0.387344	4.798175
24396	-2585.926	-2793.793	207.867	1.095142	0.07243493	0.612118	0.387882	5.050188
24402	-2576.016	-2783.648	207.6326	1.00462	0.0822862	0.453621	0.546379	5.204824
24408	-2578.056	-2785.973	207.9171	1.139788	0.1174866	0.716884	0.283116	4.888891
24414	-2575.562	-2784.591	209.029	1.139788	0.07980829	0.510128	0.489872	4.355677
24420	-2573.26	-2782.343	209.0825	1.139788	0.07252212	0.601533	0.398467	4.344694
24426	-2575.595	-2781.422	205.8262	1.087261	0.07193744	0.566537	0.433463	6.176388
24432	-2566.241	-2774.907	208.6657	1.008958	0.08143486	0.512334	0.487666	4.629501
24438	-2569.203	-2777.477	208.2744	1.102786	0.08143486	0.547826	0.452174	4.79589
24444	-2574.766	-2784.166	209.4002	1.24944	0.0575624	0.547826	0.452174	4.143728
24450	-2588.631	-2797.533	208.9028	1.236729	0.06399533	0.438983	0.561017	4.414592
24456	-2583.565	-2792.926	209.3613	1.214091	0.05324093	0.641398	0.358602	4.198213
24462	-2578.774	-2787.133	208.3588	1.183512	0.06792506	0.520124	0.479876	4.739118
24468	-2584.165	-2790.64	206.4755	1.069645	0.05882586	0.520124	0.479876	5.866732
24474	-2578.573	-2786.611	208.0378	1.039462	0.07379906	0.628187	0.371813	4.982713
24480	-2577.848	-2785.928	208.0796	1.075525	0.05775048	0.513315	0.486685	4.982713
24486	-2578.242	-2786.744	208.5024	1.075525	0.09627802	0.704332	0.295668	4.646742
24492	-2577.611	-2786.106	208.4951	1.134005	0.08466942	0.579717	0.420283	4.646742
24498	-2578.422	-2786.295	207.8726	1.005473	0.07371084	0.564675	0.435325	5.093516
24504	-2579.876	-2789.253	209.3774	1.12025	0.06884976	0.545336	0.454664	4.19872
24510	-2587.022	-2794.632	207.6101	0.9581228	0.09440096	0.582146	0.417854	5.213123
24516	-2585.159	-2793.872	208.7137	0.957592	0.06674135	0.556557	0.443443	4.670169
24522	-2582.386	-2791.002	208.6163	1.19581	0.07599417	0.554667	0.445333	4.566494
24528	-2578.259	-2786.969	208.7103	1.238996	0.09085164	0.522048	0.477952	4.451363
24534	-2576.364	-2784.5	208.136	1.238407	0.06028188	0.606047	0.393953	4.853689
24540	-2581.806	-2789.963	208.1573	0.9639552	0.1111242	0.723295	0.276705	4.86722
24546	-2590.443	-2798.546	208.1029	0.8282153	0.08331444	0.619205	0.380795	5.039369
24552	-2594.964	-2804.734	209.7697	1.09369	0.06530778	0.619205	0.380795	4.00019
24558	-2581.563	-2790.534	208.9701	1.107714	0.08220641	0.563581	0.436419	4.400798
24564	-2578.884	-2788.775	209.8916	1.356223	0.1171732	0.673619	0.326381	3.647566
24570	-2575.357	-2784.774	209.4173	1.157901	0.1171732	0.671673	0.328327	4.034278
24576	-2574.214	-2784.463	210.2488	1.072105	0.1116801	0.428074	0.571926	3.61794
24582	-2589.823	-2798.727	208.9041	1.097916	0.08139697	0.540739	0.459261	4.445623
24588	-2573.949	-2781.732	207.7833	1.097916	0.06625176	0.63154	0.36846	5.111528
24594	-2562.287	-2772.696	210.4087	1.362489	0.08678469	0.603041	0.396959	3.417324
24600	-2570.956	-2781.583	210.6269	1.290606	0.1110786	0.592284	0.407716	3.270341
24606	-2578.867	-2789.696	210.8293	1.412552	0.1020939	0.598721	0.401279	3.099988
24612	-2578.286	-2788.94	210.6542	1.243992	0.09754541	0.656038	0.343962	3.315043
24618	-2581.241	-2789.972	208.7301	1.13152	0.08336337	0.589458	0.410542	4.519604
24624	-2593.415	-2801.255	207.8398	1.004936	0.05568768	0.712349	0.287651	5.160616
24630	-2589.686	-2797.504	207.8175	1.118105	0.06972952	0.657881	0.342119	5.072117
24636	-2584.645	-2794.097	209.4523	1.033235	0.07960521	0.653975	0.346025	4.176783
24642	-2592.292	-2802.34	210.0487	1.029084	0.09145094	0.512844	0.487156	3.807751
24648	-2603.114	-2812.946	209.832	1.314758	0.0669918	0.669734	0.330266	3.833079
24654	-2594.627	-2803.187	208.5598	0.9892092	0.0822404	0.561039	0.438961	4.697762
24660	-2581.468	-2791.562	210.0946	1.285022	0.05250859	0.655634	0.344366	3.740125
24666	-2584.281	-2793.428	209.1466	1.096663	0.08249013	0.586918	0.413082	4.306601
24672	-2578.085	-2787.817	209.7319	1.096663	0.0934774	0.593523	0.406477	3.94572
24678	-2584.61	-2794.706	210.0958	1.324421	0.08254049	0.671747	0.328253	3.632985
24684	-2583.439	-2793.652	210.2125	1.188395	0.08682281	0.591888	0.408112	3.632985
24690	-2579.626	-2790.298	210.672	1.122413	0.07624733	0.579787	0.420213	3.431938
24696	-2581.936	-2791.507	209.5704	1.18874	0.05460646	0.570194	0.429806	4.089798
24702	-2590.375	-2800.465	210.09	1.332533	0.08902076	0.570194	0.429806	3.614734
24708	-2593.085	-2802.78	209.6946	1.174538	0.06159852	0.593028	0.406972	4.007286
24714	-2578.007	-2786.672	208.6641	0.9845478	0.09367763	0.593028	0.406972	4.613399
24720	-2600.675	-2809.995	209.3202	1.067928	0.06392717	0.603065	0.396935	4.274337
24726	-2597.139	-2807.918	210.7788	1.377364	0.0849197	0.508837	0.491163	3.195412
24732	-2598.247	-2807.097	208.8503	1.128654	0.06855003	0.581432	0.418568	4.492616
24738	-2594.17	-2801.333	207.1632	0.8423378	0.1300469	0.581432	0.418568	5.444108
24744	-2595.333	-2802.185	206.8524	0.9930093	0.1446599	0.666308	0.333692	5.50268
24750	-2590.676	-2799.058	208.3823	0.8323807	0.1109243	0.625598	0.374402	4.815538
24756	-2587.839	-2797.197	209.3582	0.9914052	0.1104708	0.625598	0.374402	4.177986
24762	-2595.696	-2804.732	209.0355	1.054879	0.1021045	0.555417	0.444583	4.344472
24768	-2592.25	-2800.41	208.1602	1.154422	0.1016871	0.631213	0.368787	4.781129
24774	-2588.555	-2797.099	208.5437	0.9161528	0.1171314	0.463854	0.536146	4.664615
24780	-2601.635	-2810.123	208.4881	0.9717274	0.1171314	0.503417	0.496583	4.664615
24786	-2604.661	-2813.652	208.9909	0.9510798	0.1532605	0.64404	0.35596	4.318051
24792	-2595.964	-2805.048	209.0837	1.001913	0.1034225	0.482156	0.517844	4.344054
24798	-2594.419	-2803.134	208.7146	0.8849973	0.09405079	0.568889	0.431111	4.639988
24804	-2588.583	-2798.346	209.7629	1.031697	0.08088571	0.56363	0.43637	3.997349
24810	-2601.581	-2811.726	210.1456	1.121926	0.1052868	0.683325	0.316675	3.664067
24816	-2580.695	-2788.647	207.9521	1.051414	0.06310731	0.550369	0.449631	5.052215
24822	-2582.656	-2789.366	206.7096	1.046944	0.07705331	0.559077	0.440923	5.702911
24828	-2584.054	-2791.878	207.8243	1.048492	0.07806169	0.559077	0.440923	5.085144
24834	-2610.271	-2818.882	208.6111	0.8440284	0.0845679	0.53215	0.46785	4.744375
24840	-2594.794	-2803.081	208.2866	0.9926777	0.0845679	0.706239	0.293761	4.842557
24846	-2595.583	-2805.446	209.8636	1.171149	0.06373184	0.680644	0.319356	3.906469
24852	-2592.651	-2802.882	210.2312	1.416733	0.07328559	0.576193	0.423807	3.525611
24858	-2577.656	-2787.781	210.1259	1.141991	0.06603045	0.543174	0.456826	3.766007
24864	-2576.099	-2784.002	207.9026	1.17879	0.06093711	0.482066	0.517934	5.014899
24870	-2580.802	-2790.52	209.7182	1.152121	0.07009462	0.622718	0.377282	3.983015
24876	-2594.938	-2806.152	211.2145	1.436505	0.09280038	0.536997	0.463003	2.878236
24882	-2586.073	-2796.923	210.8499	1.39449	0.100779	0.536997	0.463003	3.101786
24888	-2584.099	-2795.322	211.2233	1.39449	0.0863145	0.557114	0.442886	2.91568
24894	-2577.346	-2786.35	209.0042	1.202342	0.07507051	0.594725	0.405275	4.346794
24900	-2596.007	-2805.863	209.8564	1.141811	0.1055646	0.586448	0.413552	3.81884
24906	-2594.967	-2804.35	209.383	1.141811	0.08732719	0.600855	0.399145	4.134535
24912	-2603.282	-2812.853	209.5712	1.283579	0.1238854	0.620167	0.379833	3.859164
24918	-2594.582	-2805.915	211.3324	1.447412	0.07518431	0.517325	0.482675	2.848602
24924	-2606.971	-2818.03	211.0587	1.447412	0.07265804	0.683017	0.316983	3.020745
24930	-2612.043	-2821.439	209.3966	1.1657	0.09917075	0.683017	0.316983	4.083758
24936	-2593.623	-2802.009	208.3852	0.9817742	0.116621	0.56402	0.43598	4.717694
24942	-2581.885	-2790.25	208.3657	0.8983907	0.1190232	0.552389	0.447611	4.769917
24948	-2585.317	-2793.976	208.659	1.257681	0.07694448	0.613264	0.386736	4.50523
24954	-2600.737	-2811.241	210.504	1.105534	0.1087629	0.590358	0.409642	3.456788
24960	-2598.794	-2808.347	209.553	1.035702	0.1027471	0.496382	0.503618	4.060087
24966	-2591.561	-2802.292	210.7307	1.263352	0.09491043	0.466693	0.533307	3.265181
24972	-2584.87	-2795.356	210.4856	1.265218	0.09937037	0.593441	0.406559	3.397036
24978	-2591.088	-2801.882	210.7936	1.240175	0.06213608	0.6328	0.3672	3.331253
24984	-2586.602	-2795.663	209.0612	1.149987	0.08136966	0.567873	0.432127	4.327645
24990	-2597.367	-2806.978	209.6114	1.072	0.1239185	0.551141	0.448859	3.957364
24996	-2589.369	-2799.297	209.9289	1.140824	0.08364944	0.516139	0.483861	3.832402
25002	-2590.617	-2798.873	208.256	0.9230211	0.1007701	0.532224	0.467776	4.858888
25008	-2585.034	-2792.43	207.3956	0.964816	0.06765482	0.57538	0.42462	5.395579
25014	-2582.582	-2789.85	207.2682	1.092252	0.06765482	0.57538	0.42462	5.395579
25020	-2580.53	-2789.98	209.4506	1.08845	0.06765482	0.57538	0.42462	4.178472
25026	-2578.73	-2786.283	207.5523	1.025926	0.08171471	0.630725	0.369275	5.238869
25032	-2584.254	-2791.893	207.6386	1.025926	0.06350617	0.579201	0.420799	5.238869
25038	-2569.784	-2778.849	209.0653	1.055028	0.1416686	0.644717	0.355283	4.240337
25044	-2577.763	-2786.591	208.828	1.087237	0.1021182	0.499004	0.500996	4.443235
25050	-2584.274	-2793.201	208.927	1.098166	0.07204528	0.562139	0.437861	4.457161
25056	-2594.978	-2803.633	208.6556	1.098166	0.09987902	0.560673	0.439327	4.53941
25062	-2581.698	-2791.556	209.8576	1.171416	0.08428402	0.559215	0.440785	3.854158
25068	-2583.206	-2792.884	209.6782	1.237456	0.1014233	0.607984	0.392016	3.87626
25074	-2592.952	-2802.984	210.032	1.451591	0.09835602	0.654553	0.345447	3.555637
25080	-2593.592	-2799.936	206.3441	1.06764	0.06601309	0.578987	0.421013	5.920328
25086	-2588.15	-2798.329	210.1794	1.173142	0.1096576	0.668924	0.331076	3.604369
25092	-2581.85	-2791.469	209.6189	1.216718	0.1126087	0.541837	0.458163	3.895693
25098	-2592.547	-2801.135	208.5874	0.9980319	0.1442385	0.541367	0.458633	4.536932
25104	-2589.801	-2798.986	209.1843	1.27173	0.09686256	0.590036	0.409964	4.149867
25110	-2583.703	-2794.59	210.8872	1.547804	0.09058652	0.566608	0.433392	3.014164
25116	-2601.814	-2810.917	209.103	1.536078	0.07217494	0.439839	0.560161	4.109245
25122	-2589.067	-2798.221	209.1544	1.321069	0.07859941	0.61804	0.38196	4.185134
25128	-2601.021	-2811.431	210.4098	1.35126	0.1420363	0.675298	0.324702	3.292819
25134	-2592.668	-2803.626	210.9581	1.408146	0.1053942	0.571653	0.428347	3.017427
25140	-2593.702	-2804.555	210.8531	1.350446	0.07802903	0.571653	0.428347	3.186037
25146	-2588.898	-2799.178	210.2795	1.450168	0.07153086	0.568187	0.431813	3.482808
25152	-2592.511	-2802.442	209.9313	1.08496	0.1031447	0.592216	0.407784	3.814281
25158	-2591.357	-2799.023	207.6658	0.8302808	0.07025235	0.498423	0.501577	5.31392
25164	-2584.442	-2794.026	209.5845	1.15686	0.08986483	0.622749	0.377251	4.004655
25170	-2584.766	-2793.09	208.3237	1.076071	0.09507175	0.699628	0.300372	4.74931
25176	-2585.21	-2794.303	209.0931	1.029881	0.09838596	0.590837	0.409163	4.334966
25182	-2581.202	-2790.419	209.2169	0.9537397	0.0874776	0.71024	0.28976	4.334966
25188	-2591.207	-2800.363	209.1557	1.126787	0.07192157	0.61892	0.38108	4.312305
25194	-2589.105	-2798.248	209.1424	1.076141	0.09054846	0.61892	0.38108	4.300148
25200	-2582.891	-2792.445	209.5541	0.9901673	0.07051662	0.748544	0.251456	4.167708
25206	-2577.465	-2785.631	208.1659	1.052315	0.09876737	0.67968	0.32032	4.841793
25212	-2579.138	-2788.205	209.067	1.079793	0.09876737	0.535708	0.464292	4.320572
25218	-2579.109	-2787.09	207.9805	1.011296	0.08052955	0.637291	0.362709	5.012758
25224	-2572.875	-2781.616	208.7411	1.261706	0.08052955	0.645044	0.354956	4.44742
25230	-2576.093	-2783.568	207.475	0.9037993	0.07560286	0.645044	0.354956	5.36459
25236	-2580.733	-2788.845	208.1113	0.9667003	0.1232668	0.574754	0.425246	4.864522
25242	-2593.325	-2801.677	208.3522	0.9667003	0.06767226	0.534702	0.465298	4.864522
25248	-2587.356	-2796.276	208.9208	1.078634	0.09395744	0.430552	0.569448	4.415474
25254	-2585.018	-2794.126	209.1081	1.104113	0.08866832	0.522913	0.477087	4.308471
25260	-2581.365	-2789.921	208.5559	0.95758	0.08866832	0.522913	0.477087	4.70148
25266	-2595.64	-2803.32	207.6791	0.95758	0.08319957	0.513748	0.486252	5.202825
25272	-2590.442	-2797.105	206.6633	0.8834259	0.08319957	0.65464	0.34536	5.802305
25278	-2594.427	-2804.417	209.9898	1.260227	0.0728237	0.651808	0.348192	3.757501
25284	-2583.578	-2792.186	208.6073	0.9974734	0.09336349	0.651808	0.348192	4.638754
25290	-2583.757	-2794.043	210.2866	1.184596	0.09500065	0.54394	0.45606	3.571223
25296	-2584.532	-2794.786	210.2541	1.162377	0.09281117	0.534562	0.465438	3.608541
25302	-2590.937	-2801.91	210.9726	1.187157	0.07080261	0.613876	0.386124	3.232141
25308	-2591.618	-2802.01	210.3925	1.173557	0.07080261	0.439652	0.560348	3.580133
25314	-2599.244	-2808.285	209.0408	1.262754	0.06073585	0.575671	0.424329	4.331052
25320	-2582.389	-2791.849	209.4609	1.130377	0.07983766	0.643417	0.356583	4.116074
25326	-2587.225	-2797.327	210.1013	1.030156	0.09276472	0.603576	0.396424	3.773484
25332	-2583.74	-2793.752	210.0117	1.069972	0.08210789	0.5523	0.4477	3.829577
25338	-2593.806	-2802.794	208.9878	1.003762	0.09177302	0.649462	0.350538	4.425287
25344	-2596.202	-2802.612	206.4097	0.8977353	0.07668017	0.650128	0.349872	5.949543
25350	-2596.446	-2808.503	212.0571	1.31646	0.166487	0.59388	0.40612	2.255059
25356	-2589.296	-2797.617	208.3218	1.101376	0.105636	0.654519	0.345481	4.711205
25362	-2580.87	-2790.351	209.4811	1.016026	0.07743083	0.654519	0.345481	4.175909
25368	-2587.043	-2793.916	206.8727	0.878605	0.07743083	0.598038	0.401962	5.704813
25374	-2590.831	-2799.236	208.4041	1.165996	0.07629487	0.636884	0.363116	4.701368
25380	-2591.164	-2799.012	207.8482	0.967896	0.1140926	0.648147	0.351853	5.030281
25386	-2600.15	-2808.364	208.2146	0.9359236	0.1371177	0.58364	0.41636	4.794955
25392	-2586.982	-2795.174	208.1924	1.000996	0.09759	0.58364	0.41636	4.858468
25398	-2588.465	-2798.521	210.0551	1.101205	0.0832437	0.58364	0.41636	3.783644
25404	-2590.82	-2801.004	210.1842	1.171939	0.1108258	0.602884	0.397116	3.5995
25410	-2588.786	-2798.065	209.2796	1.060074	0.086239	0.622048	0.377952	4.242424
25416	-2582.175	-2790.761	208.586	0.9012938	0.106283	0.622048	0.377952	4.673845
25422	-2596.9	-2805.372	208.472	1.108148	0.06827816	0.597427	0.402573	4.717003
25428	-2597.085	-2806.726	209.6416	1.108148	0.07315401	0.474235	0.525765	4.043566
25434	-2591.458	-2801.909	210.4506	1.108148	0.08602909	0.576171	0.423829	3.543316
25440	-2581.401	-2789.726	208.3242	1.089095	0.08720051	0.502023	0.497977	4.761126
25446	-2575.732	-2784.633	208.901	1.089095	0.07939002	0.519053	0.480947	4.457567
25452	-2582.991	-2792.404	209.4131	1.317052	0.05854336	0.53422	0.46578	4.095133
25458	-2585.885	-2793.87	207.9844	0.9855411	0.08023883	0.581962	0.418038	5.025646
25464	-2585.799	-2794.525	208.7259	0.9518259	0.07414076	0.674071	0.325929	4.646782
25470	-2574.734	-2784.802	210.0683	1.099788	0.08849934	0.579136	0.420864	3.763222
25476	-2577.676	-2786.702	209.0257	1.213395	0.05616391	0.504797	0.495203	4.380239
25482	-2588.917	-2799.837	210.9198	1.311013	0.1085119	0.502701	0.497299	3.090691
25488	-2584.019	-2794.222	210.2034	1.101794	0.09783222	0.447356	0.552644	3.660465
25494	-2582.132	-2792.303	210.1704	1.174021	0.08883023	0.691697	0.308303	3.660465
25500	-2585.462	-2793.477	208.0148	1.174021	0.04611263	0.633347	0.366653	4.99636
25506	-2585.544	-2795.409	209.8653	1.174021	0.1071994	0.633347	0.366653	3.791294
25512	-2599.572	-2807.233	207.6614	1.174021	0.08812342	0.627929	0.372071	5.080441
25518	-2589.249	-2797.338	208.0893	0.9863674	0.08812342	0.588726	0.411274	4.947061
25524	-2583.801	-2790.809	207.0075	1.002899	0.09813548	0.610907	0.389093	5.511882
25530	-2577.299	-2785.666	208.3674	1.018469	0.08785679	0.607988	0.392012	4.774831
25536	-2574.047	-2783.244	209.1968	1.089556	0.07154833	0.662439	0.337561	4.311085
25542	-2587.753	-2797.718	209.9658	1.315972	0.05070531	0.499673	0.500327	3.801779
25548	-2596.406	-2808.193	211.7873	1.388722	0.05163228	0.665337	0.334663	2.676912
25554	-2598.734	-2809.575	210.8408	1.602727	0.09722294	0.478338	0.521662	2.991741
25560	-2613.306	-2824.547	211.2403	1.602727	0.07769603	0.468995	0.531005	2.803073
25566	-2593.673	-2802.82	209.1462	1.262566	0.09727885	0.481915	0.518085	4.175718
25572	-2594.201	-2803.051	208.8497	1.035306	0.1033552	0.748701	0.251299	4.457354
25578	-2588.718	-2797.354	208.6357	1.256865	0.07352274	0.55461	0.44539	4.52784
25584	-2569.644	-2778.302	208.6582	1.111728	0.1261021	0.610462	0.389538	4.470925
25590	-2572.491	-2781.265	208.7743	1.096624	0.100982	0.653146	0.346854	4.470925
25596	-2583.969	-2792.615	208.6464	1.119886	0.1270465	0.397465	0.602535	4.470925
25602	-2579.158	-2788.269	209.1109	1.105116	0.1330178	0.603116	0.396884	4.204062
25608	-2584.49	-2794.919	210.429	1.228534	0.1076546	0.603116	0.396884	3.43135
25614	-2582.94	-2793.305	210.3652	1.415683	0.07938499	0.603116	0.396884	3.43135
25620	-2585.442	-2795.778	210.3353	1.151018	0.1224298	0.595161	0.404839	3.496906
25626	-2594.029	-2804.344	210.3149	1.127941	0.113112	0.543068	0.456932	3.543729
25632	-2586.957	-2796.963	210.0066	1.14013	0.1017925	0.655119	0.344881	3.742374
25638	-2591.374	-2798.594	207.2197	1.059771	0.06794266	0.594648	0.405352	5.439423
25644	-2578.385	-2786.017	207.632	1.001487	0.08763546	0.49348	0.50652	5.193499
25650	-2588.668	-2797.241	208.5734	1.054713	0.08574259	0.594376	0.405624	4.644622
25656	-2594.431	-2802.9	208.4696	1.082448	0.1032538	0.539725	0.460275	4.644622
25662	-2586.032	-2796.129	210.0962	1.049802	0.1046063	0.589753	0.410247	3.735975
25668	-2573.963	-2783.972	210.0086	1.24735	0.1024065	0.647373	0.352627	3.677715
25674	-2582.265	-2792.509	210.2438	1.117059	0.0786523	0.526976	0.473024	3.677715
25680	-2577.852	-2788.419	210.5667	1.214987	0.07933908	0.574325	0.425675	3.431005
25686	-2581.569	-2791.316	209.7468	1.197864	0.0670563	0.574325	0.425675	3.948846
25692	-2574.51	-2784.262	209.7518	1.197864	0.06601262	0.666813	0.333187	3.948846
25698	-2580.164	-2789.617	209.4527	1.262583	0.06601262	0.592237	0.407763	4.082758
25704	-2575.565	-2786.278	210.7132	1.165224	0.089893	0.39702	0.60298	3.346225
25710	-2565.278	-2776.009	210.7317	1.209151	0.07619136	0.580759	0.419241	3.346225
25716	-2570.82	-2779.796	208.9763	1.180336	0.06923332	0.678089	0.321911	4.390616
25722	-2567.977	-2777.27	209.2923	1.425558	0.05286898	0.618928	0.381072	4.118303
25728	-2570.52	-2781.185	210.6642	1.145222	0.09389521	0.460448	0.539552	3.376491
25734	-2575.035	-2785.333	210.2972	1.096058	0.08922561	0.561386	0.438614	3.631153
25740	-2575.651	-2785.604	209.9532	1.158576	0.08922561	0.561386	0.438614	3.793826
25746	-2584.798	-2794.702	209.9037	1.14411	0.1040982	0.420159	0.579841	3.793826
25752	-2578.181	-2788.195	210.0145	1.180378	0.06922977	0.627136	0.372864	3.799174
25758	-2569.3	-2779.112	209.8112	1.180378	0.1155944	0.649293	0.350707	3.799174
25764	-2577.103	-2787.302	210.1988	1.055191	0.1155944	0.649293	0.350707	3.647651
25770	-2588.456	-2797.504	209.0483	0.9382259	0.1108337	0.650325	0.349675	4.382751
25776	-2577.901	-2785.37	207.4685	1.061476	0.1129941	0.66131	0.33869	5.191307
25782	-2577.897	-2787.174	209.2774	1.074331	0.1129941	0.569538	0.430462	4.171034
25788	-2587.429	-2795.642	208.2133	0.9497451	0.06446133	0.52967	0.47033	4.959953
25794	-2592.208	-2800.148	207.9402	1.055649	0.09270859	0.584676	0.415324	4.980148
25800	-2597.772	-2806.528	208.7565	0.9994619	0.08985437	0.541271	0.458729	4.56258
25806	-2599.945	-2807.551	207.6063	1.008916	0.07853842	0.674815	0.325185	5.226504
25812	-2606.206	-2816.115	209.9091	1.172111	0.124302	0.730751	0.269249	3.727853
25818	-2587.981	-2798.577	210.5959	1.314828	0.07071399	0.623233	0.376767	3.379138
25824	-2583.666	-2793.931	210.2643	1.293846	0.08869074	0.623233	0.376767	3.536768
25830	-2583.798	-2794.19	210.392	1.261928	0.07066809	0.630334	0.369666	3.529354
25836	-2583.977	-2793.459	209.4829	1.232471	0.07757683	0.63977	0.36023	4.051343
25842	-2587.015	-2796.525	209.51	1.232471	0.09700043	0.685459	0.314541	3.98626
25848	-2576.783	-2785.488	208.7055	1.067156	0.1018652	0.549053	0.450947	4.524093
25854	-2568.763	-2778.635	209.8716	1.245223	0.104565	0.60029	0.39971	3.752888
25860	-2576.858	-2786.699	209.8411	1.342304	0.08144516	0.60029	0.39971	3.772757
25866	-2588.341	-2797.956	209.6149	1.342304	0.08144516	0.569923	0.430077	3.902801
25872	-2584.061	-2795.319	211.2584	1.308835	0.1408484	0.613386	0.386614	2.813197
25878	-2581.567	-2792.933	211.3661	1.308835	0.1022205	0.509617	0.490383	2.83927
25884	-2583.314	-2794.209	210.8943	1.273599	0.09409468	0.508603	0.491397	3.164384
25890	-2580.403	-2790.242	209.839	1.109226	0.0650828	0.615477	0.384523	3.952298
25896	-2592.987	-2801.06	208.0732	1.040628	0.07253823	0.615477	0.384523	4.965674
25902	-2595.663	-2805.4	209.737	0.9940276	0.1347899	0.530602	0.469398	3.906569
25908	-2602.624	-2811.193	208.5693	0.9017631	0.09448144	0.711418	0.288582	4.710905
25914	-2582.159	-2790.608	208.4494	0.9641905	0.1081032	0.574024	0.425976	4.710905
25920	-2576.933	-2788.081	211.1479	1.249969	0.0740368	0.553317	0.446683	3.081555
25926	-2591.27	-2799.754	208.484	1.144939	0.1278079	0.545251	0.454749	4.546544
25932	-2580.887	-2788.66	207.7731	1.199354	0.07729738	0.56302	0.43698	5.03178
25938	-2580.555	-2788.932	208.3765	1.190909	0.08619936	0.56302	0.43698	4.67745
25944	-2588.839	-2799.485	210.6459	1.32233	0.09685258	0.607868	0.392132	3.275509
25950	-2595.115	-2805.481	210.3655	1.217845	0.1180935	0.6935	0.3065	3.450183
25956	-2590.102	-2800.091	209.989	1.09353	0.08218901	0.645385	0.354615	3.828878
25962	-2604.919	-2813.596	208.6771	1.013108	0.1024138	0.684934	0.315066	4.569132
25968	-2596.872	-2805.94	209.0681	1.022039	0.1050375	0.637229	0.362771	4.337687
25974	-2595.952	-2803.155	207.2021	0.8145899	0.07483287	0.586354	0.413646	5.565905
25980	-2597.096	-2804.441	207.3456	0.9649591	0.09088273	0.578938	0.421062	5.363913
25986	-2586.804	-2795.236	208.4322	0.9712592	0.1316324	0.659337	0.340663	4.664919
25992	-2578.163	-2787.093	208.9296	1.154649	0.09320458	0.656984	0.343016	4.369488
25998	-2576.874	-2786.275	209.4008	1.002861	0.1037911	0.633632	0.366368	4.162924
26004	-2571.075	-2779.519	208.4448	0.9508341	0.1061146	0.633105	0.366895	4.72551
26010	-2569.124	-2777.21	208.0861	1.072934	0.07744931	0.613056	0.386944	4.927684
26016	-2573.515	-2781.924	208.4084	1.013074	0.09838384	0.577662	0.422338	4.729258
26022	-2570.404	-2777.802	207.398	0.9538505	0.09590313	0.638323	0.361677	5.329072
26028	-2566.461	-2775.49	209.0288	0.9538505	0.1038304	0.571607	0.428393	4.401203
26034	-2576.105	-2784.808	208.7031	0.9945281	0.06018875	0.571607	0.428393	4.673369
26040	-2573.078	-2781.685	208.607	0.9107958	0.09922002	0.571607	0.428393	4.673369
26046	-2574.791	-2783.524	208.7324	1.049624	0.04120409	0.641316	0.358684	4.679166
26052	-2582.401	-2790.541	208.1397	0.9446578	0.1096315	0.641316	0.358684	4.89112
26058	-2576.083	-2784.04	207.9574	1.067966	0.074091	0.641316	0.358684	5.010781
26064	-2577.141	-2785.919	208.7777	1.155788	0.07062206	0.651458	0.348542	4.512578
26070	-2576.927	-2785.984	209.0565	1.193028	0.05536064	0.434865	0.565135	4.376633
26076	-2578.921	-2786.695	207.7747	1.127201	0.05320197	0.57333	0.42667	5.135799
26082	-2579.927	-2787.242	207.3146	1.175797	0.06154675	0.57333	0.42667	5.340352
26088	-2577.06	-2784.822	207.7622	0.9337395	0.07579102	0.487839	0.512161	5.188963
26094	-2588.142	-2795.914	207.772	0.9635252	0.06746125	0.679594	0.320406	5.188963
26100	-2594.237	-2801.629	207.3918	1.447387	0.04656468	0.597169	0.402831	5.188963
26106	-2595.542	-2804.549	209.0064	1.447387	0.05702234	0.645179	0.354821	4.256427
26112	-2595.42	-2806.919	211.4988	1.300135	0.05406277	0.468526	0.531474	2.899276
26118	-2603.208	-2814.139	210.9308	1.246955	0.08188382	0.479833	0.520167	3.190805
26124	-2590.631	-2799.934	209.3026	1.155288	0.09269685	0.633662	0.366338	4.159093
26130	-2595.831	-2806.436	210.6048	1.320014	0.07859443	0.545918	0.454082	3.349067
26136	-2588.305	-2799.103	210.798	1.135998	0.08214293	0.672	0.328	3.334046
26142	-2578.217	-2785.436	207.2186	1.10474	0.04744928	0.593697	0.406303	5.471165
26148	-2568.1	-2776.548	208.4473	1.164651	0.09031971	0.552949	0.447051	4.642236
26154	-2574.023	-2782.355	208.3325	1.014988	0.09110319	0.565598	0.434402	4.788212
26160	-2582.119	-2790.212	208.0928	1.041041	0.0629566	0.585614	0.414386	4.98027
26166	-2578.7	-2786.321	207.6209	1.263435	0.06214445	0.622497	0.377503	5.120917
26172	-2585.724	-2792.419	206.6946	1.008068	0.06557084	0.544911	0.455089	5.762395
26178	-2591.048	-2800.178	209.1303	0.8615412	0.09884223	0.599457	0.400543	4.407878
26184	-2582.561	-2791.29	208.7288	1.372318	0.03932888	0.61536	0.38464	4.505281
26190	-2579.665	-2788.914	209.2494	1.15667	0.0537874	0.636692	0.363308	4.292624
26196	-2579.085	-2788.264	209.179	1.042878	0.09282454	0.571255	0.428745	4.292624
26202	-2581.251	-2789.897	208.6461	1.117451	0.09447838	0.624761	0.375239	4.546963
26208	-2584.933	-2795.425	210.4919	1.308783	0.06108504	0.615124	0.384876	3.470922
26214	-2588.022	-2798.059	210.0372	1.054033	0.06526126	0.580028	0.419972	3.869802
26220	-2586.337	-2794.88	208.5431	0.9763273	0.1123663	0.621733	0.378267	4.641921
26226	-2590.971	-2798.916	207.9453	0.9320299	0.0816261	0.590738	0.409262	5.073509
26232	-2577.597	-2787.235	209.6385	1.084283	0.1233703	0.58176	0.41824	3.935998
26238	-2582.368	-2793.571	211.2025	1.293051	0.08743796	0.597764	0.402236	2.986225
26244	-2596.187	-2807.759	211.5716	1.371044	0.1486262	0.597764	0.402236	2.565498
26250	-2588.867	-2799.984	211.1176	1.132865	0.1175598	0.597764	0.402236	3.057204
26256	-2592.796	-2804.122	211.3264	1.172883	0.1175598	0.597764	0.402236	2.907743
26262	-2593.953	-2805.566	211.6128	1.408478	0.1295308	0.597764	0.402236	2.559888
26268	-2581.062	-2792.103	211.0416	1.408478	0.1098172	0.617168	0.382832	2.956131
26274	-2581.5	-2791.848	210.3475	1.185183	0.07740023	0.434787	0.565213	3.581469
26280	-2597.771	-2807.117	209.3464	1.025116	0.08609201	0.456324	0.543676	4.224719
26286	-2593.937	-2803.008	209.0717	1.022324	0.0615691	0.539176	0.460824	4.446938
26292	-2612.287	-2821.365	209.0779	1.083593	0.08339207	0.69105	0.30895	4.350545
26298	-2590.43	-2799.074	208.6434	0.9272849	0.1199708	0.570589	0.429411	4.596209
26304	-2592.959	-2801.385	208.4263	1.018404	0.1297063	0.559626	0.440374	4.645861
26310	-2582.665	-2791.218	208.5535	1.168544	0.06523043	0.559626	0.440374	4.645861
26316	-2581.854	-2791.103	209.2486	1.149212	0.08574478	0.565054	0.434946	4.210682
26322	-2607.361	-2816.631	209.2699	0.9238509	0.05954312	0.620062	0.379938	4.396339
26328	-2582.753	-2791.626	208.8728	0.9337122	0.08803919	0.568933	0.431067	4.538738
26334	-2577.296	-2786.407	209.1114	1.117454	0.07049737	0.6334	0.3666	4.346436
26340	-2584.509	-2793.433	208.9242	0.9174722	0.1014067	0.6334	0.3666	4.48635
26346	-2591.839	-2799.538	207.6987	1.152148	0.05095184	0.64126	0.35874	5.17036
26352	-2589.422	-2797.721	208.2992	1.277184	0.0739216	0.589541	0.410459	4.704074
26358	-2599.955	-2809.87	209.9151	1.097784	0.1163422	0.589541	0.410459	3.785182
26364	-2608.52	-2816.835	208.3145	0.8973064	0.1149221	0.566954	0.433046	4.808196
26370	-2594.212	-2802.456	208.2433	1.059361	0.11108	0.530192	0.469808	4.766072
26376	-2589.608	-2797.62	208.0114	1.122639	0.06300262	0.610494	0.389506	4.980023
26382	-2592.633	-2799.755	207.1222	0.921606	0.1258705	0.663588	0.336412	5.431775
26388	-2587.016	-2795.954	208.9381	0.9887295	0.07413157	0.636639	0.363361	4.506982
26394	-2586.76	-2794.98	208.2196	1.094908	0.103735	0.636639	0.363361	4.776393
26400	-2587.891	-2797.682	209.7909	1.142486	0.0845767	0.535884	0.464116	3.908287
26406	-2592.454	-2800.884	208.43	1.012277	0.06465599	0.515953	0.484047	4.803859
26412	-2580.873	-2791.323	210.45	1.388289	0.05267611	0.702314	0.297686	3.473412
26418	-2581.336	-2790.445	209.1085	1.212903	0.08806199	0.515652	0.484348	4.248154
26424	-2591.309	-2799.952	208.6427	1.060851	0.07024584	0.590577	0.409423	4.642633
26430	-2589.871	-2799.254	209.3823	1.028206	0.1124571	0.579272	0.420728	4.138846
26436	-2586.416	-2794.687	208.2715	1.149981	0.06275817	0.638209	0.361791	4.820669
26442	-2584.059	-2792.918	208.8593	1.177775	0.06706685	0.649397	0.350603	4.463899
26448	-2576.839	-2785.698	208.8583	1.259441	0.050762	0.50683	0.49317	4.463899
26454	-2573.84	-2783.074	209.2342	1.023943	0.07073405	0.501196	0.498804	4.329227
26460	-2579.133	-2788.3	209.1674	1.185636	0.05144837	0.552263	0.447737	4.329227
26466	-2584.781	-2795.2	210.4189	1.178906	0.08083236	0.475922	0.524078	3.534354
26472	-2590.344	-2800.478	210.134	1.366476	0.07711406	0.642526	0.357474	3.60091
26478	-2600.257	-2809.232	208.9747	1.40313	0.05770514	0.62335	0.37665	4.29753
26484	-2579.201	-2788.297	209.0961	1.210996	0.07222	0.544106	0.455894	4.29753
26490	-2578.48	-2787.886	209.406	1.15983	0.1039243	0.614412	0.385588	4.070311
26496	-2585.814	-2797.012	211.1977	1.493069	0.08174742	0.476634	0.523366	2.884084
26502	-2581.761	-2791.663	209.9021	1.192531	0.04740816	0.654434	0.345566	3.918746
26508	-2584.55	-2794.397	209.847	1.231125	0.08033506	0.757456	0.242544	3.836291
26514	-2571.717	-2782.338	210.6213	1.209149	0.1052139	0.66557	0.33443	3.335865
26520	-2576.894	-2787.045	210.1514	1.255679	0.07336468	0.532675	0.467325	3.665254
26526	-2581.273	-2791.227	209.9545	1.258572	0.07915664	0.409997	0.590003	3.761751
26532	-2582.763	-2793.084	210.3212	1.314594	0.05303208	0.487851	0.512149	3.590328
26538	-2585.424	-2793.935	208.5109	1.22374	0.0538464	0.539189	0.460811	4.67031
26544	-2586.193	-2792.947	206.7536	0.9229355	0.06883162	0.583757	0.416243	5.768067
26550	-2576.876	-2786.515	209.6391	1.229919	0.06633729	0.583757	0.416243	3.994121
26556	-2582.636	-2793.232	210.5952	1.253332	0.07056327	0.665632	0.334368	3.416015
26562	-2593.546	-2801.321	207.7756	0.9138301	0.09497643	0.618813	0.381187	5.144658
26568	-2595.964	-2804.741	208.777	0.892133	0.07180381	0.477914	0.522086	4.657774
26574	-2588.665	-2795.729	207.0646	0.9299233	0.07980407	0.601712	0.398288	5.565378
26580	-2598.025	-2805.172	207.1466	0.8478723	0.07980407	0.598001	0.401999	5.565378
26586	-2599.2	-2807.468	208.2682	1.068879	0.05372771	0.631943	0.368057	4.892666
26592	-2590.472	-2799.61	209.138	1.087534	0.05469814	0.631943	0.368057	4.392048
26598	-2581.285	-2791.029	209.7442	1.123394	0.07753775	0.662025	0.337975	3.964485
26604	-2573.319	-2782.129	208.8097	1.444707	0.05823355	0.528998	0.471002	4.365809
26610	-2574.793	-2785.257	210.4639	1.211461	0.06979017	0.541963	0.458037	3.519334
26616	-2589.915	-2800.287	210.3719	1.237548	0.08391113	0.614585	0.385415	3.519334
26622	-2587.899	-2797.663	209.7634	1.281424	0.103697	0.659998	0.340002	3.796497
26628	-2579.107	-2787.893	208.7856	1.080407	0.06541672	0.569377	0.430623	4.564594
26634	-2581.15	-2790.223	209.0724	1.193281	0.08235702	0.660355	0.339645	4.294265
26640	-2580.478	-2787.754	207.2756	1.156533	0.04842807	0.552098	0.447902	5.408561
26646	-2591.101	-2799.412	208.3113	1.056307	0.07970395	0.536394	0.463606	4.80567
26652	-2584.903	-2793.228	208.3258	1.088386	0.04568496	0.599045	0.400955	4.872175
26658	-2584.45	-2794.761	210.3107	1.308018	0.07292021	0.539723	0.460277	3.543626
26664	-2585.945	-2795.277	209.3319	1.141856	0.1102914	0.713183	0.286817	4.107807
26670	-2580.326	-2788.57	208.2438	1.069107	0.06058438	0.618158	0.381842	4.887135
26676	-2586.964	-2794.254	207.2901	1.10819	0.05601805	0.57644	0.42356	5.406237
26682	-2569.398	-2778.817	209.4186	1.257683	0.05522668	0.57644	0.42356	4.135245
26688	-2571.938	-2781.344	209.4058	1.241612	0.0610271	0.665103	0.334897	4.135245
26694	-2571.14	-2779.207	208.0664	1.144173	0.06304694	0.665103	0.334897	4.937349
26700	-2576.283	-2785.572	209.2885	1.297449	0.05680381	0.694294	0.305706	4.182097
26706	-2576.767	-2786.855	210.0875	1.249661	0.09744995	0.652651	0.347349	3.642903
26712	-2581.243	-2791.031	209.7872	1.250352	0.07399571	0.589363	0.410637	3.876577
26718	-2584.759	-2794.55	209.7908	1.23993	0.08310894	0.69093	0.30907	3.856219
26724	-2581.867	-2791.403	209.5355	1.219429	0.1039984	0.541937	0.458063	3.962139
26730	-2593.416	-2801.916	208.5007	1.137364	0.08649718	0.647948	0.352052	4.637152
26736	-2586.195	-2796.059	209.8632	1.20915	0.08570077	0.635205	0.364795	3.825585
26742	-2584.549	-2794.73	210.1817	1.15315	0.08570077	0.569158	0.430842	3.674132
26748	-2586.667	-2795.962	209.2953	1.071681	0.08181953	0.739471	0.260529	4.238275
26754	-2611.51	-2821.028	209.5182	1.120894	0.05066963	0.639852	0.360148	4.169359
26760	-2598.903	-2806.161	207.2584	1.136395	0.05066963	0.537784	0.462216	5.42294
26766	-2598.811	-2807.391	208.5796	1.18024	0.07421128	0.621768	0.378232	4.600543
26772	-2585.025	-2795.222	210.1969	1.316979	0.06157935	0.621768	0.378232	3.63638
26778	-2583.389	-2793.109	209.7199	1.304825	0.07008046	0.692163	0.307837	3.894631
26784	-2584.315	-2792.45	208.1358	1.076442	0.05982601	0.611829	0.388171	4.945254
26790	-2598.536	-2807.752	209.2156	1.02153	0.05582838	0.576056	0.423944	4.382323
26796	-2603.026	-2810.086	207.06	0.9415475	0.09644725	0.657112	0.342888	5.520716
26802	-2596.883	-2805.386	208.5035	0.9926809	0.101673	0.462847	0.537153	4.679647
26808	-2583.952	-2794.308	210.356	1.134259	0.0750875	0.594446	0.405554	3.61235
26814	-2581.989	-2790.119	208.1304	1.02641	0.09480878	0.639757	0.360243	4.885513
26820	-2596.467	-2806.788	210.3213	1.304256	0.09317059	0.486296	0.513704	3.485919
26826	-2594.113	-2802.135	208.0214	0.9784132	0.09317059	0.599086	0.400914	4.976834
26832	-2589.352	-2797.495	208.1428	0.9784132	0.06680676	0.446176	0.553824	4.976834
26838	-2585.56	-2794.463	208.9026	0.9691673	0.08551916	0.622037	0.377963	4.508392
26844	-2582.536	-2791.903	209.3666	1.210062	0.07812048	0.541252	0.458748	4.128883
26850	-2585.853	-2796.26	210.4066	1.202389	0.07006551	0.591509	0.408491	3.557229
26856	-2595.874	-2804.419	208.5447	1.349397	0.08261975	0.58843	0.41157	4.503218
26862	-2593.126	-2802.786	209.6601	1.117196	0.08261975	0.58843	0.41157	4.002695
26868	-2599.617	-2809.394	209.777	1.018462	0.09776166	0.621858	0.378142	3.954058
26874	-2588.457	-2796.893	208.4359	1.232132	0.1124812	0.594301	0.405699	4.558286
26880	-2594.937	-2804.479	209.542	1.272591	0.08493057	0.711392	0.288608	3.975389
26886	-2591.994	-2802.739	210.7449	1.432654	0.08005142	0.520701	0.479299	3.195921
26892	-2602.442	-2812.99	210.5477	1.18765	0.0718802	0.590842	0.409158	3.478506
26898	-2583.811	-2793.704	209.8926	1.109363	0.07370956	0.543044	0.456956	3.897775
26904	-2588.511	-2796.261	207.7501	1.15084	0.07370956	0.466805	0.533195	5.080847
26910	-2592.568	-2800.56	207.9918	1.022203	0.08772835	0.511447	0.488553	4.982273
26916	-2592.322	-2800.731	208.4095	1.144432	0.09941652	0.624963	0.375037	4.652625
26922	-2584.739	-2793.879	209.1403	1.092134	0.09941652	0.459246	0.540754	4.270539
26928	-2582.614	-2792.219	209.6042	1.176355	0.1108349	0.443517	0.556483	3.931385
26934	-2583.461	-2792.217	208.7558	1.341448	0.05548428	0.556024	0.443976	4.462112
26940	-2589.221	-2798.295	209.0737	1.150724	0.06997021	0.521069	0.478931	4.350366
26946	-2574.707	-2784.485	209.7774	1.362034	0.04946018	0.68183	0.31817	3.887165
26952	-2582.741	-2791.758	209.0168	1.076035	0.07485168	0.576007	0.423993	4.411535
26958	-2582.105	-2790.369	208.2643	1.019004	0.09072732	0.575452	0.424548	4.824967
26964	-2584.223	-2792.734	208.5109	1.128586	0.05222134	0.454216	0.545784	4.728148
26970	-2594.477	-2804.587	210.1099	1.281947	0.06469111	0.502584	0.497416	3.698208
26976	-2594.757	-2804.945	210.1882	1.326041	0.1148475	0.50793	0.49207	3.498034
26982	-2610.774	-2819.937	209.1629	1.140973	0.09130214	0.566791	0.433209	4.249932
26988	-2610.897	-2821.346	210.4489	1.214745	0.08020582	0.439818	0.560182	3.497641
26994	-2613.404	-2823.024	209.6201	1.062138	0.0664951	0.609983	0.390017	4.100221
27000	-2602.065	-2811.755	209.69	1.040612	0.1080086	0.605437	0.394563	3.96657
27006	-2605.54	-2814.872	209.3324	1.247581	0.06054941	0.667978	0.332022	4.174933
27012	-2616.421	-2825.64	209.2186	1.056465	0.163847	0.647275	0.352725	4.108667
27018	-2614.732	-2823.859	209.1265	1.126778	0.126631	0.594374	0.405626	4.196578
27024	-2605.498	-2814.131	208.6331	1.109906	0.07304642	0.526188	0.473812	4.613049
27030	-2599.864	-2808.402	208.5377	1.12314	0.09104132	0.655091	0.344909	4.613049
27036	-2596.081	-2806.256	210.1743	1.12314	0.1111121	0.638137	0.361863	3.632868
27042	-2600.848	-2809.999	209.1515	1.050301	0.07690161	0.619539	0.380461	4.344643
27048	-2588.185	-2796.669	208.484	0.9630717	0.1242714	0.482321	0.517679	4.656154
27054	-2590.78	-2798.573	207.793	1.011541	0.07018774	0.63296	0.36704	5.143534
27060	-2584.472	-2793.296	208.8235	0.9570692	0.06431009	0.703395	0.296605	4.615572
27066	-2599.957	-2808.557	208.6001	0.9556597	0.1150241	0.703752	0.296248	4.615572
27072	-2590.566	-2797.84	207.274	0.9162445	0.09420682	0.488431	0.511569	5.422205
27078	-2602.21	-2809.793	207.5829	0.8950001	0.08326358	0.616443	0.383557	5.290424
27084	-2594.109	-2802.284	208.1751	0.9136325	0.09766447	0.594179	0.405821	4.916564
27090	-2595.825	-2805.528	209.7026	1.083337	0.0771717	0.526113	0.473887	4.012134
27096	-2591.05	-2798.295	207.245	1.239825	0.06955204	0.511451	0.488549	5.32197
27102	-2577.703	-2786.542	208.8394	1.177978	0.06404226	0.633463	0.366537	4.483264
27108	-2591.599	-2801.201	209.6016	1.218448	0.07156553	0.570429	0.429571	4.007731
27114	-2587.637	-2797.298	209.6613	1.219378	0.1049963	0.570429	0.429571	3.887747
27120	-2580.823	-2790.301	209.4786	1.268784	0.07206219	0.570429	0.429571	4.047874
27126	-2578.243	-2788.527	210.2844	1.266343	0.1044781	0.570429	0.429571	3.501435
27132	-2594.168	-2803.335	209.1666	1.135398	0.08214203	0.598336	0.401664	4.274248
27138	-2587.729	-2797.856	210.1271	1.18841	0.1059672	0.632637	0.367363	3.634634
27144	-2577.845	-2787.906	210.0609	1.35206	0.06728829	0.600779	0.399221	3.678711
27150	-2570.929	-2780.965	210.0358	1.355138	0.07186727	0.532384	0.467616	3.678711
27156	-2578.366	-2785.525	207.1588	1.058147	0.06593955	0.52349	0.47651	5.479148
27162	-2591.987	-2800.113	208.1256	1.170535	0.06317118	0.688135	0.311865	4.889405
27168	-2577.161	-2785.476	208.3153	1.18178	0.05984993	0.506228	0.493772	4.786456
27174	-2577.916	-2787.035	209.119	1.22877	0.09587688	0.663824	0.336176	4.21375
27180	-2581.183	-2790.419	209.2358	1.109365	0.06127941	0.668609	0.331391	4.305998
27186	-2579.592	-2788.9	209.308	1.127827	0.1027147	0.535065	0.464935	4.147219
27192	-2594.347	-2803.961	209.614	1.407388	0.07507965	0.536254	0.463746	3.882914
27198	-2596.646	-2805.254	208.6075	1.205295	0.06349435	0.656802	0.343198	4.599712
27204	-2591.663	-2799.983	208.3201	0.9287125	0.09613143	0.385772	0.614228	4.831041
27210	-2598.202	-2805.792	207.5895	1.094327	0.09388822	0.576327	0.423673	5.150424
27216	-2605.176	-2813.754	208.5775	1.135637	0.09388822	0.570299	0.429701	4.576726
27222	-2607.583	-2817.185	209.6023	1.135637	0.08096677	0.450061	0.549939	4.029508
27228	-2596.544	-2807.068	210.5238	1.105646	0.1034885	0.597075	0.402925	3.457913
27234	-2603.728	-2813.998	210.2709	1.170768	0.09405779	0.667802	0.332198	3.590774
27240	-2592.782	-2803.3	210.5177	1.301602	0.1122217	0.557806	0.442194	3.325535
27246	-2596.168	-2805.531	209.3636	1.301602	0.1122217	0.556166	0.443834	3.994164
27252	-2594.498	-2804.765	210.267	1.141639	0.07438421	0.601845	0.398155	3.661599
27258	-2599.7	-2807.402	207.7017	0.9066364	0.07438421	0.582505	0.417495	5.24104
27264	-2589.989	-2801.468	211.4791	1.350263	0.11515	0.503514	0.496486	2.712758
27270	-2603.95	-2812.311	208.3611	1.069665	0.11515	0.663823	0.336177	4.685303
27276	-2589.086	-2796.626	207.5396	0.98419	0.06913522	0.494769	0.505231	5.301554
27282	-2582.678	-2790.787	208.1088	0.98419	0.05434175	0.54244	0.45756	5.026701
27288	-2587.06	-2795.623	208.5631	1.05474	0.08581607	0.54244	0.45756	4.650155
27294	-2580.9	-2790.062	209.1614	1.083604	0.08581607	0.552637	0.447363	4.297114
27300	-2581.384	-2791.284	209.9003	1.379228	0.07904361	0.599478	0.400522	3.723696
27306	-2591.396	-2800.382	208.9857	1.467189	0.07904361	0.609663	0.390337	4.196825
27312	-2605.87	-2815.271	209.4008	1.428126	0.0732208	0.609663	0.390337	3.998149
27318	-2578.904	-2787.233	208.3293	1.314675	0.08155205	0.601375	0.398625	4.64636
27324	-2584.348	-2792.872	208.5237	1.178575	0.04801184	0.553926	0.446074	4.704848
27330	-2597.838	-2806.268	208.4297	1.212479	0.06003776	0.68527	0.31473	4.704848
27336	-2597.554	-2806.941	209.3871	1.149467	0.1116788	0.615029	0.384971	4.068821
27342	-2584.61	-2793.965	209.3551	1.26509	0.06553214	0.5516	0.4484	4.138166
27348	-2587.319	-2795.478	208.1584	0.9917613	0.07712482	0.555117	0.444883	4.933488
27354	-2589.852	-2796.844	206.9919	1.070385	0.08810444	0.616849	0.383151	5.507431
27360	-2596.24	-2805.142	208.9021	0.9581307	0.09905827	0.569861	0.430139	4.481502
27366	-2598.868	-2808.331	209.4633	1.049038	0.0741494	0.600266	0.399734	4.176037
27372	-2611.199	-2820.466	209.2675	1.07389	0.08847951	0.632746	0.367254	4.235778
27378	-2619.472	-2828.491	209.0187	1.159821	0.08847951	0.621086	0.378914	4.327974
27384	-2590.364	-2800.227	209.8626	1.074194	0.1068484	0.488449	0.511551	3.851104
27390	-2600.47	-2809.445	208.9756	1.04207	0.09692172	0.473746	0.526254	4.397949
27396	-2610.348	-2819.603	209.255	1.246807	0.05444568	0.50589	0.49411	4.236498
27402	-2614.789	-2822.367	207.5779	0.8712145	0.07584451	0.497256	0.502744	5.325182
27408	-2616.129	-2824.049	207.9195	0.8712145	0.1583899	0.497256	0.502744	4.95353
27414	-2597.199	-2806.58	209.3812	0.9841631	0.1037215	0.477754	0.522246	4.184868
27420	-2596.93	-2806.271	209.341	0.9295999	0.1274809	0.665254	0.334746	4.184868
27426	-2585.143	-2794.415	209.2715	1.022891	0.1213192	0.565304	0.434696	4.184868
27432	-2591.538	-2802.194	210.6565	1.241042	0.07386271	0.67026	0.32974	3.378065
27438	-2588.32	-2797.053	208.7329	1.134262	0.08352457	0.445606	0.554394	4.516079
27444	-2587.721	-2798.349	210.6277	1.1535	0.09550146	0.578429	0.421571	3.38894
27450	-2586.488	-2794.655	208.1664	1.049708	0.1265355	0.61539	0.38461	4.780458
27456	-2593.041	-2801.554	208.5131	1.339761	0.08879234	0.717012	0.282988	4.510807
27462	-2599.152	-2808.897	209.7448	1.339761	0.07448255	0.490499	0.509501	3.848272
27468	-2596.678	-2806.098	209.4206	1.208833	0.08270974	0.491964	0.508036	4.086846
27474	-2603.735	-2812.645	208.9098	1.156514	0.06653961	0.707794	0.292206	4.44888
27480	-2589.98	-2799.626	209.6457	1.144459	0.05558121	0.589483	0.410517	4.069345
27486	-2592.573	-2804.1	211.5267	1.330369	0.101916	0.549619	0.450381	2.729029
27492	-2601.059	-2809.745	208.6856	1.187176	0.112215	0.637499	0.362501	4.443739
27498	-2598.006	-2805.905	207.8996	1.015826	0.1173618	0.553576	0.446424	4.967858
27504	-2586.391	-2795.552	209.1617	1.087969	0.1345717	0.690699	0.309301	4.181673
27510	-2595.596	-2805.855	210.2593	1.142647	0.1444534	0.508841	0.491159	3.498345
27516	-2593.667	-2804.446	210.7794	1.198601	0.1191904	0.624065	0.375935	3.215486
27522	-2590.163	-2799.886	209.7234	1.206768	0.07846549	0.457997	0.542003	3.926188
27528	-2581.789	-2790.787	208.9981	1.327161	0.1204597	0.634359	0.365641	4.169209
27534	-2580.353	-2790.682	210.3284	1.31356	0.07243496	0.552754	0.447246	3.531431
27540	-2570.301	-2777.4	207.0985	1.032465	0.05870499	0.448271	0.551729	5.545959
27546	-2571.832	-2781.477	209.6449	1.201468	0.05870499	0.563359	0.436641	4.028425
27552	-2576.235	-2786.649	210.4135	1.18422	0.08591763	0.631272	0.368728	3.520922
27558	-2594.492	-2804.554	210.0622	1.18422	0.09068549	0.561636	0.438364	3.712445
27564	-2586.77	-2796.45	209.6802	1.147303	0.0617091	0.561636	0.438364	4.030736
27570	-2583.862	-2793.276	209.414	1.131598	0.1263778	0.474399	0.525601	4.030736
27576	-2583.34	-2792.9	209.5603	1.208798	0.06809216	0.570069	0.429931	4.046302
27582	-2583.853	-2793.345	209.4922	1.218155	0.08057707	0.441402	0.558598	4.046302
27588	-2589.62	-2799.026	209.4057	1.218155	0.05917816	0.551915	0.448085	4.153821
27594	-2602.081	-2812.464	210.3836	1.061239	0.1288986	0.551915	0.448085	3.506647
27600	-2590.806	-2799.195	208.3885	0.8226436	0.1042354	0.684485	0.315515	4.83288
27606	-2600.556	-2808.484	207.9273	0.9467555	0.09888547	0.548355	0.451645	5.032993
27612	-2601.716	-2811.371	209.6544	0.9683731	0.1249427	0.545452	0.454548	3.989766
27618	-2599.78	-2810.191	210.4106	1.102156	0.1187327	0.551068	0.448932	3.489947
27624	-2595.874	-2805.359	209.4853	1.01143	0.1123915	0.565284	0.434716	4.089912
27630	-2594.399	-2802.037	207.6379	0.9555778	0.0789428	0.569553	0.430447	5.237479
27636	-2587.834	-2795.52	207.6855	0.9519595	0.06961866	0.62777	0.37223	5.237479
27642	-2588.745	-2798.63	209.8842	0.9696993	0.05950708	0.538239	0.461761	4.021847
27648	-2580.49	-2788.525	208.0352	0.9803302	0.08426577	0.624694	0.375306	4.99008
27654	-2577.267	-2784.985	207.7179	1.020677	0.07525836	0.559237	0.440763	5.166738
27660	-2571.119	-2777.646	206.527	0.9514178	0.07249236	0.599899	0.400101	5.866907
27666	-2572.652	-2779.138	206.4856	0.9926988	0.07249236	0.539595	0.460405	5.866967
27672	-2579.459	-2787.151	207.6927	1.068226	0.07249236	0.407887	0.592113	5.161611
27678	-2576.327	-2785.441	209.1135	1.216216	0.07459181	0.610729	0.389271	4.278392
27684	-2569.952	-2779.154	209.2015	1.181618	0.05597565	0.53677	0.46323	4.299376
27690	-2591.58	-2798.422	206.8425	0.9583337	0.05710174	0.576272	0.423728	5.731493
27696	-2582.036	-2789.084	207.0484	0.9494045	0.08845009	0.613816	0.386184	5.542051
27702	-2579.222	-2787.599	208.3773	1.020215	0.04722107	0.581276	0.418724	4.877201
27708	-2584.738	-2792.366	207.6275	1.004545	0.09615806	0.581276	0.418724	5.173616
27714	-2585.057	-2792.63	207.5738	1.038957	0.05033128	0.659598	0.340402	5.303661
27720	-2587.906	-2797.561	209.655	1.216482	0.06886191	0.456142	0.543858	3.985719
27726	-2588.666	-2798.267	209.6011	1.096621	0.0812469	0.579643	0.420357	4.051724
27732	-2583.925	-2794.267	210.342	1.267183	0.08327817	0.45841	0.54159	3.521164
27738	-2576.06	-2786.395	210.3353	1.293496	0.09784538	0.599397	0.400603	3.472248
27744	-2586.349	-2796.645	210.296	1.293496	0.08288347	0.618961	0.381039	3.533712
27750	-2601.751	-2812.323	210.572	1.136714	0.05790632	0.686372	0.313628	3.533712
27756	-2590.82	-2800.877	210.0573	1.421351	0.06604966	0.519985	0.480015	3.644154
27762	-2586.414	-2796.305	209.8912	1.076023	0.07580709	0.557299	0.442701	3.912033
27768	-2586.735	-2793.229	206.494	0.9213808	0.05128393	0.63076	0.36924	5.958148
27774	-2599.145	-2806.274	207.1285	0.7585822	0.09705827	0.552813	0.447187	5.582171
27780	-2583.036	-2791.96	208.9248	0.9571894	0.09754061	0.552813	0.447187	4.472944
27786	-2580.734	-2789.162	208.4284	1.050621	0.0782268	0.711306	0.288694	4.747251
27792	-2587.752	-2796.107	208.3552	0.9665605	0.09464537	0.643105	0.356895	4.793925
27798	-2585.174	-2794.881	209.7072	1.077445	0.06339571	0.528103	0.471897	4.050443
27804	-2578.661	-2788.731	210.0707	1.149717	0.05549772	0.596482	0.403518	3.823247
27810	-2583.221	-2793.274	210.0531	1.21823	0.0453497	0.512949	0.487051	3.823247
27816	-2576.437	-2785.567	209.1301	1.104978	0.1026723	0.51958	0.48042	4.261271
27822	-2590.65	-2801.112	210.4626	1.204114	0.08987287	0.647299	0.352701	3.470342
27828	-2592.392	-2801.774	209.3826	1.204114	0.06953789	0.561519	0.438481	4.146223
27834	-2575.191	-2784.206	209.0154	1.094349	0.07766615	0.504898	0.495102	4.394616
27840	-2585.274	-2793.326	208.0528	1.1143	0.06112071	0.693411	0.306589	4.966791
27846	-2584.8	-2792.851	208.051	1.079377	0.06896416	0.697505	0.302495	4.965982
27852	-2575.236	-2783.773	208.5373	1.074261	0.09029989	0.628679	0.371321	4.642515
27858	-2582.339	-2791.101	208.7622	1.029454	0.07492462	0.508244	0.491756	4.580824
27864	-2592.344	-2801.92	209.5767	1.110369	0.1110648	0.641854	0.358146	3.984338
27870	-2594.396	-2803.535	209.1387	1.121704	0.07900129	0.42078	0.57922	4.305964
27876	-2578.642	-2789.312	210.6705	1.167693	0.09188371	0.62599	0.37401	3.364715
27882	-2603.269	-2813.111	209.8425	1.020468	0.09997322	0.561056	0.438944	3.909977
27888	-2599.464	-2808.652	209.1889	1.005263	0.1242958	0.656232	0.343768	4.235187
27894	-2596.297	-2805.037	208.7398	1.076831	0.06231059	0.585329	0.414671	4.600823
27900	-2615.195	-2825.83	210.6351	1.256205	0.1275764	0.508899	0.491101	3.247573
27906	-2598.968	-2809.22	210.2524	1.2606	0.1148903	0.639171	0.360829	3.498704
27912	-2593.557	-2803.861	210.3049	1.2606	0.09482477	0.595011	0.404989	3.516775
27918	-2606.03	-2817.481	211.451	1.459966	0.07226179	0.539673	0.460327	2.777198
27924	-2608.813	-2818.409	209.5965	1.223255	0.08902634	0.582403	0.417597	3.961966
27930	-2599.963	-2810.581	210.6184	1.36081	0.08077774	0.582403	0.417597	3.311153
27936	-2594.765	-2804.055	209.2902	1.185135	0.0642575	0.460676	0.539324	4.224011
27942	-2594.425	-2804.181	209.7565	1.145959	0.1010709	0.662014	0.337986	3.884662
27948	-2583.651	-2794.122	210.4709	1.145959	0.06046333	0.621878	0.378122	3.579823
27954	-2587.684	-2795.143	207.4586	1.136541	0.06718974	0.632286	0.367714	5.267333
27960	-2590.766	-2801.177	210.4107	1.293188	0.1030176	0.577523	0.422477	3.415479
27966	-2596.092	-2805.764	209.6722	1.409906	0.06573525	0.524431	0.475569	3.873741
27972	-2604.565	-2813.862	209.2965	1.176715	0.1259513	0.756555	0.243445	4.072928
27978	-2598.733	-2809.215	210.4823	1.373337	0.08936921	0.657618	0.342382	3.361004
27984	-2595.883	-2806.189	210.3059	1.356203	0.08094465	0.580279	0.419721	3.49652
27990	-2591.779	-2802.938	211.1596	1.384151	0.08094465	0.657603	0.342397	2.974938
27996	-2586.908	-2797.241	210.3337	1.438239	0.09659246	0.5332	0.4668	3.391585
28002	-2588.659	-2799.132	210.4726	1.241493	0.09423458	0.466713	0.533287	3.431446
28008	-2577.946	-2787.546	209.6	1.264131	0.0765817	0.535344	0.464656	3.96898
28014	-2576.506	-2786.372	209.8664	1.164839	0.08447978	0.535344	0.464656	3.852359
28020	-2580.433	-2789.887	209.4542	1.224908	0.08447978	0.615492	0.384508	4.053971
28026	-2588.903	-2797.502	208.5986	1.161936	0.077471	0.615492	0.384508	4.591604
28032	-2582.389	-2792.267	209.8781	1.254026	0.05330226	0.467666	0.532334	3.880296
28038	-2579.558	-2787.498	207.9398	1.137052	0.1033536	0.46926	0.53074	4.909759
28044	-2583.258	-2790.816	207.5579	1.137052	0.08898052	0.728773	0.271227	5.156182
28050	-2575.852	-2786.361	210.5086	1.192342	0.08100397	0.638896	0.361104	3.473728
28056	-2584.563	-2795.042	210.4796	1.192342	0.08339395	0.659617	0.340383	3.484262
28062	-2576.776	-2787.256	210.4796	1.192342	0.08339395	0.657119	0.342881	3.484262
28068	-2578.92	-2789.25	210.33	1.243903	0.07779168	0.485457	0.514543	3.556434
28074	-2574.131	-2783.801	209.6694	1.243903	0.07574122	0.589251	0.410749	3.943114
28080	-2568.879	-2779.195	210.3164	1.240979	0.05823846	0.589251	0.410749	3.620738
28086	-2578.975	-2786.427	207.4516	1.009742	0.08157823	0.501673	0.498327	5.303794
28092	-2587.281	-2796.605	209.324	1.026838	0.05542027	0.466141	0.533859	4.319215
28098	-2592.164	-2803.04	210.8768	1.265777	0.1031925	0.465054	0.534946	3.156363
28104	-2590.909	-2802.207	211.2976	1.286184	0.08438986	0.444624	0.555376	2.941423
28110	-2592.966	-2803.215	210.2497	1.259259	0.1422407	0.504458	0.495542	3.440461
28116	-2582.227	-2792.732	210.5051	1.224486	0.07881272	0.572895	0.427105	3.462857
28122	-2587.02	-2795.668	208.6482	1.405484	0.04097254	0.53108	0.46892	4.527423
28128	-2584.386	-2793.623	209.2373	0.9716622	0.0728864	0.606586	0.393414	4.351268
28134	-2577.683	-2784.292	206.6093	0.9452019	0.0728864	0.526612	0.473388	5.824267
28140	-2584.86	-2793.374	208.5145	1.030297	0.05601488	0.545884	0.454116	4.770432
28146	-2600.565	-2809.91	209.3444	1.030297	0.08585183	0.682397	0.317603	4.223548
28152	-2577.85	-2787.388	209.538	0.9965494	0.07078606	0.65442	0.34558	4.172449
28158	-2584.026	-2793.63	209.6048	0.9462458	0.06736951	0.497256	0.502744	4.172449
28164	-2567.474	-2776.283	208.8098	1.148453	0.1110716	0.703319	0.296681	4.398133
28170	-2577.979	-2787.724	209.7449	1.118895	0.08521074	0.700909	0.299091	3.946496
28176	-2583.385	-2791.046	207.6607	0.9731106	0.06192896	0.430249	0.569751	5.260119
28182	-2585.309	-2794.023	208.7138	1.082218	0.06265447	0.632694	0.367306	4.611473
28188	-2581.51	-2789.701	208.1919	0.9152656	0.065832	0.572791	0.427209	4.987266
28194	-2591.284	-2798.463	207.1793	0.9959334	0.08529193	0.62864	0.37136	5.452193
28200	-2584.733	-2793.001	208.2682	1.187361	0.08529193	0.546703	0.453297	4.742297
28206	-2574.562	-2783.602	209.04	1.019899	0.0940679	0.600279	0.399721	4.381088
28212	-2573.948	-2782.891	208.9427	1.159685	0.08449743	0.609264	0.390736	4.381088
28218	-2573.959	-2781.84	207.8809	1.033566	0.1224736	0.639003	0.360997	4.957246
28224	-2575.551	-2784.364	208.8129	1.033566	0.08428225	0.664647	0.335353	4.525748
28230	-2577.378	-2785.452	208.074	1.003865	0.08942842	0.664647	0.335353	4.942595
28236	-2572.973	-2780.965	207.9921	0.9026625	0.1346369	0.680198	0.319802	4.942595
28242	-2604.167	-2811.219	207.0523	0.927048	0.1346369	0.593955	0.406045	5.449066
28248	-2581.369	-2789.609	208.2404	1.087568	0.06375493	0.641443	0.358557	4.870086
28254	-2576.316	-2786.637	210.3206	1.179952	0.1155307	0.517559	0.482441	3.504468
28260	-2579.434	-2789.778	210.3439	1.179952	0.07590834	0.610824	0.389176	3.590647
28266	-2577.061	-2786.384	209.3229	1.290339	0.09555467	0.4841	0.5159	4.063558
28272	-2578.446	-2787.92	209.4736	1.291014	0.06279959	0.543428	0.456572	4.063558
28278	-2587.433	-2797.184	209.7516	1.214106	0.1140442	0.531187	0.468813	3.817631
28284	-2592.839	-2801.282	208.4429	0.9756756	0.06852318	0.501146	0.498854	4.806646
28290	-2600.79	-2808.817	208.0269	0.9881325	0.06701629	0.574663	0.425337	5.035255
28296	-2592.857	-2800.751	207.8936	0.9881325	0.0961542	0.532116	0.467884	5.035255
28302	-2579.163	-2788.471	209.308	0.9881325	0.07924622	0.703724	0.296276	4.285143
28308	-2582.518	-2792.006	209.4885	0.9110998	0.0577306	0.571791	0.428209	4.285143
28314	-2585.149	-2793.721	208.5721	1.01528	0.05479285	0.582928	0.417072	4.750057
28320	-2582.838	-2792.458	209.6205	1.101967	0.05479285	0.615777	0.384223	4.110177
28326	-2598.72	-2809.278	210.559	1.126787	0.07079014	0.68201	0.31799	3.510484
28332	-2577.837	-2786.717	208.8795	0.9268911	0.1160929	0.589917	0.410083	4.472378
28338	-2590.626	-2800.038	209.4126	0.9120599	0.08922526	0.68738	0.31262	4.243401
28344	-2593.237	-2803.861	210.6246	1.033375	0.1091517	0.542688	0.457312	3.427506
28350	-2581.999	-2792.121	210.1222	1.072935	0.09367315	0.662862	0.337138	3.734479
28356	-2591.429	-2801.016	209.5879	1.072935	0.07820595	0.560745	0.439255	4.080773
28362	-2590.745	-2800.546	209.8004	1.074238	0.1019001	0.511905	0.488095	3.898609
28368	-2585.162	-2794.47	209.3073	1.077953	0.07632163	0.511905	0.488095	4.242363
28374	-2575.663	-2784.71	209.0469	1.029516	0.09680776	0.592978	0.407022	4.36509
28380	-2601.356	-2811.315	209.9598	1.086877	0.08377643	0.650126	0.349874	3.845337
28386	-2596.123	-2805.26	209.1371	1.086877	0.06850749	0.542197	0.457803	4.354574
28392	-2597.969	-2805.693	207.7242	1.209138	0.06850749	0.495858	0.504142	5.076592
28398	-2597.124	-2806.558	209.4338	1.296292	0.0666658	0.701667	0.298333	4.072463
28404	-2585.705	-2795.752	210.0465	1.187354	0.0666658	0.51129	0.48871	3.783858
28410	-2583.194	-2791.238	208.0435	0.9810536	0.08365155	0.501541	0.498459	4.986614
28416	-2579.903	-2788.834	208.9307	1.157946	0.0378837	0.582882	0.417118	4.516237
28422	-2571.567	-2781.619	210.052	1.533532	0.04896898	0.582882	0.417118	3.631302
28428	-2575.17	-2785.846	210.6756	1.509654	0.04333787	0.582882	0.417118	3.297267
28434	-2571.691	-2780.62	208.9292	1.157366	0.05317515	0.582882	0.417118	4.474682
28440	-2581.274	-2790.759	209.4846	1.336767	0.05248339	0.670113	0.329887	4.060404
28446	-2585.797	-2797.776	211.9796	1.583373	0.08770085	0.595894	0.404106	2.327307
28452	-2593.309	-2805.627	212.3183	1.590424	0.0560442	0.660013	0.339987	2.201829
28458	-2584.062	-2794.771	210.7092	1.517726	0.05823348	0.514049	0.485951	3.228662
28464	-2587.587	-2799.588	212.0011	1.517726	0.09797174	0.596941	0.403059	2.326816
28470	-2596.319	-2808.878	212.5582	1.517726	0.1181702	0.638249	0.361751	1.90736
28476	-2592.186	-2804.561	212.3754	1.480006	0.1076049	0.545743	0.454257	2.082944
28482	-2592.038	-2804.08	212.0415	1.419822	0.05122233	0.551702	0.448298	2.501408
28488	-2589.877	-2801.942	212.0651	1.356009	0.05926841	0.560594	0.439406	2.501408
28494	-2600.962	-2809.694	208.7318	1.010636	0.07003811	0.662202	0.337798	4.621427
28500	-2594.003	-2802.373	208.3703	1.054237	0.07003811	0.514156	0.485844	4.79923
28506	-2604.027	-2814.052	210.0242	1.180093	0.1008272	0.678243	0.321757	3.711448
28512	-2598.927	-2808.638	209.7115	1.296412	0.04740292	0.611064	0.388936	3.968413
28518	-2587.853	-2795.999	208.1461	1.112368	0.08027904	0.611064	0.388936	4.865021
28524	-2596.573	-2805.073	208.4995	1.051137	0.07969298	0.519654	0.480346	4.703428
28530	-2596.083	-2803.079	206.9956	1.104533	0.06908823	0.567152	0.432848	5.535043
28536	-2585.579	-2792.281	206.703	1.025634	0.05560061	0.567152	0.432848	5.77514
28542	-2574.197	-2782.789	208.5924	1.025634	0.08784561	0.628679	0.371321	4.644989
28548	-2575.958	-2784.525	208.5674	1.01289	0.1372536	0.624802	0.375198	4.554073
28554	-2579.164	-2787.424	208.2603	1.141149	0.08898882	0.436885	0.563115	4.763303
28560	-2581.793	-2792.259	210.4661	1.196325	0.0607577	0.428829	0.571171	3.55246
28566	-2585.395	-2795.48	210.0849	1.365839	0.07060961	0.648199	0.351801	3.647566
28572	-2595.678	-2804.949	209.2717	1.166259	0.1092557	0.637723	0.362277	4.13063
28578	-2602.342	-2812.971	210.6286	1.166259	0.0837973	0.37863	0.62137	3.41131
28584	-2582.087	-2793.208	211.1208	1.381767	0.09075054	0.536405	0.463595	2.973182
28590	-2584.604	-2794.908	210.3041	1.205643	0.07025759	0.542335	0.457665	3.614344
28596	-2583.147	-2792.506	209.3589	1.175795	0.07857308	0.602468	0.397532	4.151591
28602	-2586.987	-2795.965	208.9785	0.9120646	0.1131876	0.621886	0.378114	4.43147
28608	-2584.845	-2792.196	207.351	0.9726601	0.09611966	0.621886	0.378114	5.344108
28614	-2580.962	-2788.523	207.5615	1.054574	0.08382311	0.618317	0.381683	5.212662
28620	-2569.125	-2776.867	207.7426	1.091824	0.1006738	0.633292	0.366708	5.05078
28626	-2569.255	-2777.286	208.0307	1.164667	0.07795046	0.633292	0.366708	4.906196
28632	-2569.1	-2776.815	207.7151	1.015333	0.07916223	0.559899	0.440101	5.161193
28638	-2580.556	-2788.703	208.1467	0.9441692	0.0739206	0.526299	0.473701	4.974799
28644	-2581.808	-2793.398	211.5893	1.399991	0.1037201	0.588389	0.411611	2.643157
28650	-2581.432	-2792.788	211.3558	1.423429	0.08798801	0.486582	0.513418	2.813342
28656	-2570.391	-2780.957	210.5666	1.34222	0.1004028	0.633009	0.366991	3.301608
28662	-2567.306	-2777.384	210.0783	1.264169	0.11328	0.495767	0.504233	3.601695
28668	-2582.981	-2793.101	210.1202	1.264169	0.06751068	0.557462	0.442538	3.694626
28674	-2584.062	-2793.7	209.6379	1.194148	0.08885466	0.600753	0.399247	3.955337
28680	-2575.738	-2784.578	208.8405	1.213816	0.07441336	0.611808	0.388192	4.434459
28686	-2574.943	-2783.077	208.1338	1.04917	0.07701453	0.709241	0.290759	4.915527
28692	-2591.769	-2801.38	209.611	1.157041	0.06432006	0.572227	0.427773	4.05737
28698	-2579.671	-2786.585	206.9141	1.019351	0.05600799	0.530118	0.469882	5.66176
28704	-2573.513	-2782.887	209.3745	1.207474	0.1045779	0.55438	0.44562	4.059602
28710	-2591.478	-2802.959	211.481	1.343915	0.068278	0.502548	0.497452	2.841169
28716	-2591.386	-2802.88	211.4947	1.435355	0.0935614	0.55181	0.44819	2.706245
28722	-2591.327	-2801.617	210.2901	1.359789	0.101608	0.571736	0.428264	3.450564
28728	-2580.838	-2790.805	209.9669	1.08185	0.06831075	0.532156	0.467844	3.885731
28734	-2589.897	-2799.087	209.1903	1.0607	0.07739618	0.573068	0.426932	4.315534
28740	-2588.999	-2797.872	208.8733	1.192844	0.07739618	0.529629	0.470371	4.419876
28746	-2570.401	-2779.347	208.9463	1.058259	0.09100539	0.563911	0.436089	4.419876
28752	-2576.53	-2785.485	208.9545	1.022538	0.09732817	0.607877	0.392123	4.419876
28758	-2590.352	-2796.589	206.2372	0.8804639	0.0670729	0.602661	0.397339	6.077944
28764	-2587.346	-2795.551	208.2048	1.108144	0.05809908	0.602661	0.397339	4.893938
28770	-2579.098	-2788.29	209.1924	1.153308	0.05637765	0.45584	0.54416	4.319444
28776	-2576.212	-2786.084	209.8722	1.224741	0.07426	0.575657	0.424343	3.841735
28782	-2578.376	-2786.933	208.5569	1.125841	0.05784198	0.645022	0.354978	4.688209
28788	-2581.287	-2790.948	209.6606	1.09122	0.08596029	0.627787	0.372213	4.008627
28794	-2589.279	-2797.551	208.2713	0.9578187	0.078556	0.458001	0.541999	4.885831
28800	-2586.823	-2794.552	207.7292	1.062969	0.07452851	0.531057	0.468943	5.138943
28806	-2597.688	-2807.466	209.778	1.053586	0.09804112	0.772666	0.227334	3.932669
28812	-2585.414	-2795.187	209.7728	1.102793	0.08797622	0.605966	0.394034	3.932669
28818	-2577.609	-2786.1	208.491	1.088838	0.1028903	0.501509	0.498491	4.6299
28824	-2583.263	-2793.18	209.9176	1.217466	0.08830071	0.596594	0.403406	3.782763
28830	-2584.322	-2793.755	209.4322	1.217466	0.07988824	0.596594	0.403406	4.082671
28836	-2597.865	-2806.692	208.8269	1.144159	0.1021892	0.619643	0.380357	4.411635
28842	-2596.552	-2806.435	209.8827	1.186373	0.09984654	0.666995	0.333005	3.791851
28848	-2574.562	-2784.9	210.3371	1.27909	0.06318679	0.628536	0.371464	3.572381
28854	-2586.939	-2795.697	208.7575	1.106588	0.09659568	0.516578	0.483422	4.485291
28860	-2582.468	-2791.052	208.5835	1.031767	0.08528773	0.569093	0.430907	4.652942
28866	-2593.56	-2801.542	207.9823	1.012799	0.06795466	0.597369	0.402631	5.043834
28872	-2582.678	-2790.875	208.1975	1.012799	0.07413298	0.550365	0.449635	4.907793
28878	-2582.33	-2791.425	209.095	1.154463	0.1186267	0.643062	0.356938	4.216339
28884	-2578.13	-2787.721	209.5902	1.213859	0.1012965	0.524999	0.475001	3.940536
28890	-2584.521	-2795.053	210.5319	1.154222	0.09525323	0.63689	0.36311	3.445282
28896	-2574.12	-2784.965	210.8451	1.224247	0.09154891	0.550554	0.449446	3.229362
28902	-2573.728	-2782.705	208.9777	1.218414	0.07843409	0.535121	0.464879	4.34381
28908	-2586.882	-2796.317	209.4347	1.400685	0.08682995	0.552814	0.447186	3.958641
28914	-2603.751	-2814.321	210.5695	1.203298	0.06738065	0.651453	0.348547	3.469255
28920	-2582.422	-2791.689	209.2674	1.156094	0.06539383	0.65589	0.34411	4.25024
28926	-2585.508	-2792.125	206.6172	1.133979	0.07359157	0.409173	0.590827	5.714771
28932	-2575.475	-2784.448	208.9722	1.235437	0.06216672	0.627273	0.372727	4.381233
28938	-2580.484	-2789.446	208.9616	1.105823	0.09228662	0.559241	0.440759	4.381233
28944	-2581.877	-2792.165	210.2878	1.339748	0.05968144	0.511196	0.488804	3.575841
28950	-2594.886	-2805.799	210.9136	1.240664	0.09042291	0.513253	0.486747	3.181995
28956	-2590.558	-2800.24	209.6818	1.179246	0.07822686	0.561421	0.438579	3.96639
28962	-2588.219	-2798.806	210.5868	1.247125	0.0991395	0.584218	0.415782	3.34881
28968	-2587.159	-2796.835	209.6754	1.167929	0.0596212	0.431379	0.568621	4.027565
28974	-2589.217	-2799.217	210.0005	1.243997	0.06298353	0.492702	0.507298	3.788071
28980	-2588.736	-2799.109	210.3724	1.206539	0.09522623	0.513784	0.486216	3.50789
28986	-2574.505	-2784.519	210.0144	1.2237	0.07706082	0.513784	0.486216	3.75292
28992	-2580.271	-2790.226	209.9545	1.18238	0.09978937	0.523977	0.476023	3.75292
28998	-2570.757	-2780.139	209.3815	1.313616	0.05934231	0.586667	0.413333	4.112877
29004	-2579.346	-2788.761	209.4146	1.192416	0.08627228	0.523373	0.476627	4.090443
29010	-2584.2	-2793.672	209.4723	1.093474	0.09563571	0.505594	0.494406	4.090443
29016	-2586.219	-2793.866	207.6463	1.003133	0.1346891	0.64674	0.35326	5.07871
29022	-2608.454	-2816.976	208.5222	1.056194	0.0574524	0.652884	0.347116	4.747698
29028	-2593.879	-2803.235	209.3565	1.193904	0.065895	0.46486	0.53514	4.176871
29034	-2594.593	-2803.653	209.0604	1.263782	0.06577648	0.608023	0.391977	4.305418
29040	-2585.878	-2795.757	209.8787	1.132385	0.1087752	0.500956	0.499044	3.803817
29046	-2585.93	-2792.645	206.7149	0.9375478	0.05895552	0.647896	0.352104	5.807682
29052	-2578.358	-2785.981	207.6232	1.118039	0.06318672	0.622148	0.377852	5.197314
29058	-2570.315	-2779.743	209.4278	1.118039	0.08368047	0.512136	0.487864	4.131918
29064	-2570.138	-2779.066	208.9274	1.059188	0.1082505	0.516878	0.483122	4.388648
29070	-2576.389	-2785.848	209.4591	1.092865	0.1481859	0.516878	0.483122	3.981354
29076	-2589.941	-2800.062	210.1208	1.272243	0.1663954	0.608586	0.391414	3.459451
29082	-2591.172	-2803.024	211.8526	1.415365	0.1582351	0.580722	0.419278	2.340251
29088	-2588.172	-2798.349	210.1765	1.187522	0.1167752	0.619501	0.380499	3.581068
29094	-2589.643	-2799.754	210.111	1.315642	0.08615022	0.605413	0.394587	3.619792
29100	-2593.378	-2805.324	211.9463	1.589496	0.1037825	0.615091	0.384909	2.300287
29106	-2590.772	-2801.103	210.3311	1.228546	0.07678635	0.549844	0.450156	3.56744
29112	-2587.417	-2796.258	208.8417	1.183921	0.1332507	0.52014	0.47986	4.311391
29118	-2589.739	-2799.228	209.4885	1.212234	0.08927332	0.636349	0.363651	4.029355
29124	-2586.092	-2796.232	210.1401	1.212234	0.139892	0.548029	0.451971	3.536853
29130	-2596.555	-2807.11	210.5557	1.326944	0.1166035	0.565069	0.434931	3.277835
29136	-2596.585	-2807.037	210.4522	1.399361	0.112685	0.598928	0.401072	3.305436
29142	-2603.805	-2813.395	209.5896	1.239979	0.1300797	0.646481	0.353519	3.860082
29148	-2596.669	-2807.152	210.4834	1.19909	0.1337427	0.598261	0.401739	3.356917
29154	-2593.831	-2803.481	209.6497	1.158217	0.08040434	0.604922	0.395078	3.991029
29160	-2587.318	-2796.944	209.626	1.198784	0.07676875	0.604922	0.395078	3.991029
29166	-2583.036	-2792.626	209.5901	1.251264	0.05994133	0.54429	0.45571	4.02777
29172	-2601.9	-2808.851	206.9511	0.8573774	0.1140305	0.450998	0.549002	5.586639
29178	-2596.85	-2804.701	207.8509	1.026221	0.06937918	0.389813	0.610187	5.105461
29184	-2594.071	-2802.843	208.7727	0.9797073	0.0659751	0.673771	0.326229	4.626837
29190	-2583.292	-2792.692	209.3998	1.126537	0.08578894	0.47989	0.52011	4.137611
29196	-2575.462	-2785.035	209.5724	1.126537	0.06428643	0.521762	0.478238	4.096857
29202	-2582.972	-2791.779	208.8068	0.9949658	0.07778394	0.698021	0.301979	4.567601
29208	-2587.094	-2795.861	208.7675	1.331222	0.1083678	0.631501	0.368499	4.32507
29214	-2576.167	-2785.825	209.6577	1.220618	0.07162791	0.681403	0.318597	3.974223
29220	-2576.547	-2786.342	209.7953	1.186524	0.09540133	0.644084	0.355916	3.853008
29226	-2578.599	-2785.579	206.9798	0.9880298	0.09319287	0.696126	0.303874	5.547031
29232	-2578.682	-2786.495	207.8128	1.03154	0.08528836	0.602068	0.397932	5.082554
29238	-2578.367	-2787.668	209.3016	1.03154	0.09579758	0.571598	0.428402	4.22225
29244	-2573.8	-2782.919	209.1183	1.18741	0.1022381	0.553424	0.446576	4.22225
29250	-2585.007	-2796.374	211.3671	1.476841	0.1000902	0.718054	0.281946	2.74182
29256	-2583.143	-2792.807	209.6647	1.25547	0.08079686	0.731564	0.268436	3.925768
29262	-2585.831	-2794.563	208.7326	1.013294	0.1234196	0.569648	0.430352	4.490249
29268	-2579.542	-2788.489	208.9466	1.222498	0.0838233	0.577872	0.422128	4.345138
29274	-2574.623	-2784.822	210.199	1.181268	0.07034499	0.577872	0.422128	3.689117
29280	-2570.179	-2779.114	208.9352	1.168505	0.08605782	0.573527	0.426473	4.376353
29286	-2569.625	-2779.902	210.277	1.195276	0.1242071	0.566833	0.433167	3.501132
29292	-2575.602	-2784.977	209.3753	1.163975	0.05587056	0.566833	0.433167	4.211236
29298	-2578.081	-2786.464	208.3835	1.131577	0.07254023	0.556017	0.443983	4.742014
29304	-2594.15	-2803.356	209.2064	1.163382	0.1077244	0.593486	0.406514	4.172944
29310	-2584.386	-2793.244	208.8575	1.103594	0.08216407	0.593486	0.406514	4.466701
29316	-2594.069	-2804.757	210.6881	1.294684	0.08216407	0.549432	0.450568	3.305261
29322	-2583.324	-2793.319	209.9944	1.22261	0.08216407	0.500319	0.499681	3.751512
29328	-2587.473	-2798.138	210.6647	1.281547	0.07575696	0.465351	0.534649	3.344242
29334	-2578.936	-2789.738	210.8015	1.359819	0.07575696	0.602536	0.397464	3.217376
29340	-2572.152	-2781.474	209.3221	1.359819	0.06554366	0.568393	0.431607	4.103008
29346	-2587.234	-2797.864	210.6301	1.388039	0.06554366	0.505015	0.494985	3.33065
29352	-2587.296	-2795.62	208.324	1.049526	0.0795075	0.575702	0.424298	4.802885
29358	-2574.717	-2783.287	208.5696	1.049526	0.08776492	0.60139	0.39861	4.644543
29364	-2585.784	-2795.14	209.3558	1.110012	0.0762265	0.594641	0.405359	4.196932
29370	-2587.518	-2796.374	208.8556	1.002603	0.09633318	0.607349	0.392651	4.489205
29376	-2592.852	-2801.736	208.884	1.151359	0.07438342	0.522785	0.477215	4.445186
29382	-2590.178	-2798.968	208.7902	1.009987	0.07438342	0.661267	0.338733	4.57746
29388	-2589.623	-2799.604	209.9812	1.236697	0.07438342	0.661267	0.338733	3.771784
29394	-2583.249	-2794.019	210.7699	1.308145	0.06983451	0.713067	0.286933	3.28317
29400	-2577.38	-2789.596	212.2162	1.578977	0.06064641	0.674009	0.325991	2.260268
29406	-2581.748	-2793.524	211.776	1.437012	0.1037372	0.389333	0.610667	2.504265
29412	-2592.823	-2804.248	211.4251	1.437012	0.09139103	0.61762	0.38238	2.753663
29418	-2582.705	-2792.503	209.7986	1.130129	0.08633264	0.598067	0.401933	3.906429
29424	-2587.835	-2796.472	208.637	1.029539	0.06298144	0.508678	0.491322	4.683109
29430	-2582.615	-2791.651	209.0369	1.06262	0.07026349	0.524786	0.475214	4.420061
29436	-2583.091	-2792.425	209.334	1.037207	0.07026349	0.590774	0.409226	4.266544
29442	-2586.501	-2795.545	209.044	1.133273	0.06877677	0.559887	0.440113	4.380209
29448	-2591.663	-2800.785	209.1217	1.228964	0.0896249	0.482939	0.517061	4.227612
29454	-2577.426	-2787.61	210.1839	1.153233	0.09759835	0.606228	0.393772	3.642543
29460	-2590.187	-2800.617	210.4307	1.150999	0.07603067	0.595378	0.404622	3.556665
29466	-2597.635	-2807.113	209.4772	1.061291	0.1622032	0.455765	0.544235	3.961482
29472	-2586.994	-2796.779	209.7847	1.022497	0.1622032	0.602424	0.397576	3.807274
29478	-2586.697	-2797.207	210.5095	1.144261	0.06373499	0.633025	0.366975	3.548971
29484	-2584.61	-2790.948	206.3379	0.9818827	0.06554639	0.63602	0.36398	5.971755
29490	-2585.031	-2795.883	210.8525	1.042674	0.1330862	0.648538	0.351462	3.233043
29496	-2611.133	-2819.255	208.1212	1.034263	0.07474755	0.57764	0.42236	4.936746
29502	-2599.828	-2807.632	207.8039	0.9832263	0.07073073	0.506693	0.493307	5.15175
29508	-2600.879	-2809.676	208.797	1.175718	0.06403064	0.382829	0.617171	4.508421
29514	-2593.78	-2803.697	209.9165	1.303923	0.08884494	0.599061	0.400939	3.732168
29520	-2596.519	-2805.744	209.2255	1.31921	0.0695228	0.597133	0.402867	4.170115
29526	-2593.46	-2803.957	210.4971	1.206866	0.06243964	0.470879	0.529121	3.523441
29532	-2582.743	-2791.824	209.0808	1.206866	0.06045911	0.598287	0.401713	4.340777
29538	-2582.335	-2790.441	208.1063	0.984861	0.07753267	0.56261	0.43739	4.965243
29544	-2587.949	-2797.026	209.0773	1.053624	0.1328765	0.422308	0.577692	4.252616
29550	-2578.966	-2787.807	208.8412	1.033278	0.09528991	0.571223	0.428777	4.482582
29556	-2587.716	-2797.301	209.5852	0.9870645	0.1198199	0.613349	0.386651	4.029979
29562	-2592.974	-2802.739	209.7643	1.175498	0.0660886	0.599728	0.400272	3.954306
29568	-2600.634	-2809.881	209.2469	1.206249	0.05809532	0.603358	0.396642	4.253764
29574	-2588.727	-2798.976	210.2483	1.049751	0.07676149	0.610649	0.389351	3.719132
29580	-2589.23	-2798.923	209.6925	1.099783	0.08273203	0.632938	0.367062	3.993861
29586	-2581.306	-2792.137	210.8306	1.136974	0.1361715	0.529072	0.470928	3.183362
29592	-2578.552	-2788.462	209.9103	1.021571	0.09624268	0.537783	0.462217	3.8796
29598	-2586.881	-2796.32	209.4388	1.142586	0.09624268	0.594226	0.405774	4.080065
29604	-2590.757	-2801.256	210.4984	1.346047	0.07826022	0.523987	0.476013	3.397147
29610	-2586.714	-2797.299	210.5849	1.238926	0.1132516	0.674054	0.325946	3.320384
29616	-2576.601	-2786.032	209.4302	1.238926	0.09306301	0.584441	0.415559	4.037866
29622	-2580.572	-2790.814	210.242	1.20746	0.08999239	0.709098	0.290902	3.596575
29628	-2583.409	-2794.034	210.6255	1.20746	0.1127136	0.481358	0.518642	3.316284
29634	-2581.503	-2791.289	209.7858	1.249141	0.1127136	0.691605	0.308395	3.780864
29640	-2584.161	-2793.632	209.4711	1.080186	0.08961301	0.510999	0.489001	4.113664
29646	-2593.204	-2801.985	208.7802	1.191604	0.05341645	0.568415	0.431585	4.538492
29652	-2600.898	-2810.854	209.9558	1.127057	0.1005152	0.524734	0.475266	3.782315
29658	-2600.865	-2810.826	209.9605	1.319037	0.05791038	0.424132	0.575868	3.782315
29664	-2597.543	-2808.322	210.7795	1.319037	0.05045872	0.554201	0.445799	3.327342
29670	-2586.76	-2795.579	208.819	1.10415	0.05329485	0.554201	0.445799	4.566211
29676	-2593.407	-2801.248	207.8412	1.063889	0.05718749	0.520435	0.479565	5.123031
29682	-2584.982	-2793.971	208.9894	1.099334	0.1066846	0.506351	0.493649	4.334592
29688	-2575.364	-2785.616	210.252	1.125747	0.1098435	0.590883	0.409117	3.589302
29694	-2580.303	-2789.323	209.0196	1.053638	0.05939692	0.525174	0.474826	4.4647
29700	-2590.841	-2801.027	210.1867	1.24575	0.06704359	0.639914	0.360086	3.668089
29706	-2593.223	-2802.562	209.3398	1.323078	0.06688703	0.560222	0.439778	4.110152
29712	-2602.361	-2811.78	209.4189	1.245972	0.05610569	0.528653	0.471347	4.139212
29718	-2603.664	-2814.001	210.3364	1.402325	0.05442283	0.630221	0.369779	3.526369
29724	-2596.491	-2806.346	209.855	1.207117	0.08990099	0.610671	0.389329	3.820672
29730	-2583.886	-2792.944	209.0579	1.055745	0.08591845	0.504414	0.495586	4.371118
29736	-2584.15	-2793.062	208.9122	1.096073	0.08284889	0.626676	0.373324	4.438339
29742	-2587.888	-2795.811	207.9231	1.096073	0.07709872	0.626676	0.373324	5.006381
29748	-2580.258	-2788.91	208.6512	1.094343	0.06209247	0.522213	0.477787	4.641277
29754	-2569.474	-2778.574	209.1007	1.216582	0.06200182	0.522213	0.477787	4.319736
29760	-2595.645	-2804.658	209.0125	1.149025	0.07892203	0.599868	0.400132	4.362106
29766	-2601.673	-2811.212	209.5382	1.073133	0.09045738	0.582854	0.417146	4.077344
29772	-2596.97	-2806.478	209.5078	1.072295	0.09764992	0.740651	0.259349	4.077344
29778	-2589.908	-2799.111	209.2036	1.022075	0.08012265	0.483579	0.516421	4.322678
29784	-2606.326	-2815.177	208.8513	0.9340362	0.1052124	0.544463	0.455537	4.509076
29790	-2586.028	-2797.094	211.0662	1.210226	0.1239451	0.633324	0.366676	3.026759
29796	-2589.774	-2800.129	210.3553	1.209281	0.06900509	0.530818	0.469182	3.585992
29802	-2591.71	-2801.036	209.3265	1.255111	0.0666007	0.738492	0.261508	4.15717
29808	-2594.901	-2804.236	209.3344	1.272268	0.06148377	0.601106	0.398894	4.15717
29814	-2585.436	-2796.485	211.0497	1.772673	0.06621733	0.603074	0.396926	2.848761
29820	-2585.976	-2797.881	211.9047	1.452251	0.09350366	0.482892	0.517108	2.441439
29826	-2575.818	-2787.833	212.0151	1.452251	0.09889552	0.605317	0.394683	2.357034
29832	-2572.771	-2783.955	211.1849	1.363978	0.0976041	0.605317	0.394683	2.927393
29838	-2584.355	-2795.665	211.31	1.401074	0.06237751	0.679451	0.320549	2.927393
29844	-2578.676	-2787.851	209.1751	1.017383	0.06471649	0.679451	0.320549	4.382722
29850	-2571.303	-2780.91	209.6072	1.083871	0.1008524	0.531265	0.468735	4.006207
29856	-2567.029	-2775.851	208.8226	1.265098	0.09447269	0.662386	0.337614	4.3644
29862	-2571.042	-2780.194	209.152	1.09082	0.06107387	0.622592	0.377408	4.3644
29868	-2581.877	-2791.34	209.4626	1.309669	0.06291888	0.580937	0.419063	4.058854
29874	-2586.213	-2793.766	207.553	0.9397781	0.09023565	0.532511	0.467489	5.264936
29880	-2592.028	-2799.982	207.9535	0.9940079	0.07472951	0.486435	0.513565	5.052292
29886	-2596.672	-2804.568	207.8968	0.8676984	0.07970779	0.537645	0.462355	5.140898
29892	-2583.833	-2793.4	209.5667	1.049692	0.07332039	0.537645	0.462355	4.119106
29898	-2581.067	-2789.41	208.3434	1.027472	0.1168047	0.706699	0.293301	4.715129
29904	-2599.131	-2810.286	211.1554	1.301086	0.1399361	0.731884	0.268116	2.882358
29910	-2576.901	-2788.282	211.3809	1.335156	0.1200768	0.651938	0.348062	2.770175
29916	-2582.734	-2793.886	211.152	1.372974	0.1324137	0.539587	0.460413	2.857658
29922	-2593.669	-2803.039	209.3704	1.311733	0.1093665	0.556206	0.443794	3.991118
29928	-2592.891	-2802.553	209.662	1.218387	0.06506243	0.556583	0.443417	3.991118
29934	-2584.058	-2793.913	209.8552	1.085997	0.09172165	0.556583	0.443417	3.885529
29940	-2580.806	-2790.345	209.539	0.977451	0.100683	0.629868	0.370132	4.106238
29946	-2589.68	-2798.968	209.2887	1.326503	0.09451482	0.493262	0.506738	4.065051
29952	-2584.526	-2795.678	211.1523	1.326503	0.07812916	0.586256	0.413744	3.021689
29958	-2577.452	-2786.881	209.428	1.452351	0.04956398	0.532691	0.467309	4.035105
29964	-2579.432	-2789.504	210.0719	1.287884	0.08210331	0.6484	0.3516	3.669145
29970	-2585.726	-2796.111	210.3854	1.118567	0.1173434	0.497867	0.502133	3.498237
29976	-2572.331	-2781.537	209.2063	1.183145	0.09238984	0.464607	0.535393	4.198732
29982	-2581.782	-2791.098	209.3162	1.187391	0.06760762	0.569786	0.430214	4.198732
29988	-2578.436	-2787.189	208.7523	1.134105	0.1097924	0.569786	0.430214	4.441594
29994	-2585.707	-2793.708	208.0004	1.12637	0.1329461	0.682894	0.317106	4.816821
30000	-2583.711	-2793.237	209.526	1.22748	0.1329461	0.550726	0.449274	3.897598
30006	-2590.256	-2800.898	210.6419	1.225995	0.1318894	0.550726	0.449274	3.251786
30012	-2584.756	-2795.486	210.7297	1.224177	0.161276	0.532665	0.467335	3.138971
30018	-2573.041	-2784.09	211.0489	1.301685	0.1185277	0.423507	0.576493	2.99494
30024	-2583.876	-2793.673	209.7962	1.245242	0.1060726	0.487731	0.512269	3.79276
30030	-2582.899	-2793.115	210.2157	1.24678	0.07817011	0.546928	0.453072	3.620147
30036	-2587.636	-2798.124	210.4883	1.153135	0.07666374	0.594555	0.405445	3.520144
30042	-2592.693	-2803.29	210.5975	1.340335	0.05428151	0.628281	0.371719	3.410435
30048	-2584.012	-2794.379	210.3673	1.279285	0.09457577	0.6458	0.3542	3.470058
30054	-2582.732	-2791.364	208.6314	1.138983	0.09457577	0.625666	0.374334	4.542871
30060	-2586.204	-2795.685	209.4806	1.164099	0.08148394	0.499663	0.500337	4.081326
30066	-2586.019	-2796.117	210.0975	1.093325	0.08941037	0.594954	0.405046	3.747769
30072	-2587.277	-2797.056	209.7798	1.119055	0.1656635	0.717663	0.282337	3.747769
30078	-2588.102	-2797.041	208.9395	1.050784	0.09339936	0.548233	0.451767	4.421982
30084	-2588.624	-2796.235	207.6111	1.111475	0.07545925	0.549559	0.450441	5.17507
30090	-2588.122	-2795.61	207.4884	1.085321	0.08080021	0.47132	0.52868	5.24367
30096	-2593.452	-2802.375	208.9231	0.9631134	0.08640879	0.694693	0.305307	4.498028
30102	-2592.491	-2800.74	208.2486	1.05822	0.1169059	0.694693	0.305307	4.750715
30108	-2590.061	-2799.22	209.1584	0.9737356	0.09430451	0.562862	0.437138	4.339719
30114	-2601.415	-2809.749	208.3334	1.247897	0.07802872	0.562862	0.437138	4.690572
30120	-2598.914	-2806.257	207.3431	0.8920027	0.1286944	0.563936	0.436064	5.320366
30126	-2597.001	-2804.713	207.7112	1.216099	0.08765334	0.56429	0.43571	5.030626
30132	-2599.301	-2808.284	208.9831	1.139156	0.0950767	0.788779	0.211221	4.3434
30138	-2592.334	-2802.291	209.9563	1.095368	0.08837755	0.630442	0.369558	3.83059
30144	-2581.963	-2791.805	209.8422	1.270096	0.07512027	0.490211	0.509789	3.83059
30150	-2596.152	-2805.377	209.2252	1.140739	0.07975885	0.509794	0.490206	4.244254
30156	-2590.552	-2798.088	207.5362	1.140739	0.06656021	0.605769	0.394231	5.223825
30162	-2586.021	-2794.844	208.8225	1.094476	0.08827951	0.605769	0.394231	4.475989
30168	-2584.458	-2793.586	209.1282	1.128927	0.08628707	0.542427	0.457573	4.289061
30174	-2590.565	-2799.367	208.8021	1.0232	0.1152373	0.506877	0.493123	4.463653
30180	-2588.442	-2797.338	208.896	1.122381	0.1025972	0.585012	0.414988	4.383926
30186	-2588.982	-2798.065	209.0831	1.018904	0.09234175	0.659141	0.340859	4.361578
30192	-2583.58	-2791.149	207.5691	0.8543822	0.1069266	0.554338	0.445662	5.26384
30198	-2585.703	-2794.31	208.6066	0.9370889	0.06672128	0.607453	0.392547	4.741603
30204	-2582.4	-2790.696	208.2953	1.049339	0.07416291	0.499703	0.500297	4.832861
30210	-2585.984	-2794.184	208.1999	1.094727	0.07714627	0.585511	0.414489	4.852988
30216	-2587.125	-2796.356	209.2317	1.094727	0.08374547	0.658399	0.341601	4.256285
30222	-2600.196	-2809.202	209.0067	1.094727	0.1089071	0.658399	0.341601	4.322261
30228	-2611.393	-2820.989	209.5956	1.213729	0.09209515	0.560033	0.439967	3.960191
30234	-2600.104	-2808.988	208.8838	1.120161	0.06941455	0.528869	0.471131	4.476177
30240	-2599.819	-2809.156	209.3377	1.006518	0.102392	0.546303	0.453697	4.200032
30246	-2594.74	-2803.808	209.0677	1.050474	0.1234667	0.662002	0.337998	4.280012
30252	-2602.856	-2809.75	206.8935	0.9621776	0.08207145	0.503263	0.496737	5.63584
30258	-2609.173	-2817.395	208.2218	0.9767903	0.130826	0.489236	0.510764	4.781168
30264	-2595.345	-2804.356	209.0111	1.141265	0.08170738	0.672549	0.327451	4.360024
30270	-2594.518	-2804.533	210.0149	1.141265	0.1012553	0.596807	0.403193	3.738214
30276	-2594.586	-2804.543	209.9576	1.141265	0.09740029	0.584859	0.415141	3.780728
30282	-2590.829	-2800.232	209.4026	1.164637	0.08958934	0.530431	0.469569	4.10468
30288	-2601.47	-2810.201	208.7315	1.133729	0.0866209	0.513425	0.486575	4.509282
30294	-2607.427	-2814.989	207.5621	1.075468	0.0798453	0.512754	0.487246	5.210839
30300	-2608.3	-2816.474	208.1735	1.172644	0.05287474	0.588141	0.411859	4.889992
30306	-2588.416	-2795.872	207.4559	1.073241	0.09564267	0.638239	0.361761	5.231796
30312	-2592.575	-2802.014	209.4396	1.051354	0.09564267	0.413154	0.586846	4.132991
30318	-2584.272	-2793.653	209.3813	1.351547	0.06603244	0.615498	0.384502	4.072639
30324	-2595.948	-2807.729	211.7808	1.401164	0.0794793	0.520559	0.479441	2.589916
30330	-2597.349	-2808.146	210.7965	1.403119	0.0794793	0.520559	0.479441	3.184394
30336	-2603.479	-2812.57	209.0913	1.155116	0.10036	0.768999	0.231001	4.260363
30342	-2593.846	-2802.499	208.6532	1.034732	0.09258537	0.569483	0.430517	4.594034
30348	-2593.442	-2802.095	208.6532	1.034732	0.09258537	0.474633	0.525367	4.594034
30354	-2591.781	-2801.171	209.3902	1.278396	0.09258537	0.512192	0.487808	4.039361
30360	-2585.288	-2796.147	210.8582	1.326153	0.06078957	0.484581	0.515419	3.246344
30366	-2596.282	-2807.024	210.7422	1.4663	0.0559336	0.618766	0.381234	3.246344
30372	-2600.054	-2808.098	208.0446	0.9269875	0.1103935	0.628155	0.371845	4.952178
30378	-2596.331	-2804.316	207.9847	1.006995	0.1054935	0.630317	0.369683	4.952178
30384	-2588.421	-2797.239	208.8177	1.212008	0.1126115	0.606446	0.393554	4.354263
30390	-2594.12	-2802.742	208.6217	1.026414	0.09535679	0.604004	0.395996	4.609629
30396	-2605.585	-2812.758	207.1727	0.9449662	0.08806379	0.586542	0.413458	5.477059
30402	-2608.765	-2816.576	207.8107	1.197348	0.07238049	0.551785	0.448215	5.024902
30408	-2593.147	-2801.811	208.664	1.288071	0.0928656	0.551785	0.448215	4.444828
30414	-2590.587	-2799.307	208.7199	1.06751	0.07367124	0.50932	0.49068	4.586498
30420	-2615.07	-2825.196	210.1267	1.28603	0.06837392	0.644183	0.355817	3.675824
30426	-2598.809	-2809.648	210.839	1.485826	0.09748047	0.462721	0.537279	3.06214
30432	-2587.815	-2798.858	211.0431	1.425772	0.08250264	0.687338	0.312662	3.015582
30438	-2588.966	-2798.253	209.2879	1.296621	0.05602771	0.607917	0.392083	4.185121
30444	-2581.173	-2790.354	209.1802	1.164555	0.06794425	0.539965	0.460035	4.287805
30450	-2583.48	-2791.159	207.6789	1.053591	0.08255094	0.546284	0.453716	5.151446
30456	-2583.617	-2794.204	210.5874	1.275924	0.06471719	0.630619	0.369381	3.423859
30462	-2589.164	-2797.507	208.3438	1.077547	0.06866355	0.616009	0.383991	4.804684
30468	-2616.543	-2824.359	207.8155	0.8609448	0.1075982	0.570172	0.429828	5.122342
30474	-2606.834	-2817.383	210.5496	1.300355	0.1094203	0.596924	0.403076	3.314188
30480	-2588.126	-2798.347	210.2209	1.311889	0.09663555	0.553407	0.446593	3.531279
30486	-2588.233	-2798.312	210.0782	1.266628	0.09797107	0.553407	0.446593	3.637185
30492	-2604.018	-2813.647	209.6293	1.158444	0.06880977	0.716628	0.283372	4.033687
30498	-2598.583	-2807.083	208.4999	1.08667	0.07429625	0.559015	0.440985	4.697416
30504	-2593.019	-2802.91	209.8914	1.381677	0.07429625	0.57097	0.42903	3.740204
30510	-2610.942	-2820.523	209.5813	1.073928	0.07450942	0.583547	0.416453	4.093771
30516	-2594.879	-2804.533	209.6543	1.122878	0.1204995	0.454979	0.545021	3.911219
30522	-2587.26	-2796.999	209.7383	1.122878	0.09989494	0.573056	0.426944	3.911219
30528	-2600.781	-2811.205	210.4239	1.088088	0.09096388	0.61665	0.38335	3.557755
30534	-2593.671	-2804.459	210.7875	1.115894	0.1018063	0.61665	0.38335	3.301276
30540	-2595.774	-2806.448	210.6742	1.195042	0.08265458	0.673951	0.326049	3.370731
30546	-2584.554	-2794.305	209.7515	1.195042	0.09760373	0.64377	0.35623	3.867854
30552	-2586.322	-2795.777	209.455	1.151301	0.07035237	0.588027	0.411973	4.132894
30558	-2591.507	-2800.924	209.4173	1.102845	0.08901869	0.588027	0.411973	4.132894
30564	-2583.177	-2791.961	208.7841	1.004713	0.06164363	0.588027	0.411973	4.618265
30570	-2575.764	-2785.563	209.7995	1.004713	0.1063068	0.588027	0.411973	3.928426
30576	-2582.149	-2792.523	210.3739	1.130514	0.09619021	0.494943	0.505057	3.548928
30582	-2582.093	-2791.086	208.9923	1.130514	0.1082425	0.678033	0.321967	4.311725
30588	-2568.979	-2778.102	209.1223	1.130514	0.07845294	0.709415	0.290585	4.311725
30594	-2566.308	-2776.401	210.0928	1.115572	0.08909727	0.621592	0.378408	3.738449
30600	-2577.166	-2786.64	209.4741	1.24234	0.07101094	0.600218	0.399782	4.068383
30606	-2578.089	-2787.444	209.3547	1.079029	0.09986011	0.429877	0.570123	4.155241
30612	-2575.157	-2783.103	207.9458	0.9504226	0.08569891	0.585894	0.414106	5.052746
30618	-2580.304	-2788.452	208.1479	0.9804016	0.06635493	0.617805	0.382195	4.974125
30624	-2585.352	-2793.945	208.5929	0.9566947	0.1120887	0.62242	0.37758	4.625621
30630	-2592.02	-2800.709	208.6892	1.031986	0.04747841	0.504824	0.495176	4.695766
30636	-2576.407	-2784.81	208.4028	1.031986	0.09073643	0.436447	0.563553	4.740358
30642	-2575.594	-2785.404	209.8098	1.068635	0.09073643	0.672484	0.327516	3.924052
30648	-2588.287	-2796.8	208.5134	0.9831271	0.1311008	0.490066	0.509934	4.613893
30654	-2583.19	-2790.929	207.7385	1.005139	0.08461834	0.524767	0.475233	5.140079
30660	-2587.175	-2795.02	207.845	1.098492	0.1174283	0.628766	0.371234	4.952117
30666	-2580.662	-2788.897	208.2346	1.100427	0.08015463	0.500585	0.499415	4.822688
30672	-2601.667	-2811.282	209.6155	1.258765	0.07988253	0.638916	0.361084	3.954427
30678	-2581.222	-2790.594	209.3716	1.220515	0.07868449	0.515659	0.484341	4.118601
30684	-2568.999	-2778.434	209.4347	1.199176	0.06983792	0.556892	0.443108	4.118601
30690	-2579.199	-2788.641	209.4422	1.120244	0.06983792	0.553582	0.446418	4.159188
30696	-2581.859	-2790.872	209.0125	1.16112	0.09985124	0.530568	0.469432	4.3028
30702	-2572.836	-2781.133	208.2976	1.085508	0.04669947	0.657235	0.342765	4.88668
30708	-2582.7	-2791.875	209.1753	1.021099	0.0577418	0.575427	0.424573	4.399901
30714	-2580.974	-2791.948	210.9742	1.279125	0.0706543	0.53888	0.46112	3.177122
30720	-2580.08	-2790.596	210.5163	1.170741	0.06243074	0.689332	0.310668	3.533337
30726	-2582.69	-2791.517	208.8271	1.058026	0.07579801	0.622039	0.377961	4.525997
30732	-2585.937	-2793.822	207.8856	1.346665	0.06963729	0.624684	0.375316	4.907489
30738	-2577.353	-2786.993	209.6395	1.104847	0.08888832	0.666409	0.333591	4.005435
30744	-2571.81	-2781.321	209.5108	1.190628	0.09873438	0.467862	0.532138	4.005435
30750	-2569.408	-2780.563	211.1549	1.25534	0.08881376	0.57212	0.42788	3.033711
30756	-2582.585	-2793.566	210.9811	1.304738	0.09764978	0.57212	0.42788	3.085003
30762	-2598.851	-2810.089	211.2376	1.172107	0.07032534	0.660277	0.339723	3.085003
30768	-2586.541	-2796.101	209.5604	1.046348	0.09903884	0.534366	0.465634	4.058779
30774	-2582.724	-2792.459	209.7351	1.125317	0.08088194	0.534366	0.465634	3.959719
30780	-2580.722	-2790.343	209.6213	0.9754396	0.07724782	0.532651	0.467349	4.119784
30786	-2583.496	-2793.305	209.8087	1.089878	0.1142031	0.690264	0.309736	3.855867
30792	-2587.181	-2798.025	210.8447	1.234716	0.06006854	0.582591	0.417409	3.310396
30798	-2592.45	-2802.371	209.9202	1.234716	0.1026307	0.559136	0.440864	3.735566
30804	-2598.495	-2808.084	209.5891	1.234716	0.06985418	0.611972	0.388028	4.010223
30810	-2597.877	-2806.168	208.2914	1.072007	0.1137031	0.591834	0.408166	4.726203
30816	-2606.845	-2816.583	209.7385	1.115871	0.09449452	0.591834	0.408166	3.928369
30822	-2600.547	-2810.13	209.5826	1.041173	0.06609796	0.621558	0.378442	4.134587
30828	-2584.883	-2791.778	206.8955	0.9336537	0.06970661	0.55576	0.44424	5.682158
30834	-2589.737	-2798.887	209.1501	0.9885817	0.07338254	0.700468	0.299532	4.389587
30840	-2588.046	-2795.759	207.7128	1.091642	0.08654279	0.628866	0.371134	5.101583
30846	-2583.537	-2793.355	209.8186	1.267389	0.08654279	0.628866	0.371134	3.815571
30852	-2587.95	-2797.806	209.8553	1.230705	0.08654279	0.479962	0.520038	3.815571
30858	-2592.589	-2803.78	211.1907	1.344245	0.0915766	0.449087	0.550913	2.951514
30864	-2589.585	-2799.381	209.7957	1.301311	0.0915766	0.642573	0.357427	3.79634
30870	-2598.323	-2808.48	210.1569	1.295992	0.09986357	0.775816	0.224184	3.569727
30876	-2605.256	-2815.533	210.2767	1.135531	0.09298014	0.508238	0.491762	3.610559
30882	-2604.375	-2814.192	209.8166	1.205975	0.07983123	0.560994	0.439006	3.869541
30888	-2583.845	-2793.803	209.9586	1.205625	0.0644576	0.607583	0.392417	3.830135
30894	-2597.151	-2807.937	210.786	1.471911	0.06836835	0.631371	0.368629	3.180906
30900	-2606.457	-2817.388	210.9307	1.402817	0.1122444	0.483587	0.516413	3.020239
30906	-2598.181	-2808.612	210.4313	1.57278	0.09261761	0.649012	0.350988	3.265175
30912	-2594.113	-2805.944	211.8309	1.335814	0.1497825	0.401562	0.598438	2.422843
30918	-2581.494	-2791.652	210.1584	1.351799	0.09947203	0.521474	0.478526	3.537375
30924	-2580.341	-2790.481	210.1394	1.307808	0.07449426	0.510126	0.489874	3.638944
30930	-2583.629	-2792.264	208.6351	1.18713	0.1143287	0.523542	0.476458	4.467386
30936	-2598.609	-2807.705	209.0965	1.056338	0.09605551	0.6258	0.3742	4.32371
30942	-2600.676	-2809.936	209.2603	1.354023	0.0506145	0.503066	0.496934	4.183572
30948	-2601.462	-2810.591	209.13	1.449455	0.05758731	0.595083	0.404917	4.183572
30954	-2601.389	-2811.707	210.3176	1.075733	0.0743933	0.488073	0.511927	3.670424
30960	-2601.062	-2810.385	209.3235	1.121263	0.08514564	0.697911	0.302089	4.185617
30966	-2601.501	-2811.133	209.6321	1.225108	0.07457843	0.607342	0.392658	3.978327
30972	-2590.099	-2799.871	209.7718	0.9643706	0.1017363	0.607342	0.392658	3.978327
30978	-2589.762	-2798.976	209.214	0.9103591	0.1540319	0.547202	0.452798	4.213279
30984	-2584.747	-2794.195	209.4475	0.9103591	0.06993541	0.556945	0.443055	4.275005
30990	-2596.849	-2806.57	209.7209	1.249014	0.06993541	0.623074	0.376926	3.926465
30996	-2582.415	-2792.789	210.3737	1.161931	0.1202969	0.542082	0.457918	3.47298
31002	-2582.444	-2789.755	207.3105	0.8389669	0.1140762	0.420188	0.579812	5.398995
31008	-2598.788	-2806.497	207.7097	1.008898	0.08011479	0.622566	0.377434	5.165281
31014	-2589.646	-2798.124	208.4783	0.8899243	0.1045578	0.477792	0.522208	4.744451
31020	-2581.052	-2790.967	209.9155	1.005374	0.07777666	0.732152	0.267848	3.933349
31026	-2582.304	-2792.564	210.2599	1.035098	0.09029617	0.612513	0.387487	3.685348
31032	-2582.246	-2789.94	207.6946	1.032969	0.05269712	0.478935	0.521065	5.233685
31038	-2594.022	-2802.943	208.9208	1.032507	0.06901272	0.632217	0.367783	4.505761
31044	-2585.057	-2795.868	210.8117	1.157024	0.1050253	0.536526	0.463474	3.25479
31050	-2587.599	-2797.063	209.4644	1.105982	0.1012601	0.497669	0.502331	4.0741
31056	-2582.047	-2790.609	208.5624	1.158831	0.1012601	0.533247	0.466753	4.55442
31062	-2582.241	-2790.959	208.7186	1.197861	0.06247517	0.541587	0.458413	4.544315
31068	-2583.988	-2792.585	208.5973	1.115687	0.07219583	0.544746	0.455254	4.632174
31074	-2577.499	-2787.397	209.8974	1.115687	0.06582781	0.620278	0.379722	3.91306
31080	-2574.894	-2782.563	207.6692	1.115687	0.09374547	0.662377	0.337623	5.094737
31086	-2582.11	-2790.951	208.8411	1.12224	0.1117262	0.511041	0.488959	4.393793
31092	-2580.858	-2789.938	209.0792	0.9667789	0.08627099	0.58045	0.41955	4.408384
31098	-2569.959	-2779.17	209.2107	1.108542	0.08627099	0.460423	0.539577	4.253917
31104	-2580.398	-2789.906	209.5079	1.106782	0.07533851	0.698438	0.301562	4.114641
31110	-2583.052	-2792.238	209.1859	1.112852	0.09497738	0.677451	0.322549	4.243782
31116	-2580.223	-2790.93	210.7071	1.112852	0.1352005	0.626972	0.373028	3.272811
31122	-2579.917	-2789.747	209.8301	1.332564	0.07668424	0.669062	0.330938	3.797404
31128	-2585.161	-2794.566	209.405	1.072459	0.08183364	0.499846	0.500154	4.175561
31134	-2582.596	-2792.693	210.0975	1.137417	0.09232113	0.609663	0.390337	3.714929
31140	-2581.139	-2789.485	208.3457	0.96232	0.07058028	0.527773	0.472227	4.862808
31146	-2600.982	-2808.994	208.0124	0.9230282	0.07305932	0.656592	0.343408	5.063412
31152	-2598.468	-2807.567	209.0983	1.044728	0.07305932	0.594045	0.405955	4.388014
31158	-2601.888	-2811.676	209.7885	1.044728	0.07439353	0.553395	0.446605	3.992518
31164	-2604.14	-2813.013	208.8731	1.034945	0.07671919	0.545142	0.454858	4.510675
31170	-2601.572	-2810.029	208.4567	1.007698	0.07458023	0.554239	0.445761	4.764945
31176	-2593.491	-2801.56	208.069	1.22943	0.06076136	0.549555	0.450445	4.894702
31182	-2577.404	-2787.015	209.6109	1.318494	0.05137135	0.477195	0.522805	4.001964
31188	-2578.506	-2786.537	208.0309	1.291464	0.0756917	0.597866	0.402134	4.841323
31194	-2575.422	-2784.365	208.9433	1.087259	0.0756917	0.55151	0.44849	4.444457
31200	-2584.931	-2793.322	208.3909	1.00268	0.09170741	0.586647	0.413353	4.760998
31206	-2589.866	-2799.597	209.7305	1.101299	0.08984385	0.57485	0.42515	3.952972
31212	-2590.489	-2798.995	208.5054	1.091796	0.07696356	0.638709	0.361291	4.684451
31218	-2588.81	-2797.735	208.9254	1.189149	0.07334547	0.546812	0.453188	4.403294
31224	-2579.316	-2788.151	208.8347	1.002466	0.1233258	0.596219	0.403781	4.439036
31230	-2584.439	-2793.394	208.9552	1.046291	0.084079	0.618691	0.381309	4.439036
31236	-2587.068	-2795.551	208.4826	1.059471	0.08516603	0.573658	0.426342	4.69424
31242	-2580.664	-2789.129	208.4656	1.02609	0.127473	0.57098	0.42902	4.624298
31248	-2570.786	-2780.473	209.6878	1.130126	0.09775722	0.632723	0.367277	3.941196
31254	-2570.234	-2779.217	208.9834	1.112869	0.0953811	0.64967	0.35033	4.357324
31260	-2575.236	-2783.545	208.3094	1.188153	0.05923341	0.595892	0.404108	4.787866
31266	-2573.558	-2781.068	207.51	0.8940975	0.08237576	0.562777	0.437223	5.333383
31272	-2574.986	-2785.156	210.1699	1.107374	0.06219618	0.69126	0.30874	3.771421
31278	-2578.779	-2787.943	209.1648	1.338358	0.06219618	0.657882	0.342118	4.213937
31284	-2574.391	-2784.858	210.4668	1.220396	0.06884421	0.67143	0.32857	3.515062
31290	-2563.786	-2774.208	210.4218	1.26538	0.06884421	0.50496	0.49504	3.515062
31296	-2573.161	-2780	206.8388	0.8980496	0.08727809	0.661433	0.338567	5.688153
31302	-2566.936	-2774.932	207.9964	1.047239	0.07781924	0.579244	0.420756	4.990901
31308	-2579.839	-2789.625	209.7864	1.164333	0.06326439	0.476419	0.523581	3.955945
31314	-2577.157	-2785.582	208.4253	0.9808163	0.07967274	0.409832	0.590168	4.784233
31320	-2570.922	-2780.09	209.1675	1.12966	0.0750297	0.614766	0.385234	4.295667
31326	-2583.41	-2791.763	208.3529	1.011635	0.100374	0.614766	0.385234	4.756346
31332	-2588.751	-2799.025	210.2743	1.303826	0.1123725	0.629357	0.370643	3.466585
31338	-2581.269	-2791.45	210.181	1.316961	0.1330388	0.490275	0.509725	3.466585
31344	-2579.887	-2789.822	209.9352	1.264277	0.120281	0.586453	0.413547	3.668486
31350	-2596.177	-2805.582	209.4048	1.197228	0.07766378	0.59565	0.40435	4.115702
31356	-2594.48	-2803.534	209.054	1.118984	0.09619999	0.59565	0.40435	4.311969
31362	-2592.632	-2802.74	210.1084	1.389234	0.06242763	0.538363	0.461637	3.643393
31368	-2583.512	-2793.397	209.8848	1.319607	0.05486549	0.601056	0.398944	3.834274
31374	-2588.538	-2797.842	209.304	1.015599	0.06423167	0.520263	0.479737	4.312244
31380	-2589.982	-2799.362	209.3793	1.048069	0.08123271	0.668429	0.331571	4.205556
31386	-2592.092	-2801.385	209.2932	1.010666	0.09064806	0.623836	0.376164	4.251574
31392	-2588.904	-2797.469	208.5648	1.010666	0.08846623	0.548957	0.451043	4.667289
31398	-2590.143	-2799.088	208.9451	1.051945	0.07884478	0.548957	0.451043	4.455065
31404	-2592.932	-2801.401	208.4687	1.051945	0.07884478	0.425822	0.574178	4.722382
31410	-2585.783	-2796.276	210.4924	1.029286	0.09310506	0.5943	0.4057	3.546664
31416	-2589.788	-2799.099	209.311	1.030079	0.09093883	0.5943	0.4057	4.229763
31422	-2581.352	-2791.165	209.8135	1.130461	0.1068634	0.5943	0.4057	3.846934
31428	-2591.682	-2800.474	208.792	1.247798	0.05958375	0.432579	0.567421	4.482999
31434	-2596.085	-2806.491	210.4051	1.498504	0.05986275	0.412344	0.587656	3.414264
31440	-2585.998	-2796.319	210.3206	1.333927	0.08941571	0.589637	0.410363	3.478679
31446	-2578.372	-2788.949	210.5772	1.24291	0.06621388	0.635802	0.364198	3.444892
31452	-2581.175	-2791.533	210.3586	1.22072	0.1007053	0.493213	0.506787	3.494046
31458	-2588.369	-2794.883	206.5141	1.058166	0.06139081	0.624645	0.375355	5.844927
31464	-2604.031	-2810.246	206.2152	0.8702211	0.0817882	0.705148	0.294852	6.057734
31470	-2600.246	-2809.772	209.5263	1.156734	0.1229142	0.663955	0.336045	3.959804
31476	-2594.891	-2802.34	207.4497	1.278997	0.0758033	0.699459	0.300541	5.17082
31482	-2600.609	-2809.381	208.7719	1.28141	0.0758033	0.667765	0.332235	4.431324
31488	-2594.324	-2803.981	209.6572	1.415424	0.0758033	0.626739	0.373261	3.851545
31494	-2585.196	-2795.455	210.2592	1.415424	0.09929521	0.583381	0.416619	3.441838
31500	-2591.834	-2802.588	210.7536	1.252056	0.08260149	0.61962	0.38038	3.290652
31506	-2576.64	-2784.544	207.904	1.398774	0.05549976	0.527453	0.472547	4.906813
31512	-2576.595	-2786.464	209.8689	1.187547	0.08066184	0.55325	0.44675	3.847906
31518	-2571.059	-2780.242	209.183	1.386604	0.06430479	0.615039	0.384961	4.170352
31524	-2584.361	-2793.276	208.9157	1.274961	0.07567713	0.666292	0.333708	4.35417
31530	-2585.805	-2795.185	209.3801	1.231429	0.08604018	0.610719	0.389281	4.088429
31536	-2603.107	-2812.209	209.1015	1.169148	0.1189083	0.55142	0.44858	4.203698
31542	-2590.556	-2800.422	209.8658	1.356489	0.07502562	0.651107	0.348893	3.767513
31548	-2585.651	-2795.239	209.5874	1.356489	0.08140244	0.65047	0.34953	3.910532
31554	-2591.189	-2801.699	210.5099	1.335767	0.1092575	0.571539	0.428461	3.317059
31560	-2619.666	-2830.746	211.0798	1.347789	0.09096441	0.416332	0.583668	3.017624
31566	-2607.594	-2818.577	210.9836	1.352946	0.1245698	0.526877	0.473123	2.989269
31572	-2609.712	-2820.569	210.8573	1.375252	0.1499389	0.529802	0.470198	2.995748
31578	-2589.828	-2800.728	210.8995	1.400184	0.04464666	0.569222	0.430778	3.225841
31584	-2579.31	-2790.004	210.6943	1.400184	0.08721317	0.478111	0.521889	3.225841
31590	-2589.289	-2799.894	210.6055	1.265308	0.1086837	0.558405	0.441595	3.303683
31596	-2587.775	-2797.241	209.4661	1.244093	0.1086837	0.520069	0.479931	3.976657
31602	-2581.933	-2790.219	208.2864	1.067523	0.09664475	0.578464	0.421536	4.771152
31608	-2596.337	-2804.715	208.3782	1.005578	0.09664475	0.432051	0.567949	4.754468
31614	-2594.308	-2803.436	209.1276	0.9656183	0.1027654	0.53674	0.46326	4.341273
31620	-2591.162	-2798.276	207.1143	0.8483515	0.1240438	0.592277	0.407723	5.480292
31626	-2584.044	-2791.178	207.1345	0.9135217	0.1028093	0.642452	0.357548	5.480292
31632	-2585.19	-2792.098	206.9084	0.9559935	0.1508181	0.571857	0.428143	5.480292
31638	-2589.159	-2797.524	208.3651	0.963192	0.062679	0.609311	0.390689	4.872821
31644	-2585.84	-2793.827	207.9873	1.058974	0.0885553	0.497434	0.502566	4.962329
31650	-2584.406	-2792.361	207.9542	0.9558493	0.09746377	0.545952	0.454048	5.016408
31656	-2581.999	-2788.761	206.7619	1.014717	0.1181391	0.55976	0.44024	5.595179
31662	-2598.911	-2806.266	207.3546	1.080828	0.09487628	0.617689	0.382311	5.285369
31668	-2589.84	-2799.219	209.3789	1.159251	0.06236122	0.463836	0.536164	4.193586
31674	-2582.657	-2792.169	209.5114	1.179026	0.1056793	0.468188	0.531812	3.995035
31680	-2570.385	-2778.324	207.9387	0.950627	0.1056793	0.635265	0.364735	5.008659
31686	-2572.398	-2780.411	208.013	0.9734641	0.08330595	0.566948	0.433052	5.008659
31692	-2569.485	-2778.139	208.6546	1.136887	0.08901402	0.616193	0.383807	4.544723
31698	-2575.171	-2785.651	210.4797	1.160613	0.07841233	0.616193	0.383807	3.516061
31704	-2588.958	-2798.477	209.5196	1.215827	0.07841233	0.612832	0.387168	4.037673
31710	-2577.35	-2787.014	209.6638	1.215827	0.09153214	0.646334	0.353666	3.921309
31716	-2561.017	-2769.969	208.9515	1.213662	0.06509977	0.666683	0.333317	4.397073
31722	-2564.392	-2771.793	207.4004	1.16073	0.04846475	0.51981	0.48019	5.337361
31728	-2572.424	-2781.283	208.8595	1.07917	0.07353258	0.653545	0.346455	4.501909
31734	-2584.168	-2792.8	208.6323	1.053088	0.1017194	0.587852	0.412148	4.573457
31740	-2584.992	-2793.272	208.2796	1.279628	0.1028731	0.691687	0.308313	4.641513
31746	-2588.631	-2798.664	210.0325	1.013136	0.1028731	0.569793	0.430207	3.797988
31752	-2583.997	-2793.362	209.3648	1.013136	0.07667289	0.587105	0.412895	4.245556
31758	-2581.171	-2788.413	207.2419	0.9804744	0.08358622	0.451546	0.548454	5.430529
31764	-2575.079	-2782.066	206.9875	0.9142745	0.08358622	0.479853	0.520147	5.606761
31770	-2569.888	-2779.01	209.1215	1.221779	0.09459668	0.531306	0.468694	4.21943
31776	-2581.642	-2791.964	210.3213	1.301076	0.07694045	0.469632	0.530368	3.53049
31782	-2583.35	-2793.724	210.3747	1.41107	0.04362533	0.580892	0.419108	3.53049
31788	-2592.881	-2803.175	210.2944	1.404598	0.07792951	0.557606	0.442394	3.483131
31794	-2595.582	-2806.983	211.4013	1.236869	0.1075423	0.510219	0.489781	2.848154
31800	-2597.285	-2807.64	210.3551	1.269588	0.07204794	0.544267	0.455733	3.542584
31806	-2593.032	-2801.17	208.1384	1.199904	0.08204604	0.600991	0.399009	4.816034
31812	-2593.586	-2801.699	208.113	1.161372	0.09304299	0.600991	0.399009	4.824245
31818	-2607.432	-2817.975	210.5422	1.149603	0.1316767	0.586922	0.413078	3.356009
31824	-2593.465	-2803.428	209.9629	1.099339	0.09478245	0.523121	0.476879	3.808294
31830	-2589.693	-2799.889	210.1958	1.276849	0.09305943	0.58459	0.41541	3.575265
31836	-2583.35	-2793.264	209.9143	1.276849	0.1565536	0.617446	0.382554	3.596384
31842	-2579.492	-2790.134	210.642	1.174431	0.1136906	0.548103	0.451897	3.323693
31848	-2586.509	-2795.434	208.9246	1.12283	0.06808755	0.734652	0.265348	4.45529
31854	-2576.31	-2786.054	209.7439	1.167825	0.06808755	0.67043	0.32957	3.964856
31860	-2586.525	-2796.624	210.0991	1.167825	0.09073425	0.4863	0.5137	3.700426
31866	-2584.736	-2795.683	210.9469	1.30249	0.09962688	0.707934	0.292066	3.101735
31872	-2582.53	-2790.658	208.1283	1.228807	0.0621782	0.802164	0.197836	4.858152
31878	-2578.803	-2788.906	210.1029	1.456201	0.06473208	0.513768	0.486232	3.601206
31884	-2587.183	-2794.701	207.518	1.28501	0.06473208	0.520784	0.479216	5.158981
31890	-2590.077	-2798.544	208.4668	1.029939	0.1139516	0.653861	0.346139	4.651055
31896	-2594.448	-2803.774	209.3257	1.287658	0.1142861	0.65747	0.34253	4.01906
31902	-2584.187	-2793.811	209.6241	1.185739	0.06066	0.543368	0.456632	4.043786
31908	-2576.7	-2786.421	209.7205	1.216192	0.0747682	0.533723	0.466277	3.932318
31914	-2567.979	-2778.902	210.9225	1.255835	0.1366932	0.636022	0.363978	3.056709
31920	-2563.304	-2773.323	210.0183	1.27285	0.07985857	0.560506	0.439494	3.714782
31926	-2558.622	-2768.217	209.5951	1.245473	0.1126046	0.560506	0.439494	3.892883
31932	-2567.356	-2775.95	208.5938	1.127155	0.101695	0.609883	0.390117	4.553563
31938	-2566.691	-2776.249	209.5581	1.121561	0.07034321	0.583461	0.416539	4.091134
31944	-2561.549	-2771.156	209.6072	1.270018	0.09560841	0.446226	0.553774	3.912549
31950	-2569.065	-2779.896	210.8308	1.340726	0.09560841	0.484415	0.515585	3.158306
31956	-2578.771	-2790.05	211.2796	1.214906	0.09927793	0.615122	0.384878	2.955801
31962	-2588.002	-2798.943	210.941	1.375529	0.1031194	0.566834	0.433166	3.052852
31968	-2567.64	-2777.613	209.973	1.172345	0.04988667	0.566834	0.433166	3.882537
31974	-2565.914	-2776.613	210.6994	1.172345	0.100598	0.662898	0.337102	3.322903
31980	-2568.442	-2778.671	210.2283	1.172345	0.1172933	0.646407	0.353593	3.558572
31986	-2565.462	-2774.835	209.3732	1.127259	0.1086453	0.586019	0.413981	4.096443
31992	-2573.314	-2782.167	208.8533	1.066641	0.08213866	0.656434	0.343566	4.489918
31998	-2565.523	-2775.733	210.2103	1.301822	0.09314955	0.714317	0.285683	3.552115
32004	-2580.932	-2790.616	209.6837	1.16775	0.07648474	0.714317	0.285683	3.976531
32010	-2572.557	-2783.392	210.8356	1.274214	0.08670209	0.538587	0.461413	3.218169
32016	-2581.037	-2790.385	209.3482	1.156583	0.07276843	0.493631	0.506369	4.184042
32022	-2581.143	-2790.376	209.2334	1.191756	0.07157173	0.653889	0.346111	4.232441
32028	-2570.065	-2779.831	209.766	1.095755	0.09144788	0.685448	0.314552	3.931786
32034	-2577.547	-2786.353	208.8062	1.080902	0.09403138	0.650382	0.349618	4.478544
32040	-2570.88	-2780.201	209.3217	1.079001	0.1009773	0.556047	0.443953	4.17134
32046	-2577.877	-2788.597	210.72	1.452272	0.1009773	0.526144	0.473856	3.144204
32052	-2576.799	-2786.672	209.8732	1.176011	0.1009773	0.622638	0.377362	3.800572
32058	-2577.317	-2787.789	210.4715	1.35954	0.085251	0.612691	0.387309	3.386277
32064	-2580.301	-2790.914	210.6133	1.429021	0.06724225	0.536081	0.463919	3.311554
32070	-2582.639	-2793.547	210.9082	1.418349	0.08244879	0.524331	0.475669	3.100826
32076	-2575.112	-2786.38	211.2678	1.321934	0.1225798	0.646501	0.353499	2.841112
32082	-2579.15	-2790.268	211.1178	1.319065	0.1234445	0.595325	0.404675	2.931519
32088	-2566.978	-2775.889	208.9114	1.109838	0.1182628	0.595325	0.404675	4.346374
32094	-2576.4	-2785.812	209.4115	0.9813396	0.08840575	0.590084	0.409916	4.206747
32100	-2579.446	-2789.676	210.2297	1.132597	0.1172328	0.504986	0.495014	3.580982
32106	-2582.373	-2791.872	209.499	1.153848	0.08135397	0.470014	0.529986	4.077032
32112	-2574.949	-2783.074	208.125	0.9722719	0.07517133	0.663697	0.336303	4.967962
32118	-2579.795	-2787.226	207.4302	0.9864876	0.07359012	0.58399	0.41601	5.348943
32124	-2587.796	-2796.309	208.5135	1.287138	0.07148012	0.686109	0.313891	4.584882
32130	-2574.654	-2784.278	209.6234	1.190249	0.09262826	0.573364	0.426636	3.956392
32136	-2591.272	-2802.405	211.1333	1.369528	0.1041024	0.440352	0.559648	2.938565
32142	-2583.226	-2792.988	209.7627	1.300406	0.09116284	0.705472	0.294528	3.816932
32148	-2591.509	-2800.695	209.186	1.40561	0.05788335	0.635569	0.364431	4.175801
32154	-2571.025	-2781.681	210.6551	1.219076	0.09421494	0.635569	0.364431	3.337635
32160	-2576.512	-2787.773	211.2609	1.38562	0.1485371	0.56761	0.43239	2.748105
32166	-2586.053	-2797.185	211.1321	1.498066	0.06570836	0.485352	0.514648	2.966281
32172	-2589.126	-2799.101	209.9758	1.387742	0.09654406	0.456459	0.543541	3.62984
32178	-2577.81	-2788.014	210.2048	1.30556	0.05793883	0.615643	0.384357	3.648839
32184	-2594.45	-2804.889	210.4391	1.183983	0.07586988	0.60459	0.39541	3.532991
32190	-2603.848	-2815.422	211.5739	1.474326	0.08794238	0.665533	0.334467	2.648838
32196	-2596.735	-2807.445	210.7098	1.185783	0.08870968	0.691818	0.308182	3.339249
32202	-2584.591	-2793.626	209.0346	0.9823502	0.07526339	0.622424	0.377576	4.453213
32208	-2582.935	-2792.129	209.1936	1.071477	0.1031623	0.704878	0.295122	4.243071
32214	-2598.248	-2808.037	209.7892	1.12187	0.09741783	0.618319	0.381681	3.888655
32220	-2596.082	-2805.428	209.3462	0.9236313	0.0845867	0.508843	0.491157	4.286213
32226	-2592.915	-2802.063	209.1484	1.11642	0.08569773	0.629734	0.370266	4.286213
32232	-2582.357	-2791.414	209.0572	1.139142	0.1193918	0.572538	0.427462	4.244744
32238	-2594.587	-2803.201	208.6141	1.139142	0.08699071	0.591733	0.408267	4.571254
32244	-2587.53	-2797.907	210.3773	1.303224	0.0980514	0.549649	0.450351	3.441491
32250	-2597.565	-2807.259	209.6941	1.278174	0.08828783	0.549649	0.450351	3.876444
32256	-2593.194	-2802.592	209.3979	0.9980438	0.07109456	0.495701	0.504299	4.250305
32262	-2579.419	-2787.895	208.4756	1.179907	0.1015093	0.595221	0.404779	4.5907
32268	-2580.156	-2790.633	210.4767	1.265378	0.0947364	0.577674	0.422326	3.413839
32274	-2579.105	-2789.717	210.6123	1.264381	0.0890303	0.577674	0.422326	3.349509
32280	-2590.13	-2797.137	207.007	1.125519	0.08137085	0.672396	0.327604	5.485537
32286	-2587.953	-2796.938	208.9851	1.003779	0.08980216	0.675588	0.324412	4.431677
32292	-2578.545	-2786.882	208.3369	1.188245	0.07801219	0.737076	0.262924	4.722001
32298	-2587.569	-2798.044	210.4751	1.256515	0.1142855	0.73024	0.26976	3.372161
32304	-2570.297	-2780.924	210.6275	1.400896	0.113435	0.689886	0.310114	3.199173
32310	-2574.098	-2785.413	211.3157	1.535092	0.0756006	0.519277	0.480723	2.804267
32316	-2587.053	-2797.422	210.3698	1.694071	0.03878849	0.566512	0.433488	3.381778
32322	-2579.867	-2789.692	209.8246	1.177957	0.0668716	0.566512	0.433488	3.916193
32328	-2584.681	-2793.9	209.2185	1.251722	0.06327303	0.576644	0.423356	4.229592
32334	-2574.029	-2784.07	210.0409	1.251722	0.06289335	0.465006	0.534994	3.760582
32340	-2571.268	-2780.271	209.0033	1.176905	0.1012568	0.585539	0.414461	4.2957
32346	-2586.436	-2794.546	208.1104	1.203917	0.07214744	0.495613	0.504387	4.85511
32352	-2587.155	-2794.194	207.0397	1.088997	0.06588148	0.647927	0.352073	5.527861
32358	-2593.344	-2802.306	208.9624	1.044404	0.07654807	0.644519	0.355481	4.455568
32364	-2592.622	-2803.013	210.391	1.164924	0.06535178	0.594049	0.405951	3.601278
32370	-2584.772	-2794.202	209.4306	1.121937	0.07556009	0.594049	0.405951	4.149434
32376	-2593.906	-2803.953	210.0473	1.121309	0.09099763	0.602489	0.397511	3.756525
32382	-2589.201	-2798.887	209.6861	1.058877	0.07194187	0.643361	0.356639	4.049585
32388	-2585.875	-2795.81	209.9349	1.15266	0.08849598	0.541903	0.458097	3.809617
32394	-2588.426	-2798.534	210.1085	1.272429	0.05886621	0.541903	0.458097	3.721046
32400	-2574.222	-2784.85	210.6282	1.272429	0.08285896	0.559187	0.440813	3.351744
32406	-2596.101	-2806.613	210.5127	1.032266	0.08313785	0.533261	0.466739	3.558949
32412	-2600.767	-2810.478	209.7108	1.07732	0.09952568	0.570624	0.429376	3.953954
32418	-2615.637	-2825.183	209.546	1.049156	0.0912482	0.502646	0.497354	4.08459
32424	-2609.544	-2818.016	208.4722	1.235618	0.08329962	0.494094	0.505906	4.606099
32430	-2599.28	-2808.013	208.7324	1.063202	0.09856052	0.519741	0.480259	4.519051
32436	-2598.629	-2807.44	208.8116	1.063202	0.07362223	0.637026	0.362974	4.537564
32442	-2602.297	-2811.121	208.8244	0.9448622	0.08086205	0.532693	0.467307	4.57788
32448	-2593.882	-2802.569	208.6871	1.038224	0.07811528	0.498833	0.501167	4.609673
32454	-2589.74	-2798.886	209.1464	0.9598201	0.1238951	0.661936	0.338064	4.285879
32460	-2591.524	-2799.748	208.2233	0.9598201	0.08054798	0.551356	0.448644	4.906321
32466	-2587.127	-2795.208	208.0811	0.9598201	0.1071458	0.533583	0.466417	4.921014
32472	-2587.12	-2795.369	208.2488	0.8788256	0.06920198	0.572102	0.427898	4.96688
32478	-2583.046	-2791.726	208.6797	0.8797799	0.08594138	0.485396	0.514604	4.682558
32484	-2593.756	-2803.532	209.7758	1.027989	0.07755827	0.650282	0.349718	4.000926
32490	-2589.358	-2799.105	209.7472	1.01926	0.08569576	0.688125	0.311875	4.000926
32496	-2589.878	-2797.085	207.2066	0.9572512	0.06137837	0.603705	0.396295	5.520659
32502	-2583.64	-2790.807	207.167	0.8957369	0.0674499	0.658618	0.341382	5.559913
32508	-2597.518	-2805.919	208.4	0.9674384	0.08227501	0.51147	0.48853	4.799144
32514	-2588.621	-2797.289	208.668	0.9854689	0.09654319	0.448625	0.551375	4.603749
32520	-2578.867	-2788.85	209.9827	1.172843	0.0532042	0.448625	0.551375	3.86715
32526	-2584.672	-2794.551	209.8786	1.148653	0.06836541	0.62952	0.37048	3.897896
32532	-2581.551	-2788.581	207.0302	0.8936677	0.07444648	0.608321	0.391679	5.61785
32538	-2579.436	-2785.908	206.4723	0.9619867	0.1076006	0.590747	0.409253	5.806089
32544	-2567.963	-2777.433	209.4691	1.168792	0.08535557	0.547336	0.452664	4.075181
32550	-2579.63	-2786.507	206.8775	0.8294884	0.08535557	0.541006	0.458994	5.709246
32556	-2581.231	-2788.913	207.6821	0.7681762	0.07942411	0.565075	0.434925	5.315367
32562	-2583.951	-2790.832	206.8807	0.8801662	0.08329694	0.494621	0.505379	5.684778
32568	-2590.666	-2797.531	206.8649	1.08597	0.04415229	0.612707	0.387293	5.684778
32574	-2580.66	-2790.138	209.4775	0.9809052	0.09287243	0.48828	0.51172	4.158338
32580	-2591.605	-2801.3	209.695	0.9906953	0.06543155	0.528925	0.471075	4.101204
32586	-2596.761	-2805.365	208.6042	1.083004	0.08217167	0.585438	0.414562	4.620533
32592	-2585.329	-2793.481	208.1514	1.083004	0.08746341	0.585438	0.414562	4.860308
32598	-2587.308	-2796.507	209.1986	0.823491	0.08773587	0.594718	0.405282	4.418144
32604	-2586.536	-2794.72	208.1844	0.8201382	0.0751064	0.614526	0.385474	5.019705
32610	-2595.529	-2805.977	210.4478	1.113854	0.07902656	0.642412	0.357588	3.560189
32616	-2596.792	-2804.823	208.0309	0.9993516	0.07395593	0.591523	0.408477	5.008411
32622	-2579.973	-2788.423	208.4506	1.075387	0.0767412	0.59395	0.40605	4.724846
32628	-2579.322	-2787.72	208.3981	1.098389	0.0831449	0.550224	0.449776	4.724846
32634	-2579.005	-2787.194	208.1896	0.8965394	0.08281863	0.631851	0.368149	4.954529
32640	-2588.335	-2795.855	207.5201	1.078637	0.05245271	0.647195	0.352805	5.305544
32646	-2579.134	-2787.895	208.7611	1.184487	0.06968036	0.603198	0.396802	4.508318
32652	-2588.978	-2797.414	208.436	0.8993541	0.06163196	0.555085	0.444915	4.871735
32658	-2596.933	-2804.537	207.6034	0.963241	0.07372271	0.555349	0.444651	5.265811
32664	-2606.489	-2812.507	206.0173	1.212928	0.04825021	0.616194	0.383806	6.067409
32670	-2596.137	-2804.47	208.3328	0.9725077	0.05724109	0.559699	0.440301	4.900582
32676	-2592.146	-2802.127	209.9813	1.423856	0.08243751	0.456103	0.543897	3.641953
32682	-2584.102	-2794.122	210.0207	1.387519	0.08167986	0.543493	0.456507	3.642183
32688	-2582.631	-2794.1	211.4683	1.129275	0.1181766	0.651946	0.348054	2.84677
32694	-2578.689	-2787.351	208.6618	0.9802939	0.06268488	0.651946	0.348054	4.697576
32700	-2588.804	-2796.875	208.0711	0.9426929	0.09425134	0.56875	0.43125	4.966447
32706	-2586.166	-2794.451	208.2846	1.022415	0.106675	0.63509	0.36491	4.773723
32712	-2587.137	-2796.803	209.6666	1.159752	0.07242315	0.538225	0.461775	4.001818
32718	-2591.802	-2800.742	208.9403	1.140074	0.0803447	0.618641	0.381359	4.404166
32724	-2595.095	-2801.948	206.8536	0.9325497	0.06289802	0.50642	0.49358	5.723816
32730	-2587.753	-2795.874	208.1216	0.8776498	0.08202926	0.480935	0.519065	5.004814
32736	-2583.662	-2792.479	208.8172	1.077837	0.08176745	0.583189	0.416811	4.504884
32742	-2590.431	-2800.931	210.5003	1.097553	0.09492722	0.633289	0.366711	3.497651
32748	-2604.633	-2814.04	209.4074	0.9748259	0.07924592	0.508767	0.491233	4.236374
32754	-2583.846	-2793.148	209.3015	1.060047	0.08376078	0.480437	0.519563	4.236374
32760	-2592.607	-2802.587	209.9792	1.082827	0.1155971	0.649836	0.350164	3.758582
32766	-2583.019	-2793.045	210.0263	1.137673	0.09125066	0.472208	0.527792	3.758582
32772	-2574.394	-2783.193	208.7988	1.115202	0.0914527	0.559991	0.440009	4.469789
32778	-2569.956	-2779.95	209.9936	1.157889	0.07754915	0.598014	0.401986	3.801489
32784	-2582.698	-2791.847	209.1486	1.119506	0.09743566	0.583231	0.416769	4.255122
32790	-2590.657	-2797.342	206.6855	1.148209	0.09148173	0.602864	0.397136	5.624783
32796	-2579.579	-2787.696	208.1169	1.046559	0.09321206	0.558965	0.441035	4.885656
32802	-2581.982	-2790.883	208.9007	1.281219	0.07000497	0.615146	0.384854	4.374268
32808	-2590.819	-2798.924	208.1052	1.065617	0.08045529	0.592635	0.407365	4.913422
32814	-2588.265	-2797.049	208.7839	1.047836	0.08884217	0.592635	0.407365	4.52252
32820	-2595.855	-2804.557	208.7022	1.11934	0.09395648	0.614359	0.385641	4.515659
32826	-2587.352	-2796.977	209.6245	1.110448	0.1021227	0.585281	0.414719	3.97808
32832	-2591.124	-2798.6	207.4761	1.05352	0.09461633	0.615805	0.384195	5.23395
32838	-2583.144	-2790.635	207.4914	0.9524174	0.115241	0.600105	0.399895	5.23395
32844	-2589.283	-2796.682	207.3991	0.9314348	0.09315043	0.663361	0.336639	5.347435
32850	-2598.985	-2805.873	206.8874	0.9314348	0.09315043	0.598184	0.401816	5.628927
32856	-2587.04	-2793.755	206.7152	1.1032	0.07072421	0.580871	0.419129	5.685377
32862	-2609.29	-2815.057	205.7667	1.013337	0.04447324	0.746318	0.253682	6.322595
32868	-2592.733	-2801.578	208.8448	1.013337	0.06783083	0.52811	0.47189	4.56243
32874	-2584.414	-2792.482	208.0687	0.8849387	0.08884243	0.663366	0.336634	5.013075
32880	-2603.589	-2814.111	210.5222	1.200909	0.06803296	0.596487	0.403513	3.496399
32886	-2599.439	-2809.867	210.4281	1.286141	0.06988069	0.704692	0.295308	3.496399
32892	-2590.855	-2800.194	209.3386	1.115921	0.07685755	0.704692	0.295308	4.201626
32898	-2592.965	-2802.946	209.9805	1.072526	0.08620302	0.49971	0.50029	3.835385
32904	-2581.741	-2791.914	210.1731	1.207911	0.1092735	0.58209	0.41791	3.588717
32910	-2589.543	-2799.111	209.5681	1.177618	0.1058641	0.536491	0.463509	3.962983
32916	-2581.89	-2792.277	210.387	1.278977	0.0554665	0.564199	0.435801	3.565658
32922	-2585.836	-2794.199	208.3633	1.244202	0.0565036	0.70972	0.29028	4.734043
32928	-2591.078	-2801.304	210.2254	1.568542	0.05337407	0.458494	0.541506	3.497256
32934	-2603.181	-2813.523	210.3422	1.778054	0.05337407	0.614347	0.385653	3.305943
32940	-2592.797	-2803.251	210.4547	1.305823	0.1398634	0.510283	0.489717	3.297792
32946	-2584.477	-2795.734	211.2566	1.331296	0.08010902	0.615271	0.384729	2.950682
32952	-2589.246	-2800.288	211.042	1.407749	0.1121383	0.542118	0.457882	2.950682
32958	-2587.1	-2797.873	210.7735	1.234047	0.1138947	0.547885	0.452115	3.210422
32964	-2598.599	-2809.443	210.8439	1.397011	0.1028128	0.52162	0.47838	3.098743
32970	-2595.179	-2806.815	211.6364	1.237796	0.1028128	0.567658	0.432342	2.716238
32976	-2594.842	-2804.962	210.12	1.001455	0.08791637	0.558573	0.441427	3.791617
32982	-2589.646	-2799.154	209.5084	1.066658	0.1093366	0.605724	0.394276	4.052312
32988	-2586.615	-2797.585	210.9697	1.203791	0.1024352	0.67013	0.32987	3.139849
32994	-2590.393	-2800.103	209.7103	1.203791	0.07335111	0.48613	0.51387	3.949079
33000	-2593.869	-2803.333	209.4639	1.264218	0.09653176	0.679921	0.320079	3.995609
33006	-2586.27	-2796.292	210.0217	1.134778	0.1199826	0.571044	0.428956	3.694016
33012	-2568.25	-2778.384	210.1343	1.331525	0.06233307	0.446193	0.553807	3.662059
33018	-2575.511	-2784.908	209.3972	1.303972	0.06731105	0.644418	0.355582	4.087158
33024	-2583.831	-2793.177	209.3458	1.260368	0.1021204	0.644418	0.355582	4.051644
33030	-2584.516	-2794.227	209.7117	1.198865	0.1017701	0.503125	0.496875	3.878296
33036	-2580.92	-2788.91	207.9902	1.13316	0.1003723	0.517394	0.482606	4.890835
33042	-2580.375	-2789.41	209.0349	1.139799	0.08244868	0.44333	0.55667	4.345462
33048	-2572.828	-2781.514	208.6864	1.081903	0.09901814	0.556154	0.443846	4.533293
33054	-2573.547	-2783.607	210.0598	1.047832	0.1044528	0.661979	0.338021	3.758501
33060	-2585.291	-2794.319	209.0275	1.047832	0.1156656	0.717891	0.282109	4.321572
33066	-2579.069	-2788.105	209.036	1.182272	0.1141222	0.532813	0.467187	4.244168
33072	-2569.315	-2779.192	209.8771	1.2422	0.0878393	0.503595	0.496405	3.793058
33078	-2574.557	-2784.279	209.7216	1.2422	0.07332378	0.538976	0.461024	3.920682
33084	-2574.522	-2784.258	209.7361	1.346098	0.1038317	0.623693	0.376307	3.774606
33090	-2573.147	-2784.586	211.4394	1.417662	0.05344933	0.516944	0.483056	2.865944
33096	-2582.214	-2792.742	210.528	1.440624	0.06921741	0.499478	0.500522	3.349295
33102	-2580.257	-2790.977	210.7206	1.20657	0.0780073	0.529768	0.470232	3.349295
33108	-2588.597	-2798.139	209.5415	1.235033	0.07288418	0.529768	0.470232	4.029008
33114	-2580.377	-2789.18	208.8023	1.163927	0.06490332	0.511327	0.488673	4.509714
33120	-2587.727	-2796.519	208.7923	1.06044	0.08924232	0.47809	0.52191	4.509714
33126	-2590.421	-2797.505	207.0837	1.122229	0.08924232	0.411252	0.588748	5.425585
33132	-2574.418	-2782.824	208.4058	1.188991	0.07631243	0.597973	0.402027	4.687497
33138	-2579.774	-2788.698	208.9237	1.149601	0.06148046	0.614141	0.385859	4.458844
33144	-2579.06	-2787.559	208.4995	1.190044	0.07399223	0.531316	0.468684	4.64052
33150	-2587.07	-2796.75	209.6805	1.249322	0.08435734	0.507074	0.492926	3.910878
33156	-2586.654	-2796.401	209.7465	1.182317	0.09420613	0.502789	0.497211	3.88641
33162	-2586.251	-2796.058	209.807	1.191783	0.07861479	0.582334	0.417666	3.88641
33168	-2580.239	-2790.64	210.4011	1.190199	0.08973616	0.532247	0.467753	3.514695
33174	-2589.264	-2799.081	209.8169	0.915643	0.08617851	0.427414	0.572586	4.019104
33180	-2585.319	-2792.738	207.4188	0.8654998	0.1027147	0.627052	0.372948	5.350364
33186	-2575.099	-2782.724	207.6254	0.9537924	0.1027147	0.464792	0.535208	5.187464
33192	-2580.619	-2789.732	209.1133	1.213663	0.09702605	0.578906	0.421094	4.222749
33198	-2580.23	-2788.93	208.7	1.226115	0.07189461	0.585803	0.414197	4.51329
33204	-2580.661	-2789.407	208.7455	1.38688	0.06104143	0.571774	0.428226	4.426777
33210	-2579.208	-2789.202	209.9938	1.433671	0.05446682	0.703256	0.296744	3.706871
33216	-2571.842	-2782.046	210.2042	1.145554	0.07714315	0.697552	0.302448	3.688177
33222	-2575.611	-2784.518	208.9073	1.021775	0.09308654	0.556578	0.443422	4.45727
33228	-2587.98	-2793.084	205.104	0.9936496	0.06250677	0.640771	0.359229	6.643542
33234	-2585.37	-2790.108	204.7386	1.011997	0.06217594	0.633476	0.366524	6.831865
33240	-2584.912	-2794.286	209.3736	1.011997	0.07043601	0.626221	0.373779	4.257903
33246	-2580.943	-2790.431	209.4876	1.066557	0.09853919	0.578136	0.421864	4.089937
33252	-2581.274	-2792.58	211.3058	1.218811	0.09358903	0.511606	0.488394	2.952446
33258	-2586.632	-2797.754	211.1217	1.330424	0.1108289	0.619148	0.380852	2.952446
33264	-2590.549	-2800.479	209.9302	1.330424	0.09098467	0.635245	0.364755	3.703438
33270	-2593.992	-2805.371	211.3793	1.330424	0.08028455	0.619739	0.380261	2.876692
33276	-2598.926	-2811.465	212.5396	1.472561	0.06253994	0.418504	0.581496	2.11355
33282	-2583.556	-2795.947	212.3911	1.445345	0.1009729	0.469017	0.530983	2.11355
33288	-2575.873	-2788.303	212.4296	1.63139	0.1416048	0.577151	0.422849	1.857371
33294	-2568.769	-2778.865	210.0964	1.126996	0.08784715	0.633385	0.366615	3.732996
33300	-2568.827	-2779.315	210.4887	1.272121	0.08926623	0.637414	0.362586	3.416901
33306	-2567.317	-2777.431	210.1137	1.161233	0.09363608	0.57595	0.42405	3.688473
33312	-2577.957	-2787.87	209.9124	1.100438	0.09995219	0.580725	0.419275	3.823956
33318	-2583.096	-2792.747	209.6507	1.119579	0.1234437	0.580725	0.419275	3.90863
33324	-2576.82	-2784.737	207.9168	1.041895	0.07791813	0.457112	0.542888	5.037832
33330	-2577.308	-2785.16	207.8524	1.041895	0.09219894	0.457112	0.542888	5.037832
33336	-2582.602	-2792.771	210.1688	1.211906	0.08774578	0.639339	0.360661	3.642244
33342	-2594.183	-2803.766	209.5825	1.010637	0.08392521	0.518258	0.481742	4.104388
33348	-2574.453	-2783.426	208.9736	0.9555259	0.08818036	0.489668	0.510332	4.469405
33354	-2569.479	-2778.448	208.9692	1.134585	0.09046193	0.615305	0.384695	4.365219
33360	-2567.822	-2777.643	209.8207	1.0778	0.1356961	0.615305	0.384695	3.808432
33366	-2576.395	-2785.924	209.5291	1.23815	0.107673	0.612065	0.387935	3.94642
33372	-2567.825	-2775.765	207.9394	1.065214	0.06410769	0.612065	0.387935	5.048895
33378	-2578.566	-2786.424	207.8578	1.180308	0.05732507	0.527534	0.472466	5.048895
33384	-2571.746	-2781.689	209.9428	1.268661	0.08197596	0.508256	0.491744	3.755196
33390	-2577.147	-2786.972	209.8246	1.230999	0.1186957	0.639649	0.360351	3.755196
33396	-2581.318	-2791.486	210.1679	0.9807476	0.1159605	0.66604	0.33396	3.707763
33402	-2584.728	-2793.002	208.2745	1.113913	0.05856227	0.623854	0.376146	4.850641
33408	-2570.428	-2778.571	208.1431	1.029685	0.105801	0.630913	0.369087	4.850641
33414	-2564.887	-2774.423	209.536	1.386496	0.08491037	0.538533	0.461467	3.913651
33420	-2572.238	-2783.272	211.0339	1.24557	0.0873751	0.531077	0.468923	3.115647
33426	-2569.004	-2777.066	208.0623	1.027474	0.1071675	0.680498	0.319502	4.893761
33432	-2577.338	-2784.926	207.5875	1.22053	0.05872155	0.694199	0.305801	5.172583
33438	-2587.563	-2794.706	207.1427	1.003614	0.09151458	0.539257	0.460743	5.452891
33444	-2590.741	-2799.815	209.0743	1.414766	0.0681216	0.675535	0.324465	4.205561
33450	-2598.975	-2807.475	208.4998	1.137484	0.1033002	0.568971	0.431029	4.59674
33456	-2593.848	-2802.97	209.1228	1.199461	0.1031979	0.673728	0.326272	4.210564
33462	-2582.454	-2791.35	208.8952	1.196208	0.09541212	0.52411	0.47589	4.359982
33468	-2588.552	-2798.858	210.3064	1.273237	0.09541212	0.662384	0.337616	3.507036
33474	-2585.024	-2796.491	211.467	1.295166	0.07248717	0.596525	0.403475	2.866976
33480	-2587.772	-2798.19	210.4176	1.220364	0.1312855	0.619548	0.380452	3.388472
33486	-2559.701	-2769.764	210.0632	1.220364	0.1009259	0.519471	0.480529	3.665386
33492	-2564.199	-2772.934	208.7346	1.358199	0.05681744	0.59343	0.40657	4.460914
33498	-2562.457	-2772.329	209.8722	1.485789	0.1016875	0.527249	0.472751	3.620386
33504	-2569.586	-2778.941	209.3554	1.123036	0.0843384	0.59259	0.40741	4.168546
33510	-2567.659	-2778.13	210.4711	1.185567	0.08687851	0.531948	0.468052	3.484014
33516	-2559.869	-2770.119	210.2501	1.255735	0.06847329	0.554145	0.445855	3.621595
33522	-2575.656	-2784.831	209.1743	1.30095	0.1131984	0.607794	0.392206	4.100265
33528	-2578.42	-2789.863	211.4433	1.254226	0.08918717	0.514509	0.485491	2.859715
33534	-2584.549	-2794.595	210.046	1.154542	0.09922439	0.621368	0.378632	3.717548
33540	-2575.209	-2784.952	209.7426	1.163496	0.09668124	0.665001	0.334999	3.893304
33546	-2574.799	-2785.043	210.2441	1.142824	0.0965112	0.612369	0.387631	3.616405
33552	-2573.367	-2782.425	209.0578	1.197973	0.09061838	0.577497	0.422503	4.278894
33558	-2578.609	-2787.871	209.2625	1.151292	0.09061838	0.577497	0.422503	4.189302
33564	-2584.003	-2794.263	210.2592	1.213542	0.09964894	0.56677	0.43323	3.55871
33570	-2577.232	-2786.288	209.0561	1.213542	0.05707616	0.58593	0.41407	4.360431
33576	-2577.756	-2786.228	208.4722	1.102437	0.06730719	0.600432	0.399568	4.722713
33582	-2586.135	-2793.137	207.0021	1.320462	0.05690916	0.664401	0.335599	5.445507
33588	-2582.775	-2791.834	209.0587	1.046527	0.08646821	0.478288	0.521712	4.374424
33594	-2576.824	-2785.884	209.0605	1.046527	0.0862043	0.571751	0.428249	4.374099
33600	-2587.253	-2797.815	210.5619	1.269962	0.1024022	0.52168	0.47832	3.341897
33606	-2582.806	-2792.236	209.4296	1.244353	0.05679692	0.557357	0.442643	4.132101
33612	-2576.579	-2785.939	209.36	1.134986	0.07278052	0.522019	0.477981	4.189551
33618	-2575.814	-2786.365	210.5501	1.278747	0.06198844	0.517024	0.482976	3.451873
33624	-2588.921	-2799.708	210.7871	1.407849	0.0781515	0.517024	0.482976	3.190849
33630	-2598.298	-2809.436	211.1375	1.103051	0.0781515	0.559998	0.440002	3.163758
33636	-2580.021	-2790.01	209.9897	1.073901	0.08977133	0.581286	0.418714	3.820159
33642	-2585.54	-2795.203	209.6625	1.271417	0.08661509	0.581286	0.418714	3.902704
33648	-2572.197	-2781.794	209.5966	1.271417	0.07394114	0.540323	0.459677	3.973888
33654	-2586.424	-2796.121	209.6969	1.468208	0.06938259	0.47914	0.52086	3.815899
33660	-2588.199	-2798.921	210.722	1.269562	0.08333527	0.674917	0.325083	3.29695
33666	-2589.475	-2798.429	208.9546	1.126672	0.06861843	0.475681	0.524319	4.434805
33672	-2596.578	-2805.995	209.4174	1.133993	0.06825395	0.362291	0.637709	4.169809
33678	-2597.928	-2807.101	209.1729	1.242436	0.0981708	0.459289	0.540711	4.169809
33684	-2601.394	-2811.498	210.1035	1.1813	0.1040158	0.57732	0.42268	3.657133
33690	-2590.887	-2801.196	210.3093	1.168934	0.129358	0.54671	0.45329	3.486162
33696	-2598.421	-2807.521	209.0999	1.10086	0.1165311	0.52766	0.47234	4.248632
33702	-2593.559	-2804.319	210.7602	1.221076	0.07564018	0.465363	0.534637	3.323963
33708	-2594.176	-2805.323	211.1476	1.294689	0.08833355	0.48699	0.51301	3.015799
33714	-2600.212	-2809.682	209.4697	1.19689	0.07980686	0.600882	0.399118	4.073242
33720	-2597.912	-2807.573	209.6612	1.105076	0.08402353	0.500592	0.499408	4.005386
33726	-2603.764	-2813.734	209.9696	1.312149	0.06389691	0.728693	0.271307	3.76403
33732	-2591.374	-2802.842	211.4678	1.595598	0.06630257	0.799861	0.200139	2.70151
33738	-2579.996	-2789.28	209.2843	1.057925	0.1194738	0.696559	0.303441	4.161772
33744	-2572.519	-2780.516	207.9971	1.057925	0.09433495	0.636151	0.363849	4.943315
33750	-2591.78	-2802.883	211.1024	1.277964	0.147759	0.595067	0.404933	2.911446
33756	-2605.091	-2815.039	209.9478	1.288483	0.1282592	0.595067	0.404933	3.629349
33762	-2589.678	-2799.963	210.2849	1.237924	0.08439592	0.537898	0.462102	3.56849
33768	-2595.102	-2805.587	210.4854	1.164709	0.09008872	0.582366	0.417634	3.4795
33774	-2579.022	-2789.464	210.4427	1.161983	0.1371962	0.582366	0.417634	3.395126
33780	-2576.536	-2784.202	207.6655	1.02542	0.08098304	0.582366	0.417634	5.178397
33786	-2595.35	-2804.658	209.3085	1.263635	0.09715015	0.548345	0.451655	4.083113
33792	-2589.738	-2798.268	208.5298	1.036502	0.115745	0.605323	0.394677	4.608044
33798	-2593.404	-2800.6	207.1961	1.162669	0.07858722	0.657587	0.342413	5.367971
33804	-2593.765	-2801.688	207.9223	1.112551	0.07559908	0.709341	0.290659	5.001548
33810	-2589.886	-2797.948	208.0623	1.072575	0.05502183	0.544748	0.455252	5.001548
33816	-2581.679	-2791.451	209.7725	1.23724	0.06849948	0.627829	0.372171	3.907554
33822	-2590.814	-2800.63	209.816	1.23724	0.05959318	0.622572	0.377428	3.907554
33828	-2580.703	-2790.941	210.2372	1.384555	0.08341795	0.637724	0.362276	3.51346
33834	-2593.34	-2804.855	211.5151	1.618701	0.05306599	0.544182	0.455818	2.698449
33840	-2598.459	-2809.953	211.4939	1.718228	0.06559095	0.684514	0.315486	2.612017
33846	-2589.296	-2801.221	211.9255	1.361871	0.128626	0.507314	0.492686	2.395377
33852	-2582.153	-2793.97	211.817	1.362286	0.09042897	0.593843	0.406157	2.560909
33858	-2584.932	-2795.362	210.43	1.154206	0.1356778	0.669482	0.330518	3.410409
33864	-2585.387	-2794.624	209.2371	1.205535	0.1408788	0.549119	0.450881	4.058723
33870	-2597.211	-2807.927	210.7156	1.122868	0.08347955	0.549119	0.450881	3.386628
33876	-2589.414	-2798.853	209.4388	1.265024	0.06630729	0.577286	0.422714	4.088468
33882	-2585.568	-2794.991	209.4236	1.205385	0.08083462	0.566793	0.433207	4.092011
33888	-2576.814	-2786.328	209.5135	1.296778	0.06401029	0.546261	0.453739	4.034145
33894	-2582.018	-2792.738	210.7198	1.225518	0.1022689	0.696853	0.303147	3.275397
33900	-2585.105	-2794.185	209.0802	1.128131	0.1172643	0.605079	0.394921	4.242719
33906	-2596.605	-2804.165	207.5601	1.015552	0.06049639	0.644338	0.355662	5.296153
33912	-2594.993	-2801.41	206.4165	1.167069	0.07245434	0.496751	0.503249	5.809464
33918	-2589.229	-2798.925	209.6968	1.261373	0.09112793	0.593089	0.406911	3.877312
33924	-2585.055	-2796.023	210.9676	1.338381	0.09561005	0.669118	0.330882	3.078234
33930	-2595.975	-2807.64	211.665	1.242068	0.1362903	0.36207	0.63793	2.615052
33936	-2590.076	-2799.571	209.4948	1.253778	0.06434192	0.734401	0.265599	4.068369
33942	-2570.705	-2780.512	209.8066	1.253778	0.1066556	0.718793	0.281207	3.780476
33948	-2567.721	-2775.738	208.0171	1.146685	0.08907244	0.621723	0.378277	4.895651
33954	-2569.7	-2780.27	210.5695	1.198	0.09806772	0.54311	0.45689	3.390502
33960	-2579.159	-2788.769	209.6101	1.192093	0.1374492	0.530297	0.469703	3.860084
33966	-2597.758	-2807.116	209.3583	1.293862	0.07276904	0.685909	0.314091	4.100207
33972	-2589.94	-2799.857	209.9171	1.234512	0.08733995	0.493593	0.506407	3.775706
33978	-2575.56	-2785.748	210.1885	1.09376	0.1231173	0.646615	0.353385	3.614098
33984	-2572.861	-2781.949	209.088	1.206734	0.06124541	0.492759	0.507241	4.3346
33990	-2572.261	-2781.328	209.0669	1.206734	0.05839716	0.492759	0.507241	4.354495
33996	-2579.778	-2789.551	209.7733	1.223373	0.0802954	0.722685	0.277315	3.883219
34002	-2577.979	-2788.494	210.5154	1.39073	0.1067077	0.641153	0.358847	3.287618
34008	-2591.1	-2802.392	211.2925	1.556018	0.1223613	0.660102	0.339898	2.683577
34014	-2609.609	-2821.017	211.408	1.312371	0.1058834	0.582143	0.417857	2.802386
34020	-2593.651	-2803.948	210.2977	1.312371	0.05386857	0.60277	0.39723	3.602835
34026	-2587.345	-2797.515	210.1696	1.285146	0.08639814	0.490604	0.509396	3.602835
34032	-2595.139	-2805.333	210.1943	1.236234	0.08112526	0.535725	0.464275	3.630761
34038	-2600.81	-2812.477	211.667	1.323341	0.1168663	0.588694	0.411306	2.60945
34044	-2590.891	-2802.667	211.7763	1.386392	0.08962011	0.586725	0.413275	2.57344
34050	-2569.539	-2780.962	211.4225	1.386392	0.06727641	0.5112	0.4888	2.85382
34056	-2574.404	-2784.431	210.0266	1.189227	0.07307807	0.618484	0.381516	3.776531
34062	-2580.641	-2789.682	209.0414	1.101436	0.09638967	0.579683	0.420317	4.328577
34068	-2584.414	-2793.936	209.5225	0.9184037	0.05470862	0.365358	0.634642	4.270274
34074	-2578.089	-2788.33	210.2411	1.111618	0.0673512	0.450691	0.549309	3.713382
34080	-2578.647	-2787.372	208.7257	1.098472	0.1026875	0.65017	0.34983	4.493192
34086	-2573.22	-2781.998	208.7777	1.216153	0.09442969	0.523093	0.476907	4.417454
34092	-2570.899	-2781.817	210.9181	1.26233	0.1079988	0.609106	0.390894	3.121954
34098	-2565.656	-2774.894	209.2383	1.211424	0.08566408	0.489555	0.510445	4.181465
34104	-2572.198	-2779.529	207.3309	1.103122	0.04743624	0.691962	0.308038	5.410238
34110	-2579.745	-2789.104	209.359	1.004356	0.06136408	0.605433	0.394567	4.29544
34116	-2579.523	-2789.694	210.171	1.185971	0.0700143	0.605433	0.394567	3.703491
34122	-2589.211	-2798.918	209.7072	1.257552	0.06573018	0.663288	0.336712	3.941034
34128	-2592.621	-2802.497	209.8756	1.146499	0.05343353	0.61937	0.38063	3.942992
34134	-2595.413	-2804.827	209.4139	1.184299	0.0690258	0.629432	0.370568	4.141068
34140	-2589.082	-2799.289	210.2071	1.133671	0.06112743	0.629432	0.370568	3.737802
34146	-2586.409	-2796.645	210.2365	1.188064	0.06794754	0.689231	0.310769	3.670131
34152	-2580.782	-2791.522	210.7401	1.190663	0.09066932	0.574492	0.425508	3.313429
34158	-2594.752	-2804.348	209.5962	1.255417	0.1032402	0.394438	0.605562	3.908618
34164	-2582.887	-2793.203	210.3168	1.14782	0.1095166	0.488539	0.511461	3.539537
34170	-2577.051	-2787.812	210.7607	1.254804	0.08335293	0.62598	0.37402	3.282797
34176	-2585.19	-2793.989	208.7995	1.098516	0.06362676	0.47252	0.52748	4.551531
34182	-2603.91	-2811.788	207.8772	0.9918247	0.06362676	0.702996	0.297004	5.125412
34188	-2589.221	-2796.28	207.0588	0.9971676	0.07260329	0.604065	0.395935	5.550101
34194	-2595.744	-2804.103	208.3592	1.014252	0.0769424	0.434571	0.565429	4.809521
34200	-2593.2	-2801.606	208.4056	1.026397	0.07984675	0.606135	0.393865	4.769359
34206	-2598.197	-2806.355	208.1573	0.9976838	0.06982298	0.641168	0.358832	4.950011
34212	-2588.823	-2797.804	208.9808	0.9949863	0.07310477	0.536904	0.463096	4.48213
34218	-2576.294	-2783.815	207.5211	0.9714068	0.0845081	0.585179	0.414821	5.279205
34224	-2589.868	-2797.803	207.9342	1.109847	0.06828917	0.635607	0.364393	5.015774
34230	-2585.343	-2793.768	208.425	0.840281	0.1014033	0.585868	0.414132	4.809311
34236	-2580.119	-2789.402	209.2824	0.9688931	0.1431569	0.50942	0.49058	4.162946
34242	-2578.569	-2784.639	206.0704	0.9307976	0.05439053	0.695706	0.304294	6.175386
34248	-2580.009	-2787.854	207.8449	0.8760895	0.07399837	0.550714	0.449286	5.179772
34254	-2583.651	-2793.469	209.8183	1.105256	0.1276862	0.474593	0.525407	3.811259
34260	-2580.996	-2790.343	209.3468	1.089889	0.08521091	0.676248	0.323752	4.19
34266	-2585.622	-2796.097	210.475	1.113467	0.05743799	0.579412	0.420588	3.604994
34272	-2592.254	-2801.541	209.2869	1.113467	0.09431895	0.485607	0.514393	4.187735
34278	-2596.105	-2805.501	209.396	1.022479	0.09017939	0.457683	0.542317	4.187735
34284	-2602.922	-2811.852	208.93	0.8173335	0.08355056	0.665212	0.334788	4.583313
34290	-2582.524	-2790.553	208.0286	0.9045346	0.05821642	0.500105	0.499895	5.104639
34296	-2592.014	-2797.952	205.9385	0.935537	0.05821642	0.59865	0.40135	6.234133
34302	-2609.552	-2815.698	206.1461	1.029449	0.074366	0.59865	0.40135	6.027364
34308	-2595.196	-2803.286	208.0897	1.040716	0.08730232	0.59865	0.40135	4.918638
34314	-2596.053	-2805.611	209.558	1.015267	0.08730232	0.628544	0.371456	4.107016
34320	-2600.877	-2809.856	208.9788	1.16182	0.0883648	0.682921	0.317079	4.349702
34326	-2602.659	-2811.433	208.7741	0.9940107	0.08765391	0.58974	0.41026	4.561281
34332	-2590.566	-2799.332	208.7664	1.007232	0.08640974	0.524162	0.475838	4.561281
34338	-2599.346	-2807.725	208.3793	0.9358459	0.09662045	0.401112	0.598888	4.792852
34344	-2594.632	-2802.4	207.7684	1.14451	0.07563221	0.429661	0.570339	5.069171
34350	-2593.781	-2802.696	208.9145	1.289879	0.06677311	0.502073	0.497927	4.370372
34356	-2593.305	-2802.531	209.2255	1.186271	0.1047309	0.502073	0.497927	4.156136
34362	-2584.417	-2792.913	208.4966	1.068198	0.1047309	0.611959	0.388041	4.633996
34368	-2577.139	-2786.557	209.4185	1.068198	0.07666854	0.538573	0.461427	4.18389
34374	-2573.654	-2782.836	209.1819	1.117768	0.06235688	0.652095	0.347905	4.328738
34380	-2582.527	-2791.272	208.7452	1.077184	0.1014528	0.542009	0.457991	4.4971
34386	-2568.744	-2777.415	208.6708	1.156933	0.100178	0.509614	0.490386	4.4971
34392	-2575.475	-2784.489	209.014	1.089248	0.07619516	0.478934	0.521066	4.402161
34398	-2578.817	-2789.865	211.0473	1.524813	0.09205227	0.48717	0.51283	2.927847
34404	-2574.969	-2784.703	209.7348	1.421398	0.1010367	0.406001	0.593999	3.738697
34410	-2579.749	-2789.962	210.2129	1.464937	0.06058054	0.634518	0.365482	3.544004
34416	-2582.697	-2794.365	211.6676	1.397909	0.07384188	0.595507	0.404493	2.677997
34422	-2580.515	-2789.684	209.1685	1.176438	0.08230957	0.593778	0.406222	4.249506
34428	-2570.515	-2779.292	208.7774	1.274597	0.06845091	0.451418	0.548582	4.451748
34434	-2575.463	-2783.476	208.0135	1.121996	0.07817442	0.608547	0.391453	4.938954
34440	-2586.671	-2797.623	210.9519	1.121996	0.1836233	0.633851	0.366149	3.023979
34446	-2580.584	-2791.053	210.4685	1.295252	0.0836771	0.524929	0.475071	3.429865
34452	-2588.512	-2798.603	210.0901	1.372499	0.08322015	0.595662	0.404338	3.606575
34458	-2592.881	-2804.252	211.3711	1.536112	0.06691126	0.572242	0.427758	2.79517
34464	-2585.658	-2797.276	211.6185	1.181949	0.08992817	0.622003	0.377997	2.79517
34470	-2588.416	-2798.297	209.8809	1.18192	0.08126284	0.604572	0.395428	3.842673
34476	-2582.912	-2793.585	210.6729	1.18192	0.094409	0.633244	0.366756	3.348505
34482	-2582.916	-2790.63	207.7137	1.217015	0.07933729	0.61593	0.38407	5.049741
34488	-2584.178	-2792.325	208.1469	0.9938897	0.1406774	0.51336	0.48664	4.793176
34494	-2571.846	-2781.647	209.8016	1.135952	0.1201625	0.50418	0.49582	3.81991
34500	-2581.945	-2791.521	209.5761	1.170923	0.0723671	0.621031	0.378969	4.047214
34506	-2578.558	-2785.986	207.4276	0.9821614	0.09099236	0.640157	0.359843	5.308909
34512	-2593.716	-2801.601	207.8844	1.056256	0.09216156	0.562434	0.437566	5.012165
34518	-2594.727	-2802.907	208.1803	1.234526	0.06662512	0.603463	0.396537	4.813821
34524	-2583.599	-2792.057	208.4583	1.05802	0.1000854	0.534764	0.465236	4.672113
34530	-2588.135	-2797.262	209.127	1.167991	0.06174806	0.623645	0.376355	4.333066
34536	-2581.572	-2791.05	209.4781	1.385809	0.05193419	0.562783	0.437217	4.037709
34542	-2584.374	-2795.623	211.249	1.581512	0.07006594	0.579345	0.420655	2.832569
34548	-2573.962	-2784.613	210.6503	1.425667	0.08674715	0.577395	0.422605	3.23807
34554	-2587.556	-2795.127	207.5705	1.171847	0.1311939	0.544612	0.455388	5.034422
34560	-2582.841	-2792.668	209.8266	1.086974	0.124797	0.595265	0.404735	3.823365
34566	-2586.875	-2796.224	209.3485	1.044669	0.06721947	0.517401	0.482599	4.262371
34572	-2589.252	-2798.933	209.6811	1.458767	0.06226408	0.654814	0.345186	3.850289
34578	-2591.93	-2801.176	209.2459	1.257264	0.08375902	0.544349	0.455651	4.155959
34584	-2586.539	-2795.511	208.9726	1.091789	0.08447736	0.527285	0.472715	4.402532
34590	-2598.279	-2806.361	208.0825	1.00402	0.132072	0.527285	0.472715	4.841081
34596	-2581.02	-2789.691	208.6709	0.9987997	0.08815493	0.626496	0.373504	4.61526
34602	-2588.359	-2797.044	208.6844	0.9987997	0.08512945	0.518113	0.481887	4.61526
34608	-2591.576	-2801.866	210.2891	1.177458	0.1216707	0.669664	0.330336	3.51017
34614	-2592.405	-2801.291	208.8851	0.9208902	0.115047	0.600559	0.399441	4.474909
34620	-2594.454	-2803.195	208.7409	1.080847	0.09079543	0.558874	0.441126	4.523316
34626	-2606.415	-2816.52	210.1042	1.090057	0.08279719	0.671872	0.328128	3.762923
34632	-2593.587	-2802.013	208.4263	1.093548	0.07635859	0.711646	0.288354	4.729321
34638	-2585.012	-2792.3	207.2874	1.014364	0.07145401	0.512241	0.487759	5.417881
34644	-2577.493	-2784.494	207.0013	0.9518697	0.07729109	0.529313	0.470687	5.59447
34650	-2588.153	-2795.065	206.9118	0.9873214	0.07677514	0.653363	0.346637	5.625421
34656	-2585.137	-2793.337	208.2	0.9873214	0.0968581	0.708907	0.291093	4.863571
34662	-2584.877	-2792.578	207.7007	1.025291	0.06555967	0.494073	0.505927	5.199333
34668	-2584.824	-2792.231	207.4063	0.8203068	0.1208256	0.61277	0.38723	5.341764
34674	-2590.134	-2798.942	208.8085	0.9288659	0.1257785	0.670721	0.329279	4.489959
34680	-2594.964	-2805.864	210.8997	1.05574	0.07908552	0.670721	0.329279	3.329696
34686	-2594.601	-2804.506	209.904	1.165494	0.123422	0.537368	0.462632	3.736537
34692	-2592.375	-2802.38	210.0045	1.153994	0.1013798	0.57604	0.42396	3.736537
34698	-2604.613	-2814.974	210.3615	1.131805	0.06937241	0.688815	0.311185	3.62631
34704	-2583.328	-2793.559	210.2309	1.160994	0.0914382	0.518187	0.481813	3.62631
34710	-2585.575	-2795.806	210.2308	1.243633	0.07260312	0.556297	0.443703	3.628336
34716	-2581.532	-2788.515	206.9828	1.000376	0.0664029	0.515296	0.484704	5.606425
34722	-2586.449	-2792.321	205.8715	0.8747592	0.08450546	0.698849	0.301151	6.235599
34728	-2587.537	-2796.348	208.8117	1.236076	0.07456337	0.698849	0.301151	4.437712
34734	-2601.321	-2809.528	208.2068	1.207206	0.0437935	0.604285	0.395715	4.87753
34740	-2606.901	-2815.281	208.3798	1.301883	0.1144541	0.559066	0.440934	4.546149
34746	-2589.095	-2796.383	207.2878	1.104029	0.08632121	0.559066	0.440934	5.330297
34752	-2593.726	-2801.788	208.0619	0.9807008	0.04763757	0.548402	0.451598	5.073312
34758	-2583.5	-2793.052	209.5523	1.227107	0.093013	0.600595	0.399405	3.974994
34764	-2580.841	-2790.06	209.2188	1.224616	0.093013	0.585592	0.414408	4.166532
34770	-2587.635	-2796.743	209.1081	1.224616	0.08510747	0.585592	0.414408	4.24927
34776	-2603.504	-2812.069	208.5646	1.183393	0.08510747	0.680694	0.319306	4.57898
34782	-2587.592	-2796.199	208.6066	1.120623	0.08974645	0.634239	0.365761	4.57898
34788	-2589.611	-2797.717	208.1059	0.9479689	0.1197771	0.606583	0.393417	4.885524
34794	-2590.67	-2800.586	209.9161	1.148994	0.1216811	0.593227	0.406773	3.743005
34800	-2586.715	-2796.965	210.2492	1.115923	0.09173466	0.587492	0.412508	3.641054
34806	-2580.576	-2790.132	209.5558	1.02821	0.09846536	0.53654	0.46346	4.073106
34812	-2586.416	-2796.065	209.649	1.022656	0.07877343	0.655525	0.344475	4.073106
34818	-2601.176	-2811.451	210.2744	1.061579	0.07039379	0.651229	0.348771	3.714551
34824	-2594.119	-2802.88	208.7613	1.046214	0.09579055	0.537916	0.462084	4.519066
34830	-2603.371	-2812.664	209.293	1.162942	0.057932	0.624733	0.375267	4.25263
34836	-2587.78	-2798.565	210.7856	1.311879	0.06710682	0.618855	0.381145	3.279428
34842	-2578.624	-2789.255	210.631	1.207369	0.1273125	0.484208	0.515792	3.279428
34848	-2584.002	-2791.514	207.5126	1.067506	0.07177845	0.554127	0.445873	5.263494
34854	-2585.694	-2795.132	209.4381	1.136429	0.06797769	0.521853	0.478147	4.157395
34860	-2594.243	-2803.528	209.2851	1.096248	0.1116034	0.521853	0.478147	4.157395
34866	-2594.107	-2801.343	207.2368	1.031713	0.1036456	0.581408	0.418592	5.3569
34872	-2603.892	-2810.534	206.6419	0.9878962	0.08900531	0.527051	0.472949	5.742568
34878	-2591.653	-2799.678	208.0246	1.030824	0.08212545	0.662524	0.337476	4.973326
34884	-2596.682	-2805.428	208.7465	1.093256	0.05915033	0.643766	0.356234	4.596604
34890	-2610.274	-2817.31	207.036	0.8718584	0.08138869	0.603467	0.396533	5.608942
34896	-2591.297	-2798.373	207.0763	0.8718584	0.07274301	0.573493	0.426507	5.608942
34902	-2574.228	-2782.888	208.66	1.054041	0.0744506	0.574223	0.425777	4.625566
34908	-2591.677	-2800.243	208.5655	1.054041	0.07812208	0.576043	0.423957	4.66892
34914	-2592.596	-2801.094	208.4983	1.214906	0.05593943	0.576043	0.423957	4.67646
34920	-2586.085	-2794.528	208.4424	0.9950172	0.1079903	0.491539	0.508461	4.697793
34926	-2593.495	-2800.497	207.0018	0.8619544	0.06784451	0.545212	0.454788	5.668084
34932	-2581.769	-2789.868	208.0989	1.078081	0.09633654	0.580155	0.419845	4.87058
34938	-2581.203	-2790.753	209.5501	1.108464	0.07979012	0.488915	0.511085	4.077855
34944	-2602.21	-2809.615	207.4051	1.00206	0.1157021	0.703197	0.296803	5.253226
34950	-2573.546	-2781.465	207.9188	0.9392249	0.1157021	0.639409	0.360591	5.003439
34956	-2586.002	-2795.525	209.5223	1.063415	0.09350674	0.6976	0.3024	4.084333
34962	-2592.633	-2801.976	209.3428	1.259822	0.1049359	0.639196	0.360804	4.046948
34968	-2584.318	-2793.993	209.6752	1.2892	0.08678587	0.600713	0.399287	3.884811
34974	-2595.256	-2803.649	208.3932	0.9188181	0.1006151	0.600713	0.399287	4.785077
34980	-2595.743	-2806.714	210.9715	1.284231	0.09342865	0.567945	0.432055	3.113851
34986	-2596.698	-2806.041	209.3422	1.235657	0.07743795	0.5361	0.4639	4.130026
34992	-2588.685	-2798.209	209.5244	1.059724	0.1072415	0.551122	0.448878	4.052052
34998	-2595.386	-2802.939	207.5528	1.124009	0.08481931	0.415111	0.584889	5.176544
35004	-2582.827	-2791.86	209.0327	1.243526	0.09055072	0.579891	0.420109	4.267515
35010	-2595.001	-2804.997	209.9961	1.314756	0.07673221	0.594948	0.405052	3.711758
35016	-2579.526	-2789.022	209.4962	1.211377	0.08514989	0.48877	0.51123	4.035978
35022	-2591.922	-2802.223	210.3019	1.168185	0.08514989	0.649231	0.350769	3.597146
35028	-2593.475	-2804.453	210.9778	1.186076	0.1077145	0.524404	0.475596	3.132527
35034	-2601.772	-2812.153	210.3811	1.370185	0.09550358	0.775763	0.224237	3.406471
35040	-2603.672	-2814.018	210.3461	1.111709	0.1319049	0.548806	0.451194	3.492524
35046	-2603.228	-2813.54	210.3126	1.400555	0.06898013	0.575583	0.424417	3.499533
35052	-2583.442	-2793.838	210.3959	1.413253	0.09696379	0.584755	0.415245	3.36882
35058	-2586.683	-2795.828	209.1454	1.361131	0.05604304	0.584755	0.415245	4.229307
35064	-2602.364	-2810.235	207.8707	1.29041	0.05988849	0.695347	0.304653	4.973487
35070	-2596.019	-2804.644	208.6248	1.075481	0.09957599	0.573476	0.426524	4.570185
35076	-2597.982	-2804.795	206.8134	0.8459844	0.09957599	0.604434	0.395566	5.701176
35082	-2593.498	-2799.79	206.2917	0.9258326	0.07060212	0.537306	0.462694	6.01425
35088	-2594.577	-2803.008	208.431	1.085526	0.06837145	0.670055	0.329945	4.752334
35094	-2594.922	-2804.117	209.195	1.181498	0.09064118	0.592499	0.407501	4.210453
35100	-2590.197	-2796.425	206.2288	0.8488021	0.130277	0.612159	0.387841	5.95225
35106	-2593.097	-2801.176	208.0787	1.101041	0.06427986	0.425825	0.574175	4.951135
35112	-2605.847	-2814.474	208.6268	1.074808	0.07614848	0.644716	0.355284	4.628066
35118	-2606.563	-2815.148	208.5852	1.13431	0.07235826	0.556811	0.443189	4.628066
35124	-2595.41	-2805.521	210.1104	1.075758	0.1214614	0.616802	0.383198	3.673558
35130	-2586.341	-2795.333	208.9914	1.225225	0.08923926	0.616802	0.383198	4.304496
35136	-2586.381	-2796.164	209.7829	1.223486	0.0888665	0.626492	0.373508	3.855357
35142	-2597.274	-2807.811	210.5377	1.274999	0.1063144	0.660189	0.339811	3.343621
35148	-2596.282	-2807.705	211.4232	1.241785	0.09289245	0.540516	0.459484	2.86956
35154	-2591.045	-2801.458	210.4124	1.378652	0.1022801	0.562617	0.437383	3.366215
35160	-2597.124	-2807.649	210.5256	1.15612	0.07656448	0.657626	0.342374	3.496904
35166	-2581.39	-2791.189	209.7984	1.164428	0.07656448	0.657626	0.342374	3.912519
35172	-2579.292	-2789.245	209.9531	1.241669	0.06777658	0.657626	0.342374	3.803255
35178	-2584.448	-2792.977	208.5299	0.9134485	0.1016877	0.585527	0.414473	4.709148
35184	-2590.715	-2799.193	208.4786	1.14714	0.06181348	0.556235	0.443765	4.709148
35190	-2584.16	-2793.622	209.4618	1.139725	0.1045457	0.58007	0.41993	4.048504
35196	-2595.589	-2805.866	210.2769	1.290584	0.1415567	0.600855	0.399145	3.407651
35202	-2591.547	-2802.635	211.088	1.571415	0.06193195	0.630287	0.369713	2.959834
35208	-2589.578	-2799.785	210.2078	1.451754	0.09411683	0.702577	0.297423	3.463668
35214	-2587.249	-2794.086	206.8363	1.024338	0.07096153	0.541147	0.458853	5.661593
35220	-2587.49	-2794.88	207.3898	1.168074	0.07205983	0.684071	0.315929	5.274989
35226	-2603.589	-2811.645	208.0564	1.168074	0.09350064	0.602438	0.397562	4.850986
35232	-2595.549	-2803.843	208.2947	1.277714	0.06859366	0.568421	0.431579	4.720497
35238	-2586.965	-2796.87	209.9055	1.040126	0.0899401	0.529752	0.470248	3.887531
35244	-2595.39	-2805.61	210.2207	1.205505	0.1503039	0.581858	0.418142	3.47211
35250	-2603.278	-2812.436	209.1579	1.038289	0.07385045	0.603655	0.396345	4.355895
35256	-2602.024	-2810.691	208.6667	1.089068	0.1086977	0.610311	0.389689	4.517649
35262	-2596.393	-2804.44	208.0468	1.021834	0.09497307	0.708351	0.291649	4.93423
35268	-2586.255	-2794.42	208.1653	1.021834	0.1061875	0.586122	0.413878	4.841734
35274	-2598.8	-2807.248	208.4483	1.205796	0.1061875	0.540399	0.459601	4.580539
35280	-2595.683	-2804.661	208.9779	1.261308	0.05836741	0.528773	0.471227	4.373976
35286	-2596.953	-2806.637	209.6845	1.143612	0.07263718	0.528773	0.471227	4.000189
35292	-2602.659	-2812.16	209.501	1.29687	0.07910994	0.528773	0.471227	4.000189
35298	-2605.295	-2814.226	208.9304	1.027342	0.07910994	0.608782	0.391218	4.47649
35304	-2589.661	-2798.947	209.2855	1.210944	0.0627387	0.491126	0.508874	4.216224
35310	-2593.743	-2802.241	208.4976	1.174282	0.1096475	0.601192	0.398808	4.562575
35316	-2572.493	-2783.136	210.6424	1.307904	0.1115697	0.505145	0.494855	3.249814
35322	-2572.441	-2784.008	211.5678	1.244927	0.1166296	0.596363	0.403637	2.719391
35328	-2573.77	-2784.101	210.3309	1.249252	0.06872049	0.645002	0.354998	3.577707
35334	-2574.983	-2786.695	211.7119	1.31525	0.1473644	0.576432	0.423568	2.515685
35340	-2581.392	-2789.694	208.302	0.9996507	0.1184546	0.565139	0.434861	4.750199
35346	-2562.604	-2771.352	208.7472	1.143199	0.1064523	0.5971	0.4029	4.447043
35352	-2564.398	-2773.931	209.5334	1.130806	0.07718621	0.532751	0.467249	4.081515
35358	-2576.92	-2784.905	207.9851	1.145425	0.09740196	0.537757	0.462243	4.893918
35364	-2574.045	-2783.426	209.3802	1.054965	0.09097226	0.544544	0.455456	4.176293
35370	-2585.361	-2795.135	209.7739	1.322503	0.08906105	0.678436	0.321564	3.803113
35376	-2574.425	-2783.347	208.9219	1.342351	0.07718843	0.637218	0.362782	4.308562
35382	-2573.469	-2782.62	209.1519	1.256035	0.04779338	0.637218	0.362782	4.308562
35388	-2585.741	-2794.614	208.8736	1.114996	0.07082675	0.637218	0.362782	4.481053
35394	-2585.622	-2796.093	210.4703	1.161321	0.07308211	0.587235	0.412765	3.53568
35400	-2593.555	-2801.639	208.0842	1.20356	0.04574622	0.5835	0.4165	4.942397
35406	-2595.681	-2803.694	208.0133	1.327955	0.0802875	0.598207	0.401793	4.818838
35412	-2579.511	-2786.758	207.2468	1.073084	0.07517873	0.634247	0.365753	5.398165
35418	-2591.486	-2799.492	208.0053	1.036176	0.07517873	0.68308	0.31692	4.998966
35424	-2595.827	-2803.644	207.8174	1.108851	0.08123017	0.538322	0.461678	5.047374
35430	-2584.277	-2791.352	207.0748	1.052768	0.06857308	0.519391	0.480609	5.521348
35436	-2599.972	-2807.765	207.7934	1.052768	0.07977278	0.519428	0.480572	5.095495
35442	-2597.929	-2806.637	208.7078	1.14655	0.09521393	0.677214	0.322786	4.494096
35448	-2583.567	-2793.256	209.6894	1.375699	0.07862972	0.577056	0.422944	3.848296
35454	-2598.584	-2808.357	209.773	1.148116	0.1046657	0.622309	0.377691	3.865276
35460	-2590.864	-2797.166	206.3017	1.014649	0.08325457	0.691997	0.308003	5.9281
35466	-2583.687	-2791.536	207.8492	1.111768	0.05848574	0.691997	0.308003	5.088496
35472	-2593.83	-2803.743	209.913	1.408673	0.09569704	0.563392	0.436608	3.656232
35478	-2591.33	-2802.111	210.7813	1.408673	0.1586438	0.563392	0.436608	3.003282
35484	-2587.174	-2796.58	209.4053	0.9941766	0.06890686	0.426489	0.573511	4.254186
35490	-2580.689	-2789.908	209.2185	1.100375	0.1095054	0.529484	0.470516	4.197683
35496	-2584.424	-2794.629	210.2052	1.100375	0.07385358	0.529484	0.470516	3.722656
35502	-2583.838	-2793.227	209.389	1.123191	0.07385358	0.45563	0.54437	4.176884
35508	-2590.481	-2799.976	209.4955	1.045203	0.06789493	0.530567	0.469433	4.176884
35514	-2580.436	-2787.937	207.5004	1.065174	0.09711516	0.57507	0.42493	5.20813
35520	-2588.828	-2798.223	209.3957	1.367083	0.07344421	0.637807	0.362193	4.035353
35526	-2591.95	-2802.673	210.723	1.367083	0.07119555	0.642612	0.357388	3.272221
35532	-2582.372	-2791.712	209.3401	1.257029	0.08537412	0.545825	0.454175	4.098357
35538	-2595.762	-2806.169	210.4071	1.293843	0.09630727	0.579535	0.420465	3.433941
35544	-2597.229	-2806.198	208.9687	1.083616	0.1023228	0.610841	0.389159	4.365421
35550	-2586.909	-2795.82	208.9109	1.097497	0.1019501	0.517278	0.482722	4.391129
35556	-2594.204	-2802.228	208.0236	0.9865865	0.08560089	0.632597	0.367403	4.989735
35562	-2582.85	-2791.083	208.2324	1.043389	0.09296056	0.570788	0.429212	4.823691
35568	-2584.306	-2793.164	208.858	1.043389	0.07087543	0.576499	0.423501	4.529916
35574	-2598.011	-2806.918	208.9075	1.029045	0.09455358	0.54967	0.45033	4.449447
35580	-2589.068	-2798.088	209.0199	0.9674449	0.1057271	0.529723	0.470277	4.39412
35586	-2591.779	-2799.951	208.1722	1.012848	0.1057271	0.432495	0.567505	4.84398
35592	-2597.918	-2804.532	206.6136	0.9211321	0.07582761	0.432495	0.567505	5.82751
35598	-2584.131	-2792.614	208.4835	0.8958541	0.1009891	0.612786	0.387214	4.746585
35604	-2573.233	-2782.318	209.0853	0.8706434	0.1009891	0.617274	0.382726	4.422964
35610	-2578.745	-2789.491	210.7461	1.218458	0.1200842	0.551884	0.448116	3.221359
35616	-2585.79	-2796.372	210.5822	1.415609	0.09118602	0.565236	0.434764	3.272561
35622	-2588.021	-2799.284	211.2631	1.353459	0.1157085	0.588745	0.411255	2.841172
35628	-2586.26	-2796.796	210.5358	1.353459	0.06495456	0.640965	0.359035	3.407979
35634	-2581.884	-2793.015	211.1317	1.360972	0.06495456	0.534917	0.465083	3.050943
35640	-2578.632	-2789.189	210.557	1.27483	0.07757686	0.477251	0.522749	3.406418
35646	-2567.326	-2777.221	209.8949	1.373199	0.08277342	0.504009	0.495991	3.720387
35652	-2576.684	-2786.049	209.3649	1.12238	0.08964997	0.691315	0.308685	4.149976
35658	-2571.506	-2781.248	209.7423	1.348981	0.08961723	0.588707	0.411293	3.804649
35664	-2584	-2795.763	211.7621	1.316092	0.1169279	0.552235	0.447765	2.554828
35670	-2598.273	-2809.97	211.6961	1.613235	0.06456779	0.529	0.471	2.554828
35676	-2590.235	-2800.661	210.426	1.314415	0.07402969	0.529	0.471	3.46964
35682	-2589.904	-2800.863	210.9587	1.185947	0.11193	0.600201	0.399799	3.133737
35688	-2588.041	-2797.713	209.6721	1.332521	0.06547581	0.62069	0.37931	3.918899
35694	-2587.599	-2795.918	208.3193	0.9558889	0.04916154	0.548505	0.451495	4.939871
35700	-2603.739	-2813.517	209.7781	1.358027	0.09298444	0.62405	0.37595	3.770233
35706	-2595.718	-2805.579	209.8606	1.309797	0.1073384	0.42478	0.57522	3.715333
35712	-2585.248	-2795.495	210.247	1.287201	0.07147116	0.549276	0.450724	3.596774
35718	-2591.877	-2800.957	209.0794	1.054459	0.07845625	0.549276	0.450724	4.378936
35724	-2574.932	-2783.865	208.9321	1.09497	0.1026992	0.549276	0.450724	4.378805
35730	-2574.732	-2783.528	208.796	1.117877	0.1312313	0.535252	0.464748	4.378805
35736	-2576.442	-2785.768	209.3257	1.117877	0.06456391	0.582242	0.417758	4.24117
35742	-2589.921	-2799.143	209.2218	1.162355	0.1194401	0.637599	0.362401	4.137988
35748	-2577.585	-2786.787	209.2017	1.267422	0.09868739	0.561433	0.438567	4.137988
35754	-2577.971	-2786.98	209.0087	1.110769	0.0743482	0.618675	0.381325	4.397897
35760	-2586.58	-2796.388	209.8081	1.287912	0.0538458	0.618159	0.381841	3.899464
35766	-2588.71	-2796.435	207.7247	1.239101	0.0538458	0.404939	0.595061	5.099765
35772	-2575.191	-2785.372	210.1811	1.254284	0.07229919	0.68257	0.31743	3.651835
35778	-2594.413	-2804.232	209.8196	1.157268	0.1054248	0.558547	0.441453	3.831477
35784	-2588.4	-2799.092	210.6914	1.532995	0.09590982	0.537269	0.462731	3.126118
35790	-2584.15	-2793.566	209.416	1.375578	0.06994624	0.654627	0.345373	4.028402
35796	-2584.692	-2793.186	208.4932	1.167826	0.09318018	0.654627	0.345373	4.607645
35802	-2580.071	-2789.255	209.1845	1.243414	0.08733953	0.692108	0.307892	4.189547
35808	-2582.695	-2793.202	210.5067	1.387286	0.09834678	0.48854	0.51146	3.315486
35814	-2581.489	-2791.514	210.0252	1.339385	0.07341664	0.575056	0.424944	3.689745
35820	-2584.305	-2794.719	210.4144	1.192001	0.06078394	0.580616	0.419384	3.584966
35826	-2579.263	-2787.56	208.2971	1.046006	0.06532813	0.62822	0.37178	4.857346
35832	-2583.86	-2793.921	210.0616	1.281428	0.08519493	0.586586	0.413414	3.670694
35838	-2585.578	-2795.982	210.404	1.281428	0.08182475	0.590221	0.409779	3.480577
35844	-2577.297	-2787.293	209.9969	1.429615	0.08182475	0.562649	0.437351	3.631246
35850	-2580.921	-2791.21	210.289	1.397611	0.06619344	0.653612	0.346388	3.522899
35856	-2571.351	-2781.77	210.4192	1.189169	0.08282219	0.575326	0.424674	3.522899
35862	-2581.451	-2791.797	210.3462	1.195357	0.09794364	0.575326	0.424674	3.522899
35868	-2592.159	-2803.534	211.3749	1.426115	0.1661248	0.585047	0.414953	2.616178
35874	-2587.594	-2799.367	211.773	1.418869	0.1435365	0.603882	0.396118	2.420949
35880	-2586.582	-2798.165	211.5827	1.395347	0.117666	0.575443	0.424557	2.615119
35886	-2582.777	-2793.403	210.6259	1.326457	0.08438403	0.562838	0.437162	3.317255
35892	-2587.161	-2798.266	211.1048	1.358451	0.06919298	0.562838	0.437162	3.056297
35898	-2593.946	-2804.238	210.2919	1.492747	0.06222112	0.648046	0.351954	3.476998
35904	-2580.343	-2790.626	210.2827	1.378328	0.08859885	0.663778	0.336222	3.476998
35910	-2592.529	-2802.73	210.2016	1.11139	0.1150779	0.516423	0.483577	3.614615
35916	-2593.084	-2802.444	209.3601	1.154888	0.05515208	0.59663	0.40337	4.227023
35922	-2584.063	-2793.218	209.1547	0.988187	0.1017946	0.59663	0.40337	4.315507
35928	-2580.244	-2789.267	209.0235	0.9049782	0.09369151	0.521706	0.478294	4.456123
35934	-2592.324	-2798.966	206.6425	0.979791	0.1101042	0.472442	0.527558	5.697508
35940	-2588.404	-2795.75	207.3461	0.9834359	0.07361964	0.664393	0.335607	5.396935
35946	-2604.663	-2812.359	207.6961	0.9834359	0.07361964	0.58899	0.41101	5.203698
35952	-2606.124	-2814.525	208.4005	0.9689099	0.1159361	0.565143	0.434857	4.717888
35958	-2594.289	-2802.695	208.4055	1.173409	0.1351585	0.565143	0.434857	4.55914
35964	-2587.702	-2795.903	208.2009	1.052317	0.1037721	0.621915	0.378085	4.810525
35970	-2600.99	-2808.792	207.8024	1.092181	0.0616368	0.629803	0.370197	5.116634
35976	-2592.655	-2801.352	208.697	1.076035	0.0616368	0.57233	0.42767	4.627149
35982	-2598.547	-2806.16	207.6127	1.032839	0.09565911	0.57607	0.42393	5.167349
35988	-2600.617	-2808.234	207.6174	0.9593409	0.09565911	0.637014	0.362986	5.205414
35994	-2598.32	-2805.835	207.5147	1.210056	0.0437738	0.499596	0.500404	5.259989
36000	-2593.993	-2802.834	208.8419	1.108723	0.09108019	0.603944	0.396056	4.450071
36006	-2592.894	-2801.758	208.8639	1.119341	0.08378982	0.673233	0.326767	4.450071
36012	-2589.762	-2798.455	208.6934	1.093622	0.06460399	0.648526	0.351474	4.611157
36018	-2581.057	-2788.726	207.67	1.158588	0.07292524	0.674199	0.325801	5.123009
36024	-2568.314	-2777.01	208.6963	1.134852	0.07158186	0.637876	0.362124	4.567527
36030	-2586.375	-2794.03	207.6552	1.134852	0.0600936	0.490736	0.509264	5.178762
36036	-2583.637	-2791.196	207.5599	1.069979	0.1036808	0.639138	0.360862	5.157136
36042	-2590.19	-2800.288	210.0973	1.156218	0.06461859	0.517069	0.482931	3.778261
36048	-2576.722	-2785.087	208.365	1.076757	0.0653469	0.64581	0.35419	4.802273
36054	-2585.089	-2793.96	208.8708	1.162639	0.09853766	0.498596	0.501404	4.385174
36060	-2598.292	-2806.64	208.3478	0.8858656	0.09853766	0.521827	0.478173	4.833725
36066	-2600.368	-2808.302	207.934	1.221764	0.09795863	0.640494	0.359506	4.878527
36072	-2594.917	-2803.453	208.5359	0.9285347	0.1128372	0.399785	0.600215	4.67167
36078	-2588.99	-2798.176	209.1862	1.036795	0.1002664	0.64017	0.35983	4.273838
36084	-2584.388	-2791.64	207.2521	0.9487685	0.1150094	0.528495	0.471505	5.368611
36090	-2581.207	-2789.349	208.1427	0.9784012	0.1201052	0.646461	0.353539	4.847318
36096	-2572.072	-2779.694	207.6216	1.037515	0.1153658	0.693217	0.306783	5.114537
36102	-2587.675	-2795.675	207.9995	1.02025	0.1491452	0.693217	0.306783	4.843827
36108	-2590.103	-2799.225	209.1219	1.184015	0.09872367	0.456212	0.543788	4.230547
36114	-2585.581	-2795.122	209.5409	1.289521	0.09447321	0.489677	0.510323	3.942183
36120	-2581.68	-2793.125	211.4451	1.490765	0.07929797	0.69258	0.30742	2.7419
36126	-2595.755	-2806.184	210.4293	1.446338	0.08939465	0.56095	0.43905	3.3492
36132	-2583.569	-2793.954	210.385	1.446338	0.0746507	0.706501	0.293499	3.414694
36138	-2606.14	-2816.613	210.4727	1.376632	0.08145765	0.57688	0.42312	3.385644
36144	-2598.113	-2808.728	210.615	1.25743	0.07671665	0.521451	0.478549	3.384954
36150	-2587.847	-2797.254	209.4076	1.043729	0.07671665	0.521451	0.478549	4.203831
36156	-2591.565	-2801.983	210.4184	1.204011	0.05911186	0.748949	0.251051	3.580466
36162	-2582.123	-2792.294	210.171	1.289239	0.0938664	0.656844	0.343156	3.580466
36168	-2583.522	-2793.749	210.2273	1.341714	0.07006931	0.58615	0.41385	3.580466
36174	-2591.782	-2801.93	210.1476	1.216385	0.08234133	0.58615	0.41385	3.666056
36180	-2602.153	-2810.804	208.6508	1.165167	0.09377981	0.556148	0.443852	4.519184
36186	-2589.879	-2798.817	208.9377	1.087957	0.09377981	0.532551	0.467449	4.401143
36192	-2585.838	-2794.627	208.7882	1.329133	0.07356286	0.516234	0.483766	4.401143
36198	-2590.996	-2799.743	208.7465	1.170545	0.09419145	0.572487	0.427513	4.461307
36204	-2585.681	-2795.992	210.3111	1.380668	0.08117186	0.572487	0.427513	3.478632
36210	-2577.319	-2788.634	211.3156	1.380668	0.08117186	0.571446	0.428554	2.882335
36216	-2591.281	-2801.705	210.4236	1.329119	0.09021627	0.672806	0.327194	3.419185
36222	-2580.271	-2790.82	210.5495	1.248213	0.08022704	0.510916	0.489084	3.419185
36228	-2579.335	-2789.141	209.8056	1.206603	0.05901558	0.635812	0.364188	3.932732
36234	-2575.502	-2786.765	211.263	1.285893	0.08363186	0.635812	0.364188	2.964497
36240	-2585.964	-2796.407	210.4432	1.285893	0.09458569	0.555473	0.444527	3.421815
36246	-2589.437	-2800.394	210.9565	1.220434	0.08269335	0.486516	0.513484	3.189134
36252	-2579.941	-2791.36	211.4197	1.26636	0.09601643	0.744638	0.255362	2.848572
36258	-2588.825	-2798.876	210.0509	1.398396	0.06868228	0.577842	0.422158	3.653796
36264	-2584.459	-2795.378	210.919	1.352318	0.128799	0.483465	0.516535	3.018713
36270	-2579.102	-2790.153	211.051	1.37735	0.09038305	0.550995	0.449005	3.018713
36276	-2585.333	-2795.153	209.8197	1.37735	0.06150706	0.77175	0.22825	3.819561
36282	-2572.074	-2782.562	210.4886	1.384619	0.05196595	0.615156	0.384844	3.455085
36288	-2591.42	-2801.567	210.1461	1.378869	0.07509305	0.544095	0.455905	3.592185
36294	-2581.297	-2792.225	210.9273	1.468042	0.06632417	0.41939	0.58061	3.105068
36300	-2578.623	-2789.412	210.7885	1.476869	0.09460502	0.553007	0.446993	3.105068
36306	-2582.197	-2793.002	210.8048	1.397518	0.06740722	0.607888	0.392112	3.216644
36312	-2599.02	-2807.796	208.7755	1.102836	0.06286884	0.552372	0.447628	4.564677
36318	-2596.41	-2803.553	207.1434	1.174742	0.06286884	0.738225	0.261775	5.431736
36324	-2590.117	-2798.982	208.8648	1.06213	0.07426417	0.696069	0.303931	4.506543
36330	-2586.71	-2795.238	208.5279	1.024275	0.07743244	0.713979	0.286021	4.708401
36336	-2585.823	-2795.265	209.4425	1.148556	0.09002593	0.475613	0.524387	4.090017
36342	-2605.197	-2814.677	209.4797	1.264977	0.05566205	0.659073	0.340927	4.095034
36348	-2584.526	-2792.436	207.9106	1.114173	0.06695946	0.559673	0.440327	5.030018
36354	-2581.048	-2788.979	207.9307	1.114173	0.05893803	0.685731	0.314269	5.04071
36360	-2591.57	-2799.111	207.5405	1.015168	0.07376792	0.685731	0.314269	5.271779
36366	-2590.863	-2799.418	208.5546	1.062739	0.0872921	0.689818	0.310182	4.646764
36372	-2573.092	-2781.003	207.9113	1.062739	0.06673565	0.600983	0.399017	5.058791
36378	-2573.722	-2784.536	210.8137	1.103695	0.07534707	0.638375	0.361625	3.362288
36384	-2579.595	-2789.8	210.2051	1.250292	0.0813631	0.46933	0.53067	3.615722
36390	-2577.407	-2786.072	208.6653	1.240336	0.06810079	0.641165	0.358835	4.535028
36396	-2568.21	-2778.298	210.0873	1.099154	0.09017846	0.641165	0.358835	3.748325
36402	-2568.797	-2778.695	209.8981	1.193375	0.07211426	0.603205	0.396795	3.850721
36408	-2571.78	-2780.575	208.795	1.16422	0.06374631	0.499589	0.500411	4.516797
36414	-2582.001	-2790.956	208.9555	1.097903	0.09764072	0.441911	0.558089	4.376059
36420	-2575.688	-2784.98	209.2911	1.001899	0.08583657	0.535436	0.464564	4.269902
36426	-2576.512	-2786.315	209.8025	1.378203	0.06536953	0.535436	0.464564	3.818057
36432	-2576.784	-2786.917	210.1339	1.433523	0.06968849	0.6128	0.3872	3.582442
36438	-2585.298	-2796.164	210.8657	1.05422	0.05989088	0.571419	0.428581	3.404587
36444	-2573.236	-2782.07	208.8345	1.05422	0.06519066	0.675705	0.324295	4.552453
36450	-2595.947	-2805.269	209.3226	1.266008	0.0717164	0.678198	0.321802	4.139201
36456	-2581.701	-2791.581	209.8803	1.253837	0.06473043	0.668152	0.331848	3.846625
36462	-2587.97	-2796.157	208.1873	1.328236	0.07835309	0.660704	0.339296	4.726499
36468	-2593.122	-2800.875	207.7538	1.165577	0.06663772	0.672007	0.327993	5.089379
36474	-2596.576	-2804.384	207.8083	1.109293	0.06699894	0.589869	0.410131	5.089379
36480	-2583.445	-2791.434	207.989	1.260466	0.04644675	0.555883	0.444117	4.961732
36486	-2584.413	-2793.785	209.3719	1.129201	0.09186355	0.604728	0.395272	4.136595
36492	-2594.015	-2802.694	208.6791	1.033958	0.1166594	0.524394	0.475606	4.523589
36498	-2574.928	-2784.215	209.2877	1.058895	0.09156314	0.64322	0.35678	4.225084
36504	-2577.756	-2786.353	208.5965	1.15128	0.06673355	0.667985	0.332015	4.627324
36510	-2583.071	-2791.033	207.9624	1.124596	0.0504292	0.563822	0.436178	5.040889
36516	-2564.19	-2774.201	210.0109	1.112132	0.105547	0.614783	0.385217	3.746985
36522	-2573.815	-2783.272	209.4579	1.11094	0.08396198	0.614783	0.385217	4.118108
36528	-2571.544	-2780.64	209.0958	1.098858	0.0657493	0.410537	0.589463	4.378667
36534	-2583.657	-2792.589	208.9315	1.103216	0.06202659	0.67379	0.32621	4.479098
36540	-2573.763	-2782.917	209.1539	1.253414	0.0683673	0.65856	0.34144	4.251235
36546	-2571.858	-2782.317	210.459	1.198501	0.1040205	0.65856	0.34144	3.440227
36552	-2581.341	-2791.453	210.1116	1.284015	0.05798114	0.518314	0.481686	3.715141
36558	-2598.144	-2809.741	211.5972	1.284015	0.05846051	0.702452	0.297548	2.836138
36564	-2593.341	-2804.03	210.6898	1.11644	0.09353801	0.517003	0.482997	3.379235
36570	-2593.713	-2804.43	210.717	1.385674	0.06013386	0.593407	0.406593	3.296457
36576	-2598.038	-2808.572	210.5343	1.38406	0.1197931	0.462292	0.537708	3.249334
36582	-2595.737	-2806.88	211.1433	1.426754	0.06270057	0.705766	0.294234	3.011208
36588	-2591.176	-2802.352	211.1759	1.37087	0.06749464	0.430579	0.569421	3.011208
36594	-2609.33	-2819.858	210.5278	1.195144	0.1044308	0.541334	0.458666	3.400856
36600	-2590.256	-2801.382	211.1258	1.195144	0.09380991	0.594399	0.405601	3.073957
36606	-2596.212	-2805.497	209.2847	1.156527	0.099901	0.594399	0.405601	4.150923
36612	-2587.147	-2795.971	208.8238	1.107069	0.0495975	0.644851	0.355149	4.572275
36618	-2583.674	-2792.251	208.5768	1.171328	0.0738345	0.572442	0.427558	4.608117
36624	-2579.934	-2788.864	208.9291	1.02086	0.08859969	0.595561	0.404439	4.456646
36630	-2591.782	-2799.4	207.6176	1.104191	0.05221636	0.611119	0.388881	5.238231
36636	-2594.003	-2801.484	207.4804	0.9628166	0.05888094	0.6291	0.3709	5.373622
36642	-2597.566	-2807.678	210.1126	1.162291	0.05888094	0.505357	0.494643	3.78219
36648	-2585.423	-2795.992	210.5685	1.275634	0.06599251	0.551102	0.448898	3.431469
36654	-2590.554	-2798.45	207.8954	0.9221225	0.06626987	0.524444	0.475556	5.146765
36660	-2589.012	-2798.476	209.4641	1.197007	0.09782834	0.685834	0.314166	4.030678
36666	-2579.173	-2790.269	211.0964	1.348917	0.1003771	0.578884	0.421116	2.982589
36672	-2585.767	-2796.73	210.9631	1.314548	0.1100746	0.579414	0.420586	3.058898
36678	-2570.253	-2779.309	209.0566	1.414254	0.07959903	0.571717	0.428283	4.185176
36684	-2578.945	-2788.718	209.7727	0.9474456	0.06724638	0.611857	0.388143	4.076559
36690	-2583.126	-2792.657	209.5308	1.092546	0.08387894	0.662217	0.337783	4.087308
36696	-2582.483	-2792.366	209.8832	1.203633	0.1110522	0.558601	0.441399	3.754842
36702	-2572.446	-2780.199	207.7529	1.063887	0.05656197	0.555538	0.444462	5.173649
36708	-2569.233	-2778.362	209.1286	1.098713	0.06778502	0.555538	0.444462	4.35464
36714	-2584.828	-2794.469	209.641	1.209988	0.07555488	0.60242	0.39758	3.979246
36720	-2582.303	-2789.966	207.6627	1.143042	0.07821792	0.61639	0.38361	5.121919
36726	-2578.471	-2787.952	209.4807	1.143814	0.06047403	0.630155	0.369845	4.149808
36732	-2581.523	-2790.925	209.4019	1.127838	0.08032259	0.630155	0.369845	4.149808
36738	-2585.495	-2793.285	207.7907	0.9866332	0.06583891	0.436166	0.563834	5.170224
36744	-2594.407	-2800.871	206.4638	1.020283	0.05455015	0.717452	0.282548	5.911724
36750	-2588.328	-2798.473	210.145	1.204752	0.08531318	0.666794	0.333206	3.666534
36756	-2591.985	-2801.602	209.6175	1.070243	0.05259342	0.493424	0.506576	4.136184
36762	-2592.995	-2801.379	208.3838	1.294532	0.07275096	0.542636	0.457364	4.650116
36768	-2581.924	-2792.145	210.2212	1.325789	0.09461994	0.684158	0.315842	3.528099
36774	-2584.843	-2794.759	209.9159	1.092626	0.1155574	0.652005	0.347995	3.789515
36780	-2599.326	-2809.824	210.4982	1.188445	0.09338012	0.704354	0.295646	3.449726
36786	-2598.109	-2808.186	210.077	1.201162	0.1032529	0.683959	0.316041	3.66283
36792	-2586.826	-2796.451	209.6249	1.157268	0.1032529	0.602651	0.397349	3.948342
36798	-2598.411	-2809.855	211.4437	1.401136	0.1038807	0.779499	0.220501	2.731476
36804	-2592.874	-2804.017	211.143	1.547541	0.09871722	0.676976	0.323024	2.838784
36810	-2592.571	-2802.943	210.3723	1.294781	0.113755	0.722582	0.277418	3.411289
36816	-2576.466	-2787.636	211.1704	1.273385	0.1314345	0.520628	0.479372	2.908997
36822	-2581.923	-2792.021	210.0978	1.279966	0.07520661	0.643595	0.356405	3.677249
36828	-2591.512	-2801.714	210.2016	1.138688	0.1191864	0.618278	0.381722	3.589333
36834	-2580.798	-2789.023	208.2252	1.060054	0.10805	0.618278	0.381722	4.78272
36840	-2590.348	-2799.185	208.8367	1.022961	0.08728047	0.629913	0.370087	4.510758
36846	-2593.974	-2802.75	208.7768	1.051827	0.08728047	0.53072	0.46928	4.528182
36852	-2587.801	-2796.542	208.7407	1.02484	0.08454076	0.473244	0.526756	4.570566
36858	-2585.042	-2793.603	208.5607	1.092803	0.08894078	0.598235	0.401765	4.622342
36864	-2589.461	-2799.686	210.2256	1.138376	0.08718051	0.640566	0.359434	3.653436
36870	-2581.316	-2791.726	210.4097	1.187544	0.07002294	0.558349	0.441651	3.564137
36876	-2595.207	-2805.107	209.9005	1.188368	0.08292651	0.621291	0.378709	3.823297
36882	-2578.611	-2788.5	209.8897	1.146785	0.09555112	0.608334	0.391666	3.821216
36888	-2587.126	-2797.603	210.477	1.188363	0.08003452	0.491817	0.508183	3.497089
36894	-2596.899	-2805.571	208.6717	1.283883	0.05763936	0.578602	0.421398	4.535799
36900	-2581.755	-2790.428	208.6732	1.222397	0.05972997	0.603707	0.396293	4.563673
36906	-2591.127	-2799.871	208.7442	0.9144781	0.1124284	0.474531	0.525469	4.563673
36912	-2590.937	-2799.334	208.3977	1.057764	0.1124006	0.562511	0.437489	4.677653
36918	-2606.697	-2816.698	210.0009	1.472372	0.1186123	0.547743	0.452257	3.513234
36924	-2590.114	-2800.149	210.0357	1.274784	0.08824197	0.547743	0.452257	3.681632
36930	-2596.095	-2806.324	210.229	1.112662	0.08135813	0.654262	0.345738	3.681632
36936	-2596.059	-2805.865	209.8055	1.139812	0.05904891	0.49832	0.50168	3.970925
36942	-2590.2	-2798.159	207.9587	0.9534227	0.05904891	0.602844	0.397156	5.114035
36948	-2575.883	-2784.677	208.7937	0.9612387	0.0541914	0.536597	0.463403	4.657989
36954	-2579.036	-2787.783	208.7471	1.014177	0.08845979	0.543177	0.456823	4.563069
36960	-2579.086	-2787.774	208.6879	1.093887	0.06622527	0.448416	0.551584	4.609671
36966	-2586.618	-2795.166	208.5485	1.024172	0.1178865	0.718095	0.281905	4.599683
36972	-2581.701	-2791.242	209.5414	1.032116	0.07797161	0.467049	0.532951	4.131065
36978	-2586.518	-2793.891	207.3722	1.026316	0.06509934	0.501851	0.498149	5.381445
36984	-2567.353	-2775.349	207.9955	1.074421	0.07227703	0.534153	0.465847	4.990795
36990	-2577.413	-2785.075	207.6612	0.8851521	0.08424748	0.530605	0.469395	5.250119
36996	-2590.158	-2798.35	208.1923	1.148281	0.08114307	0.618636	0.381364	4.81707
37002	-2576.166	-2784.71	208.5437	1.104302	0.08287506	0.744515	0.255485	4.640752
37008	-2578.267	-2786.536	208.2691	1.074206	0.08791646	0.737684	0.262316	4.798427
37014	-2590.002	-2799.244	209.2421	1.247676	0.1070511	0.695241	0.304759	4.106251
37020	-2594.606	-2804.581	209.9754	1.247676	0.08138359	0.610736	0.389264	3.750065
37026	-2583.457	-2793.066	209.6086	1.142772	0.06769633	0.468644	0.531356	4.057532
37032	-2583.495	-2792.608	209.1131	1.008657	0.1009975	0.591925	0.408075	4.329393
37038	-2582.144	-2792.506	210.3619	1.12605	0.1130258	0.543954	0.456046	3.517634
37044	-2581.589	-2790.215	208.626	0.9471109	0.1121008	0.546244	0.453756	4.612423
37050	-2585.599	-2794.873	209.2733	1.163273	0.1246917	0.546416	0.453584	4.096595
37056	-2578.935	-2787.921	208.9857	1.083457	0.09877214	0.592478	0.407522	4.364426
37062	-2590.718	-2799.639	208.9212	1.183262	0.09062611	0.592478	0.407522	4.364426
37068	-2591.945	-2800.672	208.7272	1.183262	0.08263209	0.592478	0.407522	4.493986
37074	-2591.015	-2801.313	210.2976	1.056931	0.06646832	0.574275	0.425725	3.714758
37080	-2572.687	-2781.551	208.8641	1.148433	0.06651653	0.514357	0.485643	4.479245
37086	-2585.863	-2795.771	209.9078	1.255648	0.08830424	0.683867	0.316133	3.766394
37092	-2566.811	-2775.706	208.8955	1.150741	0.05984952	0.531631	0.468369	4.478645
37098	-2581.309	-2790.199	208.8903	1.1751	0.05598497	0.57171	0.42829	4.478645
37104	-2573.632	-2783.725	210.0925	1.313882	0.06978394	0.54873	0.45127	3.675533
37110	-2580.433	-2789.478	209.0449	1.018478	0.1045571	0.533556	0.466444	4.353901
37116	-2564.815	-2772.595	207.7797	0.9554728	0.1131944	0.574794	0.425206	5.077209
37122	-2579.448	-2790.227	210.7787	1.201799	0.08664392	0.722055	0.277945	3.29468
37128	-2583.527	-2793.635	210.1085	1.142518	0.06865767	0.650277	0.349723	3.768392
37134	-2565.422	-2775.97	210.548	1.328534	0.05645289	0.629127	0.370873	3.43999
37140	-2570.272	-2780.57	210.2987	1.342066	0.1081551	0.629351	0.370649	3.43999
37146	-2570.172	-2779.493	209.321	1.159379	0.09312376	0.510565	0.489435	4.145218
37152	-2578.868	-2788.236	209.3675	1.272063	0.121789	0.645815	0.354185	3.987167
37158	-2577.719	-2785.307	207.5886	1.228949	0.05688114	0.726627	0.273373	5.172338
37164	-2581.475	-2790.583	209.1087	1.073557	0.05452718	0.613978	0.386022	4.416951
37170	-2588.335	-2797.228	208.893	1.113999	0.09163598	0.603165	0.396835	4.416951
37176	-2581.37	-2791.774	210.4041	1.101014	0.1144531	0.609657	0.390343	3.504309
37182	-2591.082	-2799.445	208.3626	1.234118	0.08584028	0.609657	0.390343	4.661921
37188	-2578.417	-2787.396	208.9791	1.224049	0.09060406	0.584329	0.415671	4.308742
37194	-2576.484	-2786.471	209.9871	1.202803	0.089177	0.652485	0.347515	3.748915
37200	-2570.272	-2780.037	209.7656	1.241419	0.08395826	0.723292	0.276708	3.867678
37206	-2577.518	-2787.239	209.7206	1.245844	0.07989576	0.509796	0.490204	3.901585
37212	-2574.431	-2782.983	208.552	1.261293	0.07989576	0.698832	0.301168	4.555681
37218	-2581.696	-2790.614	208.9186	1.369977	0.05319572	0.583053	0.416947	4.360702
37224	-2585.837	-2795.158	209.3209	1.027547	0.09011583	0.654869	0.345131	4.227647
37230	-2585.241	-2792.138	206.8975	0.9311785	0.08812071	0.654869	0.345131	5.635708
37236	-2593.812	-2802.518	208.7054	1.056386	0.0745022	0.697577	0.302423	4.598668
37242	-2591.011	-2800.534	209.5231	0.9619893	0.08348418	0.677366	0.322634	4.166956
37248	-2584.4	-2792.937	208.5371	1.088273	0.1102408	0.367529	0.632471	4.587335
37254	-2583.02	-2792.449	209.4295	1.093251	0.05924778	0.367529	0.632471	4.211086
37260	-2577.462	-2787.319	209.8576	1.037162	0.0980786	0.633627	0.366373	3.896374
37266	-2567.806	-2776.009	208.203	1.064035	0.07899174	0.552672	0.447328	4.86358
37272	-2563.175	-2773.666	210.4906	1.366754	0.09646693	0.495275	0.504725	3.341776
37278	-2571.266	-2781.51	210.2433	1.334238	0.1265795	0.646928	0.353072	3.4343
37284	-2577.879	-2788.357	210.4784	1.343612	0.06716077	0.687948	0.312052	3.441106
37290	-2581.061	-2790.583	209.5224	1.338954	0.0581038	0.546598	0.453402	4.021585
37296	-2583.584	-2794.293	210.7099	1.493232	0.08324705	0.558825	0.441175	3.172056
37302	-2580.808	-2790.893	210.0847	1.298278	0.07924695	0.587753	0.412247	3.66334
37308	-2568.845	-2779.415	210.5696	1.359349	0.07034223	0.600766	0.399234	3.369459
37314	-2582.597	-2792.971	210.3735	1.203878	0.07034223	0.548524	0.451476	3.574826
37320	-2595.731	-2802.163	206.4318	1.138804	0.09044902	0.525391	0.474609	5.771481
37326	-2587.889	-2794.908	207.0188	1.13431	0.06350356	0.573501	0.426499	5.520786
37332	-2572.79	-2782.624	209.8339	1.386115	0.06865999	0.662786	0.337214	3.786255
37338	-2580.275	-2791.018	210.7436	1.204964	0.08776332	0.503538	0.496462	3.31055
37344	-2577.284	-2788.775	211.491	1.419714	0.1099055	0.428979	0.571021	2.67582
37350	-2587.092	-2798.87	211.7783	1.542865	0.1108103	0.65981	0.34019	2.418136
37356	-2578.199	-2789.369	211.1701	1.533245	0.05629624	0.458812	0.541188	2.950178
37362	-2561.534	-2771.17	209.636	1.29431	0.09057679	0.572711	0.427289	3.8947
37368	-2591.506	-2801.412	209.9059	1.331714	0.1164527	0.552175	0.447825	3.655157
37374	-2582.793	-2792.923	210.1298	1.183649	0.09038542	0.532361	0.467639	3.674418
37380	-2579.676	-2789.684	210.0085	1.247232	0.07134883	0.518967	0.481033	3.758259
37386	-2574.473	-2783.554	209.0808	1.049079	0.07891941	0.663434	0.336566	4.379945
37392	-2582.239	-2790.415	208.1758	1.066771	0.1398173	0.697506	0.302494	4.738048
37398	-2580.853	-2789.027	208.174	1.066771	0.06311174	0.5147	0.4853	4.920374
37404	-2577.774	-2785.383	207.6087	0.9481991	0.08620968	0.667154	0.332846	5.2394
37410	-2586.487	-2795.819	209.3317	1.087833	0.1255198	0.632342	0.367658	4.104457
37416	-2570.282	-2780.4	210.1189	1.163196	0.08652681	0.632342	0.367658	3.702513
37422	-2577.117	-2787.077	209.9593	1.263039	0.1002111	0.701185	0.298815	3.702513
37428	-2577.636	-2787.515	209.8797	1.259476	0.08814534	0.569309	0.430691	3.780787
37434	-2579.146	-2789.183	210.0374	1.134383	0.1022697	0.614902	0.385098	3.726742
37440	-2571.812	-2783.207	211.3957	1.176435	0.1252102	0.70901	0.29099	2.845623
37446	-2568.837	-2779.671	210.8338	1.356165	0.06971419	0.611156	0.388844	3.217327
37452	-2579.204	-2790.724	211.5199	1.444947	0.08760891	0.704171	0.295829	2.701037
37458	-2593.243	-2804.848	211.6048	1.385866	0.09869322	0.57591	0.42409	2.655392
37464	-2584.023	-2792.999	208.9764	1.06934	0.1415934	0.584752	0.415248	4.282743
37470	-2575.431	-2783.999	208.5682	1.07862	0.08855939	0.555426	0.444574	4.627081
37476	-2581.19	-2791.105	209.915	1.208828	0.07124596	0.601081	0.398919	3.834523
37482	-2581.726	-2791.157	209.4303	1.188523	0.09191515	0.601081	0.398919	4.069418
37488	-2588.362	-2796.811	208.4492	1.128027	0.09191515	0.502804	0.497196	4.657734
37494	-2589.104	-2798.843	209.7389	1.469849	0.1121491	0.519071	0.480929	3.68182
37500	-2594.609	-2801.968	207.3592	1.134419	0.05807924	0.659204	0.340796	5.348035
37506	-2580.258	-2787.929	207.6701	0.8788032	0.08088195	0.529725	0.470275	5.257196
37512	-2583.953	-2790.665	206.712	0.9969644	0.06503465	0.607994	0.392006	5.760409
37518	-2591.64	-2800.887	209.2473	1.034181	0.06465097	0.521797	0.478203	4.332624
37524	-2580.094	-2790.494	210.3995	1.286578	0.06946111	0.636399	0.363601	3.513981
37530	-2583.386	-2791.616	208.2297	0.9864358	0.06946111	0.602827	0.397173	4.916935
37536	-2602.008	-2810.491	208.4828	1.056203	0.0909065	0.602827	0.397173	4.681641
37542	-2596.062	-2803.305	207.2433	1.102745	0.05658815	0.533471	0.466529	5.433481
37548	-2590.952	-2800.275	209.3239	1.072246	0.08933102	0.617312	0.382688	4.202548
37554	-2593.071	-2801.512	208.4407	1.013572	0.07174177	0.599176	0.400824	4.778099
37560	-2584.855	-2793.653	208.7983	1.188073	0.06257363	0.608845	0.391155	4.504767
37566	-2598.755	-2807.522	208.7671	1.270272	0.05230887	0.689267	0.310733	4.504767
37572	-2590.658	-2800.62	209.9624	1.154919	0.09838475	0.46401	0.53599	3.767665
37578	-2585.06	-2794.316	209.2553	1.154919	0.09838475	0.509975	0.490025	4.17219
37584	-2596.304	-2804.769	208.4657	1.072949	0.07110547	0.579706	0.420294	4.732629
37590	-2585.776	-2794.356	208.5801	1.171382	0.06661175	0.543371	0.456629	4.625589
37596	-2587.502	-2796.163	208.6611	1.016229	0.08237477	0.494258	0.505742	4.625589
37602	-2597.772	-2806.629	208.8568	1.083201	0.0993674	0.480512	0.519488	4.435838
37608	-2587.95	-2794.532	206.5819	0.8334324	0.08379881	0.480512	0.519488	5.872697
37614	-2590.849	-2797.224	206.3753	0.964421	0.07558572	0.649022	0.350978	5.93466
37620	-2586.249	-2794.324	208.0751	0.964421	0.07558572	0.630383	0.369617	4.999015
37626	-2606.571	-2814.107	207.536	0.9851462	0.05489999	0.459641	0.540359	5.34159
37632	-2602.012	-2810.392	208.3801	0.9245582	0.05241814	0.459641	0.540359	4.914385
37638	-2601.061	-2809.044	207.9827	0.6916142	0.08060461	0.504075	0.495925	5.188556
37644	-2598.266	-2806.003	207.7368	1.019636	0.06332299	0.671961	0.328039	5.188556
37650	-2595.875	-2805.443	209.5684	1.177628	0.07977606	0.489764	0.510236	4.027995
37656	-2587.61	-2796.577	208.9675	1.012088	0.0812417	0.577279	0.422721	4.458671
37662	-2588.022	-2796.737	208.7149	1.365493	0.06012157	0.617643	0.382357	4.458671
37668	-2587.097	-2797.744	210.6467	1.102177	0.1172131	0.547028	0.452972	3.355181
37674	-2581.651	-2791.858	210.207	1.273345	0.10262	0.62519	0.37481	3.546998
37680	-2587.906	-2796.468	208.5625	0.8955812	0.07626802	0.591182	0.408818	4.764032
37686	-2578.661	-2788.261	209.5999	0.9706492	0.08120704	0.604514	0.395486	4.124273
37692	-2597.001	-2806.205	209.2041	0.8784424	0.07894775	0.510646	0.489354	4.406596
37698	-2593.731	-2804.266	210.5348	1.284955	0.1024395	0.489915	0.510085	3.348959
37704	-2587.433	-2797.399	209.9659	1.187834	0.09753653	0.505796	0.494204	3.748732
37710	-2580.723	-2789.01	208.2862	1.250093	0.118507	0.469432	0.530568	4.618726
37716	-2589.625	-2798.792	209.1672	1.215649	0.07819332	0.469432	0.530568	4.238757
37722	-2590.48	-2799.855	209.375	1.088044	0.07819332	0.559171	0.440829	4.193282
37728	-2596.216	-2807.799	211.583	1.330357	0.06297955	0.658643	0.341357	2.803043
37734	-2588.582	-2798.143	209.5615	1.248897	0.07109168	0.757641	0.242359	4.014526
37740	-2575.686	-2785.58	209.8944	1.248897	0.1046599	0.614321	0.385679	3.737396
37746	-2576.851	-2786.988	210.1368	1.17001	0.06824193	0.614321	0.385679	3.737396
37752	-2578.832	-2788.059	209.2269	1.070284	0.06522514	0.552059	0.447941	4.322169
37758	-2590.117	-2798.661	208.5438	1.017416	0.07553852	0.47801	0.52199	4.708289
37764	-2599.12	-2807.248	208.1284	1.042965	0.1384161	0.47801	0.52199	4.780685
37770	-2595.172	-2806.209	211.0366	1.136895	0.09170874	0.459544	0.540456	3.167239
37776	-2576.097	-2786.768	210.671	1.352692	0.1149219	0.519632	0.480368	3.19838
37782	-2591.507	-2800.719	209.212	1.290495	0.06273668	0.519632	0.480368	4.212796
37788	-2579.629	-2788.051	208.4225	1.198745	0.07716436	0.509041	0.490959	4.670459
37794	-2592.909	-2802.343	209.4345	1.118885	0.09470385	0.572156	0.427844	4.099767
37800	-2593.481	-2802.919	209.4382	1.234275	0.06867597	0.572156	0.427844	4.099767
37806	-2593.214	-2803.656	210.4421	1.17095	0.09547505	0.58646	0.41354	3.487406
37812	-2596.494	-2806.771	210.2778	1.312446	0.1007897	0.647753	0.352247	3.487406
37818	-2602.965	-2812.603	209.638	1.280804	0.08555251	0.661085	0.338915	3.914123
37824	-2596.994	-2807.187	210.1932	1.172708	0.1019619	0.46809	0.53191	3.61512
37830	-2586.556	-2797.193	210.6368	1.346616	0.08636936	0.499743	0.500257	3.293679
37836	-2575.698	-2784.731	209.0331	1.288954	0.09256051	0.637029	0.362971	4.236539
37842	-2602.638	-2813.209	210.5708	1.402808	0.08880266	0.679403	0.320597	3.293049
37848	-2604.042	-2814.745	210.7024	1.235817	0.09690267	0.702686	0.297314	3.293049
37854	-2604.203	-2815.211	211.0082	1.33543	0.09690267	0.539686	0.460314	3.052432
37860	-2611.578	-2821.097	209.5182	1.24517	0.07551434	0.57829	0.42171	4.02945
37866	-2597.604	-2806.655	209.0508	1.016708	0.08652316	0.67843	0.32157	4.395588
37872	-2592.331	-2800.546	208.2155	0.999904	0.1021256	0.501491	0.498509	4.835431
37878	-2585.089	-2793.742	208.6529	0.999904	0.07515198	0.61378	0.38622	4.658039
37884	-2586.349	-2795.805	209.4559	1.097889	0.05760921	0.569653	0.430347	4.198095
37890	-2590.066	-2800.514	210.448	1.148492	0.05760921	0.528077	0.471923	3.599829
37896	-2595.167	-2805.013	209.8463	1.115335	0.06658971	0.47832	0.52168	3.940395
37902	-2601.95	-2811.011	209.0609	1.087795	0.0831488	0.539832	0.460168	4.358367
37908	-2599.742	-2807.253	207.5112	0.9731968	0.1255998	0.517514	0.482486	5.189145
37914	-2592.545	-2800.878	208.3322	0.917129	0.07366108	0.530688	0.469312	4.887324
37920	-2602.277	-2811.59	209.313	1.153436	0.05586732	0.644321	0.355679	4.252509
37926	-2600.415	-2809.666	209.2516	1.232455	0.04391372	0.534674	0.465326	4.276461
37932	-2594.553	-2803.777	209.2242	1.094987	0.09304641	0.659644	0.340356	4.236943
37938	-2610.743	-2819.489	208.7464	1.142726	0.07779751	0.538333	0.461667	4.518493
37944	-2589.401	-2797.595	208.1946	1.100939	0.05374182	0.662758	0.337242	4.915749
37950	-2589.84	-2799.422	209.5822	1.219361	0.1104917	0.612482	0.387518	3.920132
37956	-2586.761	-2796.44	209.6783	1.25159	0.08082131	0.556574	0.443426	3.920132
37962	-2586.788	-2797.063	210.2759	1.406966	0.07735196	0.639422	0.360578	3.494095
37968	-2584.047	-2793.55	209.503	1.211785	0.1317425	0.516522	0.483478	3.92238
37974	-2584.73	-2792.987	208.2567	1.191125	0.07205986	0.662424	0.337576	4.78086
37980	-2580.61	-2788.28	207.6703	0.9464171	0.1077059	0.359321	0.640679	5.155186
37986	-2586.765	-2794.559	207.7945	1.019572	0.09178668	0.677	0.323	5.083296
37992	-2589.252	-2796.866	207.6138	1.069341	0.1188324	0.543878	0.456122	5.093622
37998	-2589.868	-2798.148	208.2805	1.234142	0.09962373	0.543878	0.456122	4.674163
38004	-2584.92	-2793.933	209.0134	1.175276	0.0457197	0.604373	0.395627	4.438206
38010	-2590.723	-2800.569	209.8457	1.175276	0.1275063	0.576113	0.423887	3.755518
38016	-2585.216	-2794.766	209.5498	1.130952	0.1377815	0.639782	0.360218	3.929038
38022	-2586.59	-2796.141	209.5511	1.267724	0.1025517	0.712141	0.287859	3.929038
38028	-2584.852	-2794.315	209.463	1.287937	0.07305179	0.506541	0.493459	4.043151
38034	-2592.486	-2802.186	209.7001	1.135006	0.06410835	0.654108	0.345892	4.019675
38040	-2594.514	-2802.614	208.1	1.083954	0.08889479	0.619949	0.380051	4.884873
38046	-2585.42	-2795.207	209.7869	1.076844	0.1030003	0.619949	0.380051	3.902196
38052	-2586.986	-2795.93	208.9431	0.994868	0.08596073	0.74569	0.25431	4.470047
38058	-2586.693	-2795.054	208.3607	1.272211	0.07794888	0.74569	0.25431	4.661902
38064	-2605.349	-2813.795	208.446	1.082358	0.07794888	0.4879	0.5121	4.720407
38070	-2592.914	-2801.531	208.6168	1.110771	0.08550922	0.502858	0.497142	4.589408
38076	-2580.342	-2789.038	208.6953	1.110771	0.06866125	0.636147	0.363853	4.589408
38082	-2583.779	-2792.03	208.2511	1.19252	0.07804181	0.64437	0.35563	4.767488
38088	-2582.21	-2791.771	209.5605	1.287737	0.07563747	0.58714	0.41286	3.980607
38094	-2581.454	-2792.218	210.7643	1.534488	0.06597375	0.525124	0.474876	3.163528
38100	-2580.359	-2789.518	209.1588	1.513562	0.06070259	0.677554	0.322446	4.121983
38106	-2592.969	-2801.893	208.9242	1.160542	0.1029516	0.522472	0.477528	4.345659
38112	-2579.904	-2789.226	209.3224	1.202229	0.08578423	0.633376	0.366624	4.138579
38118	-2591.672	-2798.964	207.2922	1.172511	0.1046662	0.633376	0.366624	5.246214
38124	-2588.575	-2797.401	208.8263	1.153297	0.0783565	0.672596	0.327404	4.466152
38130	-2593.775	-2801.59	207.8151	0.9873119	0.08834916	0.593089	0.406911	5.098229
38136	-2580.955	-2789.48	208.5252	0.978666	0.102153	0.646092	0.353908	4.674221
38142	-2570.532	-2779.052	208.52	1.015507	0.1113639	0.577009	0.422991	4.635151
38148	-2576.547	-2787.265	210.7175	1.146294	0.1113639	0.60165	0.39835	3.30138
38154	-2571.431	-2781.357	209.926	1.19087	0.1128596	0.582741	0.417259	3.733282
38160	-2568.815	-2777.731	208.9159	1.270393	0.09541553	0.594908	0.405092	4.306364
38166	-2584.072	-2792.386	208.3136	1.084371	0.06403814	0.649473	0.350527	4.830276
38172	-2579.979	-2789.334	209.3551	1.098075	0.06538715	0.539129	0.460871	4.233441
38178	-2585.753	-2796.015	210.2619	1.169968	0.07616885	0.533875	0.466125	3.643261
38184	-2579.794	-2788.966	209.1714	0.9973053	0.07275668	0.608713	0.391287	4.37435
38190	-2584.418	-2792.463	208.0449	1.105855	0.07254529	0.527054	0.472946	4.945131
38196	-2588.924	-2798.164	209.2394	1.105855	0.1038139	0.424986	0.575014	4.196061
38202	-2579.79	-2788.584	208.7943	1.276719	0.08423081	0.603948	0.396052	4.399465
38208	-2583.16	-2792.448	209.2886	1.200219	0.07451487	0.586264	0.413736	4.188399
38214	-2585.84	-2794.565	208.7244	1.147994	0.1012296	0.586264	0.413736	4.469468
38220	-2583.038	-2792.95	209.9119	1.077772	0.09389371	0.603107	0.396893	3.852234
38226	-2572.416	-2781.252	208.836	1.057071	0.07719044	0.613398	0.386602	4.517854
38232	-2576.934	-2785.561	208.627	0.933148	0.09147416	0.75248	0.24752	4.668368
38238	-2570.035	-2778.565	208.5294	1.030754	0.09147416	0.591383	0.408617	4.668368
38244	-2578.653	-2787.83	209.1763	1.087289	0.08925381	0.595876	0.404124	4.277899
38250	-2582.105	-2789.349	207.2445	0.9079463	0.1038244	0.540578	0.459422	5.420485
38256	-2570.231	-2778.372	208.1415	0.9461517	0.07113559	0.498371	0.501629	4.983963
38262	-2570.601	-2777.995	207.3931	1.034215	0.08587346	0.498371	0.501629	5.311799
38268	-2583.624	-2790.852	207.2275	0.9207363	0.09286515	0.590932	0.409068	5.448558
38274	-2589.922	-2797.191	207.2688	0.89175	0.09007174	0.590932	0.409068	5.448558
38280	-2587.629	-2794.765	207.1355	1.027179	0.08959413	0.536176	0.463824	5.448558
38286	-2589.477	-2797.524	208.0471	0.9985602	0.06929555	0.61401	0.38599	5.012155
38292	-2598.802	-2807.08	208.2787	0.9985602	0.06929555	0.552847	0.447153	4.883359
38298	-2596.801	-2806.559	209.7575	1.080311	0.1011484	0.600001	0.399999	3.921567
38304	-2597.855	-2806.514	208.6598	1.294502	0.06074477	0.566948	0.433052	4.527831
38310	-2596.496	-2805.976	209.4804	1.084155	0.07065506	0.517842	0.482158	4.155794
38316	-2603.48	-2811.498	208.0184	0.9720496	0.07351888	0.517842	0.482158	5.03164
38322	-2586.507	-2795.179	208.6714	0.9720496	0.08066485	0.512654	0.487346	4.64895
38328	-2590.724	-2799.92	209.1954	1.161377	0.1089414	0.634977	0.365023	4.17749
38334	-2593.145	-2802.371	209.2257	1.245753	0.06163988	0.509533	0.490467	4.233468
38340	-2590.682	-2799.731	209.0493	1.028024	0.1069656	0.686448	0.313552	4.340374
38346	-2597.115	-2806.11	208.9944	0.9552158	0.07095633	0.56357	0.43643	4.50263
38352	-2601.183	-2808.054	206.8718	1.017784	0.0678563	0.46872	0.53128	5.65389
38358	-2594.561	-2801.371	206.81	1.021261	0.08022807	0.558681	0.441319	5.65389
38364	-2586.916	-2795.056	208.1404	1.021261	0.09473279	0.613345	0.386655	4.882988
38370	-2586.282	-2794.326	208.044	0.8698222	0.1569916	0.499701	0.500299	4.887698
38376	-2587.046	-2797.483	210.4369	1.123963	0.09751635	0.56262	0.43738	3.512731
38382	-2582.873	-2793.626	210.7532	1.330038	0.06731468	0.556713	0.443287	3.287233
38388	-2579.669	-2787.809	208.1402	1.194425	0.04843629	0.460402	0.539598	4.908844
38394	-2586.407	-2795.783	209.3764	1.110488	0.0650805	0.39482	0.60518	4.215145
38400	-2576.638	-2786.567	209.9289	1.218657	0.1053687	0.571656	0.428344	3.733268
38406	-2584.749	-2794.439	209.6904	1.218657	0.1053687	0.552974	0.447026	3.870578
38412	-2596.165	-2805.541	209.3768	1.318213	0.05870824	0.628128	0.371872	4.114724
38418	-2581.925	-2791.982	210.0572	1.300094	0.07562597	0.622896	0.377104	3.687939
38424	-2576.099	-2785.106	209.0076	0.9278338	0.1116509	0.589321	0.410679	4.409697
38430	-2584.202	-2791.995	207.7937	1.050094	0.07247618	0.648695	0.351305	5.115753
38436	-2576.824	-2786.269	209.4447	1.050094	0.09352961	0.537344	0.462656	4.136015
38442	-2597.978	-2806.891	208.9137	1.124854	0.07318423	0.519586	0.480414	4.446606
38448	-2592.779	-2803.3	210.5209	1.219158	0.1038618	0.605962	0.394038	3.392236
38454	-2610.548	-2820.671	210.1227	1.203599	0.1253522	0.649246	0.350754	3.583546
38460	-2594.426	-2804.921	210.4945	1.121734	0.05929201	0.668784	0.331216	3.583546
38466	-2584.398	-2791.661	207.2631	0.9842117	0.08092665	0.501052	0.498948	5.423476
38472	-2582.974	-2792.66	209.6861	1.136142	0.09484475	0.530206	0.469794	3.945938
38478	-2589.172	-2798.797	209.6249	1.136142	0.1477923	0.511359	0.488641	3.862344
38484	-2583.679	-2793.65	209.9703	1.108121	0.09273786	0.547595	0.452405	3.804125
38490	-2589.835	-2799.575	209.7404	1.053442	0.08722846	0.515434	0.484566	3.981335
38496	-2585.191	-2795.621	210.4299	1.177438	0.07703967	0.624431	0.375569	3.538964
38502	-2598.147	-2808.444	210.2974	1.250171	0.09021303	0.596812	0.403188	3.538964
38508	-2581.645	-2790.883	209.2384	1.151435	0.06910626	0.564313	0.435687	4.259133
38514	-2580.854	-2789.685	208.8311	1.151435	0.09507483	0.58856	0.41144	4.422263
38520	-2580.966	-2789.905	208.9387	1.030177	0.09825767	0.575628	0.424372	4.422263
38526	-2577.092	-2786.65	209.5578	1.010553	0.09408916	0.71714	0.28286	4.092798
38532	-2579.084	-2788.713	209.6292	1.203208	0.08593996	0.586834	0.413166	3.962605
38538	-2583.6	-2793.427	209.8268	1.217827	0.0887533	0.582313	0.417687	3.833644
38544	-2576.422	-2786.235	209.8133	1.258053	0.0928344	0.607293	0.392707	3.807937
38550	-2580.066	-2789.881	209.8151	1.258053	0.09243253	0.38137	0.61863	3.807937
38556	-2573.111	-2781.642	208.5312	0.9982073	0.1112009	0.49865	0.50135	4.63895
38562	-2577.416	-2787.429	210.0131	1.427722	0.07403403	0.517244	0.482756	3.643884
38568	-2573.669	-2783.604	209.9349	1.129765	0.1044969	0.478698	0.521302	3.783154
38574	-2577.372	-2785.691	208.3184	1.129765	0.09036853	0.705274	0.294726	4.73376
38580	-2577.977	-2786.621	208.6447	1.051769	0.08338456	0.617178	0.382822	4.612253
38586	-2585.783	-2794.358	208.5748	1.175907	0.0717275	0.639051	0.360949	4.612253
38592	-2604.169	-2812.805	208.6365	0.8787418	0.1269221	0.505838	0.494162	4.612253
38598	-2583.71	-2792.074	208.3635	1.015598	0.08062404	0.579166	0.420834	4.796859
38604	-2573.341	-2782.397	209.0555	1.298338	0.09172081	0.626097	0.373903	4.220603
38610	-2587.79	-2795.921	208.1318	0.9446191	0.1107684	0.556636	0.443364	4.892992
38616	-2590.799	-2799.272	208.4729	1.043318	0.07416551	0.62122	0.37878	4.737101
38622	-2595.026	-2803.83	208.8043	1.074107	0.1257088	0.560326	0.439674	4.410609
38628	-2595.571	-2806.132	210.5613	1.080056	0.1381046	0.62728	0.37272	3.371649
38634	-2592.961	-2803.572	210.6114	1.304788	0.06165679	0.548731	0.451269	3.401683
38640	-2589.561	-2799.338	209.7771	1.264045	0.1052692	0.662203	0.337797	3.794819
38646	-2581.783	-2791.681	209.8986	1.214126	0.1017229	0.574036	0.425964	3.762131
38652	-2588.231	-2798.014	209.7827	1.331887	0.07823635	0.653504	0.346496	3.820906
38658	-2576.553	-2783.966	207.4131	1.058319	0.06412315	0.693149	0.306851	5.343874
38664	-2579.777	-2789.546	209.769	1.058319	0.0511924	0.447184	0.552816	4.060721
38670	-2582.182	-2792.277	210.0959	1.218741	0.06350948	0.513355	0.486645	3.746159
38676	-2583.495	-2793.862	210.3665	1.264427	0.127261	0.513355	0.486645	3.401513
38682	-2571.379	-2781.378	209.999	1.264427	0.08025423	0.53742	0.46258	3.729756
38688	-2573.806	-2782.513	208.7076	1.184198	0.06562624	0.678617	0.321383	4.549531
38694	-2574.474	-2784.165	209.6918	1.184198	0.09950488	0.675827	0.324173	3.903667
38700	-2573.049	-2782.948	209.8993	1.621266	0.05104387	0.618556	0.381444	3.662919
38706	-2587.029	-2797.744	210.7159	1.282487	0.0797561	0.461092	0.538908	3.302633
38712	-2577.512	-2785.365	207.8524	1.134695	0.05163484	0.500786	0.499214	5.092981
38718	-2578.925	-2789.028	210.103	1.121159	0.08540738	0.664341	0.335659	3.738873
38724	-2581.457	-2791.994	210.537	1.130336	0.08927738	0.664341	0.335659	3.471529
38730	-2575.657	-2784.665	209.0084	1.130336	0.07063934	0.463553	0.536447	4.396953
38736	-2584.498	-2792.935	208.4367	1.093642	0.0621184	0.641798	0.358202	4.761641
38742	-2572.917	-2781.456	208.5384	1.06719	0.06240848	0.555704	0.444296	4.718755
38748	-2584.928	-2793.987	209.0596	1.356076	0.05888177	0.606799	0.393201	4.272767
38754	-2570.349	-2779.066	208.7165	1.093762	0.08896825	0.665086	0.334914	4.534321
38760	-2579.541	-2788.996	209.454	0.9561758	0.08896825	0.447343	0.552657	4.195489
38766	-2571.047	-2781.059	210.0113	1.0674	0.09113157	0.564384	0.435616	3.808013
38772	-2577.822	-2787.136	209.3141	1.146794	0.09193123	0.601032	0.398968	4.159274
38778	-2575.632	-2785.817	210.1844	1.226033	0.07580931	0.539946	0.460054	3.656692
38784	-2588.915	-2797.617	208.7026	1.11541	0.05422438	0.504722	0.495278	4.622544
38790	-2576.351	-2785.006	208.6551	1.052172	0.1112838	0.561937	0.438063	4.538944
38796	-2577.124	-2785.597	208.473	0.9197613	0.07949692	0.555351	0.444649	4.792163
38802	-2569.511	-2778.677	209.1655	0.9880581	0.1038709	0.596142	0.403858	4.30457
38808	-2575.99	-2784.838	208.8478	0.98775	0.09878547	0.596142	0.403858	4.496065
38814	-2589.271	-2799.558	210.2875	1.150488	0.1032729	0.515499	0.484501	3.570033
38820	-2594.596	-2802.98	208.3839	1.057519	0.08739925	0.665626	0.334374	4.744939
38826	-2588.176	-2796.448	208.2717	0.8935614	0.08527922	0.477082	0.522918	4.904251
38832	-2588.8	-2796.942	208.1422	1.208212	0.06600552	0.488974	0.511026	4.85146
38838	-2588.533	-2798.935	210.4018	1.154704	0.1537648	0.644844	0.355156	3.388748
38844	-2586.43	-2797.356	210.9264	1.142144	0.1259496	0.445548	0.554452	3.146213
38850	-2597.265	-2806.846	209.5811	0.9877676	0.1013809	0.706641	0.293359	4.074668
38856	-2609.716	-2819.169	209.4526	1.039647	0.1102349	0.700566	0.299434	4.097435
38862	-2593.795	-2803.784	209.989	1.158046	0.09794301	0.547508	0.452492	3.751604
38868	-2581.025	-2792.054	211.0286	1.140395	0.08465785	0.547508	0.452492	3.188542
38874	-2592.762	-2803.991	211.2284	1.222287	0.1268806	0.496941	0.503059	2.915226
38880	-2574.943	-2785.764	210.8203	1.31154	0.05686046	0.517171	0.482829	3.288852
38886	-2586.104	-2797.061	210.9569	1.31154	0.1074733	0.417599	0.582401	3.070776
38892	-2583.993	-2795.695	211.7028	1.524479	0.08571835	0.604061	0.395939	2.544135
38898	-2600.184	-2810.545	210.3608	1.350239	0.06088898	0.586231	0.413769	3.523759
38904	-2584.568	-2795.257	210.6887	1.280124	0.06495603	0.586231	0.413769	3.361315
38910	-2574.926	-2783.117	208.1907	1.215601	0.05071734	0.615214	0.384786	4.862498
38916	-2590.66	-2800.615	209.9548	1.299858	0.09597793	0.601177	0.398823	3.694308
38922	-2586.285	-2795.899	209.6132	1.228507	0.06321917	0.626466	0.373534	4.018394
38928	-2587.613	-2799.176	211.5634	1.215601	0.1033045	0.710917	0.289083	2.773151
38934	-2585.584	-2794.321	208.7368	0.9302826	0.09553756	0.592602	0.407398	4.598556
38940	-2591.385	-2799.882	208.497	1.056253	0.1233837	0.587418	0.412582	4.598556
38946	-2593.144	-2802.102	208.9579	1.123741	0.08017398	0.503462	0.496538	4.403896
38952	-2608.212	-2817.888	209.6751	1.299176	0.07604468	0.478352	0.521648	3.907369
38958	-2597.77	-2804.996	207.226	1.086222	0.0782362	0.515862	0.484138	5.394554
38964	-2593.539	-2803.38	209.8404	1.241474	0.09774671	0.480765	0.519235	3.789648
38970	-2597.681	-2807.027	209.346	1.02631	0.1113953	0.571859	0.428141	4.162956
38976	-2577.703	-2787.018	209.3153	1.02631	0.07579825	0.55609	0.44391	4.26844
38982	-2575.481	-2785.807	210.3259	1.094254	0.08145099	0.526651	0.473349	3.635884
38988	-2594.077	-2802.628	208.5506	0.9655716	0.04015832	0.526651	0.473349	4.830628
38994	-2603.579	-2813.111	209.532	1.049031	0.08591279	0.522728	0.477272	4.106127
39000	-2592.159	-2801.826	209.6671	1.016312	0.07309363	0.468441	0.531559	4.08154
39006	-2588.447	-2796.328	207.8811	0.9338023	0.09797451	0.488181	0.511819	5.067971
39012	-2580.838	-2789.899	209.0611	1.061279	0.08246351	0.578285	0.421715	4.374977
39018	-2588.88	-2798.216	209.3368	1.061279	0.09004401	0.578285	0.421715	4.199691
39024	-2579.857	-2789.485	209.6277	1.130754	0.08660604	0.603684	0.396316	4.003195
39030	-2583.355	-2792.905	209.5503	1.227743	0.08228039	0.447526	0.552474	4.003195
39036	-2588.875	-2800.145	211.2698	1.688561	0.05909469	0.617905	0.382095	2.787336
39042	-2601.079	-2812.984	211.9048	1.553661	0.08202731	0.617905	0.382095	2.409759
39048	-2599.041	-2810.503	211.4613	1.447342	0.07178648	0.618596	0.381404	2.780045
39054	-2583.029	-2794.228	211.1995	1.381103	0.06301168	0.550119	0.449881	3.00395
39060	-2570.712	-2780.591	209.8792	1.121917	0.1080869	0.679739	0.320261	3.811194
39066	-2576.789	-2787.253	210.4638	1.19814	0.1106775	0.484561	0.515439	3.421558
39072	-2578.757	-2787.791	209.034	1.261367	0.06529662	0.513159	0.486841	4.323031
39078	-2590.348	-2798.932	208.5839	1.090444	0.06676272	0.52764	0.47236	4.668387
39084	-2590.373	-2799.069	208.6963	1.004928	0.06125927	0.571607	0.428393	4.668387
39090	-2590.52	-2801.374	210.8544	1.091595	0.1026218	0.672301	0.327699	3.274151
39096	-2600.907	-2811.849	210.9422	1.373051	0.07427802	0.480691	0.519309	3.130135
39102	-2597.274	-2807.989	210.7145	1.252187	0.09872403	0.548026	0.451974	3.271649
39108	-2598.827	-2809.573	210.7455	1.076911	0.09057501	0.550909	0.449091	3.377385
39114	-2603	-2813.277	210.2771	1.076911	0.1601853	0.429287	0.570713	3.494396
39120	-2588.902	-2798.883	209.981	1.163147	0.1601853	0.505331	0.494669	3.616501
39126	-2599.037	-2809.669	210.6318	1.357791	0.113054	0.534538	0.465462	3.223042
39132	-2593.356	-2802.259	208.9026	1.167088	0.0890442	0.599209	0.400791	4.388036
39138	-2587.97	-2796.302	208.3323	1.094453	0.05875654	0.480953	0.519047	4.828712
39144	-2581.174	-2789.442	208.2684	0.8712223	0.07185956	0.748176	0.251824	4.953151
39150	-2575.67	-2784.191	208.5211	1.011724	0.1023989	0.624464	0.375536	4.657372
39156	-2585.235	-2792.782	207.5473	0.9455052	0.1022065	0.632779	0.367221	5.236424
39162	-2587.639	-2795.254	207.6151	0.9563422	0.08417843	0.654666	0.345334	5.236424
39168	-2586.281	-2793.836	207.5551	1.016388	0.08417843	0.430939	0.569061	5.236424
39174	-2581.655	-2790.804	209.1484	1.052615	0.1131626	0.531744	0.468256	4.256106
39180	-2590.092	-2798.541	208.4485	0.9772653	0.1063593	0.508493	0.491507	4.708079
39186	-2580.729	-2787.663	206.9342	1.011059	0.06388163	0.508493	0.491507	5.633965
39192	-2578.219	-2783.439	205.22	0.9712112	0.05366139	0.507899	0.492101	6.616674
39198	-2573.136	-2781.345	208.2091	0.9035439	0.08536715	0.578323	0.421677	4.933316
39204	-2586.709	-2793.754	207.0449	0.8922748	0.08274752	0.488132	0.511868	5.589455
39210	-2590.086	-2797.175	207.0889	0.9384137	0.08499979	0.68822	0.31178	5.534283
39216	-2585.573	-2793.772	208.1998	0.9103871	0.07890667	0.617958	0.382042	4.951097
39222	-2569.846	-2779.744	209.8976	1.157991	0.07890667	0.514669	0.485331	3.853016
39228	-2575.526	-2785.179	209.6523	1.142962	0.08348693	0.476117	0.523883	3.990176
39234	-2585.477	-2794.488	209.0114	1.02834	0.1278383	0.634537	0.365463	4.314932
39240	-2593.35	-2802.359	209.0096	1.02834	0.07455494	0.54887	0.45113	4.443308
39246	-2602.267	-2811.394	209.1275	0.959322	0.08172755	0.637607	0.362393	4.396986
39252	-2594.671	-2805.384	210.7129	1.242467	0.1005827	0.564372	0.435628	3.273702
39258	-2592.873	-2802.608	209.735	1.242467	0.06913754	0.489534	0.510466	3.924294
39264	-2592.514	-2803.746	211.2326	1.358194	0.08749097	0.614013	0.385987	2.928763
39270	-2603.051	-2813.958	210.9069	1.187561	0.08749097	0.602724	0.397276	3.225162
39276	-2595.682	-2804.897	209.2146	1.168675	0.09644301	0.602724	0.397276	4.192228
39282	-2598.779	-2807.731	208.9524	1.063206	0.08166687	0.638681	0.361319	4.43726
39288	-2586.823	-2795.864	209.0401	1.130836	0.08166687	0.621537	0.378463	4.349653
39294	-2582.628	-2791.789	209.1606	1.047218	0.08166687	0.711244	0.288756	4.328785
39300	-2587.546	-2796.275	208.7283	1.254126	0.09954266	0.778487	0.221513	4.411534
39306	-2584.333	-2792.681	208.3483	1.094493	0.05862853	0.641306	0.358694	4.820114
39312	-2589.942	-2797.629	207.6875	0.9424866	0.09067316	0.420277	0.579723	5.188003
39318	-2589.993	-2797.236	207.2429	0.9405416	0.1118872	0.555446	0.444554	5.385112
39324	-2598.527	-2807.138	208.6108	1.011325	0.07694103	0.650811	0.349189	4.670537
39330	-2600.423	-2808.189	207.7657	0.9320258	0.103496	0.590328	0.409672	5.119976
39336	-2592.986	-2800.885	207.8992	0.8807647	0.0845994	0.566868	0.433132	5.119976
39342	-2590.974	-2799.242	208.2676	0.879495	0.1143745	0.670361	0.329639	4.845512
39348	-2593.438	-2801.966	208.5285	0.9435166	0.1175603	0.428373	0.571627	4.656848
39354	-2595.313	-2804.31	208.9967	0.9435166	0.07964608	0.542712	0.457288	4.484931
39360	-2593.626	-2803.555	209.9293	0.9985863	0.1204311	0.661843	0.338157	3.824864
39366	-2592.134	-2803.339	211.2046	1.269589	0.07893122	0.420025	0.579975	3.022259
39372	-2587.822	-2797.618	209.7961	1.094076	0.08167538	0.689928	0.310072	3.940623
39378	-2587.506	-2795.822	208.3165	0.973677	0.1110851	0.568156	0.431844	4.773077
39384	-2592.951	-2801.1	208.1486	1.090347	0.1240396	0.785404	0.214596	4.773077
39390	-2589.915	-2799.44	209.5244	1.132563	0.1113017	0.509561	0.490439	4.001026
39396	-2589.076	-2798.663	209.5865	1.067817	0.09848008	0.553052	0.446948	4.03296
39402	-2596.785	-2806.363	209.5774	1.119518	0.05239446	0.470904	0.529096	4.131569
39408	-2586.662	-2793.961	207.299	1.119518	0.05631451	0.72103	0.27897	5.394268
39414	-2586.975	-2795.746	208.7707	1.10133	0.07454391	0.508043	0.491957	4.53669
39420	-2577.542	-2786.854	209.3126	1.166578	0.07742439	0.647804	0.352196	4.186118
39426	-2580.111	-2788.944	208.8329	1.010954	0.09234515	0.603564	0.396436	4.507067
39432	-2581.054	-2789.954	208.8996	1.294059	0.04728918	0.591895	0.408105	4.430959
39438	-2591.021	-2799.913	208.892	1.18738	0.07042984	0.59321	0.40679	4.430959
39444	-2584.158	-2794.95	210.7922	1.358386	0.1237844	0.59321	0.40679	3.102313
39450	-2582.706	-2793.001	210.2958	1.408185	0.07929903	0.49337	0.50663	3.476493
39456	-2585.624	-2795.869	210.2447	1.238004	0.1179901	0.523912	0.476088	3.50919
39462	-2578.838	-2787.725	208.8866	1.245898	0.07737487	0.523912	0.476088	4.382546
39468	-2580.693	-2789.815	209.1221	1.214606	0.08857637	0.455754	0.544246	4.238184
39474	-2580.841	-2789.749	208.9081	1.108439	0.117341	0.579679	0.420321	4.351063
39480	-2580.445	-2790.36	209.9155	1.246748	0.117341	0.56223	0.43777	3.696726
39486	-2589.572	-2799.977	210.4054	1.35605	0.09173292	0.56223	0.43777	3.410121
39492	-2591.255	-2802.024	210.7685	1.264277	0.1383265	0.60767	0.39233	3.139925
39498	-2582.384	-2794.514	212.1299	1.651357	0.07684521	0.718464	0.281536	2.219116
39504	-2578.267	-2790.494	212.2269	1.49086	0.06885497	0.718464	0.281536	2.284259
39510	-2578.435	-2789.778	211.343	1.40043	0.07617443	0.549241	0.450759	2.867835
39516	-2586.8	-2798.775	211.9747	1.414714	0.07383274	0.658581	0.341419	2.477069
39522	-2589.766	-2801.204	211.4385	1.484555	0.08901996	0.658581	0.341419	2.722788
39528	-2589.591	-2800.626	211.0353	1.345716	0.1115075	0.396021	0.603979	2.993498
39534	-2586.186	-2797.391	211.2059	1.40174	0.1282267	0.527359	0.472641	2.817085
39540	-2591.876	-2803.315	211.4392	1.40174	0.05979145	0.563359	0.436641	2.856554
39546	-2588.173	-2797.706	209.5333	1.159538	0.07601931	0.623023	0.376977	4.068306
39552	-2598.372	-2806.419	208.0476	1.151397	0.07921697	0.669859	0.330141	4.900886
39558	-2586.62	-2796.042	209.4218	1.098438	0.09589564	0.587248	0.412752	4.115708
39564	-2588.536	-2798.139	209.603	1.083477	0.1027812	0.567393	0.432607	4.004213
39570	-2584.38	-2794.48	210.1009	1.350748	0.08977995	0.586758	0.413242	3.595845
39576	-2582.882	-2794.141	211.2596	1.320516	0.09354778	0.498813	0.501187	2.919072
39582	-2575.237	-2785.905	210.6683	1.320516	0.06232961	0.54508	0.45492	3.357117
39588	-2588.232	-2799.526	211.2934	1.298032	0.1119205	0.574224	0.425776	2.865635
39594	-2583.084	-2792.887	209.8026	1.204699	0.06580313	0.574224	0.425776	3.916447
39600	-2584.917	-2793.707	208.7902	1.328887	0.06033509	0.574224	0.425776	4.436263
39606	-2577.868	-2787.328	209.4607	1.212466	0.1016982	0.646551	0.353449	4.014425
39612	-2580.302	-2790.377	210.0755	1.283851	0.07747496	0.532801	0.467199	3.681724
39618	-2567.739	-2776.35	208.6104	1.032339	0.09761817	0.664391	0.335609	4.607177
39624	-2577.888	-2785.631	207.7434	0.9054927	0.09761817	0.578927	0.421073	5.160843
39630	-2575.436	-2783.851	208.4158	1.076825	0.0669356	0.628221	0.371779	4.769583
39636	-2577.609	-2785.713	208.1036	1.231901	0.0669356	0.723707	0.276293	4.85723
39642	-2582.941	-2791.348	208.4069	0.9181637	0.06909633	0.513475	0.486525	4.85723
39648	-2589.582	-2798.192	208.6093	1.143022	0.0696054	0.515193	0.484807	4.617036
39654	-2576.484	-2787.191	210.7069	1.143022	0.1091688	0.624537	0.375463	3.314813
39660	-2583.682	-2795.319	211.6376	1.341984	0.1201339	0.685625	0.314375	2.608173
39666	-2578.507	-2789.827	211.3204	1.13349	0.1201339	0.536341	0.463659	2.929011
39672	-2571.987	-2781.023	209.0362	1.167405	0.1169715	0.594103	0.405897	4.246056
39678	-2576.466	-2782.13	205.6637	0.9665007	0.07419414	0.562273	0.437727	6.324527
39684	-2573.928	-2782.105	208.177	0.9331109	0.07255012	0.550606	0.449394	4.967721
39690	-2581.549	-2790.381	208.8319	1.106972	0.09975766	0.532065	0.467935	4.435537
39696	-2580.083	-2789.322	209.2391	1.147401	0.1117817	0.532065	0.467935	4.154017
39702	-2582.855	-2788.975	206.1196	0.9618892	0.07479251	0.568295	0.431705	6.077539
39708	-2578.023	-2787.214	209.191	1.181676	0.07698595	0.58347	0.41653	4.24774
39714	-2578.258	-2787.601	209.3427	1.163042	0.09559712	0.538332	0.461668	4.124674
39720	-2568.742	-2778.391	209.649	1.163042	0.0849427	0.594876	0.405124	3.976831
39726	-2578.937	-2790.309	211.3712	1.248069	0.09391106	0.692696	0.307304	2.894512
39732	-2575.144	-2784.296	209.152	1.248069	0.0705189	0.657561	0.342439	4.249478
39738	-2574.539	-2784.254	209.7146	1.256675	0.06843502	0.569022	0.430978	3.929762
39744	-2574.809	-2783.832	209.0225	1.176037	0.08264574	0.560947	0.439053	4.331517
39750	-2577.104	-2785.936	208.8317	1.083261	0.05361045	0.60102	0.39898	4.569914
39756	-2580.13	-2789.015	208.8842	0.9830246	0.08923693	0.674629	0.325371	4.501614
39762	-2579.811	-2788.156	208.345	0.9493327	0.08705717	0.461156	0.538844	4.827877
39768	-2579.26	-2790.881	211.6206	1.258196	0.1409975	0.553965	0.446035	2.621923
39774	-2580.219	-2789.914	209.6952	1.295571	0.07635088	0.571938	0.428062	3.897105
39780	-2591.137	-2801.398	210.2609	1.220831	0.1028574	0.582883	0.417117	3.545625
39786	-2592.94	-2802.053	209.113	1.140696	0.05521291	0.613587	0.386413	4.374707
39792	-2592.669	-2803.164	210.495	1.088945	0.09213905	0.730613	0.269387	3.512862
39798	-2600.455	-2808.483	208.0282	0.9748004	0.09201317	0.533053	0.466947	4.977873
39804	-2595.006	-2804.133	209.1274	1.036855	0.07622491	0.533053	0.466947	4.367642
39810	-2593.425	-2803.195	209.7697	0.9973987	0.07733055	0.533053	0.466947	4.022474
39816	-2592.694	-2800.576	207.8827	0.9881588	0.06885843	0.476187	0.523813	5.11031
39822	-2593.418	-2802.155	208.7363	1.16387	0.07810671	0.45102	0.54898	4.51148
39828	-2586.1	-2796.163	210.0634	1.206539	0.07466255	0.500044	0.499956	3.741041
39834	-2583.55	-2794.144	210.5938	1.091616	0.08032186	0.536879	0.463121	3.484635
39840	-2574.054	-2784.624	210.5701	1.342597	0.08921453	0.675652	0.324348	3.327852
39846	-2584.715	-2795.155	210.4406	1.351923	0.09791302	0.675652	0.324348	3.376202
39852	-2588.437	-2798.205	209.7674	1.134974	0.06283919	0.428513	0.571487	3.984804
39858	-2587.991	-2797.669	209.6781	1.007955	0.1196143	0.540537	0.459463	3.965394
39864	-2581.83	-2790.708	208.8779	1.192433	0.07829753	0.467649	0.532351	4.415145
39870	-2583.774	-2792.561	208.7875	1.050448	0.07467684	0.467649	0.532351	4.555461
39876	-2583.705	-2792.568	208.8631	1.12888	0.1032838	0.638256	0.361744	4.397232
39882	-2592.696	-2800.24	207.5447	1.043851	0.07343387	0.520545	0.479455	5.25449
39888	-2590.029	-2798.049	208.0199	1.043851	0.07343387	0.531223	0.468777	4.991157
39894	-2592.427	-2802.298	209.8704	1.063327	0.1031367	0.594571	0.405429	3.861747
39900	-2574.968	-2784.089	209.121	1.063327	0.1175385	0.724819	0.275181	4.255671
39906	-2572.275	-2781.309	209.0345	1.113243	0.07050674	0.451569	0.548431	4.392222
39912	-2580.797	-2789.647	208.8496	0.9407722	0.07840932	0.447958	0.552042	4.572395
39918	-2584.28	-2792.955	208.675	1.072191	0.08789489	0.577499	0.422501	4.572395
39924	-2582.491	-2791.469	208.9784	1.028555	0.06992083	0.650715	0.349285	4.473134
39930	-2592.06	-2801.126	209.0665	1.195184	0.0583125	0.672524	0.327476	4.361479
39936	-2600.343	-2809.263	208.9196	1.072166	0.161844	0.67358	0.32642	4.273311
39942	-2607.739	-2815.993	208.2541	1.069458	0.07198448	0.583356	0.416644	4.850396
39948	-2593.921	-2802.375	208.4543	0.8909017	0.1272272	0.687124	0.312876	4.706862
39954	-2583.054	-2793.093	210.0392	1.297563	0.07787358	0.690899	0.309101	3.693754
39960	-2573.954	-2783.401	209.4468	1.415686	0.06633957	0.690899	0.309101	3.997855
39966	-2578.806	-2787.207	208.4006	1.151656	0.06252966	0.621712	0.378288	4.748279
39972	-2581.143	-2790.443	209.3001	1.126668	0.1149838	0.593109	0.406891	4.123832
39978	-2572.947	-2784.13	211.1835	1.420305	0.07727428	0.664418	0.335582	2.949025
39984	-2594.901	-2805.761	210.8602	1.108203	0.1425069	0.570039	0.429961	3.169198
39990	-2586.767	-2796.872	210.1048	1.110132	0.1009373	0.470155	0.529845	3.705041
39996	-2582.618	-2791.714	209.0954	1.097612	0.07824415	0.50783	0.49217	4.346071
40002	-2609.243	-2818.38	209.1365	1.00628	0.0893145	0.625588	0.374412	4.346071
40008	-2584.485	-2793.544	209.059	1.068147	0.09287575	0.625588	0.374412	4.346071
40014	-2591.942	-2801.994	210.052	1.016372	0.09480422	0.70519	0.29481	3.80474
40020	-2591.448	-2800.526	209.0783	0.951112	0.1110844	0.565574	0.434426	4.357927
40026	-2591.358	-2800.97	209.6114	1.28991	0.1032376	0.512025	0.487975	3.880081
40032	-2578.288	-2787.602	209.3145	1.032817	0.05790259	0.484244	0.515756	4.314206
40038	-2577.58	-2787.062	209.4812	1.021105	0.0971533	0.593294	0.406706	4.122862
40044	-2590.352	-2800.073	209.7214	1.056799	0.107802	0.518105	0.481895	3.939846
40050	-2578.682	-2789.827	211.1444	1.268654	0.05995173	0.555102	0.444898	3.113134
40056	-2597.452	-2808.476	211.0235	1.268654	0.08547735	0.724938	0.275062	3.113134
40062	-2580.705	-2791.483	210.7783	1.277646	0.08655015	0.683238	0.316762	3.250409
40068	-2583.427	-2794.767	211.3398	1.214501	0.100103	0.631609	0.368391	2.917666
40074	-2583.599	-2795.299	211.7002	1.334299	0.0968733	0.576553	0.423447	2.63317
40080	-2582.523	-2792.478	209.9554	1.334299	0.170678	0.584738	0.415262	3.511504
40086	-2578.462	-2788.604	210.1421	1.384157	0.08444442	0.561707	0.438293	3.566362
40092	-2592.377	-2800.088	207.7116	1.061463	0.08178249	0.412309	0.587691	5.130896
40098	-2585.649	-2794.526	208.8768	1.126576	0.05526457	0.615421	0.384579	4.515554
40104	-2584.356	-2793.637	209.2808	1.126581	0.0901477	0.535491	0.464509	4.194146
40110	-2582.325	-2792.463	210.138	1.14923	0.116519	0.535491	0.464509	3.626255
40116	-2574.522	-2783.477	208.9547	1.085004	0.08884923	0.612614	0.387386	4.405435
40122	-2598.626	-2807.165	208.5387	1.11101	0.07919302	0.534337	0.465663	4.64926
40128	-2583.927	-2792.553	208.6265	1.188472	0.05155733	0.62596	0.37404	4.631739
40134	-2589.29	-2797.564	208.2737	1.055547	0.07015315	0.62596	0.37404	4.85211
40140	-2591.651	-2800.211	208.5594	1.271518	0.08054333	0.611002	0.388998	4.544071
40146	-2602.286	-2811.504	209.2182	1.152546	0.09938259	0.484696	0.515304	4.192188
40152	-2587.658	-2796.237	208.579	1.152546	0.06470673	0.656644	0.343356	4.641942
40158	-2587.151	-2796.419	209.2681	1.239609	0.1069978	0.627344	0.372656	4.096163
40164	-2595.279	-2802.667	207.388	1.062059	0.1246222	0.627344	0.372656	5.210181
40170	-2582.862	-2791.949	209.0877	1.110299	0.0676097	0.654059	0.345941	4.371693
40176	-2583.73	-2792.525	208.7957	1.217461	0.08318819	0.59485	0.40515	4.434733
40182	-2578.589	-2786.572	207.9827	1.016124	0.06705959	0.548174	0.451826	5.044173
40188	-2605.41	-2812.842	207.4323	0.8966458	0.08032824	0.539376	0.460624	5.379997
40194	-2608.066	-2816.599	208.533	1.055285	0.05717529	0.52968	0.47032	4.7429
40200	-2605.646	-2815.121	209.4746	1.011206	0.06717199	0.583035	0.416965	4.209984
40206	-2611.322	-2821.749	210.4268	1.204987	0.1206676	0.597956	0.402044	3.415898
40212	-2606.353	-2814.913	208.5594	1.062086	0.09343339	0.539561	0.460439	4.629204
40218	-2602.024	-2810.368	208.3438	1.184229	0.09343339	0.638989	0.361011	4.681578
40224	-2592.417	-2799.596	207.1789	0.9864038	0.1074381	0.522451	0.477549	5.405118
40230	-2596.05	-2803.565	207.5141	0.8860481	0.09596036	0.614681	0.385319	5.30228
40236	-2599.258	-2807.32	208.0624	0.9146189	0.06349614	0.549841	0.450159	5.065897
40242	-2592.621	-2800.477	207.8562	0.9209015	0.1074601	0.465213	0.534787	5.066849
40248	-2587.597	-2796.474	208.877	1.121068	0.1074601	0.465213	0.534787	4.384019
40254	-2578.159	-2786.597	208.4381	1.032912	0.08090951	0.527881	0.472119	4.744818
40260	-2598.813	-2808.413	209.5999	1.032912	0.134056	0.513899	0.486101	3.964333
40266	-2593.071	-2803.044	209.9731	1.1668	0.09755958	0.519554	0.480446	3.756666
40272	-2590.539	-2800.425	209.8862	1.1668	0.1187077	0.530779	0.469221	3.756666
40278	-2595.851	-2802.768	206.9176	0.9964847	0.08150727	0.51403	0.48597	5.605242
40284	-2590.147	-2798.392	208.2441	1.064485	0.08326667	0.620119	0.379881	4.829477
40290	-2609.079	-2818.081	209.0012	1.028564	0.142916	0.537311	0.462689	4.289088
40296	-2602.644	-2811.541	208.8973	1.132418	0.142916	0.591015	0.408985	4.289088
40302	-2595.644	-2804.765	209.1211	1.030921	0.06702699	0.56314	0.43686	4.399216
40308	-2603.563	-2813.091	209.5281	1.145578	0.07161126	0.618273	0.381727	4.091077
40314	-2588.495	-2798.015	209.5204	1.113889	0.1052351	0.545231	0.454769	4.02816
40320	-2593.755	-2804.033	210.2787	1.295589	0.08287148	0.564807	0.435193	3.542581
40326	-2593.352	-2802.558	209.206	1.0702	0.1214684	0.564807	0.435193	4.194834
40332	-2592.316	-2800.108	207.7918	1.114097	0.09215182	0.564807	0.435193	5.031478
40338	-2611.639	-2819.496	207.8568	1.114097	0.07775162	0.580417	0.419583	5.031478
40344	-2615.864	-2825.825	209.9609	1.194225	0.1630012	0.550492	0.449508	3.604629
40350	-2590.61	-2800.776	210.1658	1.216486	0.1221423	0.587432	0.412568	3.558172
40356	-2597.147	-2806.116	208.9685	1.21496	0.09121811	0.71076	0.28924	4.318306
40362	-2587.194	-2795.729	208.5351	1.041527	0.09121811	0.554096	0.445904	4.659791
40368	-2586.618	-2795.147	208.5293	0.9690685	0.109677	0.440954	0.559046	4.659791
40374	-2575.546	-2783.202	207.6559	0.9224332	0.1034135	0.618076	0.381924	5.186291
40380	-2583.342	-2792.522	209.1797	1.125142	0.07189435	0.559715	0.440285	4.299682
40386	-2580.075	-2787.431	207.3567	0.9292574	0.1040227	0.598492	0.401508	5.34642
40392	-2581.047	-2789.173	208.1264	0.8552533	0.1040227	0.482562	0.517438	4.961164
40398	-2589.815	-2798.277	208.4621	1.063941	0.1011759	0.482562	0.517438	4.664084
40404	-2586.709	-2794.776	208.0671	1.003964	0.09636933	0.576633	0.423367	4.929503
40410	-2580.205	-2790.006	209.8014	1.031183	0.08432825	0.540494	0.459506	3.966641
40416	-2591.233	-2800.634	209.4007	0.9404556	0.08582632	0.686731	0.313269	4.242607
40422	-2588.535	-2797.491	208.9564	1.036693	0.08204571	0.39513	0.60487	4.448985
40428	-2597.22	-2805.066	207.846	1.062278	0.09385138	0.580436	0.419564	5.02604
40434	-2593.417	-2799.664	206.2469	0.9948187	0.06326453	0.560321	0.439679	6.020399
40440	-2596.869	-2804.867	207.998	1.029551	0.08294883	0.675464	0.324536	4.986732
40446	-2598.607	-2806.712	208.1043	1.007192	0.1033787	0.663037	0.336963	4.890429
40452	-2606.129	-2814.191	208.0616	1.068444	0.0799978	0.693232	0.306768	4.937298
40458	-2605.018	-2813.154	208.1356	1.036482	0.07101734	0.474361	0.525639	4.937298
40464	-2601.5	-2810.635	209.1352	0.9845127	0.09048545	0.584748	0.415252	4.356165
40470	-2590.816	-2800.299	209.483	1.092076	0.09637193	0.570422	0.429578	4.083328
40476	-2580.965	-2790.152	209.1869	0.9727557	0.07970304	0.491875	0.508125	4.361119
40482	-2585.105	-2793.154	208.049	0.9727557	0.1024886	0.687886	0.312114	4.942442
40488	-2591.701	-2801.533	209.8314	1.090953	0.1137442	0.48035	0.51965	3.843284
40494	-2577.983	-2786.435	208.4519	1.090953	0.06622065	0.477096	0.522904	4.743446
40500	-2595.33	-2803.59	208.2601	1.085333	0.06955093	0.495085	0.504915	4.844674
40506	-2575.774	-2783.418	207.6446	1.050976	0.07056962	0.493524	0.506476	5.202848
40512	-2589.399	-2798.794	209.3955	1.192837	0.1431173	0.491364	0.508636	3.970898
40518	-2576.779	-2787.347	210.5684	1.223418	0.1227081	0.649088	0.350912	3.317296
40524	-2579.62	-2790.179	210.5596	1.223418	0.1245468	0.567746	0.432254	3.318299
40530	-2573.93	-2784.542	210.6123	1.302178	0.0924952	0.567746	0.432254	3.318299
40536	-2586.115	-2796.423	210.3081	1.280985	0.07552725	0.554966	0.445034	3.55374
40542	-2592.334	-2802.837	210.5036	1.190894	0.08055036	0.74354	0.25646	3.478725
40548	-2605.015	-2816.256	211.2411	1.349128	0.1226942	0.614206	0.385794	2.840498
40554	-2602.514	-2812.283	209.7695	1.087363	0.0787273	0.591861	0.408139	3.967451
40560	-2583.689	-2793.465	209.7768	1.034938	0.08812253	0.64175	0.35825	3.968854
40566	-2592.194	-2802.026	209.8319	1.102492	0.09975911	0.57425	0.42575	3.869541
40572	-2581.848	-2791.397	209.549	1.089085	0.06054966	0.603648	0.396352	4.141878
40578	-2588.097	-2797.976	209.8793	1.146721	0.1031917	0.477727	0.522273	3.808545
40584	-2581.721	-2791.838	210.1166	1.259087	0.1031917	0.560092	0.439908	3.606432
40590	-2585.578	-2794.712	209.1343	1.117195	0.08338875	0.477887	0.522113	4.299628
40596	-2590.776	-2801.388	210.6121	1.279341	0.1053212	0.629933	0.370067	3.299691
40602	-2583.74	-2792.79	209.0506	1.119374	0.09645987	0.629933	0.370067	4.31305
40608	-2587.826	-2798.042	210.2155	1.161837	0.09461633	0.642904	0.357096	3.626678
40614	-2582.768	-2793.329	210.5615	1.075408	0.08467344	0.553758	0.446242	3.501332
40620	-2578.678	-2787.215	208.5372	1.074573	0.1515839	0.637259	0.362741	4.507585
40626	-2589.536	-2799.293	209.7572	1.06649	0.08929566	0.558047	0.441953	3.959026
40632	-2585.345	-2794.858	209.5136	1.087975	0.08929566	0.646386	0.353614	4.085846
40638	-2584.531	-2794.105	209.5741	1.087975	0.1205248	0.539188	0.460812	3.977102
40644	-2592.925	-2799.804	206.8798	1.087975	0.07872297	0.637213	0.362787	5.582806
40650	-2594.008	-2802.858	208.85	1.101408	0.121856	0.498089	0.501911	4.377815
40656	-2599.202	-2809.6	210.3981	1.302961	0.1231117	0.612285	0.387715	3.369711
40662	-2596.824	-2805.336	208.5124	1.401569	0.07395805	0.485559	0.514441	4.514668
40668	-2582.154	-2792.357	210.2035	1.140852	0.08359808	0.547298	0.452702	3.674125
40674	-2592.81	-2802.936	210.1267	1.140852	0.1011356	0.622051	0.377949	3.674125
40680	-2592.769	-2802.303	209.5345	1.140852	0.08841209	0.691492	0.308508	4.046047
40686	-2590.727	-2800.859	210.1328	1.036005	0.1072904	0.554896	0.445104	3.7164
40692	-2588.946	-2798.209	209.263	1.044895	0.08105016	0.409807	0.590193	4.273756
40698	-2589.008	-2798.07	209.0627	1.02122	0.07785048	0.54126	0.45874	4.408695
40704	-2597.775	-2805.25	207.4745	0.9751377	0.09706272	0.519903	0.480097	5.272318
40710	-2590.694	-2799.447	208.7527	0.9676412	0.1081657	0.633564	0.366436	4.538792
40716	-2588.533	-2795.341	206.8086	1.063628	0.08256543	0.633564	0.366436	5.625541
40722	-2586.844	-2795.025	208.181	1.28447	0.1120217	0.415866	0.584134	4.6729
40728	-2586.862	-2795.331	208.4692	1.208229	0.06073033	0.657713	0.342287	4.683182
40734	-2591.481	-2800.671	209.1898	1.208229	0.09153497	0.646699	0.353301	4.19599
40740	-2590.839	-2800.849	210.0109	1.071858	0.1943256	0.634355	0.365645	3.588621
40746	-2596.176	-2804.064	207.8878	1.097627	0.05738861	0.634355	0.365645	5.077923
40752	-2587.064	-2796.193	209.1288	1.215387	0.0711879	0.581237	0.418763	4.279338
40758	-2582.505	-2792.558	210.053	1.142182	0.09836759	0.643721	0.356279	3.722737
40764	-2573.948	-2783.865	209.9163	1.34982	0.08232374	0.643721	0.356279	3.722737
40770	-2568.093	-2778.299	210.2062	1.229471	0.1130304	0.57952	0.42048	3.548088
40776	-2565.706	-2774.699	208.9925	1.092915	0.0710698	0.633238	0.366762	4.425821
40782	-2569.411	-2778.165	208.7548	1.131686	0.1029102	0.55741	0.44259	4.457581
40788	-2563.034	-2773.047	210.0131	1.20337	0.09530404	0.661225	0.338775	3.718072
40794	-2567.83	-2778.111	210.2801	1.186515	0.09530404	0.563855	0.436145	3.573126
40800	-2561.923	-2772.145	210.2219	1.316427	0.07017758	0.672072	0.327928	3.59796
40806	-2576.09	-2785.619	209.5284	1.345101	0.0939483	0.422008	0.577992	3.918781
40812	-2580.487	-2791.616	211.1291	1.367	0.0939483	0.362386	0.637614	2.968667
40818	-2569.417	-2780.031	210.6134	1.311649	0.0939483	0.506429	0.493571	3.308335
40824	-2570.919	-2779.693	208.7745	1.290106	0.09683955	0.544406	0.455594	4.37169
40830	-2560.149	-2770.508	210.3592	1.24222	0.09683955	0.644691	0.355309	3.490741
40836	-2567.618	-2776.328	208.7104	1.111797	0.09411149	0.688868	0.311132	4.514912
40842	-2576.284	-2784.867	208.5831	1.239024	0.09411149	0.592872	0.407128	4.514912
40848	-2591.385	-2801.106	209.7206	1.119528	0.09411149	0.635699	0.364301	3.937476
40854	-2573.913	-2782.656	208.7429	1.053675	0.139541	0.665817	0.334183	4.427686
40860	-2576.799	-2785.849	209.0506	1.052002	0.06682024	0.413571	0.586429	4.427686
40866	-2580.833	-2789.769	208.9352	1.043564	0.06682024	0.474093	0.525907	4.497389
40872	-2586.844	-2795.768	208.9239	1.006966	0.07689841	0.563014	0.436986	4.497389
40878	-2588.715	-2797.231	208.5164	0.9467431	0.08385837	0.423962	0.576038	4.7417
40884	-2582.385	-2791.18	208.7953	1.170765	0.08385837	0.603953	0.396047	4.459536
40890	-2578.561	-2788.256	209.6956	1.170765	0.08385837	0.57777	0.42223	3.948534
40896	-2586.315	-2795.335	209.0197	1.170765	0.06183793	0.538698	0.461302	4.391811
40902	-2580.796	-2790.606	209.8105	1.277447	0.07190685	0.591866	0.408134	3.853331
40908	-2570.729	-2779.441	208.712	1.277447	0.07437407	0.667755	0.332245	4.471059
40914	-2578.759	-2788.611	209.8527	1.306473	0.08684779	0.652825	0.347175	3.772624
40920	-2578.736	-2788.8	210.0638	1.258732	0.06046229	0.459005	0.540995	3.750217
40926	-2588.258	-2797.431	209.1727	1.32228	0.0963007	0.632861	0.367139	4.129088
40932	-2584.061	-2793.382	209.3209	1.313496	0.0659073	0.436696	0.563304	4.129088
40938	-2593.164	-2803.172	210.0079	1.129203	0.1019416	0.589754	0.410246	3.747534
40944	-2581.265	-2791.713	210.4476	1.089161	0.08826509	0.635984	0.364016	3.550269
40950	-2576.747	-2786.771	210.0245	1.265333	0.06531014	0.535878	0.464122	3.755348
40956	-2588.724	-2799.265	210.541	1.310431	0.06781901	0.589015	0.410985	3.422027
40962	-2613.423	-2822.295	208.8716	0.952441	0.07153774	0.594855	0.405145	4.571633
40968	-2606.459	-2813.747	207.2877	0.8904306	0.08386654	0.517064	0.482936	5.454153
40974	-2591.254	-2801.371	210.117	1.443106	0.07606953	0.649348	0.350652	3.569127
40980	-2586.327	-2797.34	211.0122	1.440512	0.07653222	0.583403	0.416597	3.041798
40986	-2573.207	-2783.034	209.8277	1.262201	0.06751201	0.583403	0.416597	3.864268
40992	-2576.988	-2787.281	210.2934	1.125107	0.0945226	0.583403	0.416597	3.603012
40998	-2572.919	-2783.774	210.8552	1.348862	0.0750736	0.593362	0.406638	3.193911
41004	-2581.23	-2790.456	209.2263	1.108524	0.0808175	0.593362	0.406638	4.2591
41010	-2576.059	-2784.876	208.8175	1.311413	0.08059653	0.653855	0.346145	4.376124
41016	-2580.151	-2790.538	210.3866	1.293661	0.08352588	0.450142	0.549858	3.479079
41022	-2582.223	-2792.143	209.9198	1.36769	0.08352588	0.506118	0.493882	3.707239
41028	-2572.497	-2782.509	210.0125	1.440853	0.04818591	0.509513	0.490487	3.71012
41034	-2568.773	-2779.034	210.2616	1.352134	0.09998545	0.555313	0.444687	3.475733
41040	-2577.962	-2788.511	210.5482	1.353163	0.07240072	0.497985	0.502015	3.37992
41046	-2581.866	-2790.707	208.8406	1.04349	0.1128451	0.433911	0.566089	4.435894
41052	-2580.555	-2790.488	209.9333	1.127295	0.07128693	0.646597	0.353403	3.870728
41058	-2592.267	-2799.349	207.082	0.9249718	0.08084169	0.646597	0.353403	5.55591
41064	-2594.336	-2803.503	209.1669	1.210185	0.1019412	0.55395	0.44605	4.182446
41070	-2578.428	-2789.748	211.3201	1.262824	0.08462637	0.596362	0.403638	2.941283
41076	-2577.292	-2787.148	209.8554	1.203837	0.09395515	0.596362	0.403638	3.81208
41082	-2580.685	-2789.86	209.1748	1.101463	0.09072084	0.596362	0.403638	4.267042
41088	-2588.004	-2796.988	208.984	1.110265	0.05675654	0.683793	0.316207	4.46023
41094	-2589.968	-2798.731	208.7633	1.110265	0.1048615	0.575795	0.424205	4.46023
41100	-2593.787	-2801.684	207.8975	0.9309193	0.08016225	0.567151	0.432849	5.104358
41106	-2587.681	-2795.724	208.0437	0.9648893	0.09893964	0.581218	0.418782	4.958137
41112	-2586.487	-2796.287	209.8007	1.146396	0.06099423	0.513452	0.486548	3.964414
41118	-2580.127	-2789.577	209.4499	1.082524	0.07966212	0.519268	0.480732	4.149981
41124	-2577.622	-2787.015	209.3927	1.243221	0.08116685	0.546672	0.453328	4.087141
41130	-2575.472	-2784.447	208.9748	1.189877	0.08116685	0.551339	0.448661	4.354471
41136	-2583.571	-2792.854	209.2827	1.223834	0.05609425	0.61476	0.38524	4.229154
41142	-2575.116	-2784.388	209.2713	1.228082	0.05753124	0.526505	0.473495	4.229154
41148	-2575.3	-2784.605	209.3055	1.206392	0.08741416	0.566922	0.433078	4.141651
41154	-2561.371	-2770.267	208.8965	1.005707	0.08741416	0.49515	0.50485	4.486509
41160	-2580.276	-2789.387	209.1109	1.019226	0.1086169	0.50713	0.49287	4.306716
41166	-2581.93	-2789.971	208.0411	1.049458	0.07891448	0.630526	0.369474	4.962028
41172	-2592.119	-2799.421	207.3027	1.034158	0.1039505	0.525473	0.474527	5.318527
41178	-2582.999	-2791.836	208.8376	1.15464	0.06947816	0.525473	0.474527	4.482617
41184	-2587.602	-2797.483	209.8815	1.164628	0.1299198	0.587132	0.412868	3.735755
41190	-2584.957	-2795.745	210.7885	1.360925	0.06925433	0.587132	0.412868	3.242656
41196	-2585.73	-2796.299	210.5695	1.360925	0.07714445	0.40374	0.59626	3.349737
41202	-2582.045	-2792.785	210.7404	1.146267	0.0867163	0.5387	0.4613	3.349737
41208	-2590.248	-2800.236	209.9886	1.118948	0.07062521	0.536292	0.463708	3.845581
41214	-2598.815	-2805.678	206.8631	1.068598	0.06479741	0.541561	0.458439	5.638969
41220	-2596.331	-2804.97	208.6387	1.069943	0.05893332	0.635233	0.364767	4.670711
41226	-2591.482	-2799.961	208.4786	1.10515	0.08693201	0.553239	0.446761	4.666455
41232	-2598.225	-2808.753	210.5282	1.463872	0.08188031	0.503339	0.496661	3.300606
41238	-2591.049	-2802.002	210.953	1.505482	0.1132272	0.423538	0.576462	2.942746
41244	-2611.38	-2822.653	211.2726	1.585237	0.07184823	0.605949	0.394051	2.810762
41250	-2606.424	-2817.395	210.9706	1.347316	0.08706905	0.635937	0.364063	3.093501
41256	-2587.142	-2796.86	209.7183	1.347316	0.1014745	0.61409	0.38591	3.789861
41262	-2579.671	-2789.437	209.7665	1.347316	0.0653728	0.547107	0.452893	3.856534
41268	-2596.383	-2807.03	210.6473	1.442445	0.06825699	0.542829	0.457171	3.280748
41274	-2593.679	-2804.188	210.5093	1.373704	0.08080321	0.482328	0.517672	3.367619
41280	-2584.645	-2792.069	207.4244	0.9553574	0.131486	0.601595	0.398405	5.234665
41286	-2583.922	-2794.773	210.8508	1.236801	0.1481467	0.608474	0.391526	3.086279
41292	-2592.496	-2803.915	211.4186	1.446279	0.08434019	0.519522	0.480478	2.771173
41298	-2588.526	-2799.581	211.0552	1.304291	0.08401881	0.514681	0.485319	3.076926
41304	-2583.433	-2793.336	209.9025	1.12095	0.1052482	0.549071	0.450929	3.80507
41310	-2591.892	-2802.252	210.3604	1.234752	0.06515744	0.610866	0.389134	3.579067
41316	-2583.642	-2794.733	211.0901	1.285744	0.1200723	0.548195	0.451805	2.976132
41322	-2595.246	-2804.852	209.6054	1.325562	0.07555811	0.538122	0.461878	3.93351
41328	-2585.775	-2792.879	207.1031	1.186689	0.06097608	0.489619	0.510381	5.452425
41334	-2583.237	-2790.719	207.482	1.194236	0.08572481	0.685973	0.314027	5.174609
41340	-2572.949	-2782.512	209.5622	1.090809	0.08572481	0.403272	0.596728	4.065627
41346	-2585.815	-2795.194	209.3786	1.090809	0.1025599	0.606824	0.393176	4.128469
41352	-2580.679	-2790.172	209.4939	0.9701564	0.1038525	0.660884	0.339116	4.128469
41358	-2578.134	-2786.971	208.8375	1.045553	0.08928156	0.385515	0.614485	4.492588
41364	-2573.215	-2782.55	209.3351	1.128731	0.1236574	0.556276	0.443724	4.083308
41370	-2578.862	-2788.932	210.0698	1.128731	0.09429968	0.575437	0.424563	3.730953
41376	-2572.282	-2781.189	208.9071	1.037029	0.1027048	0.556417	0.443583	4.425598
41382	-2581.788	-2792.071	210.2835	1.109134	0.1027048	0.725381	0.274619	3.597791
41388	-2588.937	-2799.437	210.4993	1.288191	0.08810132	0.561549	0.438451	3.404269
41394	-2572.5	-2782.068	209.568	1.097259	0.09068177	0.647199	0.352801	4.04607
41400	-2581.469	-2791.145	209.676	1.133994	0.05981648	0.54885	0.45115	4.04607
41406	-2590.137	-2799.202	209.0651	1.082974	0.05981648	0.628324	0.371676	4.42138
41412	-2577.327	-2786.762	209.4343	1.106806	0.09562723	0.49876	0.50124	4.104492
41418	-2598.829	-2808.109	209.2802	1.155153	0.1175137	0.680491	0.319509	4.113206
41424	-2593.518	-2803.477	209.9597	1.08929	0.1175137	0.563911	0.436089	3.761701
41430	-2591.247	-2798.647	207.3995	0.8576458	0.07200311	0.52455	0.47545	5.441004
41436	-2581.897	-2788.716	206.8187	0.9920945	0.06474946	0.609278	0.390722	5.705346
41442	-2585.139	-2792.412	207.2737	1.026858	0.07151077	0.598526	0.401474	5.41838
41448	-2584.271	-2791.676	207.4052	0.9076203	0.1036202	0.548928	0.451072	5.332544
41454	-2577.186	-2786.587	209.4009	1.491629	0.09679581	0.548928	0.451072	3.900833
41460	-2578.474	-2788.213	209.7394	1.232386	0.05574306	0.692053	0.307947	3.965166
41466	-2573.848	-2783.636	209.7878	1.258795	0.1124187	0.629014	0.370986	3.774859
41472	-2579.266	-2787.391	208.1242	1.258795	0.07859493	0.582929	0.417071	4.799903
41478	-2587.684	-2797.046	209.3616	1.185631	0.07671069	0.582929	0.417071	4.149394
41484	-2592.097	-2799.427	207.3295	1.184963	0.07671069	0.661516	0.338484	5.286867
41490	-2591.119	-2800.592	209.4736	1.215282	0.06629841	0.680929	0.319071	4.096981
41496	-2588.957	-2798.915	209.9585	1.229145	0.08118274	0.336341	0.663659	3.77099
41502	-2572.87	-2782.579	209.7092	1.229145	0.05610562	0.591483	0.408517	3.983279
41508	-2586.286	-2797.706	211.42	1.390801	0.1144459	0.632846	0.367154	2.725891
41514	-2579.999	-2791.079	211.0806	1.441982	0.1144459	0.481792	0.518208	2.901154
41520	-2588.814	-2798.955	210.1407	1.320564	0.06685027	0.527937	0.472063	3.651934
41526	-2589.681	-2799.636	209.955	1.332724	0.06204954	0.551839	0.448161	3.765778
41532	-2585.38	-2794.915	209.5352	1.335783	0.07119019	0.569714	0.430286	3.979637
41538	-2583.778	-2794.15	210.3718	1.297274	0.07418387	0.569714	0.430286	3.510827
41544	-2583.131	-2792.092	208.9606	1.272468	0.07418387	0.599942	0.400058	4.334162
41550	-2586.103	-2795.874	209.7709	1.137565	0.08179813	0.616656	0.383344	3.929819
41556	-2600.886	-2809.038	208.1517	1.228861	0.04701698	0.539835	0.460165	4.887226
41562	-2593.88	-2802.742	208.8618	1.054398	0.07905463	0.622946	0.377054	4.500006
41568	-2615.509	-2825.682	210.1729	1.301145	0.07268446	0.588614	0.411386	3.628341
41574	-2601.31	-2810.864	209.5539	1.130865	0.08313258	0.535631	0.464369	4.054211
41580	-2583.846	-2793.754	209.9079	1.228946	0.05006493	0.607829	0.392171	3.886921
41586	-2583.705	-2793.136	209.4308	1.15851	0.08875378	0.607829	0.392171	4.094215
41592	-2585.744	-2795.207	209.4631	1.158944	0.08148912	0.503835	0.496165	4.094215
41598	-2590.027	-2798.452	208.4255	0.9479316	0.08497798	0.582044	0.417956	4.788978
41604	-2586.491	-2796.407	209.9164	1.058941	0.07629477	0.750219	0.249781	3.906068
41610	-2594	-2803.228	209.228	1.156417	0.1336451	0.540023	0.459977	4.106978
41616	-2592.323	-2800.903	208.5792	0.9654491	0.06233639	0.55034	0.44966	4.753035
41622	-2587.601	-2796.175	208.5731	1.163448	0.06590909	0.613135	0.386865	4.635858
41628	-2595.233	-2805.19	209.9575	1.163448	0.09213178	0.59683	0.40317	3.781185
41634	-2593.287	-2799.431	206.1443	0.9006571	0.07717641	0.556352	0.443648	6.091405
41640	-2593.954	-2802.338	208.3844	1.013908	0.04658864	0.586796	0.413204	4.878528
41646	-2594.596	-2803.256	208.6599	1.17335	0.04605744	0.604175	0.395825	4.637001
41652	-2587.276	-2796.985	209.709	1.223097	0.07708476	0.558645	0.441355	3.928731
41658	-2584.388	-2792.97	208.5825	1.204702	0.07272078	0.602546	0.397454	4.589135
41664	-2588.197	-2797.92	209.7232	1.074018	0.08645896	0.612408	0.387592	3.981417
41670	-2585.672	-2795.674	210.0017	1.099346	0.09994625	0.551768	0.448232	3.773216
41676	-2579.303	-2790.025	210.7217	1.287894	0.1177603	0.61004	0.38996	3.200052
41682	-2577.102	-2787.448	210.3456	1.193988	0.07943834	0.653966	0.346034	3.571924
41688	-2573.24	-2782.971	209.7318	1.185542	0.08375532	0.653966	0.346034	3.919609
41694	-2577.842	-2788.284	210.4424	1.133783	0.07461887	0.539028	0.460972	3.563732
41700	-2587.569	-2796.073	208.5042	1.133783	0.05925216	0.706452	0.293548	4.709343
41706	-2585.092	-2793.74	208.6478	1.306392	0.04128832	0.693332	0.306668	4.582436
41712	-2576.413	-2785.086	208.6732	1.177717	0.0619954	0.598906	0.401094	4.582436
41718	-2583.192	-2794.286	211.094	1.200758	0.09026732	0.661664	0.338336	3.098882
41724	-2578.079	-2788.655	210.5759	1.110222	0.09229617	0.509113	0.490887	3.452756
41730	-2573.634	-2784.535	210.9011	1.283044	0.07333922	0.525997	0.474003	3.210604
41736	-2574.235	-2785.117	210.8813	1.292269	0.07556908	0.692335	0.307665	3.210604
41742	-2575.07	-2784.891	209.8214	1.031008	0.1090433	0.538536	0.461464	3.894364
41748	-2579.123	-2788.55	209.427	1.181664	0.04564353	0.636496	0.363504	4.200946
41754	-2577.115	-2786.384	209.2686	1.187236	0.07683337	0.640156	0.359844	4.200946
41760	-2568.704	-2778.887	210.183	1.211262	0.07248092	0.612823	0.387177	3.675131
41766	-2591.323	-2799.92	208.5964	1.154261	0.07248092	0.691099	0.308901	4.610256
41772	-2593.276	-2800.758	207.4825	1.017528	0.07199461	0.615922	0.384078	5.30713
41778	-2581.652	-2791.305	209.6528	1.191646	0.08625034	0.642484	0.357516	3.954929
41784	-2601.522	-2811.237	209.7158	1.200324	0.07077886	0.64066	0.35934	3.954929
41790	-2584.661	-2795.015	210.3537	1.183683	0.05944598	0.68167	0.31833	3.628884
41796	-2600.779	-2810.008	209.2288	0.9888288	0.09123566	0.559545	0.440455	4.298952
41802	-2597.818	-2809.042	211.2239	1.342231	0.07562064	0.544366	0.455634	2.97636
41808	-2603.253	-2812.946	209.6932	1.352345	0.04166051	0.571966	0.428034	3.963297
41814	-2602.499	-2812.249	209.7494	1.304846	0.03988229	0.540948	0.459052	3.963297
41820	-2598.695	-2808.599	209.9039	1.371368	0.04458151	0.536584	0.463416	3.823197
41826	-2602.896	-2812.867	209.9714	1.298794	0.1024708	0.516562	0.483438	3.669321
41832	-2592.348	-2803.73	211.3822	1.402722	0.09771174	0.57575	0.42425	2.784023
41838	-2584.337	-2794.771	210.4335	1.256203	0.09384786	0.568566	0.431434	3.446725
41844	-2583.392	-2792.421	209.0292	1.301434	0.09384786	0.580027	0.419973	4.228486
41850	-2588.725	-2799.76	211.0349	1.301434	0.115615	0.583067	0.416933	3.010392
41856	-2579.407	-2789.274	209.8669	1.292873	0.06231052	0.639381	0.360619	3.838737
41862	-2580.472	-2792.282	211.8095	1.4985	0.09890847	0.639381	0.360619	2.457561
41868	-2577.985	-2787.109	209.1239	1.224693	0.08659725	0.659456	0.340544	4.23646
41874	-2575.363	-2785.33	209.9669	1.34699	0.1072693	0.558961	0.441039	3.632483
41880	-2578.402	-2787.999	209.5969	1.209339	0.1377081	0.685772	0.314228	3.857211
41886	-2575.371	-2783.326	207.9542	1.091834	0.05501844	0.685772	0.314228	5.050857
41892	-2586.422	-2796.319	209.8969	1.071089	0.09900202	0.597483	0.402517	3.852061
41898	-2578.283	-2788.336	210.0533	1.27052	0.1142108	0.616144	0.383856	3.610344
41904	-2577.006	-2785.819	208.8132	1.029101	0.09189623	0.543916	0.456084	4.509019
41910	-2584.984	-2792.769	207.7856	0.9910576	0.08996409	0.475324	0.524676	5.108533
41916	-2572.46	-2781.984	209.5236	1.257311	0.08780206	0.544307	0.455693	3.987302
41922	-2567.619	-2776.565	208.946	1.257311	0.06620387	0.55138	0.44862	4.372557
41928	-2591.069	-2800.352	209.2826	1.458335	0.09540557	0.610959	0.389041	3.991024
41934	-2575.198	-2785.356	210.1589	1.374651	0.08680061	0.570577	0.429423	3.555995
41940	-2573.491	-2783.7	210.2085	1.399816	0.07063417	0.508055	0.491945	3.555995
41946	-2585.537	-2795.689	210.1518	1.399816	0.07063417	0.583933	0.416067	3.588965
41952	-2583.801	-2795.499	211.698	1.399816	0.08189155	0.645312	0.354688	2.635119
41958	-2589.954	-2801.734	211.7798	1.25082	0.09704877	0.54474	0.45526	2.635119
41964	-2585.726	-2795.703	209.9777	1.079692	0.09104039	0.485571	0.514429	3.820522
41970	-2577.243	-2787.663	210.4205	1.513598	0.04847509	0.485571	0.514429	3.429692
41976	-2580.106	-2791.302	211.1956	1.513598	0.06350267	0.534768	0.465232	2.92516
41982	-2573.645	-2785.221	211.5759	1.449576	0.1443743	0.530406	0.469594	2.523338
41988	-2583.585	-2794.905	211.3198	1.371395	0.1036532	0.530406	0.469594	2.825746
41994	-2579.823	-2790.477	210.6543	1.552095	0.08183119	0.488549	0.511451	3.173945
42000	-2578.343	-2788.761	210.4185	1.338815	0.06340162	0.488549	0.511451	3.489599
42006	-2582.426	-2793.344	210.9175	1.207806	0.07473425	0.70365	0.29635	3.241519
42012	-2587.613	-2798.129	210.5162	1.155176	0.1064131	0.586519	0.413481	3.426289
42018	-2593.804	-2804.301	210.4972	1.132946	0.116591	0.587771	0.412229	3.426289
42024	-2593.574	-2802.935	209.361	1.274833	0.04638938	0.587771	0.412229	4.183371
42030	-2590.388	-2798.846	208.4576	1.254346	0.04999363	0.48887	0.51113	4.693868
42036	-2593.936	-2802.493	208.5571	1.087253	0.07377108	0.543659	0.456341	4.666453
42042	-2592.041	-2801.665	209.6238	1.226148	0.07610616	0.521721	0.478279	3.978357
42048	-2589.967	-2799.537	209.5696	1.158694	0.09834572	0.634183	0.365817	3.991046
42054	-2581.79	-2791.522	209.7318	1.059429	0.08403864	0.555179	0.444821	3.991046
42060	-2583.402	-2791.156	207.7543	1.00195	0.05074902	0.664467	0.335533	5.223261
42066	-2582.041	-2791.976	209.935	1.011183	0.07696948	0.561602	0.438398	3.920987
42072	-2580.303	-2789.591	209.2883	1.011183	0.08603828	0.726055	0.273945	4.265697
42078	-2579.284	-2789.378	210.0934	1.223181	0.1209477	0.494157	0.505843	3.599108
42084	-2579.801	-2789.643	209.8426	1.321073	0.0850611	0.625839	0.374161	3.774669
42090	-2583.272	-2792.138	208.8664	1.063691	0.08053393	0.645812	0.354188	4.488363
42096	-2581.828	-2789.353	207.5247	1.043085	0.05658181	0.539427	0.460573	5.311254
42102	-2584.67	-2793.967	209.2964	1.096442	0.0556739	0.676693	0.323307	4.294756
42108	-2591.023	-2800.318	209.295	1.265203	0.1101995	0.443614	0.556386	4.05878
42114	-2578.932	-2788.519	209.5869	1.094868	0.082032	0.600975	0.399025	4.05878
42120	-2575.378	-2784.587	209.2087	1.181601	0.06846553	0.565741	0.434259	4.260596
42126	-2574.977	-2784.956	209.9793	1.33079	0.06846553	0.618828	0.381172	3.734868
42132	-2578.477	-2787.45	208.9731	1.088324	0.07734933	0.56396	0.43604	4.422659
42138	-2585.347	-2794.049	208.7024	1.059827	0.1014765	0.536794	0.463206	4.53089
42144	-2581.419	-2788.876	207.4569	1.059142	0.08757641	0.533798	0.466202	5.258585
42150	-2581.661	-2791.514	209.8538	1.081478	0.08513641	0.554592	0.445408	3.905759
42156	-2577.08	-2788.245	211.1647	1.203232	0.08513641	0.532413	0.467587	3.068837
42162	-2572.987	-2784.253	211.2661	1.38428	0.07675872	0.580395	0.419605	2.922418
42168	-2579.12	-2789.967	210.8464	1.38428	0.1198163	0.531971	0.468029	3.063697
42174	-2579.529	-2788.894	209.3644	1.191046	0.09059271	0.608178	0.391822	4.108862
42180	-2585.579	-2795.027	209.4482	1.294545	0.05119699	0.721626	0.278374	4.108862
42186	-2584.951	-2795.049	210.0984	1.294545	0.07838347	0.553747	0.446253	3.659837
42192	-2592.644	-2801.943	209.2985	1.083698	0.09808259	0.618598	0.381402	4.188821
42198	-2586.827	-2796.431	209.6043	1.258761	0.05678865	0.627406	0.372594	4.024367
42204	-2585.624	-2794.14	208.516	1.219654	0.07259741	0.625139	0.374861	4.618389
42210	-2593.453	-2802.309	208.856	1.219654	0.03809995	0.655684	0.344316	4.522961
42216	-2594.908	-2802.388	207.4796	1.197	0.04847483	0.543376	0.456624	5.27355
42222	-2596.902	-2806.626	209.7238	0.9693213	0.07563292	0.641452	0.358548	4.069173
42228	-2583.236	-2791.635	208.3989	1.105987	0.06119663	0.646652	0.353348	4.778389
42234	-2593.055	-2802.084	209.0295	1.161931	0.06772073	0.607683	0.392317	4.375103
42240	-2595.851	-2804.164	208.3125	1.161931	0.03932969	0.607683	0.392317	4.856128
42246	-2581.131	-2789.298	208.1667	1.042179	0.0647139	0.647185	0.352815	4.933751
42252	-2575.163	-2784.283	209.1198	1.042172	0.08007286	0.652794	0.347206	4.35881
42258	-2571.024	-2780.546	209.5225	1.129556	0.06455371	0.69194	0.30806	4.122783
42264	-2583.954	-2793.649	209.6955	1.200002	0.07638375	0.446866	0.553134	3.95159
42270	-2584.334	-2794.336	210.002	1.094388	0.09411962	0.579015	0.420985	3.790288
42276	-2579.112	-2786.855	207.743	1.093851	0.05939874	0.553045	0.446955	5.154762
42282	-2575.216	-2783.981	208.7643	1.116803	0.06951168	0.513028	0.486972	4.545005
42288	-2571.368	-2780.716	209.3485	1.095141	0.08474222	0.662668	0.337332	4.187272
42294	-2586.676	-2796.713	210.0375	1.213135	0.09239104	0.608678	0.391322	3.705644
42300	-2579.896	-2789.28	209.3839	1.213135	0.05634469	0.468923	0.531077	4.177073
42306	-2578.051	-2786.453	208.4018	1.093371	0.06608125	0.508234	0.491766	4.770437
42312	-2596.408	-2805.574	209.1657	1.046717	0.07885087	0.649784	0.350216	4.333502
42318	-2597.035	-2805.97	208.9355	1.046717	0.1029002	0.469415	0.530585	4.403615
42324	-2573.609	-2782.721	209.112	1.14264	0.08114712	0.63334	0.36666	4.30368
42330	-2580.69	-2788.794	208.1036	1.118987	0.07407434	0.519322	0.480678	4.901126
42336	-2586.515	-2794.437	207.9213	1.063957	0.0716079	0.610117	0.389883	5.039575
42342	-2599.226	-2807.652	208.4262	1.063957	0.07397783	0.563269	0.436731	4.752131
42348	-2587.084	-2795.572	208.4879	1.173365	0.07753999	0.647996	0.352004	4.647059
42354	-2578.325	-2787.412	209.087	1.140397	0.07613209	0.647996	0.352004	4.332186
42360	-2580.726	-2788.857	208.1305	1.140397	0.04261092	0.633149	0.366851	4.960483
42366	-2581.607	-2789.544	207.9369	1.206589	0.06555662	0.543101	0.456899	4.967853
42372	-2568.462	-2777.83	209.368	1.202583	0.07859321	0.618339	0.381661	4.13113
42378	-2586.135	-2794.246	208.1112	1.100538	0.09081664	0.675048	0.324952	4.864636
42384	-2582.682	-2790.385	207.7032	1.225866	0.07418819	0.679199	0.320801	5.063969
42390	-2582.007	-2790.031	208.0242	1.419548	0.07418819	0.679199	0.320801	4.777498
42396	-2589.061	-2797.883	208.8217	1.30245	0.05589973	0.472164	0.527836	4.445843
42402	-2585.256	-2794.345	209.0891	1.263713	0.08639686	0.553143	0.446857	4.234554
42408	-2590.969	-2798.921	207.9524	1.212984	0.09705731	0.67809	0.32191	4.875337
42414	-2583.063	-2793.578	210.5143	1.397861	0.07786753	0.638225	0.361775	3.35849
42420	-2592.012	-2800.971	208.9594	1.252451	0.08731753	0.493113	0.506887	4.312053
42426	-2593.576	-2803.536	209.9602	1.311567	0.06598804	0.614813	0.385187	3.763867
42432	-2589.954	-2799.883	209.9288	1.311567	0.07253081	0.584122	0.415878	3.763867
42438	-2572.014	-2782.128	210.1135	1.217376	0.0762963	0.478184	0.521816	3.701374
42444	-2579.131	-2788.023	208.8916	1.217376	0.1092679	0.769138	0.230862	4.317175
42450	-2582.898	-2792.657	209.7597	1.217376	0.09570858	0.654405	0.345595	3.854999
42456	-2587.019	-2796.789	209.7696	1.196906	0.09816642	0.649475	0.350525	3.854999
42462	-2586.014	-2795.193	209.1787	1.026551	0.08706444	0.687724	0.312276	4.316408
42468	-2582.9	-2791.989	209.0887	1.281646	0.0589151	0.620851	0.379149	4.298361
42474	-2578.692	-2787.593	208.9006	1.194166	0.1096376	0.620851	0.379149	4.32432
42480	-2579.851	-2789.712	209.8609	1.030643	0.1099238	0.598916	0.401084	3.86984
42486	-2578.045	-2788.3	210.2558	1.203923	0.09099589	0.549289	0.450711	3.588081
42492	-2580.566	-2791.469	210.9027	1.517645	0.04587221	0.631527	0.368473	3.150664
42498	-2592.813	-2803.612	210.799	1.38004	0.0802131	0.655913	0.344087	3.194603
42504	-2583.22	-2794.303	211.0831	1.417291	0.08587794	0.646768	0.353232	2.987535
42510	-2590.549	-2801.004	210.4545	1.328954	0.1189158	0.63366	0.36634	3.330884
42516	-2599.599	-2811.219	211.6199	1.328954	0.08022912	0.560395	0.439605	2.731309
42522	-2585.813	-2796.31	210.4965	1.374292	0.07111118	0.560395	0.439605	3.401421
42528	-2588.762	-2799.004	210.2426	1.34485	0.09576318	0.709346	0.290654	3.501619
42534	-2573.467	-2781.295	207.8283	0.9976603	0.08314838	0.524322	0.475678	5.098157
42540	-2587.078	-2798.043	210.9652	1.517033	0.07373505	0.500853	0.499147	3.032005
42546	-2574.457	-2785.152	210.6949	1.163933	0.09137998	0.566473	0.433527	3.353922
42552	-2569.058	-2779.284	210.2262	1.312168	0.06613389	0.556598	0.443402	3.609252
42558	-2582.573	-2789.605	207.0317	1.206187	0.08311408	0.541651	0.458349	5.42317
42564	-2576.914	-2784.974	208.06	0.9720395	0.07050876	0.532947	0.467053	5.016511
42570	-2589.599	-2798.358	208.7583	0.9720395	0.1046656	0.612827	0.387173	4.541276
42576	-2592.101	-2800.404	208.3028	1.163215	0.05300967	0.691804	0.308196	4.822785
42582	-2591.765	-2800.092	208.3272	1.163215	0.07439597	0.680095	0.319905	4.750892
42588	-2588.991	-2797.291	208.2998	1.163215	0.07439597	0.515119	0.484881	4.7662
42594	-2596.117	-2805.108	208.9911	1.046962	0.09091696	0.429679	0.570321	4.401214
42600	-2596.369	-2804.123	207.7535	1.05038	0.09091696	0.58611	0.41389	5.091074
42606	-2587.039	-2794.303	207.2641	0.9202156	0.1020009	0.664178	0.335822	5.407137
42612	-2570.119	-2779.035	208.9155	1.073603	0.1067227	0.542927	0.457073	4.390751
42618	-2583.224	-2791.974	208.7503	1.008955	0.07272882	0.560887	0.439113	4.604814
42624	-2588.252	-2796.784	208.5318	1.043121	0.06105092	0.444221	0.555779	4.739634
42630	-2598.069	-2807.425	209.3562	1.127173	0.06243591	0.444221	0.555779	4.224497
42636	-2588.049	-2797.904	209.855	1.259588	0.06243591	0.542579	0.457421	3.864321
42642	-2594.619	-2802.581	207.9621	1.259588	0.06104338	0.622725	0.377275	4.936623
42648	-2574.679	-2784.306	209.6275	1.090254	0.08723461	0.560127	0.439873	4.024805
42654	-2580.566	-2789.593	209.0271	1.016488	0.09458893	0.580187	0.419813	4.389019
42660	-2563.421	-2772.575	209.1538	0.975924	0.07551075	0.580187	0.419813	4.389019
42666	-2576.372	-2784.557	208.1854	1.080622	0.08350694	0.523686	0.476314	4.852627
42672	-2585.116	-2794.669	209.5526	1.148313	0.0748327	0.596649	0.403351	4.066903
42678	-2567.389	-2775.312	207.9226	1.148313	0.0748327	0.542647	0.457353	4.983494
42684	-2570.109	-2780.087	209.9788	1.14954	0.06131381	0.66926	0.33074	3.859583
42690	-2578.854	-2788.079	209.2247	1.14704	0.08516005	0.507576	0.492424	4.226982
42696	-2583.583	-2792.403	208.8207	0.9933349	0.1390371	0.579413	0.420587	4.418827
42702	-2579.413	-2789.546	210.1329	0.9883973	0.1390371	0.601945	0.398055	3.672734
42708	-2591.882	-2803.019	211.1372	1.436636	0.1175793	0.623704	0.376296	2.862603
42714	-2596.548	-2807.23	210.6813	1.283074	0.08742481	0.77733	0.22267	3.302119
42720	-2595.041	-2807.105	212.0641	1.555943	0.08310719	0.559868	0.440132	2.304119
42726	-2605.088	-2817.92	212.832	1.555943	0.1119113	0.640316	0.359684	1.708934
42732	-2595.425	-2806.827	211.4021	1.512062	0.06939399	0.560906	0.439094	2.783597
42738	-2591.856	-2803.403	211.5466	1.303653	0.07922293	0.490528	0.509472	2.794337
42744	-2597.751	-2808.034	210.2838	1.221521	0.07991908	0.663356	0.336644	3.590555
42750	-2591.615	-2800.485	208.8709	1.164053	0.07357234	0.546572	0.453428	4.44759
42756	-2591.209	-2799.12	207.9116	0.9705628	0.07357234	0.523441	0.476559	5.091579
42762	-2579.038	-2787.869	208.8309	0.9770586	0.07399743	0.596598	0.403402	4.574089
42768	-2581.963	-2792.534	210.5712	1.358018	0.08056312	0.620595	0.379405	3.341134
42774	-2589.988	-2798.78	208.7917	1.246047	0.04617631	0.682038	0.317962	4.521889
42780	-2583.741	-2792.992	209.2515	1.161639	0.04617631	0.593081	0.406919	4.310195
42786	-2589.898	-2798.007	208.1091	1.177961	0.03832671	0.720105	0.279895	4.96314
42792	-2593.153	-2802.825	209.6719	1.177961	0.0676525	0.576615	0.423385	4.001423
42798	-2591.276	-2799.931	208.6543	1.001006	0.0676525	0.563454	0.436546	4.67667
42804	-2585.043	-2793.627	208.5846	1.215001	0.07513555	0.563454	0.436546	4.575804
42810	-2591.997	-2800.602	208.6048	1.215001	0.05705234	0.415588	0.584412	4.613655
42816	-2588.143	-2797.764	209.6211	1.247453	0.06214101	0.578029	0.421971	4.006089
42822	-2593.087	-2802.967	209.8809	1.130497	0.09504946	0.578029	0.421971	3.83692
42828	-2588.175	-2795.703	207.5279	0.8635047	0.09766239	0.595034	0.404966	5.303088
42834	-2590.081	-2799.619	209.5385	0.9697664	0.09766239	0.647169	0.352831	4.118189
42840	-2593.108	-2803.857	210.7484	1.144289	0.08399968	0.520576	0.479424	3.353372
42846	-2578.368	-2788.171	209.8029	1.144289	0.06477253	0.607907	0.392093	3.953754
42852	-2588.584	-2797.56	208.976	0.9944632	0.04756554	0.495815	0.504185	4.555746
42858	-2579.102	-2788.116	209.0147	0.9603845	0.06291963	0.495815	0.504185	4.510147
42864	-2574.612	-2783.206	208.5939	0.9206637	0.07095508	0.462285	0.537715	4.746535
42870	-2574.15	-2783.974	209.8244	1.162359	0.0781633	0.611265	0.388735	3.894507
42876	-2579.313	-2788.45	209.1367	0.9729169	0.1034526	0.528889	0.471111	4.330396
42882	-2578.057	-2787.067	209.0107	1.00432	0.1210505	0.540691	0.459309	4.343689
42888	-2572.923	-2781.533	208.6099	0.9946411	0.07676444	0.540691	0.459309	4.680842
42894	-2582.62	-2791.249	208.6294	0.9689096	0.07810305	0.612001	0.387999	4.680842
42900	-2584.046	-2792.765	208.7195	0.9689096	0.05936233	0.480411	0.519589	4.680842
42906	-2583.246	-2791.855	208.609	0.9689096	0.08253649	0.6965	0.3035	4.680842
42912	-2578.331	-2787.093	208.762	1.26934	0.06449794	0.648369	0.351631	4.474163
42918	-2577.563	-2786.376	208.8133	1.184187	0.07152351	0.666944	0.333056	4.474163
42924	-2574.89	-2783.904	209.0144	1.29802	0.1166414	0.634904	0.365096	4.185044
42930	-2573.222	-2780.659	207.4363	1.025042	0.06930794	0.520689	0.479311	5.335547
42936	-2582.968	-2790.198	207.2305	1.005125	0.1089382	0.569415	0.430585	5.362976
42942	-2572.984	-2782.169	209.1851	1.179846	0.04978518	0.569415	0.430585	4.327236
42948	-2568.395	-2776.496	208.1009	1.175319	0.07994526	0.597987	0.402013	4.855986
42954	-2581.054	-2789.754	208.7005	1.050666	0.08289985	0.630219	0.369781	4.582803
42960	-2585.346	-2793.87	208.5248	1.070638	0.0505419	0.648593	0.351407	4.757453
42966	-2584.775	-2794.75	209.9758	1.140987	0.1028364	0.630607	0.369393	3.75712
42972	-2584.007	-2792.958	208.9512	1.140987	0.09104641	0.644594	0.355406	4.370311
42978	-2586.727	-2795.926	209.1994	1.065876	0.07425646	0.644594	0.355406	4.315766
42984	-2588.094	-2798.911	210.8165	1.15888	0.05845362	0.534197	0.465803	3.37627
42990	-2571.019	-2782.208	211.1892	1.256168	0.07299617	0.62428	0.37572	3.056118
42996	-2586.317	-2797.271	210.9543	1.304574	0.06000535	0.643301	0.356699	3.204551
43002	-2607.562	-2818.088	210.5253	1.400557	0.08905716	0.607627	0.392373	3.320534
43008	-2581.746	-2792.357	210.6115	1.22154	0.110911	0.637594	0.362406	3.320534
43014	-2565.82	-2773.699	207.8797	1.115538	0.0960151	0.510982	0.489018	4.972522
43020	-2574.282	-2784.501	210.2181	1.265335	0.05851825	0.635928	0.364072	3.662763
43026	-2571.66	-2781.712	210.0518	1.286686	0.08927872	0.603171	0.396829	3.662763
43032	-2568.4	-2779.21	210.8101	1.276305	0.07601052	0.493192	0.506808	3.260943
43038	-2571.144	-2781.561	210.4164	1.384154	0.1440741	0.578045	0.421955	3.265235
43044	-2574.231	-2784.729	210.4974	1.301274	0.107194	0.634039	0.365961	3.349705
43050	-2582.837	-2793.495	210.6587	1.406871	0.07987166	0.701852	0.298148	3.262692
43056	-2593.449	-2804.3	210.8514	1.205748	0.07728744	0.629041	0.370959	3.27472
43062	-2591.503	-2800.64	209.1375	1.19335	0.0754693	0.568089	0.431911	4.275434
43068	-2590.356	-2799.615	209.2588	1.343329	0.1053274	0.594245	0.405755	4.046322
43074	-2584.573	-2795.299	210.7255	1.325333	0.1002267	0.594245	0.405755	3.218176
43080	-2582.667	-2794.365	211.6981	1.408511	0.09810225	0.457302	0.542698	2.585296
43086	-2583.688	-2794.314	210.6255	1.408511	0.05490715	0.654644	0.345356	3.352184
43092	-2588.512	-2799.126	210.6137	1.140505	0.07282518	0.628878	0.371122	3.464857
43098	-2591.973	-2802.512	210.5384	1.21316	0.07282518	0.595664	0.404336	3.466451
43104	-2586.84	-2796.703	209.863	1.165596	0.1028656	0.711053	0.288947	3.807851
43110	-2586.579	-2795.636	209.057	1.06174	0.0846594	0.499041	0.500959	4.371395
43116	-2585.71	-2796.581	210.8709	1.039154	0.09996026	0.644085	0.355915	3.301965
43122	-2598.493	-2809.057	210.5646	1.007842	0.09077219	0.579849	0.420151	3.523034
43128	-2598.892	-2809.635	210.7433	1.252003	0.09068458	0.435228	0.564772	3.275356
43134	-2611.109	-2822.003	210.8935	1.252003	0.1571305	0.434476	0.565524	3.033019
43140	-2609.299	-2817.676	208.3766	1.30956	0.1262686	0.578106	0.421894	4.517673
43146	-2590.372	-2798.577	208.2055	1.144223	0.08051483	0.583406	0.416594	4.813554
43152	-2576.855	-2784.419	207.5633	1.04347	0.06121903	0.553859	0.446141	5.277015
43158	-2577.34	-2784.096	206.7557	0.9846684	0.0838779	0.617551	0.382449	5.69457
43164	-2586.394	-2794.768	208.3736	1.145104	0.07518886	0.69568	0.30432	4.733013
43170	-2589.996	-2799.177	209.1809	1.111218	0.06598165	0.509579	0.490421	4.322994
43176	-2586.305	-2795.876	209.5714	1.08855	0.0653368	0.603151	0.396849	4.116104
43182	-2583.665	-2792.431	208.7659	1.18771	0.07982826	0.610332	0.389668	4.476934
43188	-2577.184	-2786.848	209.6642	1.234234	0.1030809	0.542767	0.457233	3.882128
43194	-2593.73	-2803.985	210.2546	1.403056	0.09088234	0.57581	0.42419	3.473033
43200	-2603.664	-2815.986	212.3214	1.364573	0.1245283	0.57581	0.42419	2.149777
43206	-2598.872	-2809.306	210.4334	1.251022	0.09858035	0.54533	0.45467	3.437891
43212	-2593.282	-2804.091	210.8094	1.251022	0.05084272	0.565205	0.434795	3.348664
43218	-2589.198	-2799.404	210.2061	1.282039	0.09666664	0.634307	0.365693	3.557158
43224	-2590.963	-2800.527	209.5634	1.193822	0.1025097	0.550746	0.449254	3.964396
43230	-2588.275	-2797.63	209.3555	1.20192	0.09396734	0.565777	0.434223	4.099288
43236	-2588.848	-2799.655	210.8074	1.20192	0.09396734	0.498722	0.501278	3.258568
43242	-2588.998	-2799.561	210.5631	1.280701	0.1352936	0.476038	0.523962	3.258568
43248	-2588.945	-2798.195	209.2501	1.176233	0.1077779	0.588783	0.411217	4.140649
43254	-2588.874	-2797.15	208.2753	1.161432	0.08473952	0.564442	0.435558	4.754198
43260	-2601.869	-2809.507	207.6381	1.053011	0.06497814	0.587332	0.412668	5.220237
43266	-2604.532	-2814.636	210.1044	0.9653858	0.1031358	0.542894	0.457106	3.783454
43272	-2606.037	-2813.994	207.9567	1.022838	0.1167231	0.618691	0.381309	4.933596
43278	-2601.768	-2811.666	209.8971	1.146497	0.1000666	0.597089	0.402911	3.805968
43284	-2595.753	-2803.719	207.9656	1.051093	0.07925107	0.568851	0.431149	5.002188
43290	-2601.765	-2810.406	208.6418	0.9791085	0.1140579	0.553834	0.446166	4.581165
43296	-2596.915	-2805.925	209.01	1.230613	0.09848257	0.629017	0.370983	4.268147
43302	-2588.167	-2797.342	209.1741	0.9823032	0.0910689	0.562042	0.437958	4.333988
43308	-2576.846	-2784.913	208.0676	1.097285	0.1187628	0.675949	0.324051	4.825878
43314	-2584.597	-2794.523	209.9262	1.104444	0.1187628	0.622044	0.377956	3.769434
43320	-2579.643	-2788.931	209.2874	1.104444	0.07390657	0.557404	0.442596	4.245066
43326	-2588.56	-2798.32	209.7593	1.295829	0.08823793	0.591341	0.408659	3.828947
43332	-2592.094	-2801.688	209.5941	1.133341	0.1466579	0.591363	0.408637	3.883952
43338	-2597.497	-2806.867	209.37	0.9418476	0.105826	0.585155	0.414845	4.210283
43344	-2594.931	-2802.96	208.0292	0.8635755	0.07941512	0.644417	0.355583	5.070559
43350	-2605.251	-2814.515	209.264	0.9709275	0.08569677	0.447967	0.552033	4.303115
43356	-2592.184	-2800.332	208.1476	0.9709275	0.1185627	0.504066	0.495934	4.852179
43362	-2597.697	-2807.95	210.2523	1.266236	0.07873345	0.657715	0.342285	3.586083
43368	-2597.626	-2807.792	210.1657	1.237518	0.08708371	0.468093	0.531907	3.630921
43374	-2599.342	-2809.444	210.1022	1.065712	0.1461598	0.543479	0.456521	3.630921
43380	-2591.19	-2800.791	209.6008	1.122326	0.08005536	0.588128	0.411872	4.040369
43386	-2602.418	-2812.068	209.6503	1.058437	0.08318545	0.588128	0.411872	4.040369
43392	-2599.606	-2809.164	209.5582	1.175367	0.08483225	0.651512	0.348488	4.021953
43398	-2586.572	-2797.287	210.7149	1.229159	0.07502965	0.425913	0.574087	3.347504
43404	-2577.581	-2787.975	210.3942	1.24023	0.09415198	0.575783	0.424217	3.478281
43410	-2581.477	-2791.921	210.4434	1.116396	0.1119437	0.532377	0.467623	3.478281
43416	-2592.107	-2801.326	209.2192	1.116396	0.09957876	0.492135	0.507865	4.211662
43422	-2585.541	-2794.34	208.7991	1.253402	0.06663429	0.523597	0.476403	4.456377
43428	-2590.962	-2800.782	209.8197	1.293539	0.04876784	0.655147	0.344853	3.904204
43434	-2590.829	-2800.576	209.7471	1.172528	0.08924589	0.480503	0.519497	3.904204
43440	-2588.818	-2797.973	209.1549	1.087565	0.067995	0.532265	0.467735	4.345517
43446	-2596.162	-2806.199	210.0373	1.204709	0.06680906	0.674911	0.325089	3.778746
43452	-2593.186	-2802.568	209.3821	1.039394	0.08943907	0.55829	0.44171	4.187902
43458	-2589.609	-2797.664	208.0546	1.053159	0.08100446	0.713975	0.286025	4.947085
43464	-2597.487	-2805.579	208.0925	0.9213093	0.09476913	0.586897	0.413103	4.965162
43470	-2591.457	-2798.43	206.9724	0.9233091	0.06210046	0.566329	0.433671	5.665921
43476	-2590.3	-2797.757	207.4575	1.022974	0.09113506	0.52571	0.47429	5.26955
43482	-2591.924	-2801.749	209.8254	1.01536	0.08492907	0.64077	0.35923	3.960457
43488	-2575.25	-2784.565	209.3145	1.120827	0.09952174	0.575556	0.424444	4.155203
43494	-2575.972	-2784.557	208.5843	1.128886	0.08651007	0.687174	0.312826	4.594978
43500	-2574.49	-2783.247	208.7574	1.021738	0.0722275	0.687174	0.312826	4.594978
43506	-2575.469	-2782.987	207.5184	1.011899	0.06665375	0.563284	0.436716	5.304541
43512	-2574.839	-2782.177	207.3382	1.005341	0.05832447	0.563284	0.436716	5.430055
43518	-2580.704	-2788.717	208.0135	1.005341	0.07687598	0.519958	0.480042	5.00713
43524	-2586.016	-2795.477	209.4612	1.005637	0.08550915	0.597452	0.402548	4.172142
43530	-2584.375	-2791.045	206.6704	0.9676657	0.07627214	0.517348	0.482652	5.76984
43536	-2591.075	-2798.476	207.4012	1.080191	0.08467827	0.457756	0.542244	5.284932
43542	-2577.148	-2786.061	208.9125	1.070928	0.08430795	0.616025	0.383975	4.448629
43548	-2598.699	-2808.916	210.2168	1.173151	0.08780267	0.460362	0.539638	3.636764
43554	-2606.88	-2815.218	208.3385	1.152378	0.09246698	0.473936	0.526064	4.704753
43560	-2600.505	-2808.417	207.9115	1.224843	0.04884831	0.684991	0.315009	5.017915
43566	-2598.257	-2806.018	207.7613	1.042492	0.08808332	0.514112	0.485888	5.098128
43572	-2574.294	-2784.332	210.0381	1.217849	0.1051036	0.625964	0.374036	3.671212
43578	-2572.573	-2782.826	210.2536	1.154987	0.06241719	0.623768	0.376232	3.694977
43584	-2590.214	-2798.433	208.2193	1.109024	0.0909735	0.561933	0.438067	4.799245
43590	-2587.609	-2794.357	206.7471	0.8663937	0.08635369	0.503817	0.496183	5.757965
43596	-2572.54	-2779.221	206.6805	1.018883	0.06770806	0.588385	0.411615	5.758551
43602	-2584.815	-2793.874	209.0585	1.018883	0.08546338	0.588385	0.411615	4.39271
43608	-2580.738	-2791.139	210.4013	1.17599	0.08546338	0.588385	0.411615	3.534013
43614	-2585.647	-2794.905	209.2579	1.090831	0.06207006	0.501801	0.498199	4.301767
43620	-2597.072	-2805.696	208.6242	0.994971	0.1470864	0.7158	0.2842	4.512264
43626	-2592.897	-2801.938	209.0405	1.037727	0.1133776	0.509424	0.490576	4.325111
43632	-2602.978	-2810.826	207.848	0.9603986	0.1000394	0.589217	0.410783	5.066724
43638	-2599.528	-2810.298	210.7701	1.257345	0.08813991	0.513637	0.486363	3.263022
43644	-2584.493	-2793.047	208.5545	0.9114982	0.09224061	0.608533	0.391467	4.719215
43650	-2583.138	-2793.433	210.2957	1.1671	0.08806201	0.578754	0.421246	3.593838
43656	-2582.748	-2791.342	208.5935	1.045604	0.09643868	0.578754	0.421246	4.612039
43662	-2598.555	-2808.043	209.4874	1.045604	0.1000792	0.596333	0.403667	4.098266
43668	-2591.722	-2802.073	210.3513	1.100284	0.114274	0.61248	0.38752	3.535935
43674	-2611.732	-2821.939	210.2064	1.1688	0.0891184	0.571152	0.428848	3.641935
43680	-2585.333	-2793.855	208.5228	1.048631	0.0682844	0.518194	0.481806	4.721899
43686	-2594.815	-2803.611	208.7959	1.130242	0.0682844	0.611438	0.388562	4.523019
43692	-2592.301	-2801.317	209.0164	0.8864685	0.07316356	0.5236	0.4764	4.523019
43698	-2595.094	-2802.809	207.7147	0.962206	0.0718925	0.523283	0.476717	5.209682
43704	-2585.152	-2794.69	209.5384	1.22514	0.0718925	0.483369	0.516631	4.039073
43710	-2594.176	-2803.274	209.098	1.388456	0.04262867	0.608712	0.391288	4.278727
43716	-2596.884	-2807.929	211.0452	1.388456	0.07783737	0.53842	0.46158	3.049579
43722	-2602.582	-2814.169	211.5872	1.312282	0.09625668	0.494977	0.505023	2.717799
43728	-2609.74	-2822.04	212.3002	1.450212	0.09654081	0.598161	0.401839	2.181931
43734	-2590.4	-2799.968	209.5687	1.040007	0.07833449	0.637224	0.362776	4.11012
43740	-2593.932	-2802.571	208.6392	1.120207	0.1264453	0.508623	0.491377	4.476086
43746	-2604.543	-2814.128	209.5857	1.011865	0.08679851	0.579149	0.420851	4.094447
43752	-2599.936	-2809.566	209.6302	1.040132	0.08895035	0.579149	0.420851	4.04751
43758	-2587.973	-2796.685	208.7118	0.9683244	0.095762	0.639026	0.360974	4.590672
43764	-2600.411	-2809.005	208.5944	1.129726	0.08577305	0.546718	0.453282	4.590672
43770	-2599.153	-2809.352	210.1992	1.154968	0.08577305	0.704854	0.295146	3.662743
43776	-2598.622	-2808.671	210.0495	1.06365	0.09517033	0.539247	0.460753	3.77803
43782	-2580.004	-2789.768	209.7638	1.06365	0.06247351	0.696283	0.303717	4.028604
43788	-2575.675	-2784.566	208.8909	1.163824	0.05293073	0.604274	0.395726	4.493235
43794	-2589.457	-2796.425	206.968	0.9926675	0.05644634	0.57129	0.42871	5.645673
43800	-2605.116	-2812.898	207.7816	0.9364771	0.07088957	0.513113	0.486887	5.189521
43806	-2571.771	-2781.319	209.5474	1.080033	0.1187063	0.453335	0.546665	4.000951
43812	-2582.056	-2790.101	208.045	0.9789736	0.06780658	0.572677	0.427323	5.028213
43818	-2579.547	-2786.773	207.2261	0.8431011	0.06467538	0.698448	0.301552	5.563788
43824	-2577.173	-2785.361	208.1874	0.9042619	0.08916916	0.637527	0.362473	4.935533
43830	-2578.75	-2788.738	209.9878	1.303497	0.1016414	0.635934	0.364066	3.659116
43836	-2584.915	-2794.383	209.4676	1.186129	0.0879779	0.501258	0.498742	4.059431
43842	-2581.33	-2790.724	209.3949	1.258904	0.0879779	0.713164	0.286836	4.059431
43848	-2572.447	-2783.426	210.9789	1.245919	0.1073418	0.610001	0.389999	3.097111
43854	-2578.882	-2788.552	209.6702	1.165003	0.07606043	0.602702	0.397298	3.986951
43860	-2582.686	-2792.16	209.4739	1.10689	0.07471249	0.603651	0.396349	4.135607
43866	-2581.999	-2792.158	210.1594	1.02706	0.09305187	0.585362	0.414638	3.741066
43872	-2597.351	-2806.212	208.8613	1.02706	0.09078515	0.533185	0.466815	4.485886
43878	-2597.451	-2806.185	208.7342	1.05233	0.1150428	0.685118	0.314882	4.485886
43884	-2587.019	-2796.048	209.0288	1.154225	0.06237207	0.590486	0.409514	4.394573
43890	-2584.085	-2793.294	209.2086	1.154225	0.07684914	0.52396	0.47604	4.253669
43896	-2596.408	-2805.555	209.1474	1.173228	0.1709598	0.502603	0.497397	4.069337
43902	-2579.352	-2790.14	210.788	1.202095	0.1134764	0.565538	0.434462	3.221727
43908	-2588.017	-2798.097	210.0799	1.202095	0.1006041	0.565706	0.434294	3.667086
43914	-2590.301	-2800.562	210.2609	1.230037	0.1286776	0.602222	0.397778	3.480274
43920	-2595.597	-2806.192	210.5953	1.049051	0.09959828	0.520511	0.479489	3.458771
43926	-2596.865	-2806.571	209.7057	1.149604	0.09959828	0.55811	0.44189	3.91528
43932	-2581.699	-2791.495	209.7959	1.102438	0.08422179	0.524739	0.475261	3.929323
43938	-2594.888	-2802.939	208.0519	0.9095397	0.08067053	0.552082	0.447918	5.02926
43944	-2588.275	-2796.759	208.4848	1.081154	0.08067053	0.552082	0.447918	4.692332
43950	-2580.171	-2788.132	207.9613	0.8242598	0.08067053	0.549008	0.450992	5.126797
43956	-2588.538	-2797.068	208.5308	1.141401	0.06488731	0.705972	0.294028	4.67472
43962	-2599.173	-2807.916	208.743	0.8814316	0.1106626	0.554422	0.445578	4.586884
43968	-2601.932	-2809.266	207.3332	0.9610762	0.112504	0.581898	0.418102	5.322638
43974	-2581.061	-2789.878	208.8166	0.9146772	0.112504	0.589051	0.410949	4.522698
43980	-2576.701	-2785.505	208.8034	0.9922416	0.06438488	0.459057	0.540943	4.606886
43986	-2579.693	-2787.406	207.7129	0.9846023	0.06968786	0.62292	0.37708	5.204082
43992	-2590.076	-2798.493	208.4165	1.144927	0.09168406	0.550476	0.449524	4.667187
43998	-2577.747	-2788.001	210.2534	1.221325	0.08938217	0.597638	0.402362	3.583503
44004	-2581.407	-2790.79	209.3825	1.221325	0.08356737	0.460018	0.539982	4.099179
44010	-2595.007	-2804.003	208.996	1.357908	0.08429324	0.571037	0.428963	4.239349
44016	-2593.43	-2803.913	210.4827	1.218255	0.1107554	0.600193	0.399807	3.398519
44022	-2589.568	-2799.762	210.1943	1.353711	0.1016705	0.616873	0.383127	3.509882
44028	-2591.954	-2800.184	208.2295	1.253604	0.06364075	0.616873	0.383127	4.783836
44034	-2579.725	-2790.237	210.5114	1.093184	0.106563	0.545169	0.454831	3.464954
44040	-2584.463	-2794.819	210.3561	1.212821	0.1153664	0.515782	0.484218	3.464954
44046	-2586.31	-2796.399	210.0892	1.319421	0.07041138	0.517509	0.482491	3.672515
44052	-2576.962	-2785.349	208.3866	0.8934159	0.07396281	0.517509	0.482491	4.86944
44058	-2582.646	-2790.097	207.4506	0.9311073	0.07396281	0.686718	0.313282	5.367254
44064	-2588.881	-2798.206	209.3245	0.9775217	0.07669489	0.583258	0.416742	4.288502
44070	-2598.827	-2809.01	210.1823	1.218715	0.1144359	0.609964	0.390036	3.564972
44076	-2589.213	-2799.77	210.5568	1.339107	0.1090051	0.530268	0.469732	3.288099
44082	-2579.016	-2788.83	209.8133	1.196041	0.06696259	0.673499	0.326501	3.912054
44088	-2584.51	-2791.78	207.2703	0.9035002	0.07254603	0.505086	0.494914	5.48545
44094	-2582.856	-2790.122	207.266	0.8779479	0.06055647	0.603031	0.396969	5.533832
44100	-2584.665	-2792.041	207.3754	0.8845582	0.07871043	0.536698	0.463302	5.422123
44106	-2586.787	-2795.979	209.1923	0.9215688	0.09855366	0.664494	0.335506	4.339667
44112	-2579.418	-2787.522	208.1032	1.189686	0.09203481	0.442284	0.557716	4.816372
44118	-2588.843	-2797.157	208.3146	0.9476573	0.09912644	0.618213	0.381787	4.816372
44124	-2590.674	-2798.758	208.084	1.096226	0.08373339	0.534388	0.465612	4.899847
44130	-2576.137	-2784.624	208.4868	1.089743	0.1155578	0.551125	0.448875	4.602726
44136	-2571.578	-2780.534	208.9566	1.104058	0.09329544	0.551125	0.448875	4.38258
44142	-2580.763	-2789.902	209.1385	1.172219	0.09329544	0.522363	0.477637	4.241109
44148	-2570.85	-2779.844	208.994	0.960386	0.09329544	0.507334	0.492666	4.442511
44154	-2575.492	-2785.377	209.8851	1.116825	0.07070799	0.604829	0.395171	3.905962
44160	-2581.553	-2791.247	209.6949	1.312501	0.06957026	0.57981	0.42019	3.905962
44166	-2581.028	-2790.27	209.2427	1.0778	0.09375473	0.664946	0.335054	4.234437
44172	-2582.502	-2791.574	209.0722	1.105334	0.09144963	0.641814	0.358186	4.321115
44178	-2581.219	-2789.517	208.2986	0.9479047	0.08656317	0.641814	0.358186	4.855778
44184	-2577.243	-2788.113	210.8706	1.411378	0.07276823	0.583285	0.416715	3.154162
44190	-2575.287	-2786.329	211.0419	1.384514	0.08214053	0.522184	0.477816	3.042025
44196	-2586.138	-2797.648	211.5102	1.434473	0.1250286	0.556179	0.443821	2.618029
44202	-2571.78	-2781.464	209.6844	1.444409	0.06989925	0.597064	0.402936	3.835361
44208	-2583.254	-2794.161	210.9062	1.392854	0.07079469	0.597064	0.402936	3.149569
44214	-2570.888	-2779.818	208.9297	1.364348	0.05992408	0.598086	0.401914	4.338679
44220	-2580.525	-2789.185	208.6601	1.121342	0.0713128	0.635524	0.364476	4.596118
44226	-2580.615	-2789.656	209.041	1.121342	0.09995992	0.659177	0.340823	4.308929
44232	-2570.187	-2779.048	208.8617	1.14817	0.08279228	0.574399	0.425601	4.437588
44238	-2576.069	-2784.201	208.1315	0.9858525	0.0773119	0.471261	0.528739	4.951267
44244	-2575.339	-2784.985	209.6455	1.09786	0.1134168	0.471261	0.528739	3.94673
44250	-2579.486	-2789.41	209.9243	1.173682	0.1202478	0.380613	0.619387	3.727235
44256	-2578.641	-2787.411	208.7696	0.980739	0.1202478	0.524323	0.475677	4.494687
44262	-2578.561	-2787.37	208.8088	1.075921	0.08887745	0.55435	0.44565	4.492662
44268	-2578.351	-2786.416	208.0647	0.9889695	0.07911596	0.658984	0.341016	4.982015
44274	-2588.973	-2796.528	207.5551	1.178545	0.06949108	0.694798	0.305202	5.184623
44280	-2584.053	-2794.68	210.6267	1.2244	0.08335347	0.634949	0.365051	3.379532
44286	-2594.045	-2804.011	209.9655	1.2244	0.1040331	0.635297	0.364703	3.711992
44292	-2575.35	-2786.035	210.6851	1.318271	0.0825052	0.593129	0.406871	3.292257
44298	-2586.911	-2796.788	209.8774	1.198197	0.0825052	0.497076	0.502924	3.832058
44304	-2580.774	-2790.593	209.8193	1.256243	0.0825052	0.497076	0.502924	3.832058
44310	-2580.673	-2789.152	208.4785	1.164307	0.06711142	0.557898	0.442102	4.685091
44316	-2596.952	-2806.958	210.0058	1.047913	0.08167896	0.626689	0.373311	3.846784
44322	-2592.508	-2800.587	208.0786	1.047913	0.08639306	0.524038	0.475962	4.923043
44328	-2581.916	-2790.707	208.7905	1.087675	0.08842393	0.615755	0.384245	4.497461
44334	-2569.677	-2778.868	209.191	1.164234	0.08842393	0.601826	0.398174	4.228076
44340	-2570.283	-2779.612	209.3292	1.085716	0.07537126	0.429184	0.570816	4.228076
44346	-2572.334	-2782.195	209.8612	1.245215	0.09620235	0.71523	0.28477	3.779356
44352	-2572.334	-2782.42	210.0858	1.179124	0.07125365	0.657239	0.342761	3.753252
44358	-2584.03	-2794.06	210.0301	1.193367	0.08009736	0.57654	0.42346	3.753252
44364	-2573.001	-2782.491	209.4906	1.014963	0.09938212	0.500155	0.499845	4.115583
44370	-2590.369	-2800.174	209.8042	1.308426	0.06469631	0.500255	0.499745	3.859118
44376	-2578.212	-2788.328	210.1153	1.232129	0.09848794	0.555117	0.444883	3.634393
44382	-2573.266	-2782.991	209.7248	1.218488	0.05508999	0.482473	0.517527	3.983333
44388	-2574.056	-2782.107	208.0511	1.047256	0.05944265	0.408134	0.591866	5.009614
44394	-2567.319	-2775.941	208.6222	1.060337	0.05663202	0.703515	0.296485	4.691696
44400	-2570.914	-2780.4	209.4858	1.131161	0.07123734	0.61651	0.38349	4.124382
44406	-2566.678	-2774.613	207.9356	1.004763	0.07432174	0.614431	0.385569	5.057367
44412	-2577.313	-2785.968	208.6545	1.178784	0.07142937	0.656649	0.343351	4.566744
44418	-2575.318	-2785.324	210.0053	1.194107	0.1402476	0.518747	0.481253	3.624963
44424	-2574.572	-2785.102	210.5298	1.271769	0.05468672	0.530872	0.469128	3.488941
44430	-2581.229	-2790.451	209.2227	1.441886	0.04877351	0.482345	0.517655	4.16025
44436	-2570.332	-2779.437	209.105	1.267482	0.04412562	0.437077	0.562923	4.338986
44442	-2567.287	-2777.094	209.808	1.325412	0.0725808	0.437077	0.562923	3.82537
44448	-2575.253	-2783.719	208.4668	1.211291	0.05558046	0.484518	0.515482	4.697139
44454	-2571.549	-2781.554	210.005	1.30901	0.07430822	0.577418	0.422582	3.716513
44460	-2567.034	-2777.171	210.1369	1.080956	0.09560836	0.577418	0.422582	3.716513
44466	-2578.786	-2788.997	210.2116	1.30552	0.1134299	0.577418	0.422582	3.499692
44472	-2573.822	-2784.358	210.5356	1.142588	0.07629826	0.577418	0.422582	3.499692
44478	-2584.422	-2794.645	210.2229	1.142588	0.09122163	0.577418	0.422582	3.642134
44484	-2589.088	-2799.094	210.0061	1.241264	0.06726159	0.577418	0.422582	3.774423
44490	-2586.278	-2794.688	208.41	1.170431	0.1018065	0.628677	0.371323	4.632117
44496	-2594.548	-2804.597	210.0488	1.170431	0.1018065	0.748978	0.251022	3.700445
44502	-2594.966	-2805.048	210.0824	1.313885	0.05671874	0.634314	0.365686	3.718374
44508	-2584.048	-2793.604	209.5559	1.308873	0.06341425	0.530811	0.469189	4.004693
44514	-2597.675	-2809.479	211.803	1.16765	0.09158194	0.530811	0.469189	2.686627
44520	-2590.348	-2801.802	211.4537	1.42344	0.1138477	0.629232	0.370768	2.686627
44526	-2588.384	-2799.61	211.2259	1.370831	0.1245608	0.497443	0.502557	2.832185
44532	-2575.893	-2785.868	209.9754	1.370831	0.05548851	0.687051	0.312949	3.750787
44538	-2573.524	-2783.567	210.0433	1.375364	0.1124414	0.645671	0.354329	3.55937
44544	-2587.495	-2797.975	210.4792	1.364918	0.09852273	0.487465	0.512535	3.344383
44550	-2583.548	-2791.151	207.603	1.114505	0.1593746	0.459052	0.540948	4.992376
44556	-2582.806	-2790.79	207.9841	1.023413	0.09832022	0.468241	0.531759	4.960201
44562	-2588.854	-2798.838	209.9839	1.103619	0.09994837	0.59296	0.40704	3.780996
44568	-2592.537	-2801.157	208.6206	1.207695	0.08291213	0.574335	0.425665	4.539484
44574	-2588.925	-2798.684	209.7584	1.135104	0.1241062	0.644747	0.355253	3.836431
44580	-2596.653	-2805.244	208.5906	0.9720516	0.07528275	0.668685	0.331315	4.708199
44586	-2597.522	-2805.577	208.055	1.110584	0.105461	0.654425	0.345575	4.855472
44592	-2596.605	-2804.021	207.4161	1.186587	0.08222009	0.626332	0.373668	5.224071
44598	-2588.667	-2798.538	209.871	1.284896	0.09157251	0.626332	0.373668	3.762405
44604	-2589.084	-2799.387	210.3039	1.284896	0.08733037	0.626332	0.373668	3.522436
44610	-2594.619	-2804.135	209.5163	1.237427	0.07457435	0.524909	0.475091	4.037475
44616	-2582.936	-2793.055	210.1183	1.237427	0.08759418	0.655357	0.344643	3.65714
44622	-2588.595	-2799.53	210.9345	1.356344	0.1126528	0.655357	0.344643	3.044778
44628	-2586.157	-2795.046	208.889	1.191018	0.07422745	0.452914	0.547086	4.420443
44634	-2587.869	-2798.689	210.8202	1.245314	0.1147992	0.560605	0.439395	3.17389
44640	-2587.446	-2798.03	210.5831	1.284799	0.1147992	0.560605	0.439395	3.290792
44646	-2590.091	-2800.109	210.0172	1.170591	0.08659472	0.560605	0.439395	3.756756
44652	-2587.916	-2798.4	210.4844	1.250928	0.1107043	0.644517	0.355483	3.378443
44658	-2586.561	-2796.26	209.6988	1.322846	0.05876481	0.580747	0.419253	3.928016
44664	-2577.941	-2786.819	208.8777	1.179937	0.07220799	0.574921	0.425079	4.438432
44670	-2585.09	-2792.27	207.1803	1.004084	0.07220799	0.547799	0.452201	5.480543
44676	-2596.412	-2805.157	208.745	1.182524	0.1040968	0.59626	0.40374	4.431678
44682	-2587.46	-2796.842	209.3824	1.259263	0.09178254	0.741452	0.258548	4.056724
44688	-2591.917	-2802.075	210.1579	1.344041	0.05158065	0.663494	0.336506	3.67212
44694	-2579.605	-2787.846	208.2416	1.077038	0.05158065	0.56331	0.43669	4.908932
44700	-2582.22	-2792.436	210.2156	1.243201	0.09514691	0.671501	0.328499	3.578056
44706	-2583.555	-2793.695	210.1397	1.186117	0.1153313	0.592691	0.407309	3.606605
44712	-2586.67	-2796.571	209.9007	1.400277	0.1371043	0.43824	0.56176	3.572656
44718	-2580.954	-2788.993	208.0389	1.219369	0.06726315	0.44249	0.55751	4.899388
44724	-2590.161	-2799.769	209.6079	1.074287	0.1066727	0.72206	0.27794	3.997395
44730	-2591.107	-2800.048	208.9409	1.158576	0.1002799	0.628159	0.371841	4.343688
44736	-2573.112	-2782.441	209.3289	1.128314	0.1002799	0.589138	0.410862	4.140887
44742	-2577.764	-2787.325	209.5608	1.047263	0.06705022	0.55265	0.44735	4.140887
44748	-2587.324	-2796.038	208.7139	1.045444	0.1132516	0.662936	0.337064	4.505243
44754	-2591.522	-2800.384	208.8621	1.045444	0.07891884	0.662936	0.337064	4.505243
44760	-2579.726	-2788.216	208.4892	1.204335	0.0757506	0.564798	0.435202	4.633633
44766	-2574.352	-2783.04	208.6882	0.9869461	0.07971683	0.5997	0.4003	4.633633
44772	-2576.829	-2784.641	207.8124	1.002293	0.06825761	0.662025	0.337975	5.14304
44778	-2585.643	-2794.96	209.3164	1.16408	0.04894366	0.506137	0.493863	4.264222
44784	-2590.883	-2800.979	210.096	1.165575	0.08339988	0.566818	0.433182	3.722531
44790	-2594.95	-2805.173	210.2226	1.16221	0.1185643	0.566818	0.433182	3.564851
44796	-2597.035	-2807.616	210.5816	1.283796	0.1185643	0.530111	0.469889	3.283477
44802	-2585.529	-2796.191	210.6628	1.112657	0.09582611	0.665587	0.334413	3.391457
44808	-2583.603	-2792.827	209.2244	1.115593	0.1011445	0.486187	0.513813	4.20541
44814	-2580.044	-2789.347	209.3022	1.227988	0.05975088	0.547037	0.452963	4.20541
44820	-2571.44	-2781.47	210.0302	1.228236	0.08452857	0.640153	0.359847	3.721352
44826	-2574.613	-2784.803	210.1908	1.231604	0.06365278	0.72239	0.27761	3.683458
44832	-2568.856	-2777.199	208.3423	1.018286	0.1008019	0.580823	0.419177	4.757526
44838	-2565.375	-2774.108	208.7338	1.067134	0.08165739	0.570688	0.429312	4.558058
44844	-2559.52	-2767.423	207.9032	0.9381178	0.06690885	0.413235	0.586765	5.131877
44850	-2574.087	-2782.49	208.4032	1.209571	0.06249161	0.650445	0.349555	4.714528
44856	-2575.989	-2785.079	209.0906	1.21847	0.07603971	0.600866	0.399134	4.286256
44862	-2576.154	-2784.555	208.401	1.087852	0.06196269	0.690859	0.309141	4.78525
44868	-2572.831	-2781.984	209.1532	1.060698	0.113841	0.690859	0.309141	4.247302
44874	-2589.577	-2798.684	209.1066	1.149053	0.08347046	0.554275	0.445725	4.297064
44880	-2602.338	-2811.734	209.3965	1.170188	0.1009177	0.563324	0.436676	4.077069
44886	-2597.778	-2806.819	209.0417	1.121082	0.07576162	0.603736	0.396264	4.369685
44892	-2603.961	-2814.273	210.3118	1.117098	0.1100699	0.656199	0.343801	3.558987
44898	-2584.214	-2794.75	210.5364	1.222157	0.09993517	0.65372	0.34628	3.391064
44904	-2590.35	-2798.098	207.7481	1.087584	0.071267	0.556855	0.443145	5.123426
44910	-2600.599	-2808.537	207.938	0.9376564	0.0629986	0.601518	0.398482	5.123426
44916	-2582.803	-2790.604	207.8007	0.9647688	0.08642902	0.588558	0.411442	5.123426
44922	-2583.884	-2793.124	209.2394	0.951435	0.06770132	0.571622	0.428378	4.375496
44928	-2601.641	-2810.392	208.7509	1.118579	0.1142878	0.540139	0.459861	4.440868
44934	-2589.076	-2799.196	210.1202	1.275942	0.0844753	0.689243	0.310757	3.641821
44940	-2586.107	-2794.427	208.3201	0.9194418	0.08954483	0.616114	0.383886	4.85227
44946	-2576.74	-2785.377	208.6373	0.994375	0.1122246	0.551627	0.448373	4.57927
44952	-2593.398	-2803.57	210.1721	1.458414	0.07658141	0.729773	0.270227	3.52673
44958	-2595.551	-2806	210.4493	1.20715	0.07109861	0.670893	0.329107	3.52673
44964	-2586.267	-2796.029	209.7615	1.045607	0.08304213	0.493983	0.506017	3.984575
44970	-2604.713	-2812.968	208.2552	0.9894378	0.06759602	0.545051	0.454949	4.906073
44976	-2590.52	-2799.645	209.1251	1.013191	0.1350054	0.540765	0.459235	4.243947
44982	-2592.406	-2800.657	208.2513	1.188509	0.06891614	0.441411	0.558589	4.793735
44988	-2599.063	-2808.705	209.6419	1.209462	0.09863234	0.548478	0.451522	3.91992
44994	-2611.382	-2820.585	209.2032	0.9134897	0.1263397	0.63029	0.36971	4.274608
45000	-2598.241	-2806.335	208.0932	0.9976131	0.08181129	0.501677	0.498323	4.954434
45006	-2595.049	-2802.548	207.4988	0.9976131	0.1339384	0.623419	0.376581	5.165083
45012	-2589.992	-2797.653	207.6602	0.9325066	0.109218	0.577807	0.422193	5.165083
45018	-2580.797	-2788.926	208.1286	0.9325066	0.0723584	0.592767	0.407233	4.995437
45024	-2584.441	-2791.816	207.3752	0.8772874	0.09439083	0.58841	0.41159	5.387478
45030	-2578.697	-2787.11	208.4126	1.077121	0.07858034	0.537761	0.462239	4.740332
45036	-2579.917	-2787.379	207.4626	0.8743655	0.08620328	0.657044	0.342956	5.360849
45042	-2574.782	-2784.863	210.0813	1.205187	0.08620328	0.668258	0.331742	3.700825
45048	-2593.61	-2803.412	209.8017	1.205187	0.1004517	0.555675	0.444325	3.826165
45054	-2584.958	-2794.34	209.3817	1.290822	0.0667472	0.393921	0.606079	4.105032
45060	-2577.824	-2785.629	207.8049	1.30192	0.09526687	0.598951	0.401049	4.912269
45066	-2586.861	-2797.062	210.2005	1.256116	0.1034414	0.579948	0.420052	3.558814
45072	-2587.09	-2796.232	209.1429	1.08573	0.07736816	0.51596	0.48404	4.328248
45078	-2589.252	-2796.898	207.6463	1.070497	0.07860053	0.522755	0.477245	5.170181
45084	-2598.208	-2806.786	208.5783	1.033789	0.07438331	0.529157	0.470843	4.682903
45090	-2596.342	-2804.958	208.6155	1.001015	0.07344269	0.666491	0.333509	4.682903
45096	-2587.116	-2794.99	207.8743	0.9763906	0.08606154	0.607097	0.392903	5.077121
45102	-2601.352	-2810.167	208.8149	1.064448	0.1087057	0.506232	0.493768	4.448049
45108	-2587.276	-2795.425	208.1496	1.064448	0.1039627	0.500841	0.499159	4.831904
45114	-2590.202	-2798.754	208.5516	1.064448	0.08994717	0.536063	0.463937	4.640838
45120	-2594.209	-2803.512	209.303	1.113388	0.09938546	0.536063	0.463937	4.166285
45126	-2596.514	-2805.731	209.2169	1.091567	0.1015114	0.548603	0.451397	4.222433
45132	-2599.85	-2809.037	209.1871	1.091567	0.117839	0.510546	0.489454	4.201546
45138	-2599.661	-2807.851	208.1894	1.071213	0.0739021	0.628291	0.371709	4.880385
45144	-2613.625	-2823.605	209.9799	1.015495	0.1037086	0.630789	0.369211	3.824908
45150	-2597.438	-2808.118	210.6801	1.084799	0.1197271	0.531674	0.468326	3.339939
45156	-2594.179	-2804.232	210.0523	0.9807867	0.1063151	0.557279	0.442721	3.797007
45162	-2591.531	-2797.944	206.4134	0.9278814	0.08282039	0.630098	0.369902	5.915589
45168	-2606.52	-2813.177	206.6564	0.8542881	0.1021957	0.510486	0.489514	5.776547
45174	-2592.375	-2800.206	207.8312	0.9461991	0.07354226	0.510486	0.489514	5.149707
45180	-2594.941	-2803.76	208.8192	1.052183	0.0584717	0.637167	0.362833	4.580728
45186	-2604.002	-2812.691	208.6889	1.015113	0.07507846	0.476526	0.523474	4.629556
45192	-2590.786	-2800.348	209.5628	1.205738	0.07507846	0.601126	0.398874	4.027659
45198	-2583.649	-2793.662	210.0136	1.228576	0.106641	0.596815	0.403185	3.675512
45204	-2583.206	-2791.988	208.7821	1.112528	0.05563499	0.58768	0.41232	4.575609
45210	-2592.386	-2801.608	209.2225	1.095606	0.0841458	0.591487	0.408513	4.260019
45216	-2616.427	-2827.318	210.8913	1.390914	0.08012201	0.631958	0.368042	3.133607
45222	-2581.246	-2789.492	208.246	0.9807867	0.09324696	0.544328	0.455672	4.850304
45228	-2588.775	-2797.319	208.5441	1.031092	0.1201271	0.618438	0.381562	4.593349
45234	-2576.73	-2786.925	210.1943	1.348254	0.0961145	0.606391	0.393609	3.526877
45240	-2567.312	-2776.738	209.4262	1.263255	0.1019018	0.520414	0.479586	4.00462
45246	-2575.52	-2782.611	207.0905	1.174187	0.1228053	0.503064	0.496936	5.316506
45252	-2569.163	-2779.936	210.7724	1.178688	0.08523503	0.45751	0.54249	3.315765
45258	-2571.917	-2782.176	210.2592	1.354026	0.1048271	0.725661	0.274339	3.464121
45264	-2579.777	-2790.334	210.5576	1.183605	0.07586656	0.738964	0.261036	3.464121
45270	-2580.201	-2790.422	210.2207	1.013779	0.1276301	0.526197	0.473803	3.63179
45276	-2586.095	-2797.211	211.1167	1.379993	0.08000939	0.526197	0.473803	3.005771
45282	-2583.152	-2794.81	211.6584	1.379993	0.1200888	0.606977	0.393023	2.57185
45288	-2592.527	-2804.041	211.514	1.457966	0.1006051	0.548122	0.451878	2.6619
45294	-2584.903	-2794.652	209.7486	1.235058	0.1120555	0.663465	0.336535	3.811927
45300	-2580.111	-2788.708	208.5975	1.06421	0.07525649	0.495941	0.504059	4.652784
45306	-2569.665	-2778.575	208.9103	1.036291	0.0705872	0.598545	0.401455	4.505282
45312	-2580.616	-2790.635	210.0191	1.195596	0.1059449	0.598545	0.401455	3.693049
45318	-2573.797	-2783.823	210.0258	1.186303	0.1128825	0.484236	0.515764	3.678166
45324	-2582.261	-2791.219	208.9581	1.257209	0.1038496	0.455637	0.544363	4.269664
45330	-2578.829	-2787.644	208.8151	1.115469	0.07455579	0.63473	0.36527	4.503724
45336	-2579.899	-2787.878	207.9796	0.9526196	0.1025716	0.628055	0.371945	4.992054
45342	-2583.579	-2791.679	208.1007	0.9887588	0.08301586	0.579249	0.420751	4.952142
45348	-2585.362	-2793.796	208.4346	1.079903	0.08301586	0.692047	0.307953	4.715104
45354	-2587.874	-2796.98	209.1054	1.079903	0.1167074	0.588279	0.411721	4.257029
45360	-2596.019	-2806.282	210.2632	1.079903	0.09355609	0.694393	0.305607	3.649181
45366	-2580.332	-2789.824	209.492	0.9777155	0.07909732	0.604211	0.395789	4.18709
45372	-2586.342	-2795.705	209.3633	1.065331	0.0881636	0.596232	0.403768	4.18709
45378	-2584.145	-2793.951	209.8063	1.143567	0.0800822	0.714348	0.285652	3.910596
45384	-2575.718	-2785.515	209.7975	1.143567	0.08201435	0.724818	0.275182	3.910596
45390	-2573.554	-2783.24	209.6856	1.093339	0.09371026	0.612584	0.387416	3.97354
45396	-2584.105	-2793.439	209.3339	1.151091	0.1322203	0.465411	0.534589	4.052697
45402	-2574.156	-2783.564	209.4077	1.151091	0.09355487	0.654217	0.345783	4.099572
45408	-2595.403	-2805.887	210.4832	1.132646	0.1148556	0.561478	0.438522	3.438686
45414	-2592.05	-2802.694	210.644	1.301138	0.08061804	0.629919	0.370081	3.331598
45420	-2586.202	-2797.144	210.9415	1.151609	0.1039065	0.648784	0.351216	3.183934
45426	-2589.007	-2796.857	207.8501	1.151609	0.06471097	0.640888	0.359112	5.048906
45432	-2580.615	-2790.4	209.785	1.193919	0.09064436	0.477228	0.522772	3.866602
45438	-2580.945	-2791.308	210.3638	1.335673	0.06724881	0.510059	0.489941	3.512404
45444	-2582.595	-2792.541	209.9457	1.203166	0.1065648	0.639971	0.360029	3.729639
45450	-2574.51	-2784.564	210.0537	1.289087	0.07620261	0.703879	0.296121	3.694766
45456	-2592.45	-2803.261	210.8107	1.482562	0.1205604	0.545409	0.454591	3.024562
45462	-2587.63	-2799.373	211.7422	1.482562	0.06649912	0.537397	0.462603	2.60144
45468	-2590.209	-2799.179	208.9702	1.237885	0.1075784	0.744158	0.255842	4.264968
45474	-2599.713	-2806.942	207.229	1.057936	0.07243627	0.426455	0.573545	5.423487
45480	-2607.641	-2817.734	210.0929	1.069357	0.08358903	0.639569	0.360431	3.779335
45486	-2592.871	-2801.483	208.6118	0.8850607	0.08358903	0.578938	0.421062	4.723499
45492	-2586.187	-2795.758	209.5712	1.074816	0.07783044	0.472971	0.527029	4.090171
45498	-2604.035	-2813.416	209.3813	1.154676	0.1027455	0.609018	0.390982	4.090171
45504	-2597.558	-2808.295	210.7362	1.287555	0.08118567	0.609018	0.390982	3.283783
45510	-2596.515	-2806.953	210.4381	1.309284	0.05485608	0.632811	0.367189	3.520071
45516	-2590.873	-2800.341	209.4681	1.133676	0.06954283	0.594377	0.405623	4.137658
45522	-2604.299	-2812.961	208.6625	1.119886	0.07467742	0.545589	0.454411	4.586679
45528	-2585.487	-2793.163	207.6761	0.9871066	0.0644783	0.524679	0.475321	5.237003
45534	-2589.525	-2796.543	207.0177	0.8939068	0.09499667	0.643928	0.356072	5.57357
45540	-2603.739	-2810.923	207.1832	1.174438	0.07256552	0.540344	0.459656	5.384196
45546	-2596.472	-2804.479	208.0067	0.8678136	0.07431056	0.525397	0.474603	5.093888
45552	-2599.682	-2807.383	207.7003	1.231915	0.0623366	0.545003	0.454997	5.093888
45558	-2599.743	-2808.173	208.4301	1.119101	0.07561992	0.550406	0.449594	4.714787
45564	-2584.027	-2790.858	206.8311	1.054264	0.0661937	0.548645	0.451355	5.66065
45570	-2585.654	-2792.544	206.8902	1.054264	0.05421197	0.4458	0.5542	5.66065
45576	-2593.178	-2800.774	207.5963	1.176804	0.06923602	0.46499	0.53501	5.163431
45582	-2581.845	-2790.939	209.0939	1.085357	0.06923602	0.602852	0.397148	4.377852
45588	-2590.555	-2799.569	209.0137	1.162889	0.06978701	0.559997	0.440003	4.377852
45594	-2597.151	-2806.181	209.0296	1.1248	0.07446279	0.621969	0.378031	4.377852
45600	-2600.056	-2808.122	208.0662	1.121526	0.1075233	0.534849	0.465151	4.83834
45606	-2598.451	-2808.804	210.353	1.142648	0.1028569	0.491394	0.508606	3.537483
45612	-2601.594	-2810.579	208.9855	1.007561	0.0829677	0.538658	0.461342	4.446645
45618	-2593.917	-2801.338	207.421	1.097144	0.05992078	0.538658	0.461342	5.329501
45624	-2600.708	-2810.974	210.2657	1.228173	0.08514032	0.667237	0.332763	3.58338
45630	-2602.42	-2811.107	208.6872	1.168937	0.06371857	0.617014	0.382986	4.574814
45636	-2587.648	-2796.432	208.7845	1.159767	0.07416648	0.706521	0.293479	4.497066
45642	-2588.866	-2797.576	208.7108	1.137724	0.07230046	0.516781	0.483219	4.555849
45648	-2602.968	-2812.7	209.7327	1.167811	0.0918955	0.656116	0.343884	3.908458
45654	-2589.319	-2798.802	209.4826	1.042819	0.1021157	0.47651	0.52349	4.09765
45660	-2587.796	-2798.125	210.329	1.28765	0.04842598	0.626011	0.373989	3.614822
45666	-2585.134	-2795.097	209.9625	1.105143	0.07972812	0.566907	0.433093	3.84393
45672	-2579.489	-2789.662	210.1727	1.11721	0.09267101	0.657894	0.342106	3.682251
45678	-2594.344	-2803.14	208.7954	1.076867	0.08973196	0.633834	0.366166	4.497509
45684	-2602.182	-2811.485	209.3022	1.290767	0.115625	0.551142	0.448858	4.027617
45690	-2590.558	-2799.352	208.7939	1.109367	0.06467488	0.551142	0.448858	4.545678
45696	-2590.429	-2800.275	209.846	1.236064	0.05636634	0.629098	0.370902	3.900234
45702	-2588.057	-2797.738	209.6805	1.249561	0.06295279	0.57181	0.42819	3.968656
45708	-2587.144	-2796.711	209.5664	1.310324	0.06714041	0.604746	0.395254	3.987499
45714	-2587.371	-2795.608	208.2377	0.8989724	0.1162831	0.641944	0.358056	4.847083
45720	-2599.854	-2810.438	210.5844	1.307475	0.1130118	0.599543	0.400457	3.28089
45726	-2585.078	-2795.754	210.6762	1.277499	0.09530284	0.552577	0.447423	3.287998
45732	-2581.006	-2791.624	210.6183	1.410786	0.07847215	0.669883	0.330117	3.287998
45738	-2582.092	-2788.473	206.3807	1.060562	0.06638202	0.589078	0.410922	5.903201
45744	-2578.573	-2787.403	208.8304	1.108369	0.08778849	0.502563	0.497437	4.464971
45750	-2579.168	-2787.043	207.8754	1.044269	0.07090438	0.387651	0.612349	5.077794
45756	-2606.764	-2813.177	206.4131	1.142519	0.09271986	0.688022	0.311978	5.774235
45762	-2597.166	-2803.687	206.5217	1.024768	0.0817188	0.513972	0.486028	5.806186
45768	-2604.23	-2813.209	208.9784	1.128804	0.08376569	0.525419	0.474581	4.380214
45774	-2604.31	-2815.364	211.0544	1.435586	0.07829737	0.635734	0.364266	3.014561
45780	-2592.829	-2802.017	209.1877	1.063507	0.1069086	0.556686	0.443314	4.242127
45786	-2591.271	-2799.832	208.5605	1.139092	0.1013785	0.424449	0.575551	4.566308
45792	-2600.614	-2811.309	210.695	1.337567	0.1050665	0.461794	0.538206	3.216924
45798	-2599.086	-2808.858	209.7722	1.095476	0.0667693	0.632442	0.367558	3.993688
45804	-2599.094	-2809.105	210.0114	1.185133	0.06744254	0.582929	0.417071	3.803187
45810	-2592.175	-2801.239	209.0641	1.277598	0.09078153	0.503844	0.496156	4.229793
45816	-2604.548	-2814.91	210.3625	1.16389	0.1419458	0.608038	0.391962	3.430881
45822	-2599.769	-2809.363	209.5931	1.163511	0.1337773	0.631501	0.368499	3.894016
45828	-2588.761	-2798.842	210.0815	1.297865	0.1010226	0.631501	0.368499	3.609607
45834	-2585.298	-2796.023	210.7245	1.533019	0.08093085	0.595861	0.404139	3.14608
45840	-2583.751	-2795.005	211.2531	1.533019	0.1007682	0.595861	0.404139	2.775346
45846	-2588.719	-2798.343	209.6239	1.418209	0.07910497	0.595861	0.404139	3.86025
45852	-2584.182	-2794.511	210.3283	1.422464	0.07250291	0.600034	0.399966	3.46779
45858	-2601.966	-2810.507	208.5408	1.213792	0.07533082	0.475318	0.524682	4.600547
45864	-2601.452	-2808.087	206.6355	0.9275514	0.06717508	0.411244	0.588756	5.834542
45870	-2602.102	-2810.58	208.4776	1.070405	0.07741164	0.516879	0.483121	4.710795
45876	-2601.444	-2810.442	208.9972	1.366544	0.05466391	0.633217	0.366783	4.314047
45882	-2579.885	-2789.11	209.2249	1.148161	0.09169466	0.511472	0.488528	4.209769
45888	-2601.648	-2812.126	210.4779	1.189258	0.07342419	0.595544	0.404456	3.514012
45894	-2590.138	-2798.752	208.6146	1.217988	0.0521359	0.61583	0.38417	4.620247
45900	-2592.286	-2802.08	209.7939	1.225433	0.07394796	0.559493	0.440507	3.887192
45906	-2583.455	-2791.856	208.4009	1.122641	0.07242218	0.669848	0.330152	4.737613
45912	-2603.847	-2810.873	207.0253	0.9015591	0.07242218	0.545601	0.454399	5.621472
45918	-2586.082	-2795.25	209.168	1.159715	0.1172434	0.576576	0.423424	4.174994
45924	-2583.493	-2792.945	209.4516	1.110354	0.1067953	0.554037	0.445963	4.06573
45930	-2584.833	-2794.314	209.4815	1.233563	0.07227653	0.616901	0.383099	4.06573
45936	-2576.531	-2786.938	210.4064	1.277457	0.07293281	0.519212	0.480788	3.505638
45942	-2567.932	-2778.2	210.2681	1.21401	0.1076757	0.69798	0.30202	3.533738
45948	-2574.616	-2784.759	210.143	1.339168	0.09520295	0.482669	0.517331	3.564346
45954	-2570.191	-2779.046	208.8556	1.099229	0.07602489	0.644023	0.355977	4.486202
45960	-2573.647	-2784.257	210.6098	1.277585	0.06956254	0.593158	0.406842	3.396013
45966	-2587.995	-2796.646	208.6513	1.056035	0.09619709	0.728159	0.271841	4.574361
45972	-2589.32	-2797.72	208.4	1.018524	0.08743919	0.603891	0.396109	4.757609
45978	-2600.364	-2808.849	208.4849	1.018524	0.0691378	0.621559	0.378441	4.757609
45984	-2582.293	-2792.611	210.3178	1.261318	0.0835713	0.621559	0.378441	3.537906
45990	-2575.717	-2785.639	209.9217	1.29903	0.1246781	0.492549	0.507451	3.64631
45996	-2585.328	-2792.972	207.6445	1.155866	0.07708704	0.658451	0.341549	5.127803
46002	-2589.927	-2797.632	207.7056	1.147445	0.06600783	0.523174	0.476826	5.127803
46008	-2598.615	-2805.754	207.1392	1.147445	0.07154337	0.523174	0.476826	5.425958
46014	-2585.35	-2794.708	209.3578	1.115691	0.0625161	0.625753	0.374247	4.229876
46020	-2583.5	-2792.577	209.0771	1.392207	0.06336617	0.623524	0.376476	4.229876
46026	-2589.41	-2798.74	209.3299	1.357625	0.1019291	0.650881	0.349119	4.005675
46032	-2584.45	-2793.942	209.4914	1.320337	0.073137	0.574575	0.425425	4.008199
46038	-2583.682	-2793.658	209.9763	1.472383	0.06944479	0.653475	0.346525	3.652001
46044	-2586.613	-2795.393	208.7796	1.072131	0.09325693	0.697428	0.302572	4.500358
46050	-2590.97	-2799.932	208.9622	0.9788524	0.09325693	0.61732	0.38268	4.450103
46056	-2586.762	-2795.696	208.9339	1.035795	0.08678498	0.662568	0.337432	4.450103
46062	-2567.849	-2775.352	207.5025	0.9580462	0.1067402	0.623654	0.376346	5.24379
46068	-2577.344	-2785.496	208.152	1.158223	0.05267376	0.623654	0.376346	4.91058
46074	-2585.687	-2793.937	208.2495	1.150533	0.07571254	0.547893	0.452107	4.797916
46080	-2580.404	-2787.048	206.6434	1.117758	0.09212992	0.525908	0.474092	5.663012
46086	-2575.261	-2782.623	207.3624	1.11281	0.09013502	0.431476	0.568524	5.274889
46092	-2590.407	-2798.999	208.5919	1.253669	0.08266285	0.446335	0.553665	4.530405
46098	-2592.022	-2802.384	210.3622	1.43289	0.08053053	0.695905	0.304095	3.419945
46104	-2587.124	-2797.842	210.7175	1.261045	0.1279059	0.577812	0.422188	3.195205
46110	-2580.922	-2790.964	210.0416	1.160627	0.07799347	0.597623	0.402377	3.771085
46116	-2578.582	-2788.04	209.4583	1.157317	0.1150461	0.597623	0.402377	4.016028
46122	-2598.543	-2808.572	210.0286	1.142852	0.07825179	0.660785	0.339215	3.788106
46128	-2601.217	-2809.432	208.2153	0.9976979	0.0792601	0.405224	0.594776	4.892977
46134	-2591.647	-2801.529	209.8821	1.133565	0.1104583	0.730861	0.269139	3.79722
46140	-2587.434	-2797.629	210.1948	1.311201	0.09756255	0.491062	0.508938	3.544572
46146	-2591.3	-2801.267	209.9672	1.407117	0.1199803	0.481031	0.518969	3.567727
46152	-2588.063	-2797.45	209.3877	1.042315	0.0989769	0.491381	0.508619	4.159502
46158	-2597.391	-2806.681	209.2907	1.113436	0.06524242	0.657118	0.342882	4.261626
46164	-2603.193	-2812.36	209.1673	1.063648	0.103506	0.560384	0.439616	4.261626
46170	-2592.467	-2802.426	209.9582	1.063648	0.114307	0.616746	0.383254	3.784715
46176	-2603.385	-2812.926	209.5401	1.297267	0.06855972	0.675447	0.324553	4.006023
46182	-2590.908	-2800.527	209.6183	1.255864	0.06160645	0.403891	0.596109	4.004345
46188	-2589.674	-2799.862	210.1883	1.164817	0.1018433	0.396167	0.603833	3.622801
46194	-2586.392	-2797.854	211.4622	1.432975	0.09569368	0.56962	0.43038	2.721954
46200	-2605.778	-2815.412	209.6333	1.072597	0.0525782	0.799738	0.200262	4.12593
46206	-2589.107	-2800.133	211.0262	1.474355	0.0525782	0.645159	0.354841	3.082876
46212	-2587.051	-2798.682	211.6309	1.442229	0.09314238	0.67068	0.32932	2.61929
46218	-2591.156	-2801.969	210.8134	1.442229	0.1018856	0.460675	0.539325	3.092307
46224	-2594.391	-2805.102	210.711	1.262847	0.09037983	0.6797	0.3203	3.288809
46230	-2603.363	-2814.284	210.9209	1.214497	0.05617447	0.474307	0.525693	3.288809
46236	-2581.934	-2792.228	210.2949	1.318126	0.0596608	0.436182	0.563818	3.584365
46242	-2587.274	-2799.18	211.9054	1.318126	0.08874318	0.486488	0.513512	2.538009
46248	-2603.062	-2813.579	210.5164	1.264294	0.1275569	0.575435	0.424565	3.312846
46254	-2608.895	-2817.234	208.3387	1.116931	0.06024978	0.716415	0.283585	4.808471
46260	-2588.23	-2796.499	208.2686	1.167729	0.07851654	0.553305	0.446695	4.770328
46266	-2607.424	-2815.085	207.6611	1.039706	0.08738882	0.583677	0.416323	5.156899
46272	-2596.586	-2804.074	207.4878	0.9255423	0.1027231	0.632076	0.367924	5.2791
46278	-2593.546	-2800.913	207.3667	0.9911599	0.116326	0.49075	0.50925	5.2791
46284	-2577.434	-2786.359	208.9255	1.215271	0.1083965	0.49075	0.50925	4.301191
46290	-2590.458	-2798.158	207.6998	0.996904	0.09960093	0.563922	0.436078	5.129647
46296	-2580.984	-2789.208	208.2233	1.05164	0.08791725	0.586698	0.413302	4.836539
46302	-2587.524	-2796.369	208.8444	1.05074	0.1154709	0.586698	0.413302	4.423775
46308	-2595.431	-2805.362	209.9309	1.230807	0.1868365	0.531337	0.468663	3.556064
46314	-2601.923	-2812.924	211.0008	1.35799	0.1220092	0.531337	0.468663	2.981831
46320	-2596.135	-2805.32	209.1852	1.225332	0.0989949	0.564825	0.435175	4.170552
46326	-2596.263	-2805.272	209.0092	1.146431	0.08080377	0.563709	0.436291	4.360493
46332	-2601.936	-2812.456	210.5197	1.146431	0.07492111	0.483653	0.516347	3.510498
46338	-2605.734	-2816.156	210.4221	1.220255	0.08004584	0.602668	0.397332	3.510498
46344	-2601.37	-2811.218	209.848	1.00142	0.1137123	0.627899	0.372101	3.885224
46350	-2589.105	-2798.638	209.5335	1.115509	0.07799476	0.655356	0.344644	4.088076
46356	-2590.734	-2802.275	211.5409	1.331388	0.1184384	0.562515	0.437485	2.678429
46362	-2589.9	-2800.913	211.0128	1.417273	0.08787265	0.484328	0.515672	3.024369
46368	-2594.634	-2802.106	207.4717	1.169192	0.05140008	0.502121	0.497879	5.285203
46374	-2586.098	-2794.548	208.4498	1.068883	0.07892757	0.605962	0.394038	4.723257
46380	-2585.951	-2794.638	208.687	1.068883	0.08269811	0.616169	0.383831	4.580703
46386	-2589.709	-2798.014	208.3047	1.04806	0.08269811	0.639075	0.360925	4.806308
46392	-2595.093	-2803.496	208.4036	1.07229	0.05694946	0.557765	0.442235	4.806308
46398	-2597.3	-2805.815	208.5151	1.07229	0.1103741	0.604266	0.395734	4.608339
46404	-2593.199	-2802.732	209.5332	1.205937	0.0869629	0.589763	0.410237	4.013327
46410	-2608.936	-2818.607	209.6712	1.205937	0.1091696	0.533058	0.466942	3.879864
46416	-2600.265	-2810.023	209.758	1.15441	0.0893136	0.53127	0.46873	3.908171
46422	-2593.006	-2801.691	208.6847	0.8803937	0.1149735	0.712178	0.287822	4.610456
46428	-2583.884	-2792.502	208.6189	1.079908	0.08357895	0.61555	0.38445	4.610456
46434	-2584.531	-2793.703	209.1727	1.079908	0.07763646	0.615048	0.384952	4.313965
46440	-2597.318	-2805.294	207.9759	1.158986	0.1013092	0.639637	0.360363	4.882261
46446	-2579.897	-2789.547	209.6508	1.197469	0.08630295	0.612995	0.387005	3.952601
46452	-2584.26	-2794.058	209.7982	1.164232	0.06207576	0.587722	0.412278	3.952601
46458	-2579.027	-2788.558	209.531	1.304496	0.06356466	0.606837	0.393163	4.020955
46464	-2582.253	-2792.997	210.7437	1.451395	0.04787515	0.47637	0.52363	3.278097
46470	-2581.215	-2792.616	211.4019	1.451395	0.1105489	0.481381	0.518619	2.709494
46476	-2578.654	-2788.534	209.8801	1.505574	0.06342254	0.568048	0.431952	3.705353
46482	-2589.016	-2796.914	207.8977	1.241446	0.05056426	0.492324	0.507676	5.011557
46488	-2594.981	-2805.706	210.7256	1.339183	0.08225041	0.621736	0.378264	3.256682
46494	-2595.015	-2804.43	209.4144	1.224845	0.06223512	0.677524	0.322476	4.136513
46500	-2582.411	-2791.058	208.6473	1.061957	0.08403348	0.677524	0.322476	4.603423
46506	-2584.902	-2791.312	206.4107	0.9306344	0.04498923	0.557766	0.442234	6.015767
46512	-2570.222	-2777.634	207.4124	1.052187	0.06979642	0.621521	0.378479	5.332496
46518	-2575.947	-2784.2	208.2533	1.008877	0.08779786	0.562827	0.437173	4.843952
46524	-2577.5	-2785.921	208.4205	1.049049	0.08651257	0.592383	0.407617	4.731404
46530	-2566.879	-2776.594	209.7156	1.210535	0.08651257	0.501856	0.498144	3.907438
46536	-2589.924	-2798.472	208.5481	1.028686	0.1154789	0.612151	0.387849	4.602744
46542	-2591.17	-2799.918	208.7473	1.02086	0.07163069	0.648369	0.351631	4.602744
46548	-2586.956	-2795.835	208.8786	0.9888556	0.07019941	0.577991	0.422009	4.550825
46554	-2576.268	-2785.351	209.0833	1.087086	0.09872302	0.596254	0.403746	4.307332
46560	-2574.327	-2783.849	209.5225	1.061623	0.09872302	0.718608	0.281392	4.072404
46566	-2576.427	-2785.916	209.4899	1.213987	0.06378498	0.684567	0.315433	4.095412
46572	-2574.495	-2782.643	208.148	1.058535	0.07311484	0.646532	0.353468	4.912609
46578	-2581.769	-2790.192	208.4228	0.7837426	0.07311484	0.61451	0.38549	4.912609
46584	-2588.399	-2794.745	206.3462	0.9033727	0.05497153	0.679064	0.320936	6.038531
46590	-2587.853	-2795.412	207.5588	0.9582571	0.06266328	0.718639	0.281361	5.322592
46596	-2589.084	-2796.054	206.9699	0.7728026	0.06919777	0.674462	0.325538	5.730896
46602	-2588.074	-2795.908	207.8339	0.9956114	0.06919777	0.629642	0.370358	5.132348
46608	-2588.873	-2798	209.127	1.169831	0.07722717	0.510934	0.489066	4.29001
46614	-2594.567	-2804.669	210.1021	1.165021	0.06492712	0.639993	0.360007	3.769571
46620	-2579.7	-2788.328	208.6278	1.289896	0.09456829	0.644575	0.355425	4.460028
46626	-2585.031	-2793.775	208.7437	1.012988	0.07956828	0.482496	0.517504	4.588275
46632	-2586.038	-2794.583	208.5449	1.030247	0.07956828	0.509151	0.490849	4.690028
46638	-2578.966	-2786.856	207.8902	1.092945	0.09022241	0.525551	0.474449	4.9933
46644	-2585.059	-2793.387	208.3275	0.9938998	0.1355651	0.595649	0.404351	4.702654
46650	-2586.507	-2796.017	209.5102	1.141731	0.09720585	0.417988	0.582012	4.037477
46656	-2586.527	-2796.412	209.8852	1.234541	0.0640922	0.514767	0.485233	3.856689
46662	-2580.43	-2790.167	209.7369	1.295497	0.0825845	0.607335	0.392665	3.856689
46668	-2570.372	-2780.452	210.0799	1.203246	0.08466848	0.627592	0.372408	3.706709
46674	-2575.896	-2785.553	209.657	1.306776	0.06965857	0.602219	0.397781	3.930692
46680	-2585.869	-2795.054	209.1846	1.156213	0.167666	0.691992	0.308008	4.06397
46686	-2576.85	-2785.692	208.8425	1.156213	0.06442481	0.691992	0.308008	4.492726
46692	-2586.866	-2795.58	208.7141	1.255539	0.07043242	0.627049	0.372951	4.492726
46698	-2605.288	-2813.264	207.9765	0.9174037	0.06784616	0.653987	0.346013	5.100235
46704	-2603.482	-2813.286	209.8043	1.229312	0.05634465	0.657241	0.342759	3.928079
46710	-2598.722	-2808.986	210.2645	1.439738	0.07496542	0.527948	0.472052	3.488162
46716	-2591.383	-2801.299	209.9161	1.068966	0.1077372	0.697424	0.302576	3.821247
46722	-2587.637	-2797.48	209.8427	1.128348	0.1077105	0.616033	0.383967	3.829397
46728	-2592.244	-2802.901	210.6569	1.139717	0.1077105	0.594985	0.405015	3.349667
46734	-2590.089	-2797.812	207.7224	0.9685649	0.07945728	0.607	0.393	5.182284
46740	-2572.967	-2780.209	207.2414	0.9595371	0.1076547	0.564658	0.435342	5.384982
46746	-2576.744	-2785.171	208.4271	1.026201	0.09500209	0.564658	0.435342	4.719546
46752	-2575.898	-2784.351	208.4538	0.9922144	0.0966657	0.634686	0.365314	4.719644
46758	-2584.817	-2792.12	207.3031	0.9922144	0.1148976	0.634686	0.365314	5.31676
46764	-2575.263	-2783.965	208.7013	1.184236	0.1009139	0.573099	0.426901	4.462832
46770	-2608.31	-2815.223	206.9123	0.9278303	0.06970792	0.517772	0.482228	5.676159
46776	-2595.154	-2801.089	205.9352	0.8985714	0.1223919	0.647525	0.352475	6.10162
46782	-2588.938	-2797.667	208.7286	0.9897267	0.06229547	0.623635	0.376365	4.656
46788	-2594.985	-2804.646	209.6615	1.10299	0.08602989	0.618234	0.381766	4.001207
46794	-2584.504	-2794.632	210.1277	1.233851	0.07429511	0.618234	0.381766	3.689086
46800	-2592.438	-2803.389	210.9512	1.141105	0.106672	0.493772	0.506228	3.177602
46806	-2579.53	-2789.807	210.2771	1.08658	0.07405541	0.54617	0.45383	3.688522
46812	-2603.402	-2813.119	209.7175	1.283333	0.06072629	0.574993	0.425007	3.93441
46818	-2597.782	-2808.066	210.2838	1.058389	0.05758045	0.480467	0.519533	3.74714
46824	-2585.904	-2795.447	209.5433	1.011053	0.07021404	0.652825	0.347175	4.162795
46830	-2590.671	-2800.05	209.3789	1.142411	0.07954967	0.55858	0.44142	4.156605
46836	-2600.05	-2810.693	210.6428	1.178955	0.08510794	0.493825	0.506175	3.392107
46842	-2582.942	-2795.102	212.1597	1.490581	0.1015094	0.672541	0.327459	2.232994
46848	-2581.251	-2792.926	211.675	1.43077	0.09113382	0.560007	0.439993	2.604541
46854	-2584.095	-2795.957	211.8614	1.46633	0.08498717	0.560007	0.439993	2.48349
46860	-2582.615	-2792.384	209.7697	1.145712	0.07302289	0.598586	0.401414	3.949209
46866	-2576.648	-2784.947	208.2998	1.134672	0.1053747	0.598586	0.401414	4.705478
46872	-2582.474	-2792.438	209.9646	1.192735	0.09350849	0.598586	0.401414	3.756716
46878	-2587.143	-2797.348	210.2051	1.083904	0.08197449	0.667765	0.332235	3.710422
46884	-2576.032	-2785.065	209.0333	1.083132	0.1100704	0.547857	0.452143	4.311068
46890	-2577.703	-2786.81	209.1067	1.083132	0.09169821	0.581125	0.418875	4.313555
46896	-2594.587	-2803.992	209.4047	0.9864357	0.1312599	0.587633	0.412367	4.108215
46902	-2593.723	-2802.549	208.8253	0.98295	0.1312599	0.492128	0.507872	4.438307
46908	-2590.299	-2799.366	209.0678	1.128137	0.1241775	0.492128	0.507872	4.234443
46914	-2586.06	-2794.601	208.5404	1.15969	0.07300905	0.575603	0.424397	4.637218
46920	-2581.57	-2792.174	210.6034	1.160536	0.1130308	0.575603	0.424397	3.35614
46926	-2592.191	-2799.3	207.1094	0.9769362	0.1209935	0.673652	0.326348	5.418692
46932	-2585.566	-2794.872	209.3057	1.115557	0.1259909	0.707019	0.292981	4.102453
46938	-2582.443	-2791.346	208.9027	1.115557	0.08282319	0.510192	0.489808	4.432797
46944	-2589.813	-2797.679	207.8666	1.243721	0.08152319	0.631371	0.368629	4.944322
46950	-2587.796	-2796.983	209.1872	1.150825	0.07479867	0.529022	0.470978	4.273172
46956	-2590.885	-2799.306	208.4213	1.126154	0.05147701	0.517498	0.482502	4.781666
46962	-2589.126	-2796.973	207.847	1.091454	0.07798613	0.520593	0.479407	5.04889
46968	-2581.258	-2789.629	208.3712	1.091454	0.06215432	0.442126	0.557874	4.799329
46974	-2574.442	-2782.265	207.8234	1.043708	0.08195474	0.604274	0.395726	5.078346
46980	-2580.241	-2788.322	208.0814	1.239126	0.1014032	0.724699	0.275301	4.77847
46986	-2584.077	-2791.802	207.7248	0.9487879	0.05129123	0.449472	0.550528	5.267414
46992	-2607.987	-2817.61	209.6233	1.212785	0.05512056	0.585192	0.414808	4.044483
46998	-2598.761	-2808.393	209.632	1.230215	0.1066302	0.643017	0.356983	3.894424
47004	-2594.8	-2802.977	208.1775	1.03617	0.07206104	0.673476	0.326524	4.911401
47010	-2585.069	-2793.312	208.2424	1.14434	0.08326002	0.619462	0.380538	4.785883
47016	-2579.504	-2787.867	208.3626	1.026758	0.08269489	0.619462	0.380538	4.785883
47022	-2584.913	-2792.311	207.3983	0.9350083	0.09283995	0.740426	0.259574	5.346642
47028	-2576.985	-2784.564	207.5787	1.053194	0.09628985	0.551547	0.448453	5.17339
47034	-2589.661	-2798.42	208.7582	1.105294	0.1081504	0.535329	0.464671	4.458265
47040	-2575.924	-2784.319	208.3952	1.038952	0.1147117	0.67314	0.32686	4.684413
47046	-2592.421	-2803.724	211.3029	1.176808	0.0959452	0.609856	0.390144	2.973333
47052	-2589.887	-2800.756	210.8688	1.355057	0.1374038	0.582198	0.417802	3.027946
47058	-2588.738	-2798.718	209.9804	1.254247	0.1558083	0.592402	0.407598	3.572611
47064	-2578.37	-2788.782	210.4122	1.062181	0.1040809	0.636212	0.363788	3.546899
47070	-2588.905	-2797.712	208.8076	1.141523	0.06813657	0.636212	0.363788	4.510472
47076	-2578.695	-2787.346	208.6507	1.174969	0.09511872	0.529912	0.470088	4.510472
47082	-2584.643	-2792.322	207.6788	1.045606	0.09511872	0.631375	0.368625	5.12499
47088	-2585.914	-2793.472	207.5585	0.9457356	0.1419081	0.645016	0.354984	5.144588
47094	-2590.974	-2799.022	208.0477	1.08151	0.08605062	0.594492	0.405508	4.922409
47100	-2582.15	-2790.041	207.8911	1.208682	0.0926894	0.596153	0.403847	4.922409
47106	-2581.736	-2790.113	208.3773	1.022455	0.08952728	0.564219	0.435781	4.762904
47112	-2580.972	-2791.226	210.2546	1.095104	0.08952728	0.669942	0.330058	3.655616
47118	-2588.126	-2798.574	210.4477	1.433319	0.05528616	0.531255	0.468745	3.440794
47124	-2593.055	-2803.789	210.7336	1.273926	0.06683194	0.720284	0.279716	3.333223
47130	-2598.385	-2808.609	210.2238	1.538518	0.04786652	0.758249	0.241751	3.531768
47136	-2582.676	-2792.833	210.157	1.302676	0.08645691	0.605082	0.394918	3.599802
47142	-2584.791	-2794.985	210.1943	1.26534	0.08645691	0.635302	0.364698	3.599802
47148	-2579.069	-2789.286	210.2165	1.221321	0.1134647	0.635302	0.364698	3.545832
47154	-2571.232	-2779.646	208.4146	1.181879	0.09698832	0.622181	0.377819	4.63461
47160	-2578.834	-2786.626	207.7921	1.292175	0.05284422	0.686194	0.313806	5.035718
47166	-2581.769	-2791.465	209.6963	1.189887	0.08363829	0.646606	0.353394	3.9378
47172	-2574.775	-2784.512	209.7371	1.195456	0.0902941	0.646606	0.353394	3.894106
47178	-2587.186	-2797.502	210.3154	1.257189	0.07018766	0.721279	0.278721	3.578043
47184	-2584.248	-2794.174	209.9266	1.351541	0.05484055	0.443	0.557	3.7919
47190	-2584.836	-2794.952	210.1164	1.315198	0.05341586	0.474102	0.525898	3.707505
47196	-2584.148	-2792.72	208.5722	1.118429	0.0861335	0.613662	0.386338	4.608587
47202	-2585.312	-2793.298	207.986	1.138329	0.06271848	0.613662	0.386338	4.986209
47208	-2584.111	-2791.538	207.4263	1.049398	0.05840578	0.64245	0.35755	5.357025
47214	-2598.493	-2806.64	208.147	1.298309	0.08920558	0.632552	0.367448	4.738245
47220	-2587.815	-2796.467	208.6519	1.187635	0.06690329	0.568623	0.431377	4.575384
47226	-2599.326	-2809.108	209.7818	1.083952	0.08812174	0.519507	0.480493	3.937956
47232	-2597.627	-2806.793	209.1654	1.120719	0.08049734	0.634697	0.365303	4.287534
47238	-2601.718	-2809.555	207.8362	1.104922	0.1181013	0.555245	0.444755	4.951931
47244	-2590.607	-2797.602	206.9949	1.089679	0.0631979	0.731401	0.268599	5.559287
47250	-2600.762	-2807.708	206.9455	1.088961	0.08083998	0.591915	0.408085	5.540801
47256	-2578.731	-2787.833	209.1022	1.008936	0.08083998	0.60158	0.39842	4.385528
47262	-2588.668	-2797.897	209.2298	1.313824	0.04253861	0.60158	0.39842	4.246597
47268	-2581.893	-2791.306	209.4123	1.048014	0.1034502	0.647913	0.352087	4.131566
47274	-2590.737	-2801.001	210.2638	0.9127481	0.1195743	0.564829	0.435171	3.683352
47280	-2595.135	-2804.044	208.9092	1.134127	0.1017727	0.63271	0.36729	4.371836
47286	-2582.705	-2792.205	209.5007	1.001867	0.0952944	0.582144	0.417856	4.127241
47292	-2585.416	-2795.466	210.05	1.113835	0.07364762	0.56766	0.43234	3.804939
47298	-2598.422	-2809.409	210.9873	1.133165	0.08089241	0.45876	0.54124	3.227422
47304	-2593.929	-2804.119	210.1896	1.137783	0.1181603	0.603315	0.396685	3.599147
47310	-2594.365	-2804.705	210.3392	1.39812	0.09691243	0.576954	0.423046	3.411119
47316	-2592.869	-2803.544	210.675	1.264599	0.1063671	0.557376	0.442624	3.268684
47322	-2591.688	-2802.305	210.6173	1.109348	0.08133583	0.572377	0.427623	3.457831
47328	-2583.037	-2794.113	211.0751	1.230058	0.07233039	0.569193	0.430807	3.14158
47334	-2580.789	-2790.482	209.6927	1.13812	0.09151016	0.497687	0.502313	3.949351
47340	-2584.195	-2795.269	211.074	1.158602	0.1163153	0.497687	0.502313	3.0708
47346	-2587.165	-2798.435	211.27	1.277108	0.07167085	0.367577	0.632423	2.998957
47352	-2586.058	-2796.565	210.5064	1.121396	0.1150341	0.420518	0.579482	3.431293
47358	-2578.589	-2787.927	209.3382	0.9628472	0.1298831	0.590876	0.409124	4.162432
47364	-2580.544	-2789.133	208.5887	0.9430765	0.08166717	0.593031	0.406969	4.708867
47370	-2596.263	-2804.136	207.8734	0.867006	0.07775258	0.426735	0.573265	5.15929
47376	-2572.458	-2779.895	207.4364	0.9511392	0.07097685	0.583686	0.416314	5.371836
47382	-2583.05	-2791.833	208.7825	0.9292606	0.09135137	0.583686	0.416314	4.5837
47388	-2581.986	-2790.905	208.9186	1.026769	0.0881067	0.570174	0.429826	4.46045
47394	-2589.096	-2798.03	208.9343	0.9462023	0.07442385	0.555157	0.444843	4.532247
47400	-2596.742	-2806.108	209.3662	1.162363	0.08207259	0.410916	0.589084	4.145886
47406	-2607.981	-2818.796	210.8147	1.415461	0.09298669	0.535017	0.464983	3.130186
47412	-2591.471	-2802.492	211.0218	1.307264	0.07257054	0.70339	0.29661	3.126685
47418	-2591.588	-2801.049	209.4612	1.149352	0.06656605	0.565623	0.434377	4.140844
47424	-2603.536	-2812.942	209.4055	1.190829	0.09018207	0.508147	0.491853	4.086597
47430	-2605.003	-2813.724	208.7206	0.9230306	0.08914038	0.555168	0.444832	4.627391
47436	-2588.125	-2795.614	207.4886	0.943699	0.07802104	0.59703	0.40297	5.328851
47442	-2590.961	-2798.452	207.4918	0.8982274	0.08731022	0.617851	0.382149	5.328851
47448	-2585.509	-2793.894	208.3853	1.133135	0.06211298	0.452384	0.547616	4.768307
47454	-2582.668	-2791.027	208.3586	1.124339	0.06941378	0.524353	0.475647	4.768307
47460	-2586.019	-2794.508	208.4899	1.261984	0.08075603	0.572241	0.427759	4.587934
47466	-2578.727	-2789.451	210.7242	1.374832	0.06129813	0.572241	0.427759	3.295267
47472	-2584.47	-2795.401	210.9312	1.377437	0.07427706	0.590543	0.409457	3.134071
47478	-2584.554	-2793.904	209.3502	1.116017	0.07427706	0.494586	0.505414	4.201877
47484	-2578.313	-2786.913	208.5998	1.116017	0.06954891	0.525793	0.474207	4.63764
47490	-2585.66	-2795.893	210.233	1.273403	0.07396441	0.561871	0.438129	3.606071
47496	-2590.16	-2801.508	211.3486	1.082535	0.08428794	0.561871	0.438129	3.03338
47502	-2583.963	-2794.787	210.8247	1.384201	0.121807	0.57631	0.42369	3.072102
47508	-2591.273	-2802.324	211.0506	1.081372	0.1032566	0.593279	0.406721	3.162484
47514	-2600.948	-2813.02	212.0718	1.670595	0.04520752	0.465249	0.534751	2.343293
47520	-2598.797	-2811.128	212.3307	1.602265	0.05737378	0.668664	0.331336	2.181864
47526	-2596.197	-2806.668	210.4712	1.466589	0.07562006	0.559848	0.440152	3.349593
47532	-2594.88	-2805.379	210.4993	1.102362	0.09392957	0.559848	0.440152	3.497975
47538	-2595.422	-2805.396	209.974	1.152297	0.0713777	0.570654	0.429346	3.832747
47544	-2588.885	-2799.174	210.2894	1.153116	0.08015729	0.570654	0.429346	3.626363
47550	-2582.682	-2792.386	209.7038	1.162333	0.09698851	0.609189	0.390811	3.915479
47556	-2592.164	-2801.908	209.7441	1.130233	0.1152347	0.590054	0.409946	3.867455
47562	-2592.909	-2803.019	210.1094	1.119638	0.123412	0.579982	0.420018	3.644293
47568	-2586.214	-2795.707	209.4926	0.9801976	0.08546764	0.583866	0.416134	4.168842
47574	-2587.962	-2796.551	208.5892	0.9685111	0.08546764	0.51789	0.48211	4.68475
47580	-2592.428	-2801.07	208.6413	1.040014	0.1058196	0.495358	0.504642	4.566123
47586	-2584.832	-2793.386	208.5548	1.040014	0.1161839	0.581458	0.418542	4.59105
47592	-2575.329	-2785.001	209.6727	1.114091	0.09753223	0.637489	0.362511	3.9596
47598	-2570.189	-2779.356	209.1673	1.114091	0.1053074	0.643257	0.356743	4.228764
47604	-2571.702	-2779.867	208.1645	1.053275	0.08474705	0.605395	0.394605	4.876383
47610	-2583.038	-2788.765	205.7264	0.9432457	0.07707477	0.566972	0.433028	6.295789
47616	-2594.333	-2802.412	208.0789	1.08625	0.094875	0.566972	0.433028	4.880692
47622	-2583.283	-2792.873	209.5904	1.09722	0.07849711	0.578804	0.421196	4.064731
47628	-2584.563	-2794.323	209.7596	1.050161	0.08670616	0.636661	0.363339	3.973592
47634	-2585.108	-2793.438	208.3298	0.973761	0.08219047	0.460029	0.539971	4.835028
47640	-2597.142	-2804.753	207.6108	0.9586537	0.1507773	0.597687	0.402313	5.090974
47646	-2582.606	-2790.384	207.7777	0.8823301	0.0834673	0.67978	0.32022	5.189245
47652	-2580.092	-2786.94	206.8484	1.063326	0.07186373	0.544861	0.455139	5.631206
47658	-2578.772	-2788.212	209.4407	1.109807	0.08534146	0.493702	0.506298	4.124995
47664	-2583.513	-2792.514	209.0016	1.092185	0.08489356	0.636862	0.363138	4.384892
47670	-2600.667	-2808.403	207.7366	1.092185	0.08489356	0.373278	0.626722	5.09218
47676	-2586.179	-2795.48	209.301	1.193964	0.126117	0.643	0.357	4.06019
47682	-2586.339	-2795.9	209.5608	1.221313	0.09904006	0.535498	0.464502	3.958578
47688	-2591.968	-2802.14	210.1721	1.143963	0.115709	0.671617	0.328383	3.611394
47694	-2576.832	-2786.608	209.776	1.199024	0.1139663	0.709516	0.290484	3.81248
47700	-2573.924	-2783.887	209.9629	1.231826	0.09366823	0.618035	0.381965	3.734723
47706	-2582.387	-2791.857	209.4699	1.231826	0.1208299	0.603537	0.396463	3.953745
47712	-2584.302	-2794.57	210.268	1.338803	0.07400624	0.603537	0.396463	3.547612
47718	-2576.937	-2787.225	210.2886	1.167696	0.1012693	0.498439	0.501561	3.564316
47724	-2577.041	-2787.154	210.1133	1.24349	0.09739879	0.524253	0.475747	3.631648
47730	-2579.841	-2789.654	209.8128	1.173998	0.100017	0.460553	0.539447	3.838805
47736	-2591.079	-2801.479	210.4002	1.246337	0.1092067	0.552004	0.447996	3.434089
47742	-2594.958	-2801.993	207.0345	1.163453	0.06512466	0.690158	0.309842	5.491821
47748	-2587.486	-2794.345	206.8594	0.9390476	0.09148162	0.643366	0.356634	5.644148
47754	-2587.157	-2796.493	209.3356	1.020138	0.1597242	0.611747	0.388253	4.070603
47760	-2593.547	-2803.841	210.2934	1.279561	0.1175582	0.611026	0.388974	3.457452
47766	-2590.38	-2799.649	209.2689	1.003313	0.09845291	0.599275	0.400725	4.250316
47772	-2592.729	-2801.535	208.8064	1.307951	0.08566839	0.571349	0.428651	4.371306
47778	-2592.857	-2802.114	209.2564	0.9396327	0.06835608	0.571349	0.428651	4.370775
47784	-2581.507	-2791.21	209.7038	1.16007	0.06835608	0.642916	0.357084	3.991474
47790	-2580.56	-2790.051	209.491	1.090011	0.07596987	0.644261	0.355739	4.132139
47796	-2587.573	-2795.076	207.5032	0.9781548	0.06302906	0.7924	0.2076	5.341334
47802	-2591.966	-2798.762	206.7954	0.8258606	0.08374663	0.485453	0.514547	5.760191
47808	-2597.455	-2803.406	205.9511	0.9202847	0.07791427	0.557899	0.442101	6.184021
47814	-2589.625	-2797.005	207.3801	0.9952601	0.06675586	0.745389	0.254611	5.389732
47820	-2579.975	-2787.494	207.5184	0.9952601	0.06675586	0.424196	0.575804	5.313469
47826	-2582.642	-2789.959	207.3173	0.8319928	0.1182957	0.628866	0.371134	5.389855
47832	-2576.32	-2785.656	209.3356	0.9908922	0.0773653	0.485889	0.514111	4.272905
47838	-2587.876	-2795.484	207.6081	0.9702342	0.09782892	0.644455	0.355545	5.199366
47844	-2565.77	-2773.95	208.1799	1.009465	0.08174044	0.521772	0.478228	4.899773
47850	-2568.108	-2775.309	207.2002	1.030786	0.07430155	0.612102	0.387898	5.449445
47856	-2575.753	-2782.978	207.2253	1.005612	0.07430155	0.502012	0.497988	5.449445
47862	-2582.821	-2791.883	209.0622	1.283693	0.08023958	0.558792	0.441208	4.254377
47868	-2568.425	-2776.632	208.2066	1.030172	0.08702417	0.618878	0.381122	4.860088
47874	-2578.417	-2788.263	209.8458	1.051062	0.1192507	0.73583	0.26417	3.845335
47880	-2587.282	-2796.346	209.0642	1.198112	0.06656277	0.634339	0.365661	4.338221
47886	-2600.314	-2809.381	209.0677	1.134417	0.08464771	0.514873	0.485127	4.324344
47892	-2601.257	-2809.682	208.4254	0.894467	0.09622007	0.477727	0.522273	4.7912
47898	-2592.128	-2800.9	208.7721	1.020638	0.06961398	0.758487	0.241513	4.594363
47904	-2596.283	-2805.794	209.5105	1.025845	0.07675451	0.395772	0.604228	4.155427
47910	-2599.445	-2809.881	210.4353	1.093346	0.1436746	0.610166	0.389834	3.425895
47916	-2589.842	-2799.166	209.3248	1.071274	0.07901116	0.47965	0.52035	4.229134
47922	-2593.056	-2802.872	209.8168	1.04894	0.08775254	0.602169	0.397831	3.938863
47928	-2589.039	-2798.724	209.6846	1.194155	0.06569465	0.585638	0.414362	3.990314
47934	-2600.765	-2810.561	209.7955	1.068726	0.07478747	0.516	0.484	3.973776
47940	-2598.512	-2807.915	209.4027	1.117633	0.07426742	0.47754	0.52246	4.171188
47946	-2595.659	-2804.452	208.7924	1.003821	0.05435247	0.501255	0.498745	4.634438
47952	-2582.924	-2792.959	210.0358	1.18434	0.09098662	0.627385	0.372615	3.726843
47958	-2585.722	-2796.793	211.0712	1.18434	0.1006242	0.709071	0.290929	3.095553
47964	-2595.42	-2805.519	210.099	1.247218	0.09392951	0.497366	0.502634	3.646466
47970	-2590.171	-2801.021	210.8496	1.214391	0.1088571	0.590919	0.409081	3.189054
47976	-2589.124	-2799.482	210.3581	1.141594	0.07796955	0.593855	0.406145	3.599093
47982	-2583.546	-2791.686	208.1402	1.128607	0.09403717	0.484166	0.515834	4.82496
47988	-2588.169	-2797.381	209.2121	1.08621	0.09335158	0.577647	0.422353	4.248003
47994	-2589.591	-2798.405	208.8147	0.9815989	0.09894612	0.687291	0.312709	4.517772
48000	-2590.28	-2799.287	209.0073	0.9488354	0.09894612	0.586125	0.413875	4.427764
48006	-2583.895	-2792.539	208.6439	0.9488354	0.06716499	0.579702	0.420298	4.713013
48012	-2578.259	-2787.009	208.7499	0.9741627	0.07661192	0.566109	0.433891	4.614303
48018	-2582.573	-2792.226	209.6528	1.198624	0.07587271	0.621019	0.378981	3.978144
48024	-2575.326	-2785.09	209.7634	1.10728	0.07587271	0.63221	0.36779	3.967139
48030	-2588.457	-2798.745	210.2876	1.207248	0.0940866	0.63221	0.36779	3.559772
48036	-2580.107	-2788.487	208.3803	1.036267	0.06127506	0.466024	0.533976	4.827427
48042	-2585.331	-2794.718	209.3873	1.078657	0.07227579	0.533217	0.466783	4.207392
48048	-2591.008	-2798.143	207.1353	0.8111676	0.07236041	0.585584	0.414416	5.610841
48054	-2582.178	-2790.363	208.1851	1.033599	0.08468411	0.651655	0.348345	4.875998
48060	-2583.808	-2792.746	208.9389	1.159369	0.06132531	0.613599	0.386401	4.445259
48066	-2591.165	-2801.134	209.9685	1.289432	0.06401093	0.627144	0.372856	3.777415
48072	-2587.887	-2797.076	209.1893	1.031939	0.07042383	0.695378	0.304622	4.35093
48078	-2583.093	-2791.973	208.8795	1.100315	0.1003865	0.627783	0.372217	4.410992
48084	-2588.191	-2798.409	210.2178	1.295409	0.07375333	0.529113	0.470887	3.602667
48090	-2589.245	-2798.302	209.0568	1.301545	0.09120683	0.579905	0.420095	4.219332
48096	-2590.353	-2798.904	208.5512	1.090231	0.09702451	0.681705	0.318295	4.609344
48102	-2596.887	-2807.214	210.3275	1.302749	0.1033954	0.673663	0.326337	3.457686
48108	-2596.159	-2807.189	211.0294	1.315192	0.09412674	0.575022	0.424978	3.059003
48114	-2600.14	-2810.325	210.185	1.177926	0.1113005	0.443011	0.556989	3.594456
48120	-2604.366	-2815.463	211.0967	1.256782	0.1047794	0.695144	0.304856	3.026552
48126	-2591.901	-2802.149	210.2475	1.237116	0.07342606	0.681871	0.318129	3.620154
48132	-2603.018	-2810.472	207.4539	1.237116	0.04455261	0.692133	0.307867	5.276432
48138	-2591.261	-2802.593	211.3324	1.505303	0.07282149	0.590783	0.409217	2.820211
48144	-2595.285	-2806.766	211.4812	1.505303	0.08022454	0.612611	0.387389	2.708267
48150	-2589.196	-2799.784	210.5879	1.203155	0.05719109	0.484185	0.515815	3.487818
48156	-2584.179	-2793.954	209.7752	1.089664	0.09859717	0.649624	0.350376	3.912256
48162	-2585.33	-2793.93	208.6004	1.02631	0.127144	0.524216	0.475784	4.549224
48168	-2579.426	-2788.915	209.489	1.029763	0.1095767	0.652461	0.347539	4.083886
48174	-2585.541	-2793.126	207.5846	1.029763	0.08123225	0.561827	0.438173	5.220117
48180	-2605.154	-2813.192	208.0382	1.041837	0.1093436	0.552084	0.447916	4.894186
48186	-2593.765	-2803.792	210.0272	1.31249	0.1045484	0.574155	0.425845	3.624037
48192	-2604.303	-2814.382	210.0782	1.178988	0.1213807	0.579912	0.420088	3.632542
48198	-2604.216	-2814.882	210.6659	1.178988	0.08871099	0.610339	0.389661	3.369053
48204	-2607.636	-2816.838	209.2026	1.213746	0.07749129	0.604679	0.395321	4.221638
48210	-2605.157	-2813.88	208.7233	1.088835	0.09848847	0.538843	0.461157	4.509935
48216	-2600.06	-2807.244	207.184	0.9728444	0.07596531	0.527633	0.472367	5.48591
48222	-2597.848	-2805.206	207.3575	0.9409445	0.1000858	0.636137	0.363863	5.348692
48228	-2603.931	-2812.347	208.4161	0.9466843	0.1297099	0.52084	0.47916	4.691741
48234	-2602.685	-2811.317	208.6322	0.9466843	0.07809913	0.608154	0.391846	4.691741
48240	-2600.518	-2808.238	207.72	0.932019	0.07299144	0.480298	0.519702	5.22055
48246	-2590.377	-2799.361	208.984	1.258308	0.05405426	0.643064	0.356936	4.384387
48252	-2582.301	-2790.96	208.6593	0.9831574	0.08514593	0.508331	0.491669	4.638083
48258	-2579.275	-2787.596	208.3216	0.962927	0.09277216	0.508331	0.491669	4.819286
48264	-2583.778	-2792.125	208.3472	1.035085	0.07137488	0.61192	0.38808	4.819286
48270	-2580.102	-2788.594	208.4923	1.006483	0.06938788	0.595398	0.404602	4.759549
48276	-2593.735	-2803.446	209.7113	1.528803	0.04128588	0.618899	0.381101	3.852777
48282	-2594.355	-2803.634	209.2792	1.259548	0.07575208	0.479851	0.520149	4.156765
48288	-2590.331	-2798.75	208.4198	1.442043	0.06175349	0.518745	0.481255	4.576986
48294	-2594.511	-2804.19	209.6788	1.442043	0.04938936	0.518745	0.481255	3.898031
48300	-2591.126	-2798.981	207.8548	0.9809076	0.07383169	0.677183	0.322817	5.116648
48306	-2600.243	-2807.081	206.8373	0.9436562	0.06234239	0.56147	0.43853	5.728162
48312	-2588.617	-2796.088	207.4715	0.8657925	0.07571609	0.668293	0.331707	5.387201
48318	-2583.638	-2791.01	207.3717	1.015338	0.07046994	0.709265	0.290735	5.373472
48324	-2587.727	-2796.926	209.1989	1.082347	0.08185222	0.511512	0.488488	4.286784
48330	-2575.337	-2784.61	209.273	0.992232	0.0853835	0.378102	0.621898	4.286784
48336	-2579.45	-2789.17	209.7206	1.065483	0.09255996	0.505301	0.494699	3.972291
48342	-2577.088	-2785.935	208.8479	0.9958593	0.08899013	0.625552	0.374448	4.515413
48348	-2576.128	-2784.887	208.7592	0.9791316	0.07270245	0.625552	0.374448	4.616623
48354	-2576.485	-2785.969	209.484	1.007939	0.0917729	0.583085	0.416915	4.142031
48360	-2579.419	-2787.713	208.2934	0.912778	0.09020583	0.479516	0.520484	4.869218
48366	-2593.055	-2801.227	208.172	1.100375	0.07567895	0.505887	0.494113	4.869218
48372	-2588.582	-2798.022	209.44	0.9516267	0.08824318	0.611844	0.388156	4.20786
48378	-2590.874	-2799.452	208.5783	0.8964588	0.08003607	0.701683	0.298317	4.744976
48384	-2591.241	-2799.637	208.3957	1.025156	0.06413759	0.592815	0.407185	4.817205
48390	-2579.195	-2786.356	207.161	1.081402	0.07485069	0.592815	0.407185	5.441704
48396	-2585.89	-2794.606	208.7161	1.004005	0.07568134	0.626498	0.373502	4.618958
48402	-2585.39	-2794.84	209.4497	1.091672	0.08296581	0.65366	0.34634	4.136305
48408	-2576.261	-2785.892	209.6316	0.995627	0.07612628	0.518979	0.481021	4.10541
48414	-2574.495	-2783.248	208.7523	1.065099	0.06679691	0.599111	0.400889	4.588144
48420	-2575.9	-2785.662	209.7621	1.065099	0.08703479	0.491685	0.508315	3.96278
48426	-2581.93	-2790.551	208.6207	0.9179048	0.08703479	0.739842	0.260158	4.691475
48432	-2576.701	-2784.976	208.2744	0.8767358	0.07906649	0.520733	0.479267	4.927919
48438	-2564.9	-2772.569	207.6687	0.9307458	0.05165575	0.643306	0.356694	5.307381
48444	-2579.021	-2787.798	208.7775	0.9312026	0.0465959	0.579139	0.420861	4.705206
48450	-2600.971	-2810.187	209.2156	1.213163	0.1114247	0.609418	0.390582	4.130825
48456	-2600.261	-2809.598	209.3366	1.127611	0.1118479	0.609418	0.390582	4.109676
48462	-2597.588	-2805.245	207.6571	1.194025	0.06217571	0.389273	0.610727	5.139257
48468	-2582.047	-2790.798	208.751	1.248284	0.06217571	0.35269	0.64731	4.498615
48474	-2580.733	-2790.226	209.4926	1.293467	0.07782046	0.353063	0.646937	4.010326
48480	-2584.186	-2792.304	208.1181	1.100309	0.1053625	0.502116	0.497884	4.826214
48486	-2583.95	-2791.99	208.0398	1.210854	0.08245588	0.526619	0.473381	4.86384
48492	-2600.707	-2807.4	206.6932	1.07438	0.09438121	0.656496	0.343504	5.654109
48498	-2594.412	-2802.329	207.9166	1.07438	0.07100657	0.52369	0.47631	5.037995
48504	-2597.545	-2806.967	209.4223	1.067837	0.08872514	0.449775	0.550225	4.15069
48510	-2574.738	-2784.928	210.1901	1.268804	0.0888875	0.416735	0.583265	3.59392
48516	-2566.052	-2776.363	210.3114	1.14754	0.0888875	0.551055	0.448945	3.59392
48522	-2577.624	-2786.84	209.2168	1.441525	0.06397976	0.693228	0.306772	4.120827
48528	-2581.555	-2790.992	209.4367	1.216475	0.09038971	0.492699	0.507301	4.053683
48534	-2586.83	-2794.643	207.8128	1.109716	0.09144614	0.414389	0.585611	5.023986
48540	-2594.191	-2803.336	209.1451	1.162023	0.07050037	0.596191	0.403809	4.302194
48546	-2590.999	-2800.352	209.3534	1.145563	0.09959468	0.539765	0.460235	4.118834
48552	-2599.092	-2808.603	209.5116	1.143991	0.06524455	0.65631	0.34369	4.118834
48558	-2590.735	-2798.89	208.1549	0.9877649	0.06484538	0.624683	0.375317	4.97023
48564	-2590.157	-2798.604	208.4472	1.160166	0.07054212	0.577361	0.422639	4.695735
48570	-2607.128	-2815.857	208.7295	0.9775795	0.07340331	0.651821	0.348179	4.63228
48576	-2591.728	-2799.168	207.4398	0.9797869	0.07340331	0.39437	0.60563	5.347813
48582	-2595.105	-2803.898	208.7935	1.247978	0.07340331	0.557326	0.442674	4.44434
48588	-2584.012	-2793.297	209.285	1.185136	0.06159485	0.599823	0.400177	4.234315
48594	-2581.986	-2791.188	209.2022	1.142978	0.06836153	0.718268	0.281732	4.286461
48600	-2573.065	-2780.363	207.2978	0.9415958	0.1012493	0.617877	0.382123	5.378502
48606	-2576.596	-2785.192	208.5963	1.083475	0.0947025	0.452949	0.547051	4.593419
48612	-2575.088	-2784.857	209.7691	1.250744	0.07761905	0.618018	0.381982	3.876975
48618	-2578.513	-2787.205	208.6921	1.170005	0.06645879	0.728078	0.271922	4.563931
48624	-2585.971	-2794.726	208.755	0.8960858	0.06580384	0.548321	0.451679	4.684053
48630	-2580.686	-2789.635	208.9483	1.023536	0.08005873	0.481397	0.518603	4.466099
48636	-2583.758	-2791.2	207.4429	1.023536	0.05961257	0.498133	0.501867	5.358864
48642	-2575.611	-2784.502	208.891	1.023536	0.07193596	0.569365	0.430635	4.519723
48648	-2585.442	-2795.888	210.4457	1.124618	0.09236819	0.627072	0.372928	3.52019
48654	-2593.323	-2801.079	207.7552	1.071394	0.08755641	0.552022	0.447978	5.086776
48660	-2590.495	-2800.845	210.3506	1.050334	0.05520707	0.550895	0.449105	3.720022
48666	-2581.461	-2791.085	209.6236	1.222555	0.06403974	0.528836	0.471164	4.013526
48672	-2573.863	-2783.763	209.8999	1.222555	0.06422233	0.621438	0.378562	3.854794
48678	-2595.773	-2806.038	210.2659	1.222555	0.08247048	0.662369	0.337631	3.59357
48684	-2587.877	-2795.793	207.9155	1.087409	0.07393034	0.496619	0.503381	5.023632
48690	-2584.528	-2792.299	207.7713	1.010623	0.07942937	0.459387	0.540613	5.131998
48696	-2587.696	-2796.254	208.5583	1.210659	0.07539982	0.492218	0.507782	4.592258
48702	-2594.418	-2802.448	208.0293	1.061399	0.08258738	0.420776	0.579224	4.952528
48708	-2595.249	-2805.854	210.6045	1.208924	0.09948038	0.416061	0.583939	3.360016
48714	-2595.475	-2802.802	207.3263	0.8998088	0.09031848	0.717851	0.282149	5.411837
48720	-2604.188	-2812.754	208.566	1.18821	0.08734017	0.675211	0.324789	4.569853
48726	-2583.79	-2792.552	208.7623	0.9919453	0.08734017	0.622726	0.377274	4.569853
48732	-2588.477	-2794.722	206.2448	0.9919453	0.07597751	0.595612	0.404388	5.989881
48738	-2584.652	-2793.642	208.9907	1.259182	0.07483449	0.579875	0.420125	4.3229
48744	-2585.529	-2795.186	209.6571	1.119943	0.08533552	0.635324	0.364676	3.995818
48750	-2590.12	-2799.022	208.9022	1.235866	0.05570774	0.499454	0.500546	4.438512
48756	-2601.801	-2809.643	207.8427	1.175349	0.0647583	0.526926	0.473074	5.039678
48762	-2591.497	-2800.468	208.9718	1.175349	0.0647583	0.526926	0.473074	4.408209
48768	-2591.835	-2802.083	210.2483	1.247606	0.1403014	0.585858	0.414142	3.452198
48774	-2586.648	-2796.904	210.2555	1.223811	0.07635401	0.737476	0.262524	3.61525
48780	-2579.551	-2789.484	209.9334	1.223811	0.06262197	0.737476	0.262524	3.839324
48786	-2602.808	-2812.832	210.0237	1.155063	0.1136442	0.567919	0.432081	3.695661
48792	-2593.026	-2803.073	210.0462	1.319286	0.0869316	0.659322	0.340678	3.653206
48798	-2580.146	-2788.899	208.7526	0.9668034	0.08246415	0.659322	0.340678	4.601727
48804	-2590.425	-2799.877	209.4519	1.14274	0.09382991	0.610101	0.389899	4.078423
48810	-2595.764	-2805.332	209.5681	1.026575	0.09382991	0.625529	0.374471	4.078423
48816	-2592.836	-2801.233	208.3962	1.026575	0.09598507	0.655608	0.344392	4.734235
48822	-2588.066	-2797.268	209.202	1.026575	0.06886582	0.551772	0.448228	4.351003
48828	-2580.713	-2791.264	210.5514	1.334223	0.09012211	0.598896	0.401104	3.3414
48834	-2569.969	-2779.299	209.3297	1.180443	0.07446056	0.558755	0.441245	4.176464
48840	-2570.667	-2779.983	209.3161	1.008181	0.07130182	0.542691	0.457309	4.290316
48846	-2573.062	-2781.424	208.3614	1.008181	0.06948926	0.580304	0.419696	4.831401
48852	-2569.056	-2779.298	210.2425	1.125075	0.09260818	0.580304	0.419696	3.637442
48858	-2568.694	-2776.524	207.8302	1.125075	0.08466923	0.556668	0.443332	5.022544
48864	-2575.571	-2783.389	207.8181	1.028933	0.07387474	0.556668	0.443332	5.110285
48870	-2590.727	-2799.023	208.2952	1.017241	0.1130186	0.626808	0.373192	4.756267
48876	-2586.801	-2795.543	208.7416	1.130563	0.08827623	0.557614	0.442386	4.501202
48882	-2579.632	-2789.184	209.5526	1.114946	0.1218853	0.557881	0.442119	3.970939
48888	-2571.849	-2781.782	209.9329	1.04434	0.1395586	0.557881	0.442119	3.754919
48894	-2584.157	-2792.827	208.6695	1.266663	0.04917907	0.557881	0.442119	4.570489
48900	-2578.247	-2787.195	208.9481	1.236048	0.06334045	0.565216	0.434784	4.391212
48906	-2579.385	-2788.506	209.1217	1.136253	0.08786133	0.431248	0.568752	4.284591
48912	-2574.655	-2782.873	208.2173	1.004281	0.07815696	0.64637	0.35363	4.891066
48918	-2580.878	-2789.796	208.9186	1.147082	0.08461188	0.587619	0.412381	4.401484
48924	-2589.842	-2799.236	209.3939	0.9645841	0.06691501	0.539662	0.460338	4.282897
48930	-2574.496	-2783.909	209.4133	1.035556	0.06764602	0.56785	0.43215	4.229682
48936	-2567.515	-2776.253	208.7387	1.148864	0.08768795	0.566603	0.433397	4.494062
48942	-2572.278	-2780.662	208.3835	1.143409	0.09515877	0.486621	0.513379	4.678002
48948	-2570.361	-2780.043	209.6819	1.229854	0.07475167	0.663519	0.336481	3.946669
48954	-2578.127	-2787.808	209.681	1.363405	0.0621281	0.437665	0.562335	3.905464
48960	-2597.098	-2807.111	210.0132	1.427982	0.05283158	0.665986	0.334014	3.703674
48966	-2594.674	-2806.719	212.0444	1.313334	0.0789439	0.557048	0.442952	2.481963
48972	-2586.58	-2796.977	210.3978	1.370767	0.0789439	0.542784	0.457216	3.439755
48978	-2583.805	-2792.899	209.0941	1.024532	0.1044843	0.695916	0.304084	4.322868
48984	-2580.152	-2789.939	209.7873	1.138592	0.1138395	0.663502	0.336498	3.84099
48990	-2584.675	-2795.204	210.5283	1.034716	0.07857604	0.590965	0.409035	3.560639
48996	-2591.273	-2801.686	210.4127	1.161046	0.07626165	0.590965	0.409035	3.560639
49002	-2591.255	-2801.71	210.4555	1.161046	0.1095261	0.559839	0.440161	3.450882
49008	-2574.5	-2783.928	209.4277	1.182954	0.07772816	0.531155	0.468845	4.110606
49014	-2585.03	-2793.596	208.5657	0.9233683	0.1199328	0.521169	0.478831	4.642064
49020	-2569.407	-2778.702	209.2946	1.030318	0.0728922	0.625071	0.374929	4.285659
49026	-2570.808	-2778.833	208.0252	1.030318	0.0527185	0.655292	0.344708	5.051974
49032	-2578.846	-2788.47	209.624	1.264655	0.0732106	0.449776	0.550224	3.964053
49038	-2566.541	-2777.224	210.6825	1.100188	0.102982	0.665362	0.334638	3.369396
49044	-2565.104	-2776.219	211.1151	1.184523	0.1123092	0.623301	0.376699	3.040368
49050	-2561.306	-2769.26	207.9547	1.073274	0.07376873	0.534828	0.465172	5.010148
49056	-2565.223	-2773.114	207.891	0.9014416	0.1035096	0.622832	0.377168	5.06745
49062	-2565.064	-2774.022	208.9582	1.068698	0.08953862	0.622832	0.377168	4.410913
49068	-2579.723	-2787.736	208.0135	0.8682061	0.08840035	0.54806	0.45194	5.054083
49074	-2560.111	-2767.97	207.8585	1.014169	0.09044013	0.560681	0.439319	5.054083
49080	-2566.624	-2775.214	208.5901	0.9920595	0.1225863	0.687863	0.312137	4.584066
49086	-2565.961	-2773.827	207.8657	1.153857	0.09432365	0.602325	0.397675	4.963057
49092	-2569.035	-2778.47	209.4348	1.303934	0.07152124	0.568615	0.431385	4.054258
49098	-2562.096	-2771.844	209.7478	1.130082	0.08072215	0.63186	0.36814	3.950142
49104	-2568.482	-2775.809	207.3274	0.9749127	0.09725513	0.593962	0.406038	5.353212
49110	-2566.95	-2774.084	207.1333	1.133178	0.07690599	0.593962	0.406038	5.423125
49116	-2579.206	-2786.738	207.5316	1.047348	0.0749821	0.648977	0.351023	5.255729
49122	-2574.47	-2783.742	209.2724	1.060121	0.1005382	0.505032	0.494968	4.211101
49128	-2565.967	-2774.923	208.956	1.084477	0.09742275	0.530783	0.469217	4.383844
49134	-2573.817	-2782.917	209.1003	0.9562978	0.09742275	0.530807	0.469193	4.374775
49140	-2578.871	-2788.022	209.1512	1.006871	0.07485348	0.563492	0.436508	4.374775
49146	-2571.956	-2781.471	209.5145	1.146318	0.102912	0.552443	0.447557	4.018535
49152	-2565.42	-2773.38	207.9601	0.9705346	0.09260104	0.593081	0.406919	5.01666
49158	-2574.583	-2784.399	209.8166	0.9828973	0.07417232	0.613346	0.386654	4.012413
49164	-2571.748	-2780.733	208.9853	1.168536	0.06603846	0.589375	0.410625	4.400906
49170	-2590.343	-2799.286	208.9426	1.161018	0.05698728	0.589375	0.410625	4.454303
49176	-2596.621	-2805.495	208.8739	1.145911	0.09417148	0.45426	0.54574	4.403432
49182	-2587.67	-2796.757	209.087	1.143595	0.08284398	0.602645	0.397355	4.312871
49188	-2597.647	-2805.034	207.3862	0.9451786	0.0834233	0.700453	0.299547	5.37087
49194	-2586.526	-2794.43	207.9036	0.9932071	0.09224598	0.459912	0.540088	5.036304
49200	-2578.702	-2786.451	207.7483	1.060015	0.08840095	0.620435	0.379565	5.094825
49206	-2578.942	-2788.438	209.4965	1.157739	0.09947697	0.519128	0.480872	4.030584
49212	-2582.083	-2789.968	207.8857	1.149915	0.07808327	0.548097	0.451903	4.994719
49218	-2578.014	-2788.723	210.7088	1.34656	0.07085636	0.555109	0.444891	3.293615
49224	-2580.222	-2791.446	211.2234	1.295082	0.08306751	0.515868	0.484132	2.984316
49230	-2588.234	-2797.184	208.9495	0.9710713	0.08036745	0.637086	0.362914	4.494153
49236	-2582.994	-2790.085	207.0912	0.9476824	0.06278918	0.645892	0.354108	5.58552
49242	-2585.855	-2795.317	209.4616	1.046794	0.07594695	0.617922	0.382078	4.173479
49248	-2585.851	-2792.934	207.0834	1.066956	0.06109441	0.529715	0.470285	5.528859
49254	-2601.346	-2811.162	209.8167	1.19809	0.08044506	0.495344	0.504656	3.872415
49260	-2594.596	-2804.905	210.3085	1.172619	0.05894718	0.661631	0.338369	3.6629
49266	-2603.528	-2813.33	209.8013	1.394094	0.05894718	0.510417	0.489583	3.827787
49272	-2605.987	-2816.029	210.0419	1.283536	0.08971111	0.403572	0.596428	3.669235
49278	-2596.625	-2806.877	210.2526	1.21099	0.0818736	0.675368	0.324632	3.609557
49284	-2595.628	-2804.925	209.2973	1.214412	0.06649179	0.387573	0.612427	4.197185
49290	-2599.687	-2809.474	209.7876	1.392014	0.07147904	0.432253	0.567747	3.801783
49296	-2593.307	-2803.265	209.9581	1.143891	0.07147904	0.557008	0.442992	3.846419
49302	-2592.965	-2802.914	209.9484	1.219341	0.06602727	0.557008	0.442992	3.823669
49308	-2596.726	-2808.008	211.2823	1.343796	0.08704286	0.631053	0.368947	2.908709
49314	-2597.959	-2809.223	211.2633	1.327666	0.1028127	0.575535	0.424465	2.888608
49320	-2595.246	-2806.685	211.4383	1.227165	0.08568685	0.592879	0.407121	2.888608
49326	-2592.701	-2803.33	210.6299	1.233334	0.04824467	0.622688	0.377312	3.471829
49332	-2596.034	-2805.756	209.7219	1.10426	0.09070896	0.48574	0.51426	3.954023
49338	-2594.616	-2804.346	209.7294	1.193865	0.06961228	0.568376	0.431624	3.954023
49344	-2579.16	-2786.605	207.4454	1.103869	0.09335155	0.549003	0.450997	5.226177
49350	-2587.111	-2795.658	208.5472	1.065544	0.1013702	0.542527	0.457473	4.615011
49356	-2589.373	-2797.211	207.8381	0.8432158	0.1052557	0.556545	0.443455	5.125014
49362	-2592.973	-2799.821	206.8476	1.023544	0.1035023	0.523712	0.476288	5.575924
49368	-2591.345	-2798.065	206.7194	0.9449297	0.05890906	0.637339	0.362661	5.801326
49374	-2587.504	-2794.253	206.7488	1.067714	0.05890906	0.597927	0.402073	5.717955
49380	-2591.064	-2797.764	206.7002	0.9759909	0.08868294	0.58807	0.41193	5.717955
49386	-2590.652	-2799.308	208.6558	0.9295085	0.08198697	0.598142	0.401858	4.67813
49392	-2590.47	-2799.485	209.0151	1.083113	0.08253011	0.509974	0.490026	4.388475
49398	-2599.853	-2808.831	208.9781	1.154868	0.07502596	0.46556	0.53444	4.388475
49404	-2587.733	-2796.606	208.873	1.154868	0.07502596	0.481627	0.518373	4.447731
49410	-2593.296	-2803.484	210.1873	1.262847	0.08232913	0.659618	0.340382	3.616164
49416	-2592.22	-2802.125	209.9056	1.309752	0.08007218	0.700939	0.299061	3.757976
49422	-2594.571	-2804.818	210.247	1.038722	0.101054	0.452057	0.547943	3.663799
49428	-2599.536	-2807.104	207.5677	0.9838038	0.07392354	0.516067	0.483933	5.273645
49434	-2600.904	-2809.645	208.7412	1.024729	0.09354181	0.661805	0.338195	4.547893
49440	-2592.976	-2801.627	208.6516	1.024729	0.09354181	0.631658	0.368342	4.598208
49446	-2603.078	-2812.569	209.491	1.166406	0.08831724	0.631658	0.368342	4.056512
49452	-2582.292	-2791.07	208.7779	1.188036	0.06952734	0.678714	0.321286	4.497301
49458	-2563.728	-2773.675	209.9465	1.247637	0.06952734	0.647243	0.352757	3.798783
49464	-2572.314	-2782.217	209.9029	1.203862	0.08841876	0.589587	0.410413	3.798783
49470	-2584.413	-2792.991	208.5772	1.08822	0.06726595	0.61472	0.38528	4.672017
49476	-2581.113	-2791.478	210.3654	1.171311	0.07782358	0.61472	0.38528	3.577964
49482	-2573.249	-2783.776	210.5274	1.214389	0.09641444	0.610425	0.389575	3.409753
49488	-2564.502	-2775.371	210.8696	1.207596	0.1038792	0.525911	0.474089	3.193442
49494	-2576.087	-2784.503	208.4162	1.207596	0.08259418	0.525911	0.474089	4.655034
49500	-2583.83	-2794.243	210.4131	1.339419	0.100008	0.597929	0.402071	3.394462
49506	-2582.966	-2793.435	210.4683	1.363269	0.07768634	0.71735	0.28265	3.406256
49512	-2583.296	-2793.049	209.7523	1.18121	0.100068	0.533145	0.466855	3.869263
49518	-2600.152	-2807.591	207.439	1.063357	0.08204413	0.576406	0.423594	5.27999
49524	-2583.241	-2791.362	208.121	1.068316	0.1214889	0.55617	0.44383	4.806273
49530	-2576.438	-2785.694	209.2561	1.093139	0.08247315	0.560507	0.439493	4.246668
49536	-2573.56	-2781.427	207.8665	0.9751164	0.07419494	0.561546	0.438454	5.112419
49542	-2568.006	-2776.243	208.2369	1.302946	0.07246055	0.544812	0.455188	4.728353
49548	-2570.715	-2780.503	209.7882	1.194035	0.09106142	0.556421	0.443579	3.863664
49554	-2572.922	-2782.898	209.9761	1.194035	0.07421081	0.556421	0.443579	3.79975
49560	-2577.658	-2788.355	210.6967	1.245965	0.07311676	0.612165	0.387835	3.35365
49566	-2588.329	-2798.174	209.8451	1.173955	0.06673796	0.503624	0.496376	3.907091
49572	-2572.142	-2781.988	209.8459	1.173955	0.06657937	0.57417	0.42583	3.907091
49578	-2579.161	-2788.691	209.5298	1.198903	0.07614241	0.561303	0.438697	4.047528
49584	-2581.431	-2791.156	209.7253	1.045081	0.06717872	0.544095	0.455905	4.048089
49590	-2575.673	-2784.197	208.5244	0.8737913	0.07387142	0.560029	0.439971	4.803778
49596	-2581.15	-2790.959	209.8093	1.057685	0.09472507	0.548873	0.451127	3.92059
49602	-2591.87	-2800.66	208.7898	0.9547135	0.05746999	0.548873	0.451127	4.65465
49608	-2585.04	-2791.39	206.3505	0.9547135	0.06226604	0.554414	0.445586	5.988463
49614	-2581.704	-2790.417	208.7127	1.007442	0.03977446	0.516224	0.483776	4.717745
49620	-2569.699	-2777.507	207.8082	1.044168	0.0625017	0.516224	0.483776	5.137681
49626	-2578.337	-2786.069	207.732	1.036851	0.08110622	0.600116	0.399884	5.13492
49632	-2581.31	-2788.892	207.5829	0.9878615	0.08110622	0.620552	0.379448	5.244574
49638	-2581.659	-2789.53	207.8711	1.12056	0.05770221	0.622322	0.377678	5.073644
49644	-2582.68	-2793.632	210.9527	1.332677	0.06644047	0.490894	0.509106	3.170144
49650	-2590.643	-2800.396	209.7534	1.097712	0.06672316	0.556837	0.443163	4.003281
49656	-2585.037	-2792.497	207.4599	1.066282	0.07818773	0.552823	0.447177	5.276637
49662	-2575.626	-2783.627	208.0017	0.9512225	0.1016523	0.48898	0.51102	4.982685
49668	-2571.015	-2781.933	210.9184	1.245436	0.06814401	0.35876	0.64124	3.237267
49674	-2585.651	-2795.097	209.4455	1.053607	0.09162682	0.559456	0.440544	4.138312
49680	-2580.187	-2790.982	210.7948	1.370548	0.06832172	0.549357	0.450643	3.235905
49686	-2575.804	-2786.075	210.2709	1.297714	0.07045699	0.488645	0.511355	3.579616
49692	-2577.501	-2786.732	209.2312	1.150301	0.09509462	0.489219	0.510781	4.196519
49698	-2571.481	-2780.328	208.8471	1.070315	0.08430089	0.671069	0.328931	4.485786
49704	-2566.904	-2774.936	208.0326	1.036677	0.09081613	0.55111	0.44889	4.943929
49710	-2581.371	-2789.178	207.807	1.031376	0.08353642	0.59679	0.40321	5.090251
49716	-2579.291	-2788.213	208.9216	0.9690908	0.06940997	0.5981	0.4019	4.539909
49722	-2577.11	-2785.52	208.4101	1.055211	0.06126504	0.548355	0.451645	4.800287
49728	-2582.288	-2791.224	208.9355	1.094954	0.08504155	0.444077	0.555923	4.420251
49734	-2597.441	-2806.673	209.2323	1.139695	0.07418035	0.689234	0.310766	4.255565
49740	-2596.014	-2804.635	208.6209	1.056674	0.05208558	0.573413	0.426587	4.707211
49746	-2582.354	-2791.215	208.8609	0.9630625	0.06996186	0.579273	0.420727	4.575887
49752	-2594.803	-2803.092	208.2893	1.196478	0.05398127	0.640098	0.359902	4.809045
49758	-2594.497	-2804.372	209.8747	1.29044	0.1117588	0.48164	0.51836	3.707928
49764	-2590.382	-2799.458	209.0755	1.216863	0.09871004	0.651049	0.348951	4.238292
49770	-2581.647	-2792.489	210.8423	1.268754	0.06523705	0.637427	0.362573	3.276784
49776	-2587.761	-2798.359	210.5985	1.205109	0.101564	0.562514	0.437486	3.360589
49782	-2582.501	-2790.034	207.5331	1.143224	0.08040707	0.586837	0.413163	5.187968
49788	-2581.438	-2791.355	209.9172	1.184502	0.08040707	0.586837	0.413163	3.822556
49794	-2582.141	-2791.113	208.9715	1.028726	0.1239058	0.585043	0.414957	4.345784
49800	-2581.659	-2790.511	208.852	1.106444	0.1197608	0.484578	0.515422	4.378499
49806	-2583.812	-2793.292	209.48	1.386198	0.06404233	0.606023	0.393977	4.002072
49812	-2576.946	-2786.735	209.7888	1.137928	0.1241411	0.577041	0.422959	3.817232
49818	-2564.982	-2775.395	210.4128	1.167036	0.1241411	0.536354	0.463646	3.438434
49824	-2576.882	-2786.079	209.1966	1.136259	0.08647014	0.536354	0.463646	4.245701
49830	-2584.975	-2793.984	209.0096	1.170388	0.08647014	0.536354	0.463646	4.332226
49836	-2580.507	-2789.623	209.1163	1.355898	0.1074528	0.595199	0.404801	4.115347
49842	-2583.255	-2791.38	208.1247	1.048064	0.1074528	0.595199	0.404801	4.846829
49848	-2579.042	-2785.712	206.6696	0.9512414	0.07604094	0.555792	0.444208	5.779849
49854	-2592.674	-2798.631	205.9568	1.016351	0.05881968	0.586522	0.413478	6.178596
49860	-2575.935	-2783.092	207.1571	0.9693236	0.05537489	0.570668	0.429332	5.557595
49866	-2566.191	-2775.107	208.9158	1.044239	0.06637084	0.532122	0.467878	4.509169
49872	-2588.92	-2797.898	208.9783	1.096611	0.06375894	0.592498	0.407502	4.451638
49878	-2591.77	-2802.266	210.496	1.096611	0.09960905	0.541406	0.458594	3.488969
49884	-2593.031	-2800.459	207.4285	1.001138	0.0648732	0.56744	0.43256	5.364859
49890	-2596.72	-2804.699	207.9793	1.170835	0.08731182	0.556846	0.443154	4.907585
49896	-2603.298	-2814.244	210.9461	1.330077	0.08235514	0.548294	0.451706	3.131101
49902	-2582.79	-2793.441	210.6506	1.505076	0.09416891	0.578158	0.421842	3.171418
49908	-2592.151	-2802.081	209.9295	1.278636	0.1235839	0.524159	0.475841	3.656044
49914	-2591.247	-2802.635	211.3883	1.344116	0.1024126	0.573296	0.426704	2.803835
49920	-2584.997	-2795.487	210.4903	1.166338	0.1024126	0.583404	0.416596	3.444663
49926	-2596.206	-2805.104	208.8978	1.020626	0.1311422	0.553217	0.446783	4.376407
49932	-2589.769	-2799.166	209.3966	1.330892	0.0890227	0.418475	0.581525	4.014728
49938	-2573.329	-2783.069	209.7395	1.349091	0.05983092	0.568786	0.431214	3.886588
49944	-2574.041	-2784.625	210.5838	1.160772	0.118848	0.629009	0.370991	3.353908
49950	-2587.534	-2797.21	209.6753	1.17079	0.08851988	0.730136	0.269864	3.948158
49956	-2595.575	-2806.168	210.5937	1.153006	0.081031	0.600319	0.399681	3.446868
49962	-2598.437	-2807.624	209.1876	1.065798	0.08117141	0.674908	0.325092	4.304272
49968	-2597.613	-2805.762	208.1491	0.9605747	0.06634616	0.601355	0.398645	4.984521
49974	-2584.734	-2795.232	210.4977	1.506973	0.06423103	0.615261	0.384739	3.342307
49980	-2575.576	-2785.307	209.7305	1.295242	0.08563349	0.590678	0.409322	3.852526
49986	-2569.866	-2779.163	209.297	1.377891	0.0695944	0.590678	0.409322	4.095892
49992	-2575.432	-2785.779	210.3475	1.220374	0.07347083	0.54433	0.45567	3.571728
49998	-2588.048	-2796.827	208.7791	1.204038	0.0683233	0.658438	0.341562	4.490871
50004	-2577.168	-2785.764	208.5957	1.104744	0.07543215	0.608119	0.391881	4.63065
50010	-2587.965	-2796.918	208.9526	1.105068	0.08966251	0.684263	0.315737	4.393244
50016	-2587.284	-2797.146	209.8621	1.082485	0.06222563	0.684263	0.315737	3.962375
50022	-2564.645	-2774.106	209.4608	1.219533	0.06757294	0.585795	0.414205	4.098352
50028	-2571.024	-2780.615	209.591	1.219533	0.09540448	0.648529	0.351471	3.951215
50034	-2570.467	-2781.376	210.9093	1.444866	0.1139194	0.671874	0.328126	3.003803
50040	-2573.285	-2783.011	209.7256	1.318314	0.05825338	0.638352	0.361648	3.916718
50046	-2579.389	-2788.971	209.5822	1.110502	0.09230483	0.656409	0.343591	4.026306
50052	-2569.65	-2779.151	209.5012	1.182498	0.09437563	0.579086	0.420914	4.026306
50058	-2573.386	-2783.198	209.8124	1.182498	0.1086157	0.548814	0.451186	3.813491
50064	-2578.135	-2787.142	209.0073	1.070652	0.1094276	0.483984	0.516016	4.334308
50070	-2580.695	-2790.084	209.3888	1.129339	0.09029013	0.65704	0.34296	4.13084
50076	-2577.391	-2786.317	208.9255	1.236401	0.08178987	0.514963	0.485037	4.35443
50082	-2578.446	-2785.45	207.0043	1.032942	0.1001136	0.450427	0.549573	5.492501
50088	-2568.728	-2777.613	208.8849	1.133216	0.100591	0.703026	0.296974	4.38887
50094	-2587.454	-2794.537	207.083	1.133216	0.06487685	0.604158	0.395842	5.482424
50100	-2592.804	-2802.253	209.4486	1.237634	0.1073954	0.626668	0.373332	3.993385
50106	-2587.65	-2797.83	210.1797	1.141173	0.07458272	0.628983	0.371017	3.711797
50112	-2593.097	-2803.033	209.9366	1.321162	0.1036549	0.664687	0.335313	3.673683
50118	-2590.731	-2801.315	210.5835	1.320933	0.06335386	0.627147	0.372853	3.403662
50124	-2587.635	-2798.745	211.11	1.339351	0.08917599	0.456262	0.543738	3.009296
50130	-2596.541	-2805.888	209.3474	1.302924	0.05874448	0.6982	0.3018	4.140024
50136	-2594.587	-2804.045	209.4573	1.302924	0.07830158	0.488875	0.511125	4.023809
50142	-2592.446	-2802.041	209.5952	1.342819	0.0904571	0.522429	0.477571	3.890589
50148	-2589.492	-2800.598	211.1056	1.40814	0.1198549	0.522429	0.477571	2.893561
50154	-2576.936	-2786.567	209.6312	1.377115	0.05711413	0.580357	0.419643	3.940385
50160	-2587.109	-2797.909	210.7995	1.253848	0.05961227	0.636592	0.363408	3.32706
50166	-2588.701	-2798.387	209.6854	1.304272	0.07905258	0.670508	0.329492	3.89048
50172	-2584.121	-2792.422	208.3011	1.030458	0.08718727	0.670508	0.329492	4.806827
50178	-2585.855	-2794.366	208.5116	1.153876	0.07095492	0.670508	0.329492	4.662101
50184	-2589.049	-2799.401	210.3519	1.320166	0.086437	0.557714	0.442286	3.476166
50190	-2575.147	-2783.32	208.1734	1.098518	0.06560951	0.589498	0.410502	4.896257
50196	-2592.59	-2800.886	208.2959	1.082943	0.08636069	0.640341	0.359659	4.782473
50202	-2592.117	-2802.795	210.6776	1.209448	0.1024748	0.649119	0.350881	3.30927
50208	-2580.587	-2789.153	208.5655	1.039007	0.08799021	0.613668	0.386332	4.652192
50214	-2580.041	-2789.776	209.7357	1.013385	0.1384437	0.554659	0.445341	3.888461
50220	-2579.89	-2789.321	209.4313	1.182396	0.07526107	0.648742	0.351258	4.115405
50226	-2586.83	-2796.915	210.0854	1.284693	0.08846881	0.442215	0.557785	3.646575
50232	-2606.431	-2813.704	207.2724	0.9886233	0.05118848	0.615046	0.384954	5.495104
50238	-2598.549	-2808.198	209.6487	0.9886233	0.1265785	0.634188	0.365812	3.977897
50244	-2590.235	-2798.96	208.7256	1.117632	0.08350413	0.601322	0.398678	4.529545
50250	-2581.168	-2791.697	210.5287	1.382241	0.0823622	0.699684	0.300316	3.34705
50256	-2579.069	-2788.515	209.4461	1.382241	0.08002943	0.655484	0.344516	3.980315
50262	-2583.389	-2793.121	209.7322	1.057947	0.08845988	0.52336	0.47664	3.980315
50268	-2584.761	-2794.268	209.5068	1.057947	0.07440225	0.650626	0.349374	4.145547
50274	-2601.192	-2809.749	208.5578	1.057947	0.06736211	0.543762	0.456238	4.699604
50280	-2596.953	-2806.706	209.753	1.06637	0.09904212	0.744183	0.255817	3.937244
50286	-2587.233	-2797.725	210.4919	1.070488	0.1055322	0.671124	0.328876	3.492101
50292	-2575.559	-2785.593	210.0343	1.177264	0.06794976	0.671124	0.328876	3.793136
50298	-2598.793	-2806.609	207.8167	0.9774343	0.06326983	0.671124	0.328876	5.167826
50304	-2590.362	-2798.787	208.4252	1.048341	0.1094569	0.608626	0.391374	4.674221
50310	-2590.078	-2798.785	208.7065	0.9442071	0.06950276	0.683364	0.316636	4.674221
50316	-2580.677	-2789.573	208.896	0.9442071	0.08792025	0.565437	0.434563	4.520071
50322	-2577.861	-2786.35	208.49	1.145105	0.06093571	0.552738	0.447262	4.706337
50328	-2575.337	-2785.379	210.042	1.107324	0.07018501	0.57712	0.42288	3.822752
50334	-2568.219	-2775.899	207.6801	1.032616	0.09228891	0.657256	0.342744	5.138262
50340	-2583.267	-2792.491	209.2242	1.083687	0.0910546	0.490104	0.509896	4.248288
50346	-2580.343	-2790.588	210.2446	1.382612	0.1090493	0.578802	0.421198	3.445745
50352	-2588.04	-2798.532	210.4921	1.089237	0.1058075	0.60917	0.39083	3.480366
50358	-2595.162	-2803.102	207.9399	1.050721	0.086625	0.639685	0.360315	4.998041
50364	-2590.584	-2799.299	208.7141	1.001034	0.08496421	0.523916	0.476084	4.597798
50370	-2590.773	-2800.717	209.9443	1.172311	0.06537722	0.563392	0.436608	3.854914
50376	-2594.693	-2804.1	209.4064	1.148404	0.07231131	0.584173	0.415827	4.156828
50382	-2597.513	-2807.65	210.137	1.232029	0.06260159	0.557614	0.442386	3.717276
50388	-2582.028	-2792.719	210.6909	1.416976	0.08565517	0.614421	0.385579	3.222095
50394	-2585.598	-2797.312	211.7147	1.431148	0.1212264	0.515979	0.484021	2.502136
50400	-2583.001	-2794.546	211.5447	1.582553	0.1212264	0.507574	0.492426	2.513756
50406	-2569.064	-2779.721	210.6571	1.485795	0.1078242	0.620201	0.379799	3.144701
50412	-2579.542	-2789.217	209.6747	1.207231	0.09650143	0.645137	0.354863	3.90761
50418	-2591.258	-2801.014	209.7561	1.276321	0.06380059	0.578688	0.421312	3.90761
50424	-2588.416	-2797.941	209.5254	1.276321	0.1158871	0.510367	0.489633	3.90761
50430	-2583.843	-2795.689	211.8462	1.42681	0.09154771	0.628982	0.371018	2.49944
50436	-2586.07	-2795.319	209.2486	1.146796	0.07257209	0.458833	0.541167	4.246587
50442	-2597.068	-2806.439	209.3707	1.058317	0.06558183	0.66339	0.33661	4.246587
50448	-2595.504	-2804.642	209.1376	1.021701	0.1099393	0.576316	0.423684	4.287154
50454	-2592.16	-2801.299	209.1391	1.130642	0.07961422	0.576316	0.423684	4.299091
50460	-2598.595	-2807.231	208.6359	1.130642	0.07327777	0.337223	0.662777	4.599229
50466	-2585.859	-2795.142	209.2825	1.061886	0.06621731	0.648982	0.351018	4.292755
50472	-2581.304	-2790.82	209.5164	1.244732	0.1103054	0.510756	0.489244	3.943726
50478	-2583.494	-2793.126	209.6321	1.093619	0.1103054	0.644811	0.355189	3.964023
50484	-2583.708	-2794.147	210.4399	1.20005	0.08239676	0.472969	0.527031	3.50562
50490	-2592.739	-2800.916	208.1772	1.048015	0.08520074	0.53276	0.46724	4.871084
50496	-2589.341	-2797.235	207.8943	0.9508272	0.07836558	0.56569	0.43431	5.099656
50502	-2582.173	-2789.959	207.7855	1.001542	0.1132019	0.503387	0.496613	5.048366
50508	-2580.069	-2788.582	208.5133	1.126683	0.0796023	0.696303	0.303697	4.653643
50514	-2578.438	-2787.693	209.2557	1.19313	0.0796023	0.605996	0.394004	4.197642
50520	-2585.431	-2793.863	208.4314	1.002482	0.1073646	0.548274	0.451726	4.701243
50526	-2576.959	-2786.776	209.817	1.199477	0.1073646	0.734396	0.265604	3.80402
50532	-2578.479	-2788.188	209.7088	1.096451	0.09348766	0.509999	0.490001	3.95901
50538	-2599.021	-2807.84	208.8188	1.112471	0.06778985	0.646755	0.353245	4.521465
50544	-2583.789	-2793.106	209.3171	1.347492	0.07040684	0.547517	0.452483	4.099523
50550	-2595.346	-2804.735	209.3887	1.347492	0.05578229	0.574142	0.425858	4.099523
50556	-2584.676	-2795.392	210.7168	1.208092	0.06545697	0.577119	0.422881	3.385672
50562	-2577.457	-2786.634	209.1774	1.509546	0.0680836	0.502272	0.497728	4.093169
50568	-2592.595	-2803.192	210.5966	1.363788	0.06159105	0.588925	0.411075	3.375921
50574	-2580.804	-2791.218	210.4138	1.430533	0.08620588	0.588925	0.411075	3.375921
50580	-2595.14	-2805.443	210.3028	1.222728	0.1050874	0.388979	0.611021	3.514653
50586	-2576.418	-2786.629	210.2104	1.30169	0.1257013	0.616829	0.383171	3.474513
50592	-2569.338	-2779.653	210.3152	1.30592	0.09871959	0.613398	0.386602	3.474513
50598	-2573.809	-2782.722	208.9127	1.244854	0.06544372	0.587626	0.412374	4.40044
50604	-2578.867	-2788.774	209.9074	1.277387	0.08051141	0.62335	0.37665	3.774464
50610	-2585.867	-2796.566	210.6986	1.310393	0.1180813	0.654457	0.345543	3.199687
50616	-2582.057	-2792.875	210.8185	1.258602	0.07354419	0.656185	0.343815	3.273271
50622	-2583.524	-2794.577	211.0534	1.458986	0.08619722	0.719016	0.280984	2.979487
50628	-2590.607	-2800.989	210.3816	1.353307	0.1092997	0.473076	0.526924	3.382053
50634	-2602.698	-2812.385	209.6866	1.397077	0.07620602	0.484703	0.515297	3.84412
50640	-2586.882	-2797.14	210.2581	1.199867	0.08572742	0.620701	0.379299	3.60269
50646	-2575.364	-2784.287	208.923	1.137492	0.08880591	0.58066	0.41934	4.393793
50652	-2585.306	-2793.308	208.0022	1.253702	0.1106647	0.565968	0.434032	4.79317
50658	-2586.779	-2795.738	208.9582	1.015067	0.1072421	0.517903	0.482097	4.398493
50664	-2586.164	-2796.244	210.0798	1.015067	0.09861748	0.633043	0.366957	3.78003
50670	-2593.433	-2801.799	208.3661	1.083494	0.1373558	0.571518	0.428482	4.627174
50676	-2592.052	-2801.159	209.1074	1.049004	0.07437543	0.580828	0.419172	4.376956
50682	-2586.835	-2795.581	208.746	1.134197	0.07073118	0.429246	0.570754	4.542237
50688	-2585.283	-2795.561	210.2778	1.205119	0.1298346	0.599048	0.400952	3.482364
50694	-2591.738	-2800.996	209.2588	1.073614	0.1298346	0.641369	0.358631	4.144678
50700	-2605.486	-2815.867	210.3817	1.251589	0.07929185	0.457757	0.542243	3.517773
50706	-2585.343	-2795.327	209.9838	1.19455	0.1221476	0.694337	0.305663	3.67649
50712	-2592.881	-2802.251	209.3691	1.154941	0.1097334	0.694337	0.305663	4.080495
50718	-2584.094	-2793.798	209.7039	1.183218	0.07122907	0.520456	0.479544	3.970323
50724	-2583.401	-2792.709	209.3079	1.2132	0.06007881	0.606209	0.393791	4.209661
50730	-2592.7	-2801.958	209.2577	1.473203	0.06578947	0.644607	0.355393	4.074471
50736	-2606.686	-2816.477	209.7905	1.220566	0.04144547	0.42821	0.57179	3.983599
50742	-2587.711	-2796.606	208.8952	0.9709655	0.07316181	0.617057	0.382943	4.543635
50748	-2582.432	-2788.496	206.0637	0.9928812	0.07920534	0.53723	0.46277	6.079944
50754	-2586.42	-2793.489	207.069	0.9845174	0.1111316	0.620087	0.379913	5.458374
50760	-2588.092	-2797.465	209.3724	1.1867	0.08284477	0.531955	0.468045	4.126507
50766	-2596.826	-2808.002	211.1759	1.3091	0.0885769	0.503616	0.496384	2.989512
50772	-2595.855	-2805.09	209.2354	1.125883	0.09654413	0.494015	0.505985	4.204453
50778	-2599.019	-2808.79	209.7709	1.274669	0.08122502	0.535719	0.464281	3.852688
50784	-2590.402	-2800.465	210.0637	1.287312	0.07428691	0.570009	0.429991	3.695176
50790	-2602.926	-2810.483	207.5567	0.9877986	0.1063122	0.70494	0.29506	5.198336
50796	-2590.268	-2798.55	208.2814	0.9849481	0.07005392	0.452171	0.547829	4.88742
50802	-2584.964	-2793.894	208.9305	1.047971	0.07005392	0.711423	0.288577	4.488819
50808	-2600.606	-2809.793	209.1875	0.9243699	0.1035968	0.627524	0.372476	4.328771
50814	-2616.221	-2825.938	209.7172	1.125654	0.1070122	0.521207	0.478793	3.904655
50820	-2592.67	-2803.154	210.4836	1.040834	0.1150379	0.672643	0.327357	3.491697
50826	-2598.392	-2808.363	209.9708	1.398664	0.1091139	0.631177	0.368823	3.5958
50832	-2593.972	-2802.921	208.9488	1.261627	0.1140014	0.542855	0.457145	4.248885
50838	-2596.618	-2805.303	208.6849	1.222824	0.1024861	0.541983	0.458017	4.446628
50844	-2577.637	-2786.095	208.4581	1.051348	0.07400118	0.627149	0.372851	4.741285
50850	-2587.178	-2793.551	206.3733	0.889093	0.0708715	0.627149	0.372851	5.989035
50856	-2588.688	-2796.868	208.1804	1.052117	0.05783435	0.571002	0.428998	4.939451
50862	-2595.724	-2805.274	209.5496	1.089054	0.1470194	0.580722	0.419278	3.934133
50868	-2587.821	-2796.566	208.7442	1.03478	0.09065811	0.648404	0.351596	4.547648
50874	-2593.319	-2801.278	207.9588	1.200421	0.07209081	0.506319	0.493681	4.941624
50880	-2596.146	-2805.702	209.5563	1.200421	0.06369056	0.512443	0.487557	4.065588
50886	-2595.613	-2805.482	209.8688	1.309147	0.1185526	0.459862	0.540138	3.684876
50892	-2597.142	-2806.84	209.6981	1.423446	0.08004889	0.580163	0.419837	3.812092
50898	-2591.658	-2802.645	210.9873	1.743549	0.07276128	0.616176	0.383824	2.885147
50904	-2596.021	-2808.135	212.1148	1.528903	0.1255607	0.616176	0.383824	2.174682
50910	-2592.268	-2804.422	212.1537	1.511552	0.07924099	0.671325	0.328675	2.286502
50916	-2584.885	-2795.887	211.0013	1.265699	0.07095754	0.72229	0.27771	3.16816
50922	-2578.994	-2789.436	210.4419	1.286006	0.09320056	0.495286	0.504714	3.426047
50928	-2573.939	-2784.458	210.5192	1.459233	0.07034044	0.542321	0.457679	3.340397
50934	-2572.976	-2782.264	209.2876	1.198466	0.07716783	0.542321	0.457679	4.182893
50940	-2575.671	-2785.128	209.4569	1.106983	0.09901988	0.592389	0.407611	4.083253
50946	-2577.796	-2786.822	209.0259	1.084616	0.09175352	0.535871	0.464129	4.358237
50952	-2581.564	-2791.006	209.4422	1.086865	0.0762429	0.535871	0.464129	4.160942
50958	-2584.845	-2793.7	208.8558	0.9583616	0.09987619	0.596387	0.403613	4.505462
50964	-2578.003	-2786.623	208.6198	1.048022	0.08336753	0.571683	0.428317	4.628368
50970	-2592.96	-2802.646	209.686	1.197024	0.07052332	0.535732	0.464268	3.97456
50976	-2598.637	-2808.514	209.8774	1.241728	0.07098617	0.539738	0.460262	3.837916
50982	-2592.233	-2801.256	209.0223	0.9542409	0.09185604	0.571773	0.428227	4.43354
50988	-2585.508	-2794.777	209.2698	1.050485	0.08617459	0.590742	0.409258	4.253553
50994	-2575.077	-2783.671	208.5948	1.133011	0.06030912	0.537231	0.462769	4.656167
51000	-2581.088	-2791.436	210.3482	1.447556	0.06180447	0.515783	0.484217	3.471693
51006	-2571.311	-2780.256	208.9452	1.115026	0.08345208	0.566916	0.433084	4.407528
51012	-2578.924	-2788.155	209.2307	1.174911	0.07775203	0.566916	0.433084	4.227003
51018	-2573.617	-2783.275	209.6581	1.092056	0.103132	0.566916	0.433084	3.966974
51024	-2580.594	-2790.113	209.5185	1.158762	0.1211595	0.566916	0.433084	3.966974
51030	-2583.192	-2793.047	209.8549	1.149978	0.06159589	0.566916	0.433084	3.929618
51036	-2587.48	-2794.159	206.6786	1.199446	0.05688058	0.623537	0.376463	5.689754
51042	-2582.996	-2792.441	209.4456	1.050888	0.112675	0.673067	0.326933	4.089399
51048	-2578.986	-2789.261	210.2752	1.25014	0.06770999	0.49506	0.50494	3.612377
51054	-2574.905	-2786.418	211.513	1.305775	0.09276184	0.472496	0.527504	2.776462
51060	-2580.823	-2789.57	208.7466	1.158162	0.1076071	0.563292	0.436708	4.436277
51066	-2570.921	-2779.986	209.0643	1.103563	0.09070088	0.548626	0.451374	4.328442
51072	-2588.845	-2797.817	208.9717	1.169557	0.07438694	0.548626	0.451374	4.385501
51078	-2585.299	-2794.712	209.4127	1.018518	0.09049171	0.548626	0.451374	4.179718
51084	-2581.983	-2791.202	209.2188	1.205638	0.09431928	0.5345	0.4655	4.174078
51090	-2584.086	-2792.119	208.0335	1.165144	0.05574841	0.497959	0.502041	4.964059
51096	-2579.76	-2787.869	208.1086	0.8628083	0.07827107	0.520949	0.479051	5.029862
51102	-2588.894	-2797.416	208.5222	0.8628083	0.1084944	0.610191	0.389809	4.725966
51108	-2572.195	-2781.331	209.1359	1.056277	0.08429182	0.701704	0.298296	4.330864
51114	-2584.709	-2794.258	209.5489	1.092094	0.07819524	0.701704	0.298296	4.092076
51120	-2592.814	-2801.161	208.3465	1.1174	0.1122388	0.558745	0.441255	4.673325
51126	-2583.135	-2792.898	209.7627	1.329392	0.06000154	0.677866	0.322134	3.884101
51132	-2589.632	-2797.381	207.7495	1.249534	0.06952645	0.707668	0.292332	5.037442
51138	-2584.808	-2793.964	209.1564	1.01151	0.1032857	0.698392	0.301608	4.297838
51144	-2585.083	-2793.493	208.4099	0.9946335	0.1152693	0.642606	0.357394	4.699692
51150	-2596.753	-2805.764	209.0109	0.9946335	0.1203194	0.535276	0.464724	4.350643
51156	-2580.817	-2789.951	209.1336	0.9946335	0.09077936	0.63541	0.36459	4.350643
51162	-2580.18	-2788.864	208.6837	1.059572	0.1021496	0.752533	0.247467	4.539939
51168	-2581.731	-2789.607	207.8763	1.128081	0.06046133	0.594581	0.405419	5.05896
51174	-2594.906	-2802.734	207.8276	0.9362354	0.06747419	0.666553	0.333447	5.173277
51180	-2593.161	-2802.377	209.2163	1.074868	0.08473342	0.536735	0.463265	4.273764
51186	-2587.917	-2797.499	209.582	1.074868	0.07367113	0.4956	0.5044	4.095097
51192	-2589.126	-2798.935	209.8084	1.169204	0.07343043	0.697189	0.302811	3.912476
51198	-2584.836	-2795.15	210.3142	1.169523	0.0616628	0.597047	0.402953	3.653617
51204	-2587.61	-2798.125	210.5144	1.169523	0.1235811	0.574449	0.425551	3.378703
51210	-2588.433	-2798.67	210.2369	1.157163	0.08242537	0.455653	0.544347	3.64843
51216	-2587.795	-2796.658	208.8634	1.081883	0.08242537	0.581083	0.418917	4.474933
51222	-2578.155	-2787.059	208.9044	1.081883	0.08242537	0.584317	0.415683	4.451855
51228	-2570.689	-2778.126	207.4371	1.081883	0.06953539	0.584317	0.415683	5.303128
51234	-2586.238	-2795.744	209.5064	1.073455	0.0877126	0.654671	0.345329	4.102223
51240	-2582.849	-2792.608	209.7589	1.073455	0.1125678	0.615983	0.384017	3.897684
51246	-2585.6	-2793.232	207.6325	1.065358	0.07860484	0.644174	0.355826	5.180639
51252	-2598.134	-2805.695	207.5613	0.8978575	0.0838526	0.555902	0.444098	5.299264
51258	-2582.091	-2791.49	209.399	0.9698298	0.06204675	0.530931	0.469069	4.29047
51264	-2584.245	-2791.789	207.5442	0.8638049	0.08928174	0.480085	0.519915	5.314086
51270	-2579.994	-2787.993	207.999	0.9973562	0.1025432	0.480085	0.519915	4.956434
51276	-2593.119	-2801.707	208.5876	1.031965	0.09309043	0.655044	0.344956	4.631123
51282	-2595.561	-2805.256	209.6945	1.117131	0.09382031	0.494158	0.505842	3.954525
51288	-2594.006	-2804.343	210.3375	1.057532	0.067449	0.621564	0.378436	3.688636
51294	-2591.195	-2800.951	209.7559	1.057532	0.067449	0.621564	0.378436	4.022797
51300	-2589.316	-2800.067	210.7508	1.054729	0.08641037	0.619559	0.380441	3.398183
51306	-2587.696	-2797.766	210.07	1.072696	0.08647015	0.502849	0.497151	3.783108
51312	-2578.608	-2788.089	209.4815	1.06697	0.08647015	0.70297	0.29703	4.123255
51318	-2583.315	-2793.211	209.8962	1.079976	0.1287897	0.731935	0.268065	3.778516
51324	-2580.366	-2789.412	209.0461	0.966653	0.1016913	0.548461	0.451539	4.389269
51330	-2583.976	-2794.295	210.3195	1.185258	0.07108402	0.457603	0.542397	3.614928
51336	-2583.836	-2794.511	210.6757	1.185258	0.07108402	0.501157	0.498843	3.407254
51342	-2585.148	-2796.018	210.8691	1.301584	0.09939931	0.721081	0.278919	3.149172
51348	-2576.681	-2787.191	210.5095	1.253587	0.0679434	0.612027	0.387973	3.473336
51354	-2590.788	-2799.814	209.0255	1.107506	0.08959606	0.538157	0.461843	4.35087
51360	-2579.322	-2786.358	207.0368	0.9234055	0.07841387	0.598255	0.401745	5.587754
51366	-2590.098	-2795.271	205.1735	0.8360165	0.05449742	0.530241	0.469759	6.712629
51372	-2579.564	-2787.487	207.9223	1.073607	0.05775959	0.470276	0.529724	5.071083
51378	-2587.844	-2797.708	209.864	1.269911	0.06637721	0.571143	0.428857	3.842155
51384	-2575.213	-2783.593	208.3806	1.104585	0.06518528	0.578644	0.421356	4.778446
51390	-2587.688	-2796.331	208.6439	1.152884	0.0933474	0.57326	0.42674	4.531019
51396	-2596.462	-2804.017	207.5547	1.026322	0.09056232	0.617072	0.382928	5.215343
51402	-2584.819	-2792.925	208.1061	0.9863732	0.07988555	0.579433	0.420567	4.958476
51408	-2578.797	-2787.034	208.2369	0.9678368	0.09465318	0.706367	0.293633	4.859173
51414	-2574.545	-2783.234	208.6895	1.007204	0.1071558	0.567617	0.432383	4.554395
51420	-2587.208	-2794.406	207.1982	1.082319	0.06646805	0.486904	0.513096	5.44279
51426	-2582.032	-2791.323	209.2909	0.9919043	0.08571252	0.593992	0.406008	4.275967
51432	-2588.037	-2795.578	207.5413	0.9751581	0.06934888	0.626428	0.373572	5.305055
51438	-2597.184	-2804.821	207.6365	0.9880442	0.0836208	0.626428	0.373572	5.20848
51444	-2589.95	-2798.854	208.9044	0.9880442	0.06718171	0.649824	0.350176	4.54494
51450	-2583.005	-2791.691	208.6859	1.169104	0.07570483	0.691782	0.308218	4.543183
51456	-2572.727	-2782.073	209.3463	1.209405	0.05621899	0.662091	0.337909	4.200937
51462	-2582.324	-2792.253	209.9285	1.27478	0.05695575	0.531006	0.468994	3.828929
51468	-2580.071	-2790.651	210.5804	1.246315	0.0697886	0.533593	0.466407	3.430911
51474	-2574.833	-2785.173	210.3398	1.321457	0.0697886	0.611235	0.388765	3.527548
51480	-2576.564	-2784.901	208.3369	1.073866	0.06004819	0.46944	0.53056	4.834057
51486	-2586.01	-2795.023	209.0124	1.105063	0.08916645	0.572968	0.427032	4.360747
51492	-2581.678	-2789.629	207.9512	1.102007	0.09285399	0.68398	0.31602	4.947922
51498	-2578.558	-2786.707	208.1492	1.038402	0.06386595	0.423196	0.576804	4.947922
51504	-2572.458	-2781.438	208.9804	1.036561	0.1114685	0.439026	0.560974	4.364119
51510	-2564.542	-2774.306	209.7641	1.173842	0.06340847	0.55448	0.44552	3.962836
51516	-2564.442	-2774.171	209.7292	1.173842	0.07063341	0.635263	0.364737	3.962836
51522	-2573.943	-2780.964	207.0211	0.9458476	0.08840996	0.549234	0.450766	5.55908
51528	-2562.495	-2771.509	209.0136	1.137913	0.08779289	0.625333	0.374667	4.344981
51534	-2561.189	-2769.466	208.277	1.030625	0.06083302	0.709564	0.290436	4.889394
51540	-2574.671	-2782.715	208.0438	1.075715	0.06370133	0.576629	0.423371	4.986183
51546	-2566.876	-2775.327	208.4516	1.061434	0.09341983	0.514745	0.485255	4.689992
51552	-2586.295	-2795.613	209.3179	1.135163	0.09289801	0.575016	0.424984	4.161318
51558	-2578.259	-2787.58	209.3212	1.075953	0.1060536	0.494263	0.505737	4.161318
51564	-2580.175	-2788.125	207.9492	1.075953	0.05155565	0.494263	0.505737	5.072091
51570	-2589.611	-2798.036	208.4251	0.9344064	0.06170255	0.493122	0.506878	4.858077
51576	-2585.203	-2793.62	208.4175	1.052439	0.07711901	0.727044	0.272956	4.75522
51582	-2579.929	-2789.959	210.0302	1.077642	0.09405685	0.608969	0.391031	3.783851
51588	-2593.891	-2803.571	209.6803	1.072621	0.08422321	0.532226	0.467774	4.012462
51594	-2586.822	-2796.453	209.6309	1.072621	0.08008655	0.583261	0.416739	4.051477
51600	-2592.118	-2799.833	207.7145	0.9982938	0.1034031	0.567656	0.432344	5.111887
51606	-2592.579	-2801.278	208.6995	0.9982938	0.06550865	0.651448	0.348552	4.65871
51612	-2581.525	-2789.763	208.2379	0.9916785	0.08146529	0.642907	0.357093	4.8781
51618	-2590.094	-2799.878	209.784	1.201125	0.07572598	0.659436	0.340564	3.901984
51624	-2594.15	-2804.696	210.5459	1.063269	0.0970177	0.621517	0.378483	3.485763
51630	-2594.36	-2803.833	209.4732	1.057141	0.0970177	0.562586	0.437414	4.107244
51636	-2574.03	-2783.552	209.5219	1.0653	0.08412134	0.547812	0.452188	4.107244
51642	-2576.136	-2784.41	208.2739	1.105146	0.08258768	0.511584	0.488416	4.791888
51648	-2570.254	-2778.232	207.9778	1.09502	0.06447928	0.511584	0.488416	5.01005
51654	-2573.124	-2782.962	209.8379	1.1757	0.07056245	0.674132	0.325868	3.899652
51660	-2587.777	-2798.997	211.2201	1.229987	0.08091357	0.671342	0.328658	3.031195
51666	-2582.708	-2792.817	210.1089	1.219025	0.08414765	0.575334	0.424666	3.68219
51672	-2585.479	-2795.632	210.1524	1.219025	0.07473337	0.575334	0.424666	3.68219
51678	-2588.068	-2797.956	209.8871	0.9875864	0.07406028	0.697687	0.302313	3.969712
51684	-2572.352	-2781.586	209.2338	1.085746	0.1024585	0.596495	0.403505	4.213871
51690	-2579.356	-2787.834	208.4782	1.0874	0.0692028	0.516704	0.483296	4.722675
51696	-2579.503	-2789.859	210.356	1.251848	0.08703116	0.609725	0.390275	3.512116
51702	-2573.63	-2785.386	211.7556	1.44607	0.09487609	0.554753	0.445247	2.534885
51708	-2588.441	-2798.766	210.3253	1.410952	0.09093248	0.489036	0.510964	3.42694
51714	-2584.984	-2794.078	209.094	1.014391	0.0742127	0.577212	0.422788	4.404494
51720	-2580.96	-2790.86	209.9003	1.014391	0.0742127	0.734787	0.265213	3.946404
51726	-2589.87	-2799.7	209.8299	0.9839488	0.1108711	0.613525	0.386475	3.912217
51732	-2587.686	-2797.008	209.3221	1.047334	0.1034452	0.591295	0.408705	4.18323
51738	-2586.777	-2795.919	209.1419	1.072703	0.0707289	0.500374	0.499626	4.353843
51744	-2595.94	-2805.593	209.6524	1.173145	0.08906124	0.531593	0.468407	3.958583
51750	-2592.181	-2802.529	210.3471	1.251833	0.07883283	0.601355	0.398645	3.539022
51756	-2588.821	-2799.434	210.6129	1.030901	0.08737008	0.561793	0.438207	3.490226
51762	-2584.49	-2794.514	210.0239	1.300917	0.06202397	0.590777	0.409223	3.74446
51768	-2596.702	-2806.638	209.9353	1.362554	0.06755808	0.568794	0.431206	3.74446
51774	-2584.262	-2790.247	205.9853	0.9712222	0.07115469	0.503871	0.496129	6.155008
51780	-2579.623	-2788.011	208.3878	1.106412	0.07115469	0.452109	0.547891	4.757338
51786	-2586.515	-2793.221	206.7055	1.009877	0.07081374	0.588989	0.411011	5.74162
51792	-2580.911	-2789.889	208.9781	1.103361	0.07142818	0.582003	0.417997	4.427135
51798	-2589.051	-2797.699	208.6475	0.8637362	0.104371	0.598863	0.401137	4.664848
51804	-2597.513	-2807.19	209.6765	1.287629	0.06618625	0.647115	0.352885	3.940132
51810	-2596.163	-2805.725	209.5615	1.032766	0.1232008	0.570523	0.429477	4.00989
51816	-2582.604	-2791.738	209.1345	1.191414	0.0832211	0.575216	0.424784	4.257957
51822	-2583.923	-2794.119	210.196	1.233874	0.135674	0.533028	0.466972	3.500627
51828	-2590.181	-2800.358	210.177	1.153062	0.09723438	0.623605	0.376395	3.647526
51834	-2589.316	-2799.117	209.8012	1.22634	0.09696055	0.744831	0.255169	3.822866
51840	-2593.326	-2801.603	208.2765	1.071597	0.07382058	0.525624	0.474376	4.831853
51846	-2590.155	-2797.444	207.2896	0.9515766	0.08740573	0.629161	0.370839	5.410697
51852	-2594.639	-2802.377	207.7373	0.9506795	0.1242948	0.697656	0.302344	5.079098
51858	-2592.258	-2799.887	207.629	1.147125	0.1023972	0.437467	0.562533	5.079098
51864	-2596.052	-2804.208	208.1558	1.223511	0.05799143	0.510631	0.489369	4.857263
51870	-2586.357	-2795.542	209.1855	1.07415	0.1057113	0.531191	0.468809	4.240124
51876	-2590.789	-2801.061	210.2715	1.260133	0.09637357	0.489816	0.510184	3.532596
51882	-2580.835	-2790.478	209.6431	1.152697	0.08776999	0.501706	0.498294	3.97887
51888	-2589.527	-2798.612	209.0851	1.223816	0.09231859	0.613228	0.386772	4.244557
51894	-2604.507	-2813.805	209.2984	1.010545	0.09231859	0.579474	0.420526	4.244557
51900	-2592.944	-2802.69	209.7458	1.113511	0.08018934	0.440766	0.559234	3.962203
51906	-2593.244	-2804.123	210.8792	1.470404	0.09004404	0.440766	0.559234	3.066706
51912	-2593.145	-2803.633	210.4882	1.25832	0.1111661	0.529202	0.470798	3.370786
51918	-2586.767	-2796.413	209.6452	1.23229	0.06858	0.624897	0.375103	3.983046
51924	-2582.114	-2792.1	209.9859	1.23229	0.08241343	0.515467	0.484533	3.750131
51930	-2575.827	-2785.628	209.8013	1.274066	0.1100755	0.510718	0.489282	3.763708
51936	-2576.124	-2786.134	210.0101	1.188594	0.08154074	0.499369	0.500631	3.763708
51942	-2589.788	-2798.493	208.7049	0.963378	0.1240747	0.684094	0.315906	4.532437
51948	-2584.405	-2793.258	208.8529	1.216041	0.08053556	0.607554	0.392446	4.410155
51954	-2580.647	-2790.586	209.9396	1.170494	0.1405253	0.56286	0.43714	3.676091
51960	-2588.977	-2798.067	209.0904	1.056575	0.100743	0.541479	0.458521	4.315691
51966	-2573.176	-2783.387	210.2117	1.293465	0.09151252	0.627408	0.372592	3.560304
51972	-2588.365	-2798.514	210.1495	1.28774	0.07848517	0.665317	0.334683	3.633914
51978	-2585.911	-2796.716	210.8053	1.308909	0.09191784	0.634454	0.365546	3.201861
51984	-2592.124	-2803.225	211.1018	1.346846	0.0826868	0.634454	0.365546	3.027235
51990	-2587.396	-2798.248	210.852	1.297016	0.08924105	0.582679	0.417321	3.188229
51996	-2590.419	-2801.509	211.0902	1.42477	0.07756551	0.599114	0.400886	3.00159
52002	-2588.939	-2797.142	208.203	1.009406	0.09371781	0.548376	0.451624	4.857196
52008	-2592.085	-2801.413	209.3276	1.222006	0.1312258	0.615628	0.384372	4.017941
52014	-2578.486	-2788.531	210.045	1.371222	0.07013723	0.542204	0.457796	3.668878
52020	-2583.107	-2793.235	210.1278	1.211229	0.09677506	0.463358	0.536642	3.643478
52026	-2568.141	-2777.667	209.5264	1.216605	0.1248793	0.530359	0.469641	3.921133
52032	-2573.62	-2782.207	208.5862	1.099674	0.07398749	0.530359	0.469641	4.642575
52038	-2594.095	-2800.828	206.7334	1.003177	0.07007232	0.606538	0.393462	5.731927
52044	-2605.091	-2813.618	208.5277	1.033051	0.105458	0.498434	0.501566	4.634609
52050	-2590.922	-2800.44	209.5174	1.019528	0.1371319	0.526559	0.473441	4.012658
52056	-2586.489	-2794.694	208.2051	1.070269	0.09541291	0.631637	0.368363	4.817975
52062	-2596.879	-2805.134	208.255	1.173166	0.04522456	0.695201	0.304799	4.865655
52068	-2589.194	-2796.197	207.0026	1.161272	0.07514692	0.546239	0.453761	5.484149
52074	-2597.702	-2804.782	207.0793	0.9999834	0.07450974	0.623953	0.376047	5.532316
52080	-2588.13	-2796.762	208.6319	0.9397137	0.1258322	0.529457	0.470543	4.582952
52086	-2592.535	-2801.117	208.5826	1.175614	0.081312	0.438507	0.561493	4.582952
52092	-2592.319	-2803.08	210.7609	1.164896	0.07954531	0.606657	0.393343	3.345912
52098	-2596.384	-2804.194	207.8104	1.005123	0.09817033	0.606657	0.393343	5.067176
52104	-2592.495	-2801.634	209.1391	0.8768898	0.1003723	0.66126	0.33874	4.390594
52110	-2601.043	-2810.032	208.9894	0.8546316	0.1189295	0.773943	0.226057	4.444855
52116	-2584.518	-2790.8	206.2824	0.8313523	0.1022137	0.552248	0.447752	5.993444
52122	-2610.556	-2818.085	207.529	0.7753216	0.08490284	0.656107	0.343893	5.382099
52128	-2587.562	-2796.338	208.776	0.9776222	0.1199371	0.579802	0.420198	4.493529
52134	-2593.277	-2802.285	209.0079	1.038778	0.06665152	0.617906	0.382094	4.459642
52140	-2591.02	-2800.637	209.6171	1.215765	0.06665152	0.640045	0.359955	4.013905
52146	-2591.489	-2802.094	210.6054	1.113469	0.1262298	0.580233	0.419767	3.3522
52152	-2585.778	-2796.695	210.9166	1.144409	0.08832416	0.636323	0.363677	3.242737
52158	-2592.547	-2801.99	209.4426	1.052689	0.07195257	0.496296	0.503704	4.19163
52164	-2597.551	-2806.683	209.1323	0.96771	0.09330858	0.465049	0.534951	4.360289
52170	-2598.788	-2807.579	208.7908	0.9790419	0.08658947	0.558939	0.441061	4.562964
52176	-2604.166	-2812.055	207.8885	0.9231541	0.1012273	0.558939	0.441061	5.062094
52182	-2592.006	-2800.493	208.4872	0.9896952	0.1074691	0.549169	0.450831	4.676913
52188	-2581.112	-2790.036	208.924	0.9678349	0.06789954	0.611394	0.388606	4.54334
52194	-2589.912	-2798.616	208.7035	0.9923557	0.08836127	0.55126	0.44874	4.600076
52200	-2595.301	-2803.739	208.4384	0.8879299	0.09032195	0.574698	0.425302	4.80193
52206	-2597.887	-2805.502	207.6152	1.014161	0.05498956	0.462997	0.537003	5.281628
52212	-2596.314	-2803.675	207.3603	0.8808269	0.09061614	0.554492	0.445508	5.402836
52218	-2608.449	-2816.903	208.4542	0.7884737	0.09061614	0.734696	0.265304	4.84787
52224	-2601.546	-2810.979	209.4327	1.027949	0.1213597	0.601899	0.398101	4.09018
52230	-2591.344	-2799.037	207.6929	0.9434014	0.07931989	0.601493	0.398507	5.21284
52236	-2592.616	-2801.879	209.2625	1.006964	0.1131275	0.517733	0.482267	4.217381
52242	-2591.941	-2800.796	208.8551	1.006964	0.09764048	0.606616	0.393384	4.483918
52248	-2590.446	-2800.133	209.687	1.071599	0.1004192	0.567963	0.432037	3.968664
52254	-2581.582	-2790.994	209.4129	1.12809	0.08091235	0.561114	0.438886	4.141838
52260	-2587.301	-2796.804	209.5024	1.201986	0.05957651	0.619597	0.380403	4.106893
52266	-2590.325	-2800.991	210.6655	1.352107	0.05407319	0.687276	0.312724	3.364287
52272	-2577.748	-2788.347	210.5988	1.23627	0.0790979	0.618228	0.381772	3.40036
52278	-2589.395	-2798.481	209.0861	1.2315	0.06083433	0.658938	0.341062	4.322839
52284	-2607.824	-2817.104	209.2804	1.138629	0.09241272	0.591664	0.408336	4.181838
52290	-2609.961	-2818.373	208.4114	1.084232	0.07286865	0.514905	0.485095	4.751993
52296	-2595.783	-2805.572	209.7888	1.084232	0.09004622	0.623723	0.376277	3.92888
52302	-2585.98	-2794.421	208.4415	0.9950507	0.1147373	0.623723	0.376277	4.682962
52308	-2595.052	-2804.882	209.8295	1.381395	0.07691819	0.650717	0.349283	3.769003
52314	-2595.775	-2805.901	210.1256	1.057133	0.08301354	0.715817	0.284183	3.769003
52320	-2591.582	-2800.38	208.7981	1.27021	0.1132777	0.569614	0.430386	4.330973
52326	-2578.719	-2787.5	208.7809	0.9498196	0.09007465	0.532942	0.467058	4.576203
52332	-2574.119	-2783.587	209.4685	0.9659883	0.1219798	0.604188	0.395812	4.103707
52338	-2580.967	-2788.827	207.8599	0.9659883	0.1384547	0.646153	0.353847	4.973067
52344	-2576.08	-2784	207.9203	1.112779	0.08717856	0.463889	0.536111	4.973067
52350	-2582.508	-2791.425	208.9168	0.9698058	0.1104847	0.595346	0.404654	4.439901
52356	-2577.282	-2785.5	208.2182	0.9881589	0.1188603	0.550754	0.449246	4.802514
52362	-2596.359	-2804.219	207.8604	0.9881589	0.145732	0.620094	0.379906	4.945862
52368	-2587.302	-2795.952	208.6502	1.010521	0.0747563	0.568009	0.431991	4.654658
52374	-2582.663	-2791.587	208.9244	1.010521	0.1192619	0.668379	0.331621	4.392847
52380	-2581.29	-2791.592	210.3021	1.234147	0.1030552	0.610975	0.389025	3.513389
52386	-2602.506	-2813.461	210.9545	1.279635	0.07733846	0.615482	0.384518	3.169818
52392	-2599.176	-2809.707	210.5306	1.328685	0.0974253	0.524145	0.475855	3.338242
52398	-2583.086	-2793.663	210.5769	1.30091	0.09313961	0.605433	0.394567	3.338242
52404	-2596.944	-2806.27	209.3251	1.180896	0.08612946	0.488794	0.511206	4.148266
52410	-2578.61	-2788.258	209.6477	1.276295	0.08164296	0.488794	0.511206	3.921345
52416	-2584.504	-2794.554	210.0505	1.105427	0.09872804	0.505992	0.494008	3.74452
52422	-2581.488	-2791.983	210.4952	1.113032	0.1406952	0.625231	0.374769	3.385555
52428	-2592.323	-2802.867	210.5444	1.17697	0.1111765	0.625231	0.374769	3.385555
52434	-2592.767	-2801.048	208.2809	1.080366	0.06365415	0.595311	0.404689	4.85177
52440	-2602.328	-2812.211	209.8826	1.181011	0.06677203	0.565216	0.434784	3.881459
52446	-2590.988	-2801.558	210.5698	1.203598	0.06967943	0.565216	0.434784	3.462401
52452	-2611.245	-2819.688	208.4437	1.188866	0.06355822	0.771955	0.228045	4.700514
52458	-2598.81	-2807.278	208.4686	1.157396	0.07301876	0.673911	0.326089	4.678672
52464	-2605.655	-2814.513	208.8577	1.343239	0.06394261	0.545243	0.454757	4.380106
52470	-2602.98	-2811.765	208.7854	1.088444	0.09613172	0.609632	0.390368	4.480939
52476	-2582.127	-2791.075	208.9484	1.040855	0.0707227	0.643073	0.356927	4.480939
52482	-2596.87	-2806.882	210.0118	1.284367	0.1045324	0.535032	0.464968	3.649281
52488	-2583.616	-2794.032	210.4154	1.346116	0.1045324	0.568592	0.431408	3.378004
52494	-2584.921	-2794.039	209.1183	0.9968358	0.1659193	0.669044	0.330956	4.195647
52500	-2584.975	-2793.893	208.9185	1.046311	0.1086555	0.58251	0.41749	4.399977
52506	-2589.758	-2799.248	209.4903	1.183194	0.1086555	0.58251	0.41749	3.99772
52512	-2591.578	-2801.229	209.651	1.252349	0.05806336	0.532011	0.467989	3.99772
52518	-2578.123	-2787.034	208.9111	1.154404	0.09757504	0.50921	0.49079	4.369351
52524	-2586.8	-2795.497	208.6966	1.036599	0.1042942	0.648186	0.351814	4.540519
52530	-2583.96	-2793.3	209.3407	1.149293	0.1848679	0.500569	0.499431	3.947156
52536	-2587.996	-2797.834	209.8382	1.071546	0.07948202	0.500569	0.499431	3.935173
52542	-2604.008	-2812.005	207.9972	0.9621557	0.0922537	0.769588	0.230412	5.001569
52548	-2606.284	-2815.948	209.6637	1.142441	0.05965027	0.567201	0.432799	4.048708
52554	-2602.527	-2812.083	209.5561	0.8984374	0.09474484	0.567201	0.432799	4.155941
52560	-2590.956	-2800.424	209.4686	0.9525093	0.1144422	0.545852	0.454148	4.128263
52566	-2597.807	-2805.807	207.9999	1.195253	0.0912396	0.516283	0.483717	4.872836
52572	-2606.726	-2815.011	208.2853	1.051416	0.07174682	0.516283	0.483717	4.843684
52578	-2597.475	-2805.347	207.8723	0.9802055	0.08868795	0.667988	0.332012	5.069607
52584	-2594.715	-2803.486	208.7713	0.9802055	0.08338318	0.698025	0.301975	4.581361
52590	-2595.939	-2804.984	209.0449	1.242823	0.0568221	0.536394	0.463606	4.350953
52596	-2606.708	-2817.345	210.6368	1.103537	0.09313359	0.677307	0.322693	3.418908
52602	-2593.919	-2803.323	209.4046	0.9331419	0.09313359	0.432878	0.567122	4.226193
52608	-2589.949	-2796.178	206.2283	0.9242194	0.06959752	0.593526	0.406474	6.052303
52614	-2589.504	-2798.092	208.5877	0.9245588	0.07734165	0.593526	0.406474	4.730998
52620	-2593.839	-2803.179	209.3394	1.101262	0.08365718	0.553371	0.446629	4.191746
52626	-2583.026	-2792.224	209.1976	1.086375	0.06851319	0.697824	0.302176	4.320682
52632	-2588.093	-2797.199	209.1053	1.191079	0.0659418	0.566506	0.433494	4.320682
52638	-2598.034	-2807.009	208.9748	1.055225	0.1051944	0.603628	0.396372	4.371253
52644	-2588.938	-2796.678	207.74	1.092405	0.07932854	0.536188	0.463812	5.104285
52650	-2601.267	-2810.348	209.0812	1.29206	0.07592579	0.643935	0.356065	4.250215
52656	-2591.159	-2800.701	209.5415	1.223772	0.07406271	0.538632	0.461368	4.032261
52662	-2596.459	-2807.307	210.8475	1.414552	0.115258	0.538662	0.461338	3.055735
52668	-2602.962	-2814.43	211.4676	1.598113	0.1533632	0.583807	0.416193	2.478433
52674	-2594.542	-2806.149	211.6071	1.398189	0.08911986	0.560051	0.439949	2.672054
52680	-2584.775	-2796.356	211.5812	1.398189	0.09092697	0.564069	0.435931	2.683047
52686	-2578.042	-2787.447	209.4051	0.9494694	0.0830302	0.576739	0.423261	4.242197
52692	-2580.32	-2787.717	207.3978	0.9698585	0.06175118	0.649427	0.350573	5.407441
52698	-2590.008	-2799.251	209.2425	1.063526	0.08545332	0.649427	0.350573	4.263495
52704	-2599.018	-2807.741	208.7229	1.000243	0.06922342	0.60959	0.39041	4.634433
52710	-2605.498	-2814.885	209.3874	0.8769542	0.08248073	0.515179	0.484821	4.294726
52716	-2596.312	-2804.101	207.7893	0.9646494	0.07048997	0.536052	0.463948	5.170732
52722	-2590.36	-2798.619	208.2582	0.9464889	0.0928311	0.613456	0.386544	4.863658
52728	-2594.699	-2802.952	208.2527	0.978883	0.100436	0.564383	0.435617	4.830402
52734	-2599.051	-2807.585	208.5344	1.040908	0.08740468	0.587062	0.412938	4.669989
52740	-2605.455	-2815.417	209.9616	0.9210497	0.1241137	0.431975	0.568025	3.842643
52746	-2611.964	-2818.867	206.9038	0.9129888	0.06902457	0.646607	0.353393	5.690721
52752	-2607.922	-2814.937	207.0149	0.8869224	0.06486631	0.578425	0.421575	5.655134
52758	-2613.666	-2819.424	205.7581	1.004197	0.07748226	0.670793	0.329207	6.244388
52764	-2604.623	-2810.325	205.7017	0.7883085	0.09217397	0.586994	0.413006	6.356215
52770	-2597.981	-2806.43	208.4483	0.8492188	0.08653461	0.512954	0.487046	4.827398
52776	-2594.566	-2803.324	208.758	0.9118607	0.08191997	0.494917	0.505083	4.630946
52782	-2608.853	-2817.434	208.5805	1.001142	0.08976256	0.369033	0.630967	4.660599
52788	-2611.317	-2820.22	208.9029	0.9326648	0.08342331	0.516362	0.483638	4.534079
52794	-2600.767	-2809.941	209.174	0.957633	0.08844734	0.60358	0.39642	4.354538
52800	-2598.247	-2807.402	209.155	1.070075	0.06829117	0.69743	0.30257	4.354538
52806	-2590.729	-2801.914	211.1842	1.37058	0.08922317	0.621724	0.378276	2.945836
52812	-2588.885	-2798.751	209.8659	1.319926	0.08673468	0.621724	0.378276	3.75755
52818	-2603.685	-2814.738	211.0525	1.374219	0.1115432	0.665139	0.334861	2.965937
52824	-2604.554	-2815.708	211.1533	1.374219	0.08783868	0.712081	0.287919	2.965937
52830	-2604.001	-2814.909	210.9082	1.31085	0.09890118	0.491182	0.508818	3.121613
52836	-2595.914	-2806.668	210.7538	1.328902	0.1331304	0.491079	0.508921	3.121613
52842	-2588.356	-2798.638	210.2815	1.395855	0.1236835	0.679516	0.320484	3.382347
52848	-2586.398	-2796.069	209.6713	1.330462	0.06853342	0.57411	0.42589	3.912031
52854	-2593.885	-2804.069	210.1844	0.9690753	0.1018631	0.646183	0.353817	3.738293
52860	-2581.231	-2789.416	208.1854	0.8795778	0.09109403	0.579988	0.420012	4.94565
52866	-2588.599	-2794.932	206.3325	0.9087451	0.072293	0.579988	0.420012	5.996886
52872	-2585.731	-2793.649	207.9176	0.9107715	0.07995108	0.516151	0.483849	5.104885
52878	-2590.283	-2799.823	209.5397	1.030838	0.09221344	0.516151	0.483849	4.096222
52884	-2587.918	-2796.642	208.7246	1.016733	0.09221344	0.577911	0.422089	4.564976
52890	-2584.977	-2793.228	208.251	1.044548	0.08309515	0.596501	0.403499	4.837178
52896	-2587.932	-2796.463	208.5316	0.9188236	0.0950768	0.615958	0.384042	4.721025
52902	-2582.357	-2789.474	207.1177	0.7744438	0.06492235	0.490196	0.509804	5.660307
52908	-2585.756	-2793.17	207.4135	0.8028791	0.06177014	0.524913	0.475087	5.490707
52914	-2596.444	-2805.963	209.5182	1.063941	0.1496667	0.609258	0.390742	3.961101
52920	-2601.644	-2810.086	208.4418	1.014027	0.1098505	0.539533	0.460467	4.683263
52926	-2596.867	-2803.142	206.2748	0.928366	0.07368383	0.615597	0.384403	6.014061
52932	-2605.998	-2815.424	209.426	1.11048	0.08539705	0.596905	0.403095	4.132808
52938	-2604.07	-2813.79	209.72	1.147304	0.08539705	0.599491	0.400509	3.94406
52944	-2590.148	-2797.903	207.7557	0.9174424	0.08172416	0.547813	0.452187	5.186344
52950	-2594.871	-2804.364	209.4937	1.031353	0.08172416	0.547813	0.452187	4.148787
52956	-2596.614	-2805.455	208.841	1.053574	0.08172416	0.473785	0.526215	4.505249
52962	-2601.47	-2812.825	211.355	1.401933	0.1010313	0.674132	0.325868	2.792478
52968	-2598.596	-2806.875	208.2791	0.957842	0.09647341	0.641036	0.358964	4.836843
52974	-2591.948	-2799.459	207.5111	0.8109251	0.07984575	0.47443	0.52557	5.38506
52980	-2594.924	-2804.042	209.1172	1.012229	0.08687338	0.640335	0.359665	4.359756
52986	-2585.062	-2793.511	208.4497	1.011645	0.09600872	0.542431	0.457569	4.712661
52992	-2590.153	-2799.299	209.1456	0.9343444	0.1476876	0.583808	0.416192	4.250991
52998	-2586.027	-2793.771	207.7436	0.8972263	0.09597264	0.489267	0.510733	5.169185
53004	-2579.741	-2788.732	208.9905	0.9621144	0.08622868	0.564927	0.435073	4.461118
53010	-2586.216	-2794.115	207.8997	0.9785663	0.1115327	0.475434	0.524566	5.001505
53016	-2584.562	-2793.59	209.0284	1.026723	0.06887231	0.662806	0.337194	4.448832
53022	-2588.929	-2796.925	207.996	1.015619	0.0760461	0.58442	0.41558	5.013295
53028	-2599.882	-2807.938	208.0565	0.9872184	0.09230153	0.602438	0.397562	4.954543
53034	-2579.396	-2787.111	207.7148	1.173008	0.05226323	0.524457	0.475543	5.146227
53040	-2579.219	-2787.917	208.6988	0.8117785	0.0730509	0.646979	0.353021	4.743173
53046	-2574.948	-2783.34	208.3921	0.9356241	0.05592972	0.619844	0.380156	4.891773
53052	-2585.766	-2792.95	207.184	0.9460769	0.109914	0.447211	0.552789	5.418943
53058	-2583.554	-2790.819	207.2646	0.9460769	0.1145041	0.640076	0.359924	5.364283
53064	-2580.196	-2787.24	207.044	0.9103335	0.1032894	0.532402	0.467598	5.530723
53070	-2575.187	-2782.367	207.1801	0.8955842	0.07589792	0.478278	0.521722	5.530723
53076	-2580.803	-2790.479	209.6761	1.123258	0.08769929	0.496082	0.503918	3.977032
53082	-2590.265	-2799.952	209.6862	1.028013	0.08456368	0.654553	0.345447	4.033685
53088	-2598.988	-2808.022	209.0335	0.9890261	0.1159654	0.421635	0.578365	4.350778
53094	-2615.618	-2825.693	210.0752	0.9577715	0.1493692	0.682288	0.317712	3.702477
53100	-2592.688	-2800.687	207.9983	1.026822	0.06418913	0.6735	0.3265	5.037276
53106	-2581.268	-2791.039	209.7703	1.012288	0.0984706	0.601202	0.398798	3.959672
53112	-2579.677	-2788.975	209.298	1.012288	0.1079173	0.524118	0.475882	4.206281
53118	-2590.044	-2799.567	209.523	1.120999	0.08263312	0.56741	0.43259	4.078746
53124	-2581.173	-2790.395	209.2221	1.02898	0.06981293	0.450968	0.549032	4.335748
53130	-2582.271	-2791.594	209.3235	1.055537	0.08382594	0.648259	0.351741	4.226271
53136	-2583.664	-2792.304	208.6405	1.011174	0.06550293	0.606362	0.393638	4.684497
53142	-2594.536	-2803.615	209.0795	1.011174	0.05941112	0.622293	0.377707	4.454842
53148	-2577.245	-2785.692	208.447	1.113162	0.07137209	0.481474	0.518526	4.719894
53154	-2601.932	-2809.954	208.0219	0.9553697	0.06892882	0.622416	0.377584	5.051112
53160	-2601.553	-2809.846	208.2929	1.117119	0.05491566	0.624161	0.375839	4.848725
53166	-2589.298	-2798.825	209.527	1.117734	0.08290176	0.607388	0.392612	4.077621
53172	-2598.736	-2808.559	209.8231	1.054426	0.06222269	0.533156	0.466844	4.000735
53178	-2577.106	-2786.399	209.2934	1.054426	0.05907552	0.614231	0.385769	4.310655
53184	-2596.815	-2806.569	209.7532	1.13828	0.1072198	0.520448	0.479552	3.876225
53190	-2587.549	-2797.613	210.0632	1.103373	0.0868513	0.669941	0.330059	3.768349
53196	-2578.047	-2788.075	210.0276	0.985637	0.08743829	0.748686	0.251314	3.855107
53202	-2579.847	-2789.736	209.8891	1.172231	0.08475005	0.553198	0.446802	3.834398
53208	-2587.008	-2796.086	209.0789	1.008616	0.1093818	0.625784	0.374216	4.329027
53214	-2605.739	-2815.429	209.6899	1.277288	0.1242047	0.460205	0.539795	3.793839
53220	-2608.648	-2817.757	209.1096	1.196209	0.06250045	0.55938	0.44062	4.324851
53226	-2612.014	-2822.263	210.2487	1.234006	0.07589742	0.513356	0.486644	3.614515
53232	-2598.649	-2809.551	210.9017	1.220506	0.1499964	0.436433	0.563567	3.061719
53238	-2599.022	-2808.183	209.1605	1.329482	0.0895021	0.441195	0.558805	4.14886
53244	-2591.009	-2801.151	210.1418	1.133304	0.09674598	0.560825	0.439175	3.680564
53250	-2600.869	-2809.315	208.4456	0.940254	0.08630616	0.534017	0.465983	4.778693
53256	-2585.365	-2794.884	209.5191	0.9698457	0.09301898	0.508533	0.491467	4.14062
53262	-2575.216	-2784.545	209.329	1.08742	0.1102328	0.610396	0.389604	4.14062
53268	-2574.77	-2785.233	210.4631	1.08742	0.114283	0.477205	0.522795	3.478219
53274	-2597.7	-2807.335	209.6349	1.067218	0.139396	0.470738	0.529262	3.913447
53280	-2588.914	-2797.824	208.9098	1.260236	0.0663999	0.625795	0.374205	4.390785
53286	-2583.85	-2792.091	208.2412	0.9886854	0.08857098	0.548305	0.451695	4.86008
53292	-2573.375	-2781.589	208.214	1.116313	0.06694744	0.56103	0.43897	4.86008
53298	-2580.342	-2789.996	209.6538	1.116313	0.08100437	0.553927	0.446073	4.011039
53304	-2584.692	-2793.069	208.3771	1.134473	0.1017644	0.481621	0.518379	4.670822
53310	-2572.653	-2782.323	209.6701	1.261848	0.054642	0.605198	0.394802	3.991086
53316	-2595.091	-2805.078	209.9865	1.113859	0.1185945	0.624582	0.375418	3.729636
53322	-2604.095	-2812.007	207.9119	0.8926783	0.1359999	0.694559	0.305441	4.989939
53328	-2607.17	-2817.001	209.8316	1.04457	0.1086828	0.694559	0.305441	3.881576
53334	-2610.927	-2820.763	209.8358	1.233097	0.1217581	0.509838	0.490162	3.740619
53340	-2596.613	-2806.508	209.8943	1.073817	0.1135905	0.59066	0.40934	3.817299
53346	-2584.046	-2794.694	210.6481	1.073817	0.09324905	0.694021	0.305979	3.429397
53352	-2582.044	-2791.704	209.6602	1.073817	0.09085782	0.694021	0.305979	4.006357
53358	-2583.409	-2790.813	207.4041	1.05669	0.06436198	0.694021	0.305979	5.349056
53364	-2585.159	-2794.526	209.3668	1.049891	0.1328534	0.701891	0.298109	4.090267
53370	-2574.706	-2784.71	210.0044	1.248516	0.06722293	0.665758	0.334242	3.77129
53376	-2588.759	-2798.585	209.8263	1.223784	0.1130795	0.528449	0.471551	3.77129
53382	-2571.594	-2781.102	209.508	1.078367	0.07973369	0.592566	0.407434	4.119146
53388	-2577.177	-2785.849	208.6714	1.11347	0.119116	0.613367	0.386633	4.477757
53394	-2577.546	-2787.805	210.2586	1.132884	0.1287727	0.523019	0.476981	3.538032
53400	-2573.454	-2782.544	209.0898	1.132746	0.06413793	0.648509	0.351491	4.36736
53406	-2572.744	-2782.248	209.5041	1.296503	0.06721208	0.637879	0.362121	4.030739
53412	-2591.182	-2799.671	208.4887	1.004848	0.08827034	0.500694	0.499306	4.713603
53418	-2580.265	-2786.844	206.5797	1.031395	0.05882221	0.584461	0.415539	5.830657
53424	-2593.414	-2801.339	207.9242	1.026294	0.04732708	0.625952	0.374048	5.125215
53430	-2587.535	-2796.935	209.4004	1.127183	0.08364117	0.697055	0.302945	4.142422
53436	-2580.351	-2789.792	209.4413	1.127183	0.07477413	0.683794	0.316206	4.142422
53442	-2578.07	-2789.487	211.4171	1.191333	0.0895665	0.594191	0.405809	2.912587
53448	-2574.203	-2783.84	209.6364	1.188758	0.09525057	0.716593	0.283407	3.94324
53454	-2575.899	-2786.232	210.333	1.095259	0.07565568	0.61096	0.38904	3.646739
53460	-2575.69	-2786.012	210.3223	1.271121	0.08410576	0.536331	0.463669	3.528162
53466	-2573.229	-2782.832	209.6031	1.084424	0.08410576	0.629542	0.370458	4.050106
53472	-2579.882	-2789.14	209.2578	0.9837081	0.08410576	0.629542	0.370458	4.303472
53478	-2582.392	-2793.203	210.8106	1.063796	0.1131743	0.627568	0.372432	3.290784
53484	-2571.382	-2781.602	210.2202	1.247709	0.1151161	0.540331	0.459669	3.524442
53490	-2581.727	-2792.187	210.4599	1.247709	0.1173134	0.611673	0.388327	3.379185
53496	-2578.202	-2788.099	209.8971	1.091425	0.06737526	0.533771	0.466229	3.922828
53502	-2596.494	-2806.588	210.0934	1.032666	0.09781264	0.643905	0.356095	3.764033
53508	-2587.779	-2797.08	209.3009	1.128887	0.09841493	0.615053	0.384947	4.160992
53514	-2599.486	-2809.933	210.4479	1.394517	0.06224294	0.583437	0.416563	3.443196
53520	-2596.125	-2805.922	209.7973	1.238232	0.0703523	0.586825	0.413175	3.887667
53526	-2594.058	-2805.033	210.9748	1.221746	0.07518936	0.52295	0.47705	3.198067
53532	-2591.188	-2801.791	210.6028	1.260097	0.075008	0.65126	0.34874	3.395224
53538	-2583.603	-2793.946	210.3437	1.248669	0.09615755	0.467525	0.532475	3.497711
53544	-2582.594	-2792.491	209.8969	1.278092	0.07045439	0.419078	0.580922	3.807261
53550	-2584.361	-2793.062	208.7009	1.278092	0.07045439	0.616566	0.383434	4.487404
53556	-2585.433	-2794.863	209.4303	1.201381	0.08150936	0.512639	0.487361	4.088702
53562	-2584.972	-2792.934	207.9624	0.9359973	0.05720057	0.51761	0.48239	5.126709
53568	-2585.718	-2794.029	208.3113	0.909194	0.05720057	0.47916	0.52084	4.947907
53574	-2586.524	-2795.409	208.8853	1.06285	0.07637592	0.606131	0.393869	4.489061
53580	-2584.376	-2793.359	208.9839	0.9641912	0.07637592	0.606131	0.393869	4.489061
53586	-2587.653	-2797.443	209.7896	1.055055	0.1045048	0.606131	0.393869	3.909534
53592	-2592.934	-2802.012	209.0781	1.07306	0.08865385	0.713883	0.286117	4.342974
53598	-2581.377	-2790.997	209.6201	1.006576	0.06874612	0.650174	0.349826	4.125683
53604	-2586.165	-2795.462	209.2967	1.090604	0.08793249	0.455583	0.544417	4.211095
53610	-2575.206	-2784.374	209.1686	1.047516	0.06514919	0.465652	0.534348	4.368197
53616	-2584.544	-2794.115	209.5715	1.047516	0.08047551	0.58761	0.41239	4.098578
53622	-2590.793	-2799.974	209.1816	0.9767742	0.08047551	0.674223	0.325777	4.359792
53628	-2593.413	-2802.481	209.0678	1.075193	0.09455908	0.500424	0.499576	4.332943
53634	-2580.846	-2789.104	208.258	1.166806	0.06976337	0.587263	0.412737	4.799845
53640	-2566.342	-2775.665	209.3223	1.117765	0.06886896	0.532597	0.467403	4.231316
53646	-2570.644	-2779.832	209.1876	1.158068	0.08929413	0.604691	0.395309	4.231316
53652	-2567.994	-2775.03	207.0356	1.028516	0.06216342	0.498295	0.501705	5.573336
53658	-2580.569	-2788.711	208.1414	1.079444	0.1010641	0.697407	0.302593	4.834894
53664	-2578.24	-2786.202	207.9628	1.008835	0.06505461	0.672862	0.327138	5.064633
53670	-2590.012	-2798.306	208.2937	1.101973	0.08009991	0.564868	0.435132	4.788958
53676	-2585.075	-2792.843	207.7682	1.010242	0.07140848	0.562933	0.437067	5.154742
53682	-2581.949	-2788.114	206.1654	1.010242	0.07877516	0.677927	0.322073	6.016096
53688	-2572.087	-2782.268	210.1812	1.146649	0.0930863	0.605574	0.394426	3.659239
53694	-2577.516	-2788.681	211.1645	1.226983	0.1179574	0.583424	0.416576	2.971711
53700	-2574.127	-2784.46	210.3329	1.173163	0.05448879	0.583424	0.416576	3.661319
53706	-2573.276	-2784.374	211.0981	1.402076	0.1046671	0.626079	0.373921	2.93872
53712	-2572.643	-2783.469	210.826	1.279974	0.1046671	0.582246	0.417754	3.17439
53718	-2568.734	-2776.897	208.1633	1.080516	0.08431472	0.551476	0.448524	4.862927
53724	-2572.131	-2781.045	208.9134	1.080067	0.1346788	0.567581	0.432419	4.326597
53730	-2582.744	-2792.385	209.6411	1.24974	0.1033949	0.579518	0.420482	3.885735
53736	-2587.668	-2798.202	210.5339	1.278742	0.1033949	0.50349	0.49651	3.350752
53742	-2599.255	-2809.648	210.3927	1.278742	0.1055064	0.619438	0.380562	3.428396
53748	-2579.23	-2789.34	210.1092	1.331718	0.0562754	0.534601	0.465399	3.693839
53754	-2577.295	-2786.024	208.7293	1.086737	0.08351544	0.656048	0.343952	4.544836
53760	-2582.863	-2793.407	210.5438	1.153674	0.09423228	0.656048	0.343952	3.441194
53766	-2572.496	-2782.151	209.655	1.113962	0.09423228	0.564741	0.435259	3.977942
53772	-2574.661	-2784.242	209.5816	1.103189	0.1018494	0.665546	0.334454	4.007437
53778	-2582.792	-2791.825	209.0328	1.138364	0.09869778	0.481139	0.518861	4.306969
53784	-2596.577	-2806.446	209.8689	0.9977053	0.07817207	0.498691	0.501309	3.963336
53790	-2593.289	-2802.926	209.6374	1.04499	0.09292162	0.593253	0.406747	4.03067
53796	-2594.313	-2803.185	208.8718	0.9823385	0.08904317	0.625128	0.374872	4.509442
53802	-2586.916	-2796.218	209.3018	1.124946	0.07168338	0.607446	0.392554	4.231219
53808	-2583.435	-2791.89	208.4546	1.124946	0.09340974	0.680894	0.319106	4.652754
53814	-2579.388	-2789.324	209.9359	1.124946	0.09589546	0.607295	0.392705	3.806344
53820	-2596.49	-2805.51	209.0201	1.057889	0.07954587	0.739027	0.260973	4.407584
53826	-2598.879	-2806.821	207.9424	0.8943918	0.08291334	0.532019	0.467981	5.092716
53832	-2596.418	-2805.31	208.8922	0.9329994	0.0832118	0.659943	0.340057	4.540452
53838	-2599.719	-2807.093	207.3741	1.002452	0.081347	0.595649	0.404351	5.351165
53844	-2590.935	-2800.55	209.6152	1.096129	0.07201611	0.638578	0.361422	4.068571
53850	-2597.997	-2806.029	208.0315	1.072547	0.08557843	0.617098	0.382902	4.937588
53856	-2603.517	-2811.766	208.2491	1.29304	0.05797605	0.544169	0.455831	4.766476
53862	-2593.447	-2802.73	209.2834	1.40008	0.05797605	0.528328	0.471672	4.123309
53868	-2606.574	-2814.952	208.3774	1.138934	0.1178005	0.556724	0.443276	4.631489
53874	-2603.974	-2812.975	209.0005	1.157452	0.06349288	0.540434	0.459566	4.40557
53880	-2588.829	-2798.364	209.5355	1.416146	0.04872438	0.585511	0.414489	3.996839
53886	-2600.694	-2810.89	210.1961	1.311825	0.07158611	0.61555	0.38445	3.611734
53892	-2596.283	-2805.116	208.833	1.253489	0.1088419	0.585976	0.414024	4.330885
53898	-2593.175	-2803.487	210.3125	1.253489	0.1221211	0.585976	0.414024	3.451106
53904	-2585.875	-2795.786	209.9111	1.192496	0.07773438	0.471206	0.528794	3.828584
53910	-2591.105	-2801.824	210.719	1.3059	0.06894379	0.66974	0.33026	3.31699
53916	-2576.562	-2787.861	211.2993	1.369388	0.06947484	0.537007	0.462993	2.932183
53922	-2582.962	-2794.087	211.1256	1.278492	0.1147775	0.450265	0.549735	2.971738
53928	-2588.885	-2797.714	208.8298	1.040538	0.06619838	0.615005	0.384995	4.560037
53934	-2585.752	-2795.193	209.4407	1.248172	0.07857939	0.603535	0.396465	4.06377
53940	-2587.915	-2796.961	209.0458	1.085135	0.08855705	0.522038	0.477962	4.354672
53946	-2581.853	-2788.46	206.607	0.9259287	0.08933564	0.673853	0.326147	5.794795
53952	-2590.377	-2799.196	208.819	1.121492	0.0888611	0.651681	0.348319	4.461298
53958	-2590.607	-2799.575	208.9679	0.9726377	0.0888611	0.572837	0.427163	4.461298
53964	-2585.129	-2793.896	208.7673	1.0206	0.1258788	0.663839	0.336161	4.461298
53970	-2586.903	-2793.544	206.6413	1.025426	0.09255389	0.64305	0.35695	5.71377
53976	-2575.11	-2784.04	208.9298	1.050985	0.1026676	0.568099	0.431901	4.405023
53982	-2572.456	-2781.62	209.1632	1.146355	0.08553417	0.515564	0.484436	4.261281
53988	-2589.344	-2798.043	208.6988	1.030948	0.082489	0.744702	0.255298	4.595874
53994	-2577.752	-2786.32	208.5678	1.00899	0.0736029	0.588807	0.411193	4.704674
54000	-2579.498	-2788.823	209.3243	1.00899	0.08928325	0.658049	0.341951	4.238325
54006	-2583.497	-2793.145	209.6487	1.00899	0.1050524	0.65028	0.34972	4.015259
54012	-2574.526	-2784.463	209.9372	1.196554	0.08820623	0.65028	0.34972	3.783756
54018	-2588.706	-2799.376	210.6703	1.280778	0.1022	0.585298	0.414702	3.272169
54024	-2581.986	-2792.537	210.5517	1.176463	0.09923851	0.678244	0.321756	3.410629
54030	-2584.258	-2793.469	209.2114	1.153145	0.1036372	0.645089	0.354911	4.185535
54036	-2585.566	-2794.77	209.2032	1.085381	0.07597235	0.602049	0.397951	4.29803
54042	-2589.42	-2797.175	207.7548	0.9723406	0.10639	0.514232	0.485768	5.09702
54048	-2588.57	-2796.991	208.4214	1.133181	0.0821603	0.565931	0.434069	4.694855
54054	-2592.645	-2800.373	207.7275	1.12126	0.09300955	0.570295	0.429705	5.061085
54060	-2598.491	-2807.813	209.3217	1.115052	0.07710288	0.541126	0.458874	4.211061
54066	-2594.648	-2803.672	209.024	1.035969	0.109934	0.586603	0.413397	4.343334
54072	-2582.466	-2791.245	208.779	1.12374	0.09637823	0.46704	0.53296	4.464052
54078	-2574.899	-2783.401	208.5026	1.047193	0.09580441	0.535083	0.464917	4.66364
54084	-2574.467	-2783.322	208.8557	1.087957	0.08133309	0.452562	0.547438	4.478625
54090	-2583.057	-2791.525	208.4681	1.103915	0.08427005	0.649016	0.350984	4.679729
54096	-2598.034	-2807.842	209.8083	1.103915	0.1072931	0.649016	0.350984	3.86419
54102	-2591.366	-2800.902	209.5359	1.111984	0.1075023	0.517416	0.482584	4.01506
54108	-2593.822	-2802.38	208.5578	0.9887487	0.09521193	0.645366	0.354634	4.666872
54114	-2605.241	-2816.638	211.3964	1.286739	0.09521193	0.623539	0.376461	2.852425
54120	-2599.675	-2808.043	208.3672	1.212985	0.08826667	0.624751	0.375249	4.665099
54126	-2590.015	-2796.881	206.8656	0.9617574	0.09551385	0.624751	0.375249	5.618624
54132	-2604.317	-2811.907	207.5901	1.041452	0.09551385	0.551502	0.448498	5.17543
54138	-2601.807	-2811.346	209.5392	0.9600196	0.09551385	0.384673	0.615327	4.128629
54144	-2602.42	-2811.73	209.3098	1.088911	0.1199477	0.384673	0.615327	4.128629
54150	-2593.95	-2802.111	208.1606	1.087222	0.06062794	0.512795	0.487205	4.923261
54156	-2598.38	-2807.402	209.0218	1.256933	0.05867685	0.496223	0.503777	4.350832
54162	-2592.162	-2800.798	208.6363	1.001607	0.08660174	0.490855	0.509145	4.636978
54168	-2586.448	-2795.056	208.6079	1.052965	0.09141395	0.604563	0.395437	4.612123
54174	-2589.397	-2796.283	206.8863	1.045326	0.09141395	0.515952	0.484048	5.57116
54180	-2579.141	-2788.426	209.2848	1.072856	0.09192962	0.548822	0.451178	4.217924
54186	-2582.933	-2791.954	209.0213	1.072856	0.09192962	0.480708	0.519292	4.367048
54192	-2587.166	-2796.957	209.7905	1.09486	0.09192962	0.551205	0.448795	3.917065
54198	-2582.265	-2791.465	209.1999	1.439355	0.1045491	0.604306	0.395694	4.026982
54204	-2579.877	-2790.279	210.4016	1.299683	0.1045491	0.523188	0.476812	3.413277
54210	-2585.211	-2794.815	209.6038	1.137379	0.07740301	0.486313	0.513687	4.037085
54216	-2584.022	-2793.037	209.0148	1.109248	0.1147919	0.510066	0.489934	4.296022
54222	-2576.337	-2784.682	208.3451	1.209495	0.07189757	0.560076	0.439924	4.72162
54228	-2587.109	-2795.426	208.3166	1.109547	0.1004858	0.586625	0.413375	4.72162
54234	-2585.783	-2795.49	209.707	1.348958	0.09344173	0.55469	0.44531	3.815254
54240	-2579.659	-2789.105	209.4462	1.395132	0.09344173	0.669592	0.330408	3.938465
54246	-2583.147	-2793.779	210.6321	1.38972	0.08303752	0.577716	0.422284	3.27995
54252	-2586.225	-2796.932	210.7067	1.402744	0.06445804	0.553037	0.446963	3.27995
54258	-2587.724	-2798.109	210.3843	1.402744	0.09102114	0.485416	0.514584	3.397
54264	-2579.667	-2788.817	209.1507	1.116087	0.09102114	0.642508	0.357492	4.271656
54270	-2578.983	-2787.926	208.9425	1.27639	0.1021554	0.440404	0.559596	4.271656
54276	-2571.565	-2779.835	208.2697	1.207248	0.06994106	0.624292	0.375708	4.770229
54282	-2578.348	-2788.299	209.9507	1.237241	0.06994106	0.487287	0.512713	3.801231
54288	-2570.313	-2779.521	209.2071	1.009568	0.08652176	0.475836	0.524164	4.311332
54294	-2595.092	-2803.601	208.5091	1.041498	0.1103222	0.503442	0.496558	4.629061
54300	-2588.63	-2799.242	210.6116	1.241065	0.07435601	0.477531	0.522469	3.403017
54306	-2592.359	-2802.084	209.7243	1.289889	0.07344698	0.601895	0.398105	3.891483
54312	-2587.979	-2796.19	208.2116	1.123284	0.05945399	0.610331	0.389669	4.87802
54318	-2597.058	-2805.813	208.7552	1.072861	0.1082996	0.489156	0.510844	4.477904
54324	-2596.491	-2806.788	210.2974	1.373202	0.1015467	0.395014	0.604986	3.438608
54330	-2601.489	-2810.479	208.9891	1.066147	0.1024365	0.612884	0.387116	4.363526
54336	-2602.672	-2812.64	209.9672	1.209464	0.07614925	0.509306	0.490694	3.790758
54342	-2601.647	-2810.388	208.7414	1.193156	0.08869279	0.596108	0.403892	4.465066
54348	-2603.912	-2813.146	209.2343	1.193156	0.08869279	0.633581	0.366419	4.186396
54354	-2606.396	-2815.58	209.1841	1.073167	0.07642987	0.611515	0.388485	4.314505
54360	-2598.31	-2807.197	208.8867	1.031875	0.1147838	0.666086	0.333914	4.412102
54366	-2602.008	-2812.013	210.0044	1.124002	0.09361298	0.662719	0.337281	3.773124
54372	-2605.823	-2813.549	207.7255	0.7988155	0.07883542	0.617766	0.382234	5.276019
54378	-2612.812	-2821.141	208.3293	0.8943541	0.1453764	0.502477	0.497523	4.737443
54384	-2599.035	-2807.841	208.8058	1.070172	0.1109923	0.655533	0.344467	4.444714
54390	-2580.541	-2789.235	208.6943	1.22142	0.08040011	0.698519	0.301481	4.496804
54396	-2572.017	-2779.199	207.1819	1.185278	0.07694953	0.525817	0.474183	5.367573
54402	-2578.534	-2785.784	207.2499	0.9717904	0.1103066	0.512253	0.487747	5.367573
54408	-2579.804	-2787.727	207.9227	0.9968519	0.0897669	0.512253	0.487747	5.029716
54414	-2586.232	-2794.249	208.017	0.9865387	0.0897669	0.658512	0.341488	4.983066
54420	-2592.419	-2798.751	206.3321	0.8272426	0.07583726	0.660855	0.339145	6.032435
54426	-2603.141	-2811.551	208.4102	1.074829	0.08190254	0.724577	0.275423	4.734432
54432	-2596.635	-2807.875	211.2403	1.196614	0.08177456	0.568846	0.431154	3.036727
54438	-2590.885	-2800.636	209.7505	1.157963	0.07663171	0.662	0.338	3.9435
54444	-2590.922	-2800.686	209.7635	1.10755	0.08476539	0.61965	0.38035	3.9435
54450	-2599.311	-2808.641	209.3308	1.106284	0.0830113	0.384729	0.615271	4.195462
54456	-2586.534	-2795.932	209.3984	1.106284	0.09274337	0.578087	0.421913	4.132347
54462	-2589.513	-2799.553	210.0399	1.093273	0.08465654	0.643876	0.356124	3.793306
54468	-2595.247	-2802.445	207.1986	1.099392	0.06437123	0.642509	0.357491	5.43878
54474	-2582.734	-2791.169	208.4345	1.143678	0.08667082	0.589109	0.410891	4.670232
54480	-2579.239	-2787.776	208.5371	1.084037	0.0772658	0.642469	0.357531	4.670232
54486	-2593.767	-2802.129	208.3622	1.084037	0.08046938	0.601987	0.398013	4.759772
54492	-2576.745	-2784.491	207.7461	1.084037	0.07731393	0.528141	0.471859	5.11071
54498	-2586.158	-2792.878	206.7208	0.9208819	0.1127291	0.566437	0.433563	5.681057
54504	-2591.84	-2800.059	208.2192	0.9380162	0.1127291	0.515471	0.484529	4.843548
54510	-2591.047	-2798.074	207.0265	0.8978269	0.08460287	0.527073	0.472927	5.591862
54516	-2593.265	-2801.088	207.8231	1.078925	0.07529586	0.527073	0.472927	5.076081
54522	-2581.15	-2790.423	209.2734	1.08181	0.09123392	0.527073	0.472927	4.221026
54528	-2581.063	-2790.383	209.3199	1.08938	0.07924882	0.486607	0.513393	4.221026
54534	-2578.916	-2787.366	208.449	1.067111	0.102921	0.584475	0.415525	4.665515
54540	-2589.356	-2797.872	208.5163	1.045944	0.08559117	0.587548	0.412452	4.681846
54546	-2579.362	-2789.852	210.4899	1.06465	0.1250946	0.569123	0.430877	3.451093
54552	-2584.533	-2794.145	209.6122	1.246583	0.1071741	0.601211	0.398789	3.895128
54558	-2576.863	-2786.545	209.6822	1.18098	0.09102779	0.594569	0.405431	3.932029
54564	-2578.47	-2788.5	210.0308	1.185928	0.09457166	0.594569	0.405431	3.719759
54570	-2583.921	-2793.256	209.3354	1.185045	0.0868505	0.526609	0.473391	4.138222
54576	-2584.222	-2793.244	209.0221	1.109521	0.08259085	0.546043	0.453957	4.369462
54582	-2595.149	-2804.313	209.1643	1.168851	0.07057976	0.607614	0.392386	4.287209
54588	-2585.033	-2793.96	208.9263	1.242924	0.07057976	0.454359	0.545641	4.379867
54594	-2594.764	-2803.761	208.9967	0.9928933	0.09206478	0.652818	0.347182	4.425656
54600	-2587.011	-2795.083	208.0719	1.166419	0.07753922	0.516275	0.483725	4.883342
54606	-2579.58	-2785.486	205.9062	1.010272	0.1045191	0.474381	0.525619	6.095716
54612	-2569.617	-2778.978	209.3613	1.159625	0.07563818	0.474381	0.525619	4.167193
54618	-2577.809	-2786.984	209.1752	1.242482	0.1013031	0.578796	0.421204	4.160894
54624	-2587.648	-2797.101	209.4526	1.421182	0.04599032	0.677449	0.322551	4.049084
54630	-2579.619	-2788.859	209.2403	1.388526	0.0555657	0.677449	0.322551	4.161253
54636	-2588.122	-2795.936	207.8135	1.245157	0.088345	0.600363	0.399637	4.955926
54642	-2592.938	-2802.981	210.0424	1.234893	0.07812234	0.660077	0.339923	3.727411
54648	-2596.944	-2807.863	210.9188	1.520481	0.09336954	0.603193	0.396807	3.004307
54654	-2588.465	-2798.7	210.235	1.288055	0.09524244	0.480343	0.519657	3.540454
54660	-2584.678	-2794.514	209.8365	1.10251	0.1177853	0.620202	0.379798	3.824445
54666	-2588.629	-2798.782	210.1535	1.251922	0.08465098	0.490513	0.509487	3.63597
54672	-2589.856	-2800.135	210.2788	1.325632	0.08659435	0.640869	0.359131	3.515242
54678	-2584.743	-2791.786	207.0425	1.256417	0.05127047	0.546473	0.453527	5.474035
54684	-2582.421	-2792.043	209.6221	1.01031	0.08674916	0.402212	0.597788	4.074762
54690	-2609.56	-2816.265	206.7049	1.086654	0.07930746	0.618587	0.381413	5.678018
54696	-2600.39	-2808.515	208.1256	1.043142	0.1266769	0.640458	0.359542	4.806607
54702	-2605.103	-2813.455	208.3523	1.093982	0.09668987	0.566917	0.433083	4.719397
54708	-2610.333	-2818.957	208.6234	1.093982	0.09668987	0.527454	0.472546	4.567485
54714	-2593.807	-2801.248	207.4408	1.154641	0.05883504	0.48733	0.51267	5.289785
54720	-2606.07	-2814.647	208.5763	1.055791	0.1306528	0.532733	0.467267	4.538722
54726	-2601.773	-2811.318	209.5449	1.258688	0.0788871	0.532733	0.467267	3.997477
54732	-2603.782	-2813.465	209.6831	1.089307	0.08572794	0.521706	0.478294	3.997477
54738	-2592.815	-2803.065	210.2496	1.167165	0.1314245	0.661803	0.338197	3.51752
54744	-2592.647	-2803.435	210.7886	1.482824	0.1394015	0.458883	0.541117	2.995057
54750	-2590.783	-2801.326	210.5429	1.275729	0.1259222	0.678658	0.321342	3.294176
54756	-2585.686	-2796.75	211.0637	1.275729	0.1134471	0.607175	0.392825	3.013744
54762	-2581.165	-2791.829	210.664	1.275729	0.1515276	0.607175	0.392825	3.167241
54768	-2581.07	-2791.915	210.8457	1.469604	0.08254758	0.607175	0.392825	3.10724
54774	-2582.724	-2788.901	206.1774	0.9756433	0.05860482	0.583706	0.416294	6.081251
54780	-2592.463	-2800.844	208.3808	0.9646005	0.1275639	0.596118	0.403882	4.705989
54786	-2600.181	-2808.038	207.8571	0.9508882	0.1182719	0.616132	0.383868	5.02553
54792	-2593.126	-2802.792	209.666	1.091148	0.08546235	0.503768	0.496232	4.006886
54798	-2588.514	-2796.286	207.7714	1.00372	0.09166289	0.624796	0.375204	5.105223
54804	-2593.138	-2800.767	207.6286	1.022488	0.07762196	0.558127	0.441873	5.209066
54810	-2604.473	-2813.69	209.2166	1.358284	0.07762196	0.627388	0.372612	4.131238
54816	-2591.106	-2800.645	209.5387	1.394078	0.05888107	0.596788	0.403212	3.978556
54822	-2603.144	-2811.152	208.008	1.198614	0.05888107	0.656817	0.343183	4.951004
54828	-2588.997	-2797.999	209.0024	1.239316	0.07515452	0.547112	0.452888	4.32669
54834	-2595.06	-2802.278	207.2179	1.030865	0.07515452	0.627927	0.372073	5.437408
54840	-2602.972	-2812.293	209.321	1.063713	0.07934146	0.63247	0.36753	4.234678
54846	-2585.299	-2796.07	210.771	1.229185	0.07409272	0.571133	0.428867	3.317111
54852	-2585.685	-2795.943	210.258	1.293056	0.06722889	0.63043	0.36957	3.598844
54858	-2587.5	-2797.928	210.4279	1.118452	0.1238838	0.514947	0.485053	3.458574
54864	-2576.302	-2785.824	209.5216	1.096794	0.1071262	0.460573	0.539427	4.032775
54870	-2577.509	-2787.206	209.6969	1.410089	0.05549705	0.462554	0.537446	3.888407
54876	-2585.582	-2794.191	208.6091	1.386002	0.08020241	0.511114	0.488886	4.452615
54882	-2583.081	-2793.527	210.446	1.262112	0.08818051	0.666086	0.333914	3.450588
54888	-2597.221	-2808.356	211.1344	1.265768	0.1421615	0.597859	0.402141	2.911528
54894	-2589.46	-2799.533	210.0728	1.265768	0.08009162	0.597859	0.402141	3.686778
54900	-2569.601	-2776.971	207.3705	1.102262	0.0477122	0.56776	0.43224	5.388135
54906	-2562.827	-2771.522	208.6953	1.150542	0.06814903	0.561673	0.438327	4.568496
54912	-2580.859	-2789.148	208.2884	0.9963528	0.1021434	0.66379	0.33621	4.796707
54918	-2583.087	-2790.345	207.2586	1.022783	0.08822924	0.560558	0.439442	5.386469
54924	-2587.284	-2796.149	208.8647	1.025881	0.08629132	0.631534	0.368466	4.495837
54930	-2585.972	-2794.484	208.5125	1.025881	0.08430974	0.523526	0.476474	4.698459
54936	-2592.17	-2800.807	208.6369	1.047965	0.07864791	0.559917	0.440083	4.630933
54942	-2588.776	-2799.601	210.8256	1.242223	0.09801024	0.559917	0.440083	3.213664
54948	-2580.777	-2790.805	210.028	1.14709	0.08538847	0.601229	0.398771	3.767241
54954	-2586.58	-2796.03	209.4493	1.184773	0.06203804	0.505859	0.494141	4.140014
54960	-2569.91	-2779.266	209.3566	1.260931	0.07908418	0.61707	0.38293	4.103081
54966	-2576.587	-2787.018	210.4302	1.495854	0.06564286	0.593285	0.406715	3.384477
54972	-2578.953	-2789.285	210.3317	1.52006	0.08135914	0.608792	0.391208	3.384477
54978	-2575.687	-2786.882	211.1947	1.483082	0.1022788	0.534351	0.465649	2.837366
54984	-2569.196	-2780.02	210.8243	1.41475	0.07944026	0.610466	0.389534	3.161091
54990	-2584.199	-2793.811	209.612	1.324133	0.0458319	0.610466	0.389534	4.013958
54996	-2587.491	-2798.641	211.1498	1.395112	0.05340833	0.610466	0.389534	3.053905
55002	-2587.733	-2797.675	209.9423	1.219217	0.09769587	0.543205	0.456795	3.743838
55008	-2577.638	-2788.122	210.4833	1.258365	0.07727875	0.543205	0.456795	3.459967
55014	-2580.876	-2791.417	210.5409	1.200774	0.07727875	0.543205	0.456795	3.459967
55020	-2582.735	-2791.431	208.6962	1.100788	0.05927722	0.578864	0.421136	4.620235
55026	-2592.467	-2799.631	207.1647	0.8678575	0.09234197	0.538956	0.461044	5.513499
55032	-2584.2	-2791.277	207.0778	0.8630601	0.08452196	0.480088	0.519912	5.58298
55038	-2589.679	-2800.24	210.5607	1.287266	0.07072109	0.531722	0.468278	3.41591
55044	-2582.695	-2792.274	209.5796	1.287266	0.0759646	0.704383	0.295617	3.969082
55050	-2569.535	-2777.854	208.3187	1.143537	0.06910178	0.59266	0.40734	4.7807
55056	-2582.964	-2792.277	209.3135	1.257728	0.07388922	0.536373	0.463627	4.143254
55062	-2584.76	-2794.159	209.3992	1.15879	0.03663492	0.550049	0.449951	4.254714
55068	-2579.234	-2788.196	208.9619	0.9380877	0.07056074	0.550049	0.449951	4.531592
55074	-2579.012	-2789.75	210.7388	1.26767	0.1221297	0.646638	0.353362	3.191786
55080	-2577.46	-2788.517	211.0573	1.270029	0.07183444	0.646638	0.353362	3.129798
55086	-2574.995	-2786.085	211.0901	1.301004	0.09813848	0.679598	0.320402	3.020795
55092	-2578.643	-2789.738	211.0946	1.296551	0.09813848	0.532659	0.467341	3.020795
55098	-2574.058	-2784.479	210.4203	1.308136	0.08063845	0.640108	0.359892	3.458625
55104	-2575.254	-2783.99	208.7368	1.148332	0.06568767	0.616407	0.383593	4.553094
55110	-2583.564	-2792.183	208.6193	0.8881548	0.09050686	0.616407	0.383593	4.700278
55116	-2572.239	-2780.783	208.5438	1.117831	0.05776137	0.616407	0.383593	4.700278
55122	-2587.794	-2797.96	210.1652	1.0853	0.1364848	0.653004	0.346996	3.603248
55128	-2573.777	-2783.157	209.3802	1.119384	0.09479301	0.56828	0.43172	4.130185
55134	-2578.461	-2787.765	209.3034	1.1165	0.08839737	0.505502	0.494498	4.191435
55140	-2602.554	-2811.637	209.0827	1.163186	0.08158766	0.587867	0.412133	4.307444
55146	-2596.189	-2806.539	210.3493	1.049441	0.08685339	0.641057	0.358943	3.634108
55152	-2591.433	-2801.219	209.7862	1.049441	0.1111464	0.681327	0.318673	3.899048
55158	-2584.501	-2793.99	209.4894	1.270289	0.05645469	0.505055	0.494945	4.084273
55164	-2588.405	-2797.284	208.8797	0.9329222	0.07934396	0.616114	0.383886	4.557467
55170	-2591.35	-2800.135	208.7848	1.022039	0.09675147	0.500186	0.499814	4.51711
55176	-2591.93	-2801.004	209.0732	0.9478063	0.1060874	0.644669	0.355331	4.374228
55182	-2599.928	-2810.148	210.2199	1.134764	0.128117	0.56728	0.43272	3.560928
55188	-2592.277	-2802.483	210.2053	1.256209	0.0987921	0.66842	0.33158	3.567354
55194	-2599.898	-2808.429	208.5309	1.021831	0.101971	0.598286	0.401714	4.64726
55200	-2593.063	-2801.701	208.6389	0.9633447	0.09047184	0.75927	0.24073	4.64726
55206	-2591.104	-2801.391	210.2865	1.090243	0.09047184	0.513886	0.486114	3.637538
55212	-2601.15	-2810.161	209.0117	1.102122	0.09047184	0.524265	0.475735	4.359551
55218	-2598.502	-2808.332	209.8301	1.022775	0.1284608	0.638512	0.361488	3.850218
55224	-2590.046	-2797.679	207.6336	1.124643	0.1069785	0.641739	0.358261	5.078444
55230	-2583.244	-2790.399	207.1548	1.088061	0.1069785	0.556469	0.443531	5.363436
55236	-2583.586	-2793.791	210.2047	1.200765	0.1133097	0.507956	0.492044	3.56503
55242	-2595.925	-2806.006	210.0815	1.249301	0.08694146	0.602726	0.397274	3.673274
55248	-2586.101	-2796.484	210.383	1.105124	0.1162387	0.626535	0.373465	3.510063
55254	-2583.161	-2792.359	209.1985	1.074295	0.08983019	0.55379	0.44621	4.271246
55260	-2590.19	-2798.255	208.0655	1.075312	0.1044648	0.55379	0.44621	4.87158
55266	-2584.183	-2792.961	208.7782	1.082241	0.07997472	0.560972	0.439028	4.52894
55272	-2585.982	-2796.3	210.3179	1.2598	0.06252943	0.603949	0.396051	3.596647
55278	-2583.071	-2792.404	209.3335	1.2598	0.04698432	0.654527	0.345473	4.20586
55284	-2590.9	-2799.687	208.7865	1.205478	0.08067357	0.635212	0.364788	4.453135
55290	-2574.362	-2783.838	209.4756	1.067394	0.09051307	0.575805	0.424195	4.116135
55296	-2581.009	-2789.165	208.1559	0.9211721	0.081877	0.50323	0.49677	4.961927
55302	-2579.281	-2787.588	208.3072	1.037222	0.08249251	0.657148	0.342852	4.811431
55308	-2586.644	-2796.247	209.6036	1.331557	0.0505823	0.582712	0.417288	4.000915
55314	-2582.365	-2792.573	210.2075	1.310368	0.07707519	0.590614	0.409386	3.590917
55320	-2583.259	-2793.552	210.293	1.266213	0.07899573	0.681769	0.318231	3.561703
55326	-2578.742	-2790.194	211.4522	1.535188	0.103123	0.681769	0.318231	2.645872
55332	-2585.275	-2796.893	211.6182	1.321611	0.114421	0.665575	0.334425	2.646706
55338	-2581.688	-2792.638	210.949	1.321611	0.07251969	0.665575	0.334425	3.161582
55344	-2592.756	-2801.182	208.4261	1.069055	0.0929061	0.487377	0.512623	4.701263
55350	-2580.242	-2788.898	208.6562	1.069055	0.0929061	0.564955	0.435045	4.572275
55356	-2589.951	-2799.054	209.1025	1.185242	0.09099062	0.564955	0.435045	4.259852
55362	-2594.935	-2802.616	207.6811	0.9656271	0.06785075	0.527301	0.472699	5.237032
55368	-2586.98	-2796.314	209.3347	1.138356	0.08270328	0.639473	0.360527	4.175832
55374	-2590.907	-2799.523	208.6169	1.138356	0.08270328	0.59304	0.40696	4.581046
55380	-2591.497	-2801.883	210.3859	1.148064	0.1184507	0.599169	0.400831	3.478183
55386	-2587.06	-2795.441	208.381	0.9428198	0.1184507	0.71371	0.28629	4.737827
55392	-2609.676	-2819.735	210.0599	1.178222	0.1143393	0.483618	0.516382	3.659728
55398	-2608.288	-2817.14	208.8523	1.12808	0.0848119	0.472463	0.527537	4.449069
55404	-2597.11	-2806.638	209.5277	1.050555	0.1030406	0.546818	0.453182	4.065331
55410	-2595.296	-2803.601	208.3045	1.059358	0.08261134	0.669071	0.330929	4.800287
55416	-2598.577	-2806.752	208.1747	1.075561	0.1089173	0.612655	0.387345	4.800287
55422	-2589.315	-2797.922	208.6074	1.075561	0.1173358	0.636595	0.363405	4.539018
55428	-2588.193	-2798.291	210.0984	1.212031	0.07253803	0.500198	0.499802	3.723455
55434	-2599.437	-2809.755	210.3182	1.234104	0.08340179	0.40431	0.59569	3.55396
55440	-2577.428	-2788.784	211.3559	1.253598	0.08340179	0.546445	0.453555	2.928629
55446	-2591.922	-2802.816	210.8939	1.413274	0.09184357	0.548288	0.451712	3.087339
55452	-2595.75	-2806.75	211.0002	1.413274	0.0974221	0.559394	0.440606	3.009268
55458	-2602.61	-2813.945	211.3355	1.397003	0.07327858	0.540168	0.459832	2.88271
55464	-2593.29	-2802.226	208.9362	1.029642	0.1397682	0.624801	0.375199	4.331644
55470	-2603.77	-2812.055	208.2858	1.077893	0.07062611	0.584016	0.415984	4.831629
55476	-2603.312	-2812.281	208.969	1.153232	0.1186935	0.481559	0.518441	4.288264
55482	-2592.155	-2802.215	210.0602	1.248166	0.1104447	0.709976	0.290024	3.628149
55488	-2583.777	-2794.655	210.8781	1.368818	0.08748863	0.658317	0.341683	3.134688
55494	-2580.316	-2789.275	208.9587	0.9991374	0.1067387	0.633603	0.366397	4.408364
55500	-2572.182	-2783.056	210.8734	1.294838	0.07639858	0.574125	0.425875	3.211484
55506	-2581.28	-2792.014	210.7346	1.308961	0.08232301	0.574125	0.425875	3.26901
55512	-2608.985	-2819.149	210.1637	1.323886	0.1184505	0.635903	0.364097	3.505298
55518	-2586.008	-2795.453	209.4446	1.206792	0.07890516	0.399454	0.600546	4.084293
55524	-2595.174	-2806.637	211.4635	1.420754	0.07890516	0.697369	0.302631	2.774521
55530	-2587.241	-2797.378	210.1374	1.155757	0.09998668	0.636286	0.363714	3.662115
55536	-2584.535	-2791.992	207.4574	1.07853	0.08736706	0.723082	0.276918	5.248156
55542	-2582.576	-2790.599	208.0231	0.9362064	0.08746923	0.586934	0.413066	5.013325
55548	-2585.19	-2795.867	210.6767	1.132044	0.08746923	0.594929	0.405071	3.393498
55554	-2581.684	-2791.039	209.3547	1.125559	0.09628843	0.481205	0.518795	4.137501
55560	-2581.342	-2790.162	208.8205	1.077186	0.09315791	0.546232	0.453768	4.474729
55566	-2579.448	-2787.675	208.2276	1.088259	0.06067706	0.5244	0.4756	4.885217
55572	-2588.384	-2796.67	208.2857	1.114317	0.06067706	0.5244	0.4756	4.838327
55578	-2588.41	-2796.027	207.6164	1.217357	0.05083316	0.505696	0.494304	5.180131
55584	-2590.147	-2797.794	207.6474	0.9885487	0.09297535	0.596068	0.403932	5.179105
55590	-2578.351	-2786.191	207.84	1.010686	0.06321457	0.685241	0.314759	5.136699
55596	-2576.268	-2785.562	209.2937	1.097579	0.06321457	0.546575	0.453425	4.274531
55602	-2589.696	-2800.065	210.3689	1.24903	0.0738466	0.54744	0.45256	3.541571
55608	-2589.822	-2800.643	210.8212	1.493796	0.09374651	0.64765	0.35235	3.077657
55614	-2590.535	-2801.443	210.9083	1.503881	0.07238766	0.727878	0.272122	3.077657
55620	-2580.065	-2791.156	211.0909	1.328866	0.07077196	0.727878	0.272122	3.077731
55626	-2578.118	-2789.339	211.2208	1.405943	0.09807802	0.50043	0.49957	2.879083
55632	-2572.112	-2780.989	208.8765	1.128544	0.07680498	0.596705	0.403295	4.455853
55638	-2574.338	-2783.58	209.242	1.144368	0.08651391	0.566673	0.433327	4.215219
55644	-2580.072	-2789.207	209.1352	1.144368	0.09712311	0.660096	0.339904	4.249375
55650	-2575.869	-2785.436	209.5673	1.144368	0.09514004	0.612632	0.387368	4.008435
55656	-2574.205	-2784.267	210.0617	1.144368	0.07634815	0.52519	0.47481	3.77332
55662	-2578.1	-2786.174	208.0737	1.12695	0.07634815	0.530926	0.469074	4.907406
55668	-2574.352	-2782.216	207.8634	0.9119029	0.08682374	0.644944	0.355056	5.116987
55674	-2584.371	-2790.804	206.4333	0.9898842	0.05162626	0.616562	0.383438	5.952984
55680	-2577.081	-2783.128	206.0467	1.187495	0.0641041	0.589232	0.410768	6.022252
55686	-2575.245	-2781.855	206.6099	1.059878	0.09008598	0.661242	0.338758	5.718039
55692	-2574.115	-2782.543	208.429	0.9289028	0.07935178	0.657912	0.342088	4.811996
55698	-2582.66	-2791.948	209.2879	1.04071	0.08664824	0.530493	0.469507	4.247626
55704	-2583.868	-2791.225	207.3565	1.014905	0.06653539	0.69433	0.30567	5.392551
55710	-2574.905	-2782.05	207.1455	0.9667825	0.06646459	0.562883	0.437117	5.535342
55716	-2579.452	-2788.943	209.4904	1.139584	0.08214744	0.586753	0.413247	4.087989
55722	-2578.619	-2789.411	210.7925	1.285895	0.08214744	0.658082	0.341918	3.248918
55728	-2579.345	-2790.578	211.2334	1.436899	0.07901393	0.710602	0.289398	2.904035
55734	-2564.485	-2773.968	209.4828	1.248966	0.07122424	0.527114	0.472886	4.059031
55740	-2576.888	-2787.332	210.4435	1.270482	0.0888194	0.538125	0.461875	3.445452
55746	-2570.861	-2780.57	209.7084	1.270482	0.09097627	0.584392	0.415608	3.865779
55752	-2567.128	-2776.912	209.7832	1.248524	0.07927187	0.504432	0.495568	3.865779
55758	-2574.867	-2784.179	209.3121	1.130279	0.08549451	0.548565	0.451435	4.186046
55764	-2576.533	-2786.31	209.776	1.107931	0.1240878	0.5917	0.4083	3.841962
55770	-2589.013	-2797.931	208.9181	1.107931	0.08704349	0.644113	0.355887	4.417657
55776	-2590.92	-2800.102	209.1824	1.035817	0.1015274	0.686632	0.313368	4.273523
55782	-2583.733	-2793.547	209.8141	1.120098	0.08116934	0.60842	0.39158	3.916712
55788	-2587.604	-2797.52	209.9159	1.305641	0.05888007	0.663347	0.336653	3.812938
55794	-2597.859	-2808.253	210.3939	1.299067	0.09642809	0.627118	0.372882	3.438296
55800	-2586.79	-2796.962	210.1717	1.271592	0.0907703	0.584536	0.415464	3.598183
55806	-2588.983	-2799.228	210.2456	1.271592	0.1086572	0.584536	0.415464	3.510952
55812	-2590.204	-2800.41	210.2056	1.364209	0.07572527	0.534646	0.465354	3.564382
55818	-2591.254	-2800.542	209.2883	1.116999	0.07572527	0.588541	0.411459	4.23257
55824	-2595.155	-2802.635	207.4792	1.10884	0.08464838	0.540673	0.459327	5.22606
55830	-2591.979	-2800.936	208.9571	1.120191	0.08178403	0.466825	0.533175	4.402176
55836	-2587.68	-2796.486	208.8063	1.181652	0.07022086	0.56812	0.43188	4.48301
55842	-2590.434	-2799.931	209.4977	1.128337	0.08789565	0.635282	0.364718	4.075457
55848	-2580.674	-2790.212	209.5375	1.088514	0.08789565	0.628354	0.371646	4.075457
55854	-2582.283	-2791.774	209.4917	1.07086	0.1025634	0.61838	0.38162	4.075457
55860	-2589.668	-2798.821	209.1529	1.093973	0.07526755	0.521616	0.478384	4.323505
55866	-2578.146	-2786.627	208.4813	1.231856	0.05902426	0.48448	0.51552	4.667893
55872	-2574.994	-2784.024	209.0295	1.202093	0.08296204	0.61661	0.38339	4.31202
55878	-2573.59	-2780.807	207.2171	1.088019	0.06048794	0.609591	0.390409	5.445356
55884	-2574.067	-2782.67	208.6028	1.088019	0.09592202	0.638311	0.361689	4.584296
55890	-2595.11	-2804.428	209.3181	1.221299	0.07147997	0.487653	0.512347	4.167831
55896	-2578.221	-2786.94	208.7193	1.075623	0.08746748	0.639633	0.360367	4.546702
55902	-2573.249	-2784.384	211.1351	1.404775	0.1080326	0.579872	0.420128	2.906371
55908	-2575.152	-2785.827	210.6755	1.45592	0.07132016	0.614017	0.385983	3.247425
55914	-2573.48	-2783.011	209.5309	1.214624	0.09753976	0.562281	0.437719	3.983155
55920	-2570.404	-2780.794	210.3897	1.411708	0.0684336	0.604138	0.395862	3.449576
55926	-2576.866	-2787.483	210.6178	1.368283	0.07573801	0.556639	0.443361	3.320846
55932	-2569.852	-2778.527	208.6749	1.182333	0.06984766	0.57884	0.42116	4.55753
55938	-2584.116	-2794.462	210.3462	1.469233	0.09398501	0.561035	0.438965	3.372727
55944	-2568.022	-2778.143	210.1216	1.093523	0.1025035	0.4289	0.5711	3.701126
55950	-2574.538	-2783.392	208.8537	0.9895033	0.09316357	0.642916	0.357084	4.505371
55956	-2580.541	-2790.382	209.8407	1.15015	0.1335001	0.57395	0.42605	3.75991
55962	-2576.71	-2787.239	210.5294	1.177964	0.1360882	0.50412	0.49588	3.337242
55968	-2573.552	-2783.818	210.2662	1.279768	0.09721175	0.637212	0.362788	3.522128
55974	-2565.192	-2775.548	210.3566	1.116276	0.1148785	0.59465	0.40535	3.522128
55980	-2578.788	-2789.122	210.3338	1.307681	0.08055593	0.52152	0.47848	3.509638
55986	-2575.739	-2786.214	210.4755	1.198006	0.07367918	0.678818	0.321182	3.509638
55992	-2577.266	-2787.749	210.4834	1.234094	0.06450951	0.727048	0.272952	3.509638
55998	-2577.337	-2786.957	209.6202	1.194497	0.1191369	0.638476	0.361524	3.8928
56004	-2575.705	-2785.517	209.8115	1.096382	0.09372599	0.619992	0.380008	3.899619
56010	-2586.32	-2797.611	211.2916	1.206244	0.0680613	0.530608	0.469392	3.038849
56016	-2577.857	-2787.387	209.5302	1.353075	0.05692807	0.529301	0.470699	4.012406
56022	-2570.788	-2780.425	209.637	1.353075	0.09358716	0.679335	0.320665	3.852775
56028	-2581.587	-2790.525	208.9383	1.383757	0.04902659	0.370625	0.629375	4.353591
56034	-2581.398	-2790.863	209.4652	1.352217	0.08222154	0.708629	0.291371	3.98082
56040	-2599.936	-2810.432	210.4961	1.534407	0.0904567	0.535204	0.464796	3.255154
56046	-2581.868	-2792.592	210.7241	1.476382	0.0566214	0.600366	0.399634	3.249079
56052	-2589.135	-2798.923	209.7879	1.476382	0.0753794	0.600366	0.399634	3.742314
56058	-2581.623	-2791.162	209.5391	1.169357	0.08228442	0.604844	0.395156	4.042895
56064	-2573.924	-2783.359	209.4353	1.199528	0.08228442	0.508338	0.491662	4.084899
56070	-2575.602	-2785.527	209.9255	1.337858	0.06586418	0.513158	0.486842	3.769068
56076	-2583.385	-2794.197	210.8122	1.227228	0.06401564	0.606451	0.393549	3.322523
56082	-2583.535	-2792.613	209.0775	1.254289	0.0860282	0.703695	0.296305	4.247419
56088	-2573.87	-2782.638	208.7676	1.234863	0.07188202	0.560349	0.439651	4.470373
56094	-2574.403	-2785.142	210.7388	1.286871	0.1007998	0.599548	0.400452	3.231631
56100	-2582.351	-2792.351	210.0009	1.349548	0.07327715	0.442366	0.557634	3.698312
56106	-2585.329	-2794.982	209.6522	1.266484	0.07004498	0.442366	0.557634	3.955501
56112	-2574.371	-2784.326	209.9547	1.237394	0.06828348	0.537382	0.462618	3.803416
56118	-2586.982	-2798.475	211.4939	1.510462	0.05688521	0.537382	0.462618	2.765997
56124	-2585.042	-2796.424	211.3816	1.343099	0.07558376	0.491834	0.508166	2.880855
56130	-2582.447	-2791.877	209.4298	1.313959	0.08944921	0.491834	0.508166	4.004348
56136	-2585.088	-2794.148	209.0595	1.300572	0.08944921	0.491834	0.508166	4.222716
56142	-2575.212	-2783.346	208.134	1.260456	0.0902465	0.543066	0.456934	4.764098
56148	-2581.048	-2788.412	207.3644	1.00376	0.0574119	0.570891	0.429109	5.419018
56154	-2581.354	-2790.904	209.5503	1.283158	0.08727719	0.736095	0.263905	3.958581
56160	-2585.658	-2797.133	211.4758	1.336261	0.08184431	0.44724	0.55276	2.810257
56166	-2586.634	-2797.588	210.9545	1.424513	0.07997453	0.630215	0.369785	3.076304
56172	-2575.497	-2785.582	210.085	1.521075	0.0829704	0.692711	0.307289	3.523842
56178	-2565.901	-2776.24	210.339	1.316796	0.07515563	0.527034	0.472966	3.515878
56184	-2565.286	-2775.655	210.3693	1.343348	0.06330892	0.603342	0.396658	3.515878
56190	-2578.631	-2789.07	210.4386	1.405829	0.06815323	0.603342	0.396658	3.425155
56196	-2581.482	-2791.239	209.7575	1.2588	0.0990095	0.47975	0.52025	3.824306
56202	-2582.617	-2792.137	209.5208	1.224184	0.09214089	0.541887	0.458113	3.996873
56208	-2580.25	-2791.664	211.4141	1.42284	0.1083256	0.518185	0.481815	2.725074
56214	-2591.438	-2801.368	209.9301	1.414409	0.05813996	0.513549	0.486451	3.74416
56220	-2586.719	-2796.908	210.1888	1.340507	0.08200647	0.44145	0.55855	3.571027
56226	-2586.525	-2795.978	209.4538	1.372033	0.07534809	0.480879	0.519121	3.994213
56232	-2575.893	-2785.483	209.5896	1.372033	0.0716992	0.536703	0.463297	3.926336
56238	-2583.098	-2792.339	209.2416	1.290123	0.0685325	0.698794	0.301206	4.180189
56244	-2590.764	-2800.057	209.2933	1.246154	0.07977604	0.570563	0.429437	4.145724
56250	-2591.968	-2801.144	209.1757	1.22075	0.1129386	0.614653	0.385347	4.145724
56256	-2601.692	-2811.202	209.5106	1.214642	0.08517203	0.606785	0.393215	4.025862
56262	-2594.168	-2803.726	209.5581	1.152217	0.08850163	0.655139	0.344861	4.025862
56268	-2585.126	-2794.393	209.2666	1.177203	0.06273519	0.633461	0.366539	4.246063
56274	-2579.786	-2788.088	208.3015	1.288571	0.08872253	0.638177	0.361823	4.658427
56280	-2579.459	-2788.754	209.2954	1.175607	0.1033007	0.638177	0.361823	4.125836
56286	-2581.732	-2790.633	208.9015	1.175607	0.08024303	0.491346	0.508654	4.406307
56292	-2577.173	-2785.86	208.6874	0.9575254	0.1112865	0.478829	0.521171	4.573989
56298	-2586.479	-2793.949	207.4705	0.8862826	0.1006251	0.536793	0.463207	5.315216
56304	-2581.814	-2791.964	210.15	1.117727	0.07442546	0.624387	0.375613	3.742948
56310	-2592.82	-2803.15	210.3299	1.117727	0.05425806	0.624387	0.375613	3.695779
56316	-2589.578	-2800.495	210.9172	1.490042	0.04827533	0.489638	0.510362	3.151304
56322	-2583.908	-2795.027	211.1183	1.263372	0.1262376	0.498618	0.501382	2.9583
56328	-2582.068	-2790.645	208.5771	1.006363	0.1117745	0.512295	0.487705	4.607356
56334	-2591.31	-2798.481	207.1711	0.8463655	0.1077384	0.564516	0.435484	5.485864
56340	-2585.123	-2792.843	207.72	1.107931	0.08467597	0.476144	0.523856	5.093173
56346	-2564.93	-2775.074	210.1441	1.198986	0.08021114	0.568762	0.431238	3.683806
56352	-2588.831	-2799.658	210.8265	1.405791	0.07555901	0.650446	0.349554	3.175862
56358	-2576.78	-2788.213	211.4321	1.299561	0.1014463	0.559185	0.440815	2.806788
56364	-2576.415	-2787.311	210.8961	1.483339	0.0688329	0.612121	0.387879	3.10732
56370	-2576.194	-2788.033	211.8391	1.654922	0.08518643	0.531178	0.468822	2.378249
56376	-2573.614	-2784.748	211.134	1.35769	0.06031818	0.478644	0.521356	3.065166
56382	-2585.081	-2793.729	208.6479	1.245351	0.07882222	0.395314	0.604686	4.51353
56388	-2583.697	-2792.837	209.1399	1.09302	0.09494472	0.672222	0.327778	4.281119
56394	-2583.355	-2792.127	208.7721	1.243187	0.1371681	0.532172	0.467828	4.309092
56400	-2587.595	-2796.009	208.4138	1.159407	0.06277188	0.498417	0.501583	4.73585
56406	-2589.91	-2799.536	209.626	1.14276	0.07354544	0.559562	0.440438	4.031626
56412	-2595.005	-2804.508	209.5034	0.9960371	0.119299	0.637384	0.362616	4.072701
56418	-2593.07	-2801.427	208.3572	0.9458767	0.1057595	0.492951	0.507049	4.77804
56424	-2577.802	-2785.246	207.4435	1.038577	0.06563238	0.632289	0.367711	5.333913
56430	-2592.443	-2798.572	206.1294	1.038577	0.05538748	0.664621	0.335379	6.081846
56436	-2595.026	-2801.679	206.6527	0.9963848	0.05538748	0.664621	0.335379	5.819214
56442	-2577.516	-2786.43	208.9136	0.9987007	0.1020215	0.573489	0.426511	4.445109
56448	-2587.464	-2794.292	206.828	1.006132	0.04733119	0.559556	0.440444	5.740071
56454	-2574.43	-2783.846	209.4168	1.14484	0.06765725	0.604624	0.395376	4.165638
56460	-2580.372	-2791.704	211.3321	1.284475	0.1061592	0.703358	0.296642	2.86469
56466	-2565.876	-2776.363	210.4866	1.373497	0.1051565	0.526949	0.473051	3.318546
56472	-2573.813	-2782.474	208.6604	1.272185	0.09978925	0.491843	0.508157	4.439032
56478	-2593.975	-2801.881	207.9056	1.233615	0.09396187	0.590198	0.409802	4.897354
56484	-2590.923	-2800.607	209.684	0.9795153	0.08316416	0.633367	0.366633	4.066218
56490	-2591.29	-2800.269	208.9788	1.375539	0.0824997	0.633367	0.366633	4.243693
56496	-2569.466	-2779.03	209.5645	1.207292	0.05607407	0.627417	0.372583	4.078456
56502	-2558.951	-2768.206	209.2551	1.035054	0.09020251	0.59366	0.40634	4.260451
56508	-2568.642	-2778.957	210.315	1.188292	0.08493496	0.624473	0.375527	3.578437
56514	-2579.789	-2787.664	207.8742	1.028164	0.08493496	0.607397	0.392603	5.051241
56520	-2577.355	-2787.353	209.9984	1.098212	0.07977092	0.365039	0.634961	3.82715
56526	-2575.617	-2784.806	209.1886	1.148559	0.09372775	0.451391	0.548609	4.225068
56532	-2589.152	-2798.297	209.1455	1.015069	0.107784	0.451391	0.548609	4.291391
56538	-2592.057	-2801.745	209.6881	0.9689672	0.1187075	0.555082	0.444918	3.984017
56544	-2572.415	-2781.28	208.8645	1.042824	0.07478953	0.555082	0.444918	4.516173
56550	-2582.161	-2790.934	208.7737	1.139463	0.07355527	0.484043	0.515957	4.516173
56556	-2579.787	-2789.864	210.0769	1.179474	0.1069038	0.604251	0.395749	3.666686
56562	-2568.313	-2778.254	209.9415	1.105602	0.1078433	0.611156	0.388844	3.785249
56568	-2574.496	-2783.591	209.0957	0.9605432	0.08201807	0.611156	0.388844	4.413448
56574	-2585.492	-2793.378	207.8861	0.9770264	0.06264025	0.627532	0.372468	5.131325
56580	-2591.317	-2801.285	209.9679	1.083877	0.08829139	0.531799	0.468201	3.830754
56586	-2597.743	-2807.099	209.3562	1.205711	0.07840765	0.681123	0.318877	4.136536
56592	-2597.845	-2806.052	208.2075	1.205711	0.08168318	0.738129	0.261871	4.775108
56598	-2587.001	-2797.275	210.2742	1.214798	0.06790758	0.657813	0.342187	3.632902
56604	-2596.661	-2806.046	209.3854	1.120687	0.1045888	0.547529	0.452471	4.102776
56610	-2596.194	-2806.269	210.0742	1.316535	0.05673584	0.443661	0.556339	3.721551
56616	-2604.315	-2815.828	211.5127	1.37925	0.07676177	0.550181	0.449819	2.775896
56622	-2594.957	-2804.234	209.2769	1.241932	0.07805069	0.612282	0.387718	4.161991
56628	-2593.555	-2802.691	209.1363	1.241932	0.08112447	0.6532	0.3468	4.233717
56634	-2593.918	-2803.391	209.4737	1.33487	0.06389335	0.561789	0.438211	4.035403
56640	-2590.992	-2800.67	209.6781	1.161695	0.06766009	0.561789	0.438211	4.007116
56646	-2597.857	-2806.848	208.9903	1.183073	0.07735476	0.596753	0.403247	4.359489
56652	-2595.247	-2804.758	209.5114	1.23148	0.07392622	0.659843	0.340157	4.045405
56658	-2590.019	-2800.791	210.772	1.250426	0.08656823	0.523893	0.476107	3.270163
56664	-2592.847	-2803.903	211.0564	1.34004	0.07773499	0.508624	0.491376	3.072106
56670	-2594.716	-2803.996	209.2799	1.184118	0.1277097	0.508624	0.491376	4.074341
56676	-2601.773	-2810.696	208.9234	1.184118	0.0808991	0.629721	0.370279	4.387443
56682	-2601.367	-2810.428	209.0605	1.184118	0.06894737	0.530276	0.469724	4.341705
56688	-2599.049	-2806.546	207.4967	1.174526	0.05935829	0.459446	0.540554	5.246473
56694	-2609.951	-2817.468	207.5169	1.273098	0.09528895	0.770825	0.229175	5.088179
56700	-2585.957	-2796.094	210.1375	1.273098	0.08597021	0.566321	0.433679	3.62956
56706	-2586.198	-2796.782	210.5838	1.087357	0.08428608	0.488547	0.511453	3.482397
56712	-2585.689	-2796.391	210.702	1.223128	0.07480365	0.497774	0.502226	3.359283
56718	-2582.308	-2791.805	209.497	1.058702	0.1054775	0.495041	0.504959	4.072425
56724	-2590.624	-2799.16	208.5359	1.066866	0.1045673	0.708709	0.291291	4.613106
56730	-2588.456	-2798.915	210.4588	1.209908	0.1030713	0.404264	0.595736	3.435969
56736	-2580.717	-2791.502	210.7853	1.209908	0.08196018	0.479752	0.520248	3.298526
56742	-2584.063	-2793.14	209.0769	1.219502	0.09380487	0.713759	0.286241	4.247963
56748	-2581.535	-2791.682	210.1469	1.312467	0.09416096	0.549656	0.450344	3.580194
56754	-2595.625	-2805.109	209.4843	1.276562	0.05927316	0.742814	0.257186	4.075581
56760	-2601.892	-2813.457	211.5647	1.283867	0.05165588	0.692635	0.307365	2.876553
56766	-2587.223	-2798.057	210.834	1.468065	0.09447152	0.603628	0.396372	3.083508
56772	-2588.365	-2797.684	209.3193	1.44165	0.05443252	0.698311	0.301689	4.0893
56778	-2575.307	-2786.249	210.9419	1.44165	0.05038397	0.436584	0.563416	3.159083
56784	-2585.843	-2795.905	210.0616	1.145347	0.1100254	0.478934	0.521066	3.687865
56790	-2589.857	-2799.361	209.5039	1.237461	0.11764	0.478934	0.521066	3.93821
56796	-2570.733	-2781.286	210.5531	1.117192	0.08787875	0.557909	0.442091	3.473461
56802	-2588.64	-2798.847	210.207	1.176156	0.07724222	0.531235	0.468765	3.668591
56808	-2592.364	-2802.847	210.4834	1.080654	0.08484929	0.553827	0.446173	3.543329
56814	-2592.377	-2802.307	209.9304	1.388133	0.08533982	0.603759	0.396241	3.68453
56820	-2596.448	-2806.979	210.5309	1.257251	0.06817669	0.601267	0.398733	3.45802
56826	-2595.284	-2805.114	209.8295	1.125721	0.07901653	0.535603	0.464397	3.910352
