Iteration	Posterior	Likelihood	Prior	rate_log_sd	rate_neo	root_freqs[1]	root_freqs[2]	tree_length
0	-2601.331	-2811.008	209.6774	0.9753206	0.0908261	0.660016	0.339984	4.05284
6	-2590.59	-2799.534	208.9435	1.031344	0.09378657	0.660016	0.339984	4.429755
12	-2595.556	-2804.627	209.0715	1.033563	0.08817466	0.625336	0.374664	4.370228
18	-2582.711	-2790.561	207.85	0.9669343	0.0960255	0.614253	0.385747	5.071486
24	-2579.325	-2788.066	208.7412	1.146639	0.08234023	0.666964	0.333036	4.507485
30	-2592.406	-2800.337	207.9311	1.146639	0.06944972	0.718645	0.281355	4.993962
36	-2593.407	-2801.863	208.456	0.9533424	0.1098722	0.533412	0.466588	4.709217
42	-2581.409	-2789.985	208.5757	1.089098	0.09564064	0.533412	0.466588	4.599543
48	-2583.401	-2794.018	210.6165	1.121346	0.1580711	0.677208	0.322792	3.273355
54	-2582.215	-2792.155	209.9406	1.295231	0.0777615	0.577842	0.422158	3.752308
60	-2594.37	-2805.282	210.9119	1.389388	0.06845781	0.494756	0.505244	3.154889
66	-2601.288	-2809.833	208.5449	1.194382	0.05358517	0.563291	0.436709	4.668483
72	-2573.463	-2781.023	207.5599	0.9490775	0.0993227	0.587524	0.412476	5.234204
78	-2573.395	-2783.102	209.7071	1.170124	0.08994238	0.511664	0.488336	3.926712
84	-2579.919	-2788.57	208.6512	0.983328	0.08131621	0.456909	0.543091	4.652264
90	-2583.992	-2793.876	209.8835	1.247123	0.08131621	0.456909	0.543091	3.803519
96	-2582.457	-2794.227	211.7702	1.502299	0.08211341	0.565887	0.434113	2.526147
102	-2579.457	-2787.736	208.2792	1.166376	0.07685592	0.534787	0.465213	4.769492
108	-2580.914	-2789.528	208.6136	1.160503	0.08078492	0.559003	0.440997	4.575349
114	-2574.638	-2783.856	209.2174	1.313999	0.08078492	0.634725	0.365275	4.147659
120	-2577.758	-2785.669	207.9116	1.050251	0.09177372	0.586088	0.413912	5.00132
126	-2583.88	-2791.373	207.4923	0.9323118	0.09340316	0.592605	0.407395	5.294916
132	-2589.214	-2796.065	206.8505	0.8222245	0.0972775	0.592605	0.407395	5.699249
138	-2597.665	-2807.102	209.4364	1.191154	0.08123859	0.553509	0.446491	4.091726
144	-2594.143	-2803.664	209.5213	0.9698826	0.1129704	0.553509	0.446491	4.091726
150	-2577.088	-2785.489	208.4011	1.147283	0.08544024	0.578217	0.421783	4.69001
156	-2578.545	-2787.315	208.7704	1.019887	0.1065454	0.565927	0.434073	4.50322
162	-2575.668	-2785.222	209.5543	1.079957	0.08723823	0.672399	0.327601	4.07246
168	-2577.19	-2787.162	209.9726	1.135944	0.05777998	0.53756	0.46244	3.881001
174	-2575.678	-2785.686	210.008	1.145544	0.05976457	0.595452	0.404548	3.849502
180	-2574.65	-2782.198	207.5472	1.002381	0.06150382	0.595452	0.404548	5.307815
186	-2580.702	-2787.026	206.3246	0.8515728	0.06069467	0.595452	0.404548	6.063007
192	-2566.822	-2773.16	206.3375	0.9234142	0.04373652	0.595452	0.404548	6.063007
198	-2575.642	-2783.947	208.3051	0.9234142	0.07827791	0.51401	0.48599	4.886882
204	-2587.656	-2795.916	208.2602	0.902217	0.09956925	0.50458	0.49542	4.871003
210	-2585.948	-2794.549	208.6007	0.9831268	0.05812737	0.66559	0.33441	4.742747
216	-2580.282	-2790.201	209.9195	1.180807	0.0805669	0.747775	0.252225	3.822949
222	-2601.505	-2811.324	209.8194	1.115385	0.09598816	0.666606	0.333394	3.878573
228	-2620.278	-2830.311	210.0327	1.170308	0.08553372	0.49247	0.50753	3.750724
234	-2584.412	-2794.036	209.6238	1.208162	0.07881437	0.494327	0.505673	3.98144
240	-2586.233	-2795.715	209.4815	1.125462	0.1329794	0.495629	0.504371	3.98144
246	-2582.776	-2790.993	208.2173	1.221003	0.06470721	0.533404	0.466596	4.805918
252	-2580.366	-2789.372	209.0065	1.195506	0.0889942	0.461954	0.538046	4.313406
258	-2593.674	-2802.114	208.44	1.134725	0.0653799	0.530745	0.469255	4.727882
264	-2590.962	-2799.25	208.2878	1.104116	0.1059964	0.541569	0.458431	4.727882
270	-2588.949	-2799.485	210.5362	1.179106	0.08189277	0.659516	0.340484	3.462941
276	-2600.502	-2809.883	209.3813	1.179106	0.1083156	0.633239	0.366761	4.063044
282	-2602.816	-2812.097	209.2819	1.099914	0.08662931	0.62908	0.37092	4.217556
288	-2598.58	-2806.286	207.7057	1.069931	0.08954465	0.521067	0.478933	5.110137
294	-2600.171	-2807.859	207.6884	1.014516	0.08584151	0.376927	0.623073	5.159526
300	-2593.569	-2801.316	207.7478	1.028286	0.06574055	0.666156	0.333844	5.17118
306	-2589.083	-2799.31	210.2276	1.221887	0.05683142	0.635885	0.364115	3.687292
312	-2589.088	-2799.105	210.0167	1.14671	0.1113298	0.562712	0.437288	3.709936
318	-2586.889	-2796.807	209.9183	1.166414	0.1315434	0.457866	0.542134	3.709936
324	-2593.207	-2802.545	209.3379	1.050495	0.1212629	0.722477	0.277523	4.131566
330	-2590.21	-2798.759	208.5491	0.9894059	0.09418043	0.744689	0.255311	4.673866
336	-2575.636	-2784.058	208.4222	1.20557	0.07448175	0.58236	0.41764	4.673866
342	-2579.83	-2787.452	207.6225	1.040107	0.1251621	0.559571	0.440429	5.091365
348	-2575.634	-2786.183	210.5484	1.199713	0.08087533	0.517725	0.482275	3.446474
354	-2581.648	-2791.632	209.9844	1.301679	0.1301875	0.634696	0.365304	3.596217
360	-2589.816	-2800.667	210.8511	1.617718	0.054571	0.634696	0.365304	3.095869
366	-2591.243	-2800.938	209.6944	1.585564	0.06321737	0.706652	0.293348	3.766942
372	-2583.475	-2791.627	208.152	1.085488	0.07412749	0.465172	0.534828	4.892705
378	-2595.711	-2803.494	207.7827	1.04469	0.06190293	0.472749	0.527251	5.153122
384	-2589.907	-2798.173	208.2657	1.069218	0.0638556	0.556263	0.443737	4.865912
390	-2585.755	-2793.965	208.2096	1.012082	0.08804961	0.62127	0.37873	4.865912
396	-2580.332	-2788.572	208.2395	0.9845639	0.09709672	0.62127	0.37873	4.84254
402	-2587.941	-2797.912	209.9705	1.29297	0.1148715	0.55113	0.44887	3.643791
408	-2578.93	-2785.974	207.0443	1.205336	0.0721978	0.631948	0.368052	5.444625
414	-2590.718	-2798.135	207.4169	1.111061	0.08040937	0.445606	0.554394	5.269949
420	-2582.414	-2789.926	207.5124	1.111061	0.06042648	0.716057	0.283943	5.269949
426	-2590.054	-2797.42	207.3661	0.9809709	0.06241552	0.555486	0.444514	5.416985
432	-2602.344	-2807.255	204.9103	1.027696	0.04979115	0.510356	0.489644	6.764039
438	-2594.217	-2801.366	207.1494	1.062467	0.04526715	0.498928	0.501072	5.538504
444	-2573.895	-2780.942	207.0466	1.137266	0.08302401	0.571103	0.428897	5.453096
450	-2583.583	-2791.37	207.787	1.152562	0.07585188	0.51402	0.48598	5.053814
456	-2585.124	-2794.633	209.5082	1.18741	0.07585188	0.599573	0.400427	4.067186
462	-2594.353	-2802.598	208.2452	0.9590228	0.0704587	0.548405	0.451595	4.92092
468	-2597.167	-2804.428	207.2602	1.306799	0.06259595	0.548405	0.451595	5.295222
474	-2594.89	-2802.33	207.4402	1.193648	0.04918945	0.590941	0.409059	5.295222
480	-2588.969	-2799.881	210.9119	1.608575	0.05668331	0.578243	0.421757	3.058705
486	-2585.708	-2793.621	207.9126	1.114941	0.09201255	0.635674	0.364326	4.964218
492	-2591.66	-2799.6	207.9399	1.160314	0.07598128	0.669944	0.330056	4.964218
498	-2584.273	-2792.901	208.6281	1.082956	0.05636733	0.669944	0.330056	4.67651
504	-2586.681	-2795.19	208.5088	1.082956	0.08925004	0.612015	0.387985	4.656208
510	-2587.235	-2796.54	209.3047	1.15617	0.1213734	0.470049	0.529951	4.090027
516	-2588.858	-2796.552	207.6942	0.8054589	0.113095	0.555016	0.444984	5.207822
522	-2594.397	-2801.243	206.8456	0.8291414	0.06800781	0.6446	0.3554	5.771213
528	-2598.456	-2805.349	206.8926	0.9304648	0.07682997	0.681178	0.318822	5.667036
534	-2597.46	-2806.701	209.2402	1.345433	0.06692731	0.591186	0.408814	4.153987
540	-2591.137	-2800.606	209.4688	1.181295	0.1099078	0.738422	0.261578	4.008167
546	-2580.422	-2789.248	208.8254	0.9133839	0.09567977	0.515584	0.484416	4.557967
552	-2585.328	-2794.011	208.6828	1.076984	0.09086577	0.660548	0.339452	4.557967
558	-2566.567	-2775.278	208.711	1.158204	0.06718255	0.540203	0.459797	4.557967
564	-2574.579	-2785.044	210.4648	1.224058	0.05602356	0.540203	0.459797	3.550731
570	-2581.614	-2792.016	210.4016	1.174197	0.08278089	0.695653	0.304347	3.541944
576	-2585.905	-2796.702	210.7975	1.268748	0.08702201	0.695653	0.304347	3.243065
582	-2592.583	-2802.261	209.6787	1.201335	0.07234208	0.633119	0.366881	3.971351
588	-2585.809	-2796.135	210.3267	1.479597	0.05111256	0.633119	0.366881	3.496669
594	-2582.122	-2792.516	210.394	1.477322	0.0552371	0.616802	0.383198	3.446619
600	-2601.001	-2811.446	210.4453	1.127478	0.06399478	0.622256	0.377744	3.595323
606	-2597.885	-2805.169	207.2845	1.019976	0.05442275	0.54685	0.45315	5.462291
612	-2588.403	-2796.143	207.7404	0.971843	0.06357629	0.540927	0.459073	5.212331
618	-2604.619	-2814.846	210.227	1.199113	0.1128779	0.497285	0.502715	3.553992
624	-2609.43	-2819.148	209.718	1.159652	0.06734853	0.554758	0.445242	3.986343
630	-2600.861	-2810.573	209.7116	1.098622	0.09434399	0.554758	0.445242	3.954034
636	-2614.095	-2824.34	210.2453	1.235192	0.07650113	0.554758	0.445242	3.614174
642	-2602.436	-2811.69	209.2543	1.312506	0.09736881	0.577751	0.422249	4.085574
648	-2591.435	-2800.703	209.2683	1.278522	0.1020758	0.484043	0.515957	4.085574
654	-2576.69	-2785.408	208.7173	1.029626	0.09287907	0.507692	0.492308	4.560197
660	-2575.98	-2784.109	208.1293	1.064294	0.09183472	0.621127	0.378873	4.87227
666	-2580.564	-2788.854	208.2893	0.9810725	0.07494036	0.572481	0.427519	4.87227
672	-2585.632	-2793.908	208.2758	1.050245	0.06333658	0.536873	0.463127	4.87227
678	-2584.545	-2794.424	209.8788	1.186165	0.07288825	0.616312	0.383688	3.863831
684	-2578.096	-2788.481	210.3846	1.254877	0.07318064	0.697837	0.302163	3.53082
690	-2583.72	-2794.133	210.4133	1.238782	0.07053735	0.749283	0.250717	3.53082
696	-2576.867	-2788.073	211.206	1.268055	0.1124015	0.530678	0.469322	2.935408
702	-2572.251	-2780.456	208.2041	0.998782	0.06872169	0.703339	0.296661	4.926312
708	-2566.918	-2777.342	210.424	1.312267	0.05554638	0.610856	0.389144	3.524531
714	-2581.306	-2790.196	208.8905	1.135165	0.07059859	0.488299	0.511701	4.460761
720	-2579.259	-2790.218	210.9589	1.363713	0.05600796	0.579144	0.420856	3.17854
726	-2590.297	-2799.396	209.0992	1.134805	0.03663448	0.646589	0.353411	4.437785
732	-2584.409	-2795.302	210.8937	1.195444	0.1029323	0.564567	0.435433	3.188689
738	-2588.049	-2797.818	209.7691	1.189904	0.1116521	0.42838	0.57162	3.827022
744	-2592.296	-2801.635	209.3392	1.111457	0.07942778	0.614546	0.385454	4.197048
750	-2590.987	-2800.53	209.5435	1.319182	0.05636372	0.397727	0.602273	4.025763
756	-2600.609	-2808.065	207.4562	0.932448	0.07140477	0.397727	0.602273	5.370111
762	-2598.364	-2808.709	210.3441	1.119007	0.1398302	0.649421	0.350579	3.472322
768	-2582.712	-2791.958	209.246	1.107679	0.1398302	0.618278	0.381722	4.111571
774	-2586.945	-2797.777	210.8319	1.397889	0.08228897	0.672842	0.327158	3.158825
780	-2578.804	-2789.328	210.5239	1.388956	0.09520542	0.593262	0.406738	3.312344
786	-2568.535	-2778.684	210.1491	1.265922	0.09520542	0.556374	0.443626	3.603334
792	-2575.577	-2785.98	210.4035	1.265922	0.061478	0.607419	0.392581	3.546348
798	-2588.069	-2797.168	209.0987	1.087341	0.08558653	0.607419	0.392581	4.331025
804	-2589.442	-2798.699	209.2567	1.154645	0.0775286	0.524172	0.475828	4.224386
810	-2611.484	-2820.587	209.1035	1.28644	0.0896886	0.653222	0.346778	4.205185
816	-2586.136	-2796.59	210.454	1.399439	0.08149039	0.45165	0.54835	3.383145
822	-2584.748	-2796.069	211.3216	1.288009	0.07473413	0.603075	0.396925	2.952714
828	-2593.958	-2805.381	211.4234	1.249465	0.08507245	0.534951	0.465049	2.88576
834	-2574.901	-2784.269	209.3676	1.203179	0.1059205	0.433744	0.566256	4.062762
840	-2580.819	-2790.295	209.4766	1.172173	0.08779825	0.682946	0.317054	4.062762
846	-2587.839	-2797.344	209.5048	1.202998	0.09051782	0.627238	0.372762	4.022186
852	-2587.112	-2798.108	210.9958	1.270657	0.06600278	0.470727	0.529273	3.182639
858	-2591.425	-2802.326	210.9003	1.239062	0.09356483	0.470727	0.529273	3.182639
864	-2587.094	-2795.544	208.4501	0.9199902	0.08257608	0.533417	0.466583	4.7969
870	-2587.91	-2796.538	208.6276	1.005925	0.0688413	0.603548	0.396452	4.685671
876	-2589.78	-2798.307	208.5267	0.9200437	0.111023	0.576444	0.423556	4.685671
882	-2588.024	-2797.995	209.9705	1.223518	0.09394207	0.615265	0.384735	3.734474
888	-2579.764	-2789.397	209.6324	1.283095	0.1501923	0.65683	0.34317	3.768594
894	-2582.538	-2793.25	210.7117	1.431025	0.07948344	0.606664	0.393336	3.218094
900	-2587.434	-2796.966	209.5323	1.0949	0.1091269	0.676528	0.323472	4.023034
906	-2591.433	-2800.775	209.3417	1.324249	0.06500466	0.698533	0.301467	4.11359
912	-2584.08	-2792.281	208.2014	1.025263	0.08211332	0.494218	0.505782	4.878073
918	-2584.754	-2794.284	209.5302	1.013643	0.1524493	0.589627	0.410373	3.977462
924	-2581.003	-2790.807	209.8041	1.127717	0.08229865	0.589627	0.410373	3.915136
930	-2568.902	-2778.542	209.6404	1.132661	0.08718266	0.601597	0.398403	3.993339
936	-2576.754	-2787.793	211.0394	1.38787	0.05983153	0.63198	0.36802	3.105036
942	-2571.682	-2781.305	209.6232	1.17551	0.1286423	0.526192	0.473808	3.880925
948	-2587.951	-2797.979	210.0277	1.142076	0.1467165	0.494177	0.505823	3.628698
954	-2584.322	-2793.172	208.8509	1.114143	0.1074966	0.53567	0.46433	4.402572
960	-2590.168	-2801.066	210.8977	1.240636	0.07301829	0.600597	0.399403	3.238616
966	-2587.869	-2796.713	208.8441	1.20377	0.08469205	0.663526	0.336474	4.411342
972	-2607.739	-2817.401	209.6619	1.42352	0.07502196	0.561822	0.438178	3.846324
978	-2601.519	-2811.862	210.3432	1.169978	0.09729237	0.557735	0.442265	3.541036
984	-2597.121	-2807.241	210.1195	1.467773	0.08060978	0.547079	0.452921	3.541036
990	-2591.631	-2801.9	210.2681	1.240821	0.09829821	0.547079	0.452921	3.541036
996	-2578.913	-2788.971	210.0585	1.240821	0.09943551	0.550482	0.449518	3.659909
1002	-2589.997	-2799.849	209.8522	1.038294	0.07167287	0.587212	0.412788	3.967185
1008	-2590.913	-2799.509	208.5954	1.216703	0.08996244	0.60568	0.39432	4.530789
1014	-2585.547	-2796.406	210.8591	1.274078	0.1200777	0.635251	0.364749	3.121284
1020	-2582.656	-2793.393	210.7371	1.259612	0.1060246	0.644678	0.355322	3.235818
1026	-2586.232	-2796.277	210.0446	1.259612	0.09789022	0.634873	0.365127	3.660874
1032	-2586.801	-2795.096	208.2955	1.068181	0.06467363	0.676468	0.323532	4.847677
1038	-2599.461	-2808.477	209.0155	1.091691	0.07692586	0.530225	0.469775	4.397989
1044	-2588.605	-2796.762	208.1576	1.113274	0.07039883	0.497399	0.502601	4.883977
1050	-2588.192	-2796.369	208.1777	0.9086178	0.1123122	0.497399	0.502601	4.883977
1056	-2579.194	-2788.781	209.5878	1.127886	0.06531978	0.556405	0.443595	4.084437
1062	-2586.035	-2795.651	209.6157	1.043347	0.1177958	0.693972	0.306028	3.984973
1068	-2595.171	-2804.843	209.6719	0.9982505	0.07981561	0.449567	0.550433	4.071196
1074	-2599.389	-2807.221	207.8316	1.201739	0.08712055	0.62642	0.37358	4.973038
1080	-2583.357	-2790.954	207.5969	1.026659	0.09354675	0.588174	0.411826	5.184577
1086	-2585.912	-2794.116	208.2039	1.149695	0.06783111	0.389019	0.610981	4.844738
1092	-2590.703	-2800.429	209.7265	1.37597	0.08275271	0.389019	0.610981	3.815929
1098	-2601.449	-2810.647	209.1985	1.120194	0.08387273	0.586381	0.413619	4.260357
1104	-2596.21	-2806.396	210.1858	1.159984	0.05596544	0.578658	0.421342	3.749677
1110	-2586.58	-2795.496	208.9161	1.159984	0.05815487	0.556957	0.443043	4.466589
1116	-2591.713	-2800.58	208.867	1.119085	0.07679807	0.61265	0.38735	4.466589
1122	-2598.96	-2808.982	210.0212	1.233946	0.09418049	0.727497	0.272503	3.698539
1128	-2597.684	-2806.522	208.8381	1.026612	0.1281428	0.584916	0.415084	4.413121
1134	-2595.144	-2803.794	208.6501	1.127422	0.08985041	0.709143	0.290857	4.550503
1140	-2587.088	-2795.785	208.6968	1.127422	0.07075865	0.579505	0.420495	4.573605
1146	-2604.842	-2812.512	207.6699	1.178523	0.103563	0.579032	0.420968	5.036248
1152	-2590.047	-2798.388	208.3418	0.9168012	0.06957037	0.585083	0.414917	4.892997
1158	-2596.473	-2804.748	208.2753	0.9407599	0.07860561	0.476452	0.523548	4.892997
1164	-2591.045	-2798.677	207.6321	0.9407599	0.0901051	0.610624	0.389376	5.221001
1170	-2583.063	-2790.679	207.6162	1.089816	0.06163788	0.497716	0.502284	5.221001
1176	-2574.807	-2783.389	208.5819	1.184525	0.06868447	0.596482	0.403518	4.61161
1182	-2580.374	-2790.775	210.4012	1.248518	0.06868447	0.458638	0.541362	3.537381
1188	-2582.712	-2790.751	208.0393	1.27202	0.0663649	0.446532	0.553468	4.872279
1194	-2582.587	-2791.483	208.8958	1.157414	0.09889499	0.557664	0.442336	4.373136
1200	-2600.589	-2809.867	209.2783	1.087858	0.1079155	0.539436	0.460564	4.174528
1206	-2582.678	-2792.309	209.6316	1.124472	0.07530083	0.638698	0.361302	4.034182
1212	-2591.526	-2800.635	209.1086	1.12223	0.1443895	0.57573	0.42427	4.172063
1218	-2582.553	-2793.042	210.4893	1.309152	0.1311444	0.574097	0.425903	3.294386
1224	-2578.319	-2788.488	210.1687	1.2733	0.09238702	0.574097	0.425903	3.59478
1230	-2596.154	-2806.564	210.4102	1.150292	0.07390968	0.533956	0.466044	3.574783
1236	-2582.393	-2792.353	209.9598	1.337677	0.07320456	0.637842	0.362158	3.729091
1242	-2589.348	-2797.66	208.3126	1.20245	0.06992708	0.500088	0.499912	4.748983
1248	-2584.008	-2793.833	209.8246	1.315503	0.06850302	0.60607	0.39393	3.832696
1254	-2586.741	-2796.588	209.8469	1.324333	0.06211637	0.60607	0.39393	3.832696
1260	-2570.106	-2779.232	209.1264	1.161625	0.07985811	0.608373	0.391627	4.288143
1266	-2590.104	-2799.072	208.9683	1.229375	0.1925858	0.589376	0.410624	4.100456
1272	-2568.734	-2778.564	209.8301	1.256707	0.0715236	0.602472	0.397528	3.855046
1278	-2567.988	-2777.721	209.7327	1.256707	0.09283511	0.600732	0.399268	3.855046
1284	-2577.486	-2787.158	209.6723	1.256707	0.06584405	0.494783	0.505217	3.961181
1290	-2571.562	-2781.887	210.3249	1.304616	0.08269004	0.51188	0.48812	3.510877
1296	-2577.84	-2788.589	210.7493	1.292159	0.1173331	0.559162	0.440838	3.182167
1302	-2584.379	-2793.861	209.482	1.179755	0.108526	0.594767	0.405233	4.004731
1308	-2582.407	-2791.915	209.5086	1.12265	0.08983414	0.67753	0.32247	4.067554
1314	-2572.746	-2781.934	209.1887	1.039577	0.1137971	0.615204	0.384796	4.239215
1320	-2578.329	-2788.405	210.0763	1.222821	0.09086378	0.581533	0.418467	3.681483
1326	-2593.428	-2803.619	210.191	1.176941	0.1395678	0.595961	0.404039	3.528411
1332	-2585.066	-2793.395	208.3292	1.154801	0.09605721	0.49614	0.50386	4.699855
1338	-2578.732	-2787.4	208.6683	1.064669	0.1056267	0.36648	0.63352	4.537528
1344	-2583.416	-2793.049	209.6327	1.195379	0.0773089	0.603601	0.396399	3.987672
1350	-2585.676	-2795.593	209.9175	1.108142	0.08522001	0.632783	0.367217	3.853694
1356	-2585.148	-2795.388	210.2399	1.171729	0.08522001	0.597769	0.402231	3.630916
1362	-2580.343	-2791.042	210.6996	1.250898	0.1008137	0.656905	0.343095	3.275964
1368	-2575.691	-2784.291	208.6002	1.25099	0.0761974	0.476878	0.523122	4.544001
1374	-2573.493	-2781.266	207.7731	1.142801	0.08906666	0.538105	0.461895	5.033468
1380	-2576.768	-2786.735	209.9668	1.086812	0.1103279	0.601756	0.398244	3.77567
1386	-2578.354	-2786.928	208.5741	1.13628	0.09800095	0.461398	0.538602	4.568303
1392	-2583.034	-2792.095	209.0611	1.02054	0.07676794	0.638983	0.361017	4.412798
1398	-2587.497	-2796.496	208.9988	0.9910048	0.09728982	0.520319	0.479681	4.412798
1404	-2601.254	-2811.526	210.2719	1.313896	0.07299678	0.632652	0.367348	3.56257
1410	-2594.118	-2802.765	208.6473	1.086588	0.1012052	0.546049	0.453951	4.547458
1416	-2597.526	-2806.761	209.2355	1.068802	0.1254735	0.530637	0.469363	4.170104
1422	-2585.639	-2794.059	208.42	0.9414904	0.07966006	0.604359	0.395641	4.809172
1428	-2580.463	-2788.222	207.7584	0.9921862	0.06807707	0.451601	0.548399	5.179025
1434	-2583.133	-2791.362	208.2297	1.05348	0.09687146	0.48496	0.51504	4.810101
1440	-2583.497	-2792.802	209.3055	1.05348	0.1098647	0.613462	0.386538	4.174076
1446	-2578.004	-2787.783	209.779	1.010922	0.1070499	0.613462	0.386538	3.934896
1452	-2584.907	-2794.26	209.3522	1.125311	0.07486424	0.657511	0.342489	4.193864
1458	-2579.762	-2787.851	208.089	1.046063	0.09404202	0.550935	0.449065	4.899472
1464	-2587.429	-2797.28	209.8509	1.097167	0.06997854	0.47241	0.52759	3.938849
1470	-2576.591	-2783.157	206.5668	1.085985	0.04577281	0.503185	0.496815	5.843587
1476	-2593.572	-2802.071	208.4999	1.082444	0.1139972	0.688714	0.311286	4.602963
1482	-2587.809	-2798.165	210.3564	1.275212	0.1120733	0.552337	0.447663	3.435974
1488	-2567.723	-2778.026	210.3026	1.353071	0.09576271	0.552337	0.447663	3.461747
1494	-2585.183	-2795.352	210.1687	1.530223	0.08594923	0.480942	0.519058	3.461747
1500	-2581.139	-2791.723	210.5836	1.357831	0.1142144	0.491739	0.508261	3.248766
1506	-2583.081	-2794.003	210.9216	1.422389	0.1003589	0.555995	0.444005	3.043347
1512	-2578.286	-2789.377	211.091	1.443131	0.1003589	0.464119	0.535881	2.929193
1518	-2580.013	-2791.022	211.0086	1.355224	0.1003589	0.515164	0.484836	3.031526
1524	-2578.352	-2788.25	209.8978	1.324149	0.09790529	0.481209	0.518791	3.708429
1530	-2584.405	-2792.95	208.5449	1.147978	0.08143601	0.527395	0.472605	4.619264
1536	-2583.477	-2792.616	209.1386	1.100552	0.08143601	0.532102	0.467898	4.311689
1542	-2587.912	-2796.236	208.324	1.195044	0.07305495	0.571092	0.428908	4.738453
1548	-2572.545	-2782.099	209.5547	1.342858	0.0642317	0.494487	0.505513	3.983669
1554	-2578.231	-2788.242	210.0109	1.36468	0.08884403	0.539901	0.460099	3.642409
1560	-2572.508	-2782.637	210.1292	1.349496	0.06665938	0.567451	0.432549	3.642409
1566	-2576.299	-2785.71	209.4101	1.100472	0.07597482	0.508401	0.491599	4.17218
1572	-2581.608	-2791.891	210.283	1.223262	0.07597482	0.508401	0.491599	3.600672
1578	-2587.825	-2797.755	209.9295	1.411835	0.07135817	0.508401	0.491599	3.708829
1584	-2574.412	-2783.542	209.13	1.144906	0.07135817	0.508401	0.491599	4.318092
1590	-2576.867	-2785.871	209.0039	1.25329	0.0861247	0.50233	0.49767	4.289423
1596	-2582.269	-2791.218	208.9493	1.312375	0.06234193	0.518625	0.481375	4.350234
1602	-2594.948	-2806.296	211.3478	1.26686	0.08589922	0.555197	0.444803	2.91871
1608	-2580.268	-2789.454	209.1859	1.364754	0.09671418	0.402655	0.597345	4.096396
1614	-2574.982	-2785.191	210.2095	1.251247	0.1024846	0.580757	0.419243	3.558716
1620	-2570.259	-2779.289	209.0302	1.215327	0.10138	0.498224	0.501776	4.25843
1626	-2580.132	-2790.792	210.66	1.299361	0.08701282	0.54996	0.45004	3.306164
1632	-2582.158	-2792.902	210.7432	1.194137	0.09198653	0.553094	0.446906	3.306164
1638	-2582.875	-2792.882	210.0063	1.172559	0.09642317	0.409278	0.590722	3.736999
1644	-2586.506	-2796.378	209.8724	1.292059	0.09980366	0.676403	0.323597	3.736999
1650	-2584.793	-2794.024	209.2308	1.125663	0.1574904	0.519345	0.480655	4.074547
1656	-2574.825	-2784.2	209.3754	1.153091	0.1574904	0.601761	0.398239	3.976344
1662	-2582.952	-2791.528	208.5761	1.141082	0.06769141	0.512624	0.487376	4.641891
1668	-2582.224	-2793.038	210.8139	1.31273	0.09392623	0.663855	0.336145	3.189252
1674	-2582.531	-2793.628	211.0971	1.31273	0.1305042	0.680208	0.319792	2.931572
1680	-2581.652	-2792.235	210.5836	1.507015	0.06087607	0.606531	0.393469	3.301456
1686	-2574.942	-2785.903	210.9608	1.565305	0.06983221	0.586092	0.413908	3.016826
1692	-2581.982	-2791.828	209.8456	1.325306	0.07108068	0.571348	0.428652	3.807867
1698	-2588.439	-2798.788	210.3488	1.325306	0.09027009	0.634972	0.365028	3.465034
1704	-2584.602	-2792.389	207.7865	1.275711	0.09901822	0.685931	0.314069	4.928105
1710	-2576.181	-2783.915	207.7343	1.16362	0.0882978	0.429769	0.570231	5.045333
1716	-2575.661	-2783.649	207.9877	1.167675	0.09306707	0.603202	0.396798	4.890519
1722	-2574.698	-2782.209	207.5106	0.8748542	0.07841755	0.535014	0.464986	5.353679
1728	-2578.173	-2787.384	209.2105	1.007833	0.068413	0.56794	0.43206	4.358028
1734	-2581.79	-2790.958	209.1684	0.9777813	0.08384028	0.531063	0.468937	4.358028
1740	-2595.267	-2805.91	210.6433	1.303399	0.09004943	0.694943	0.305057	3.305659
1746	-2578.328	-2786.219	207.8904	1.040316	0.07850995	0.621488	0.378512	5.051821
1752	-2577.68	-2785.881	208.2012	1.008033	0.06537459	0.622099	0.377901	4.931796
1758	-2581.274	-2790.686	209.412	1.071141	0.07316747	0.642175	0.357825	4.19526
1764	-2578.37	-2788.261	209.8914	1.042154	0.1005943	0.555376	0.444624	3.86796
1770	-2586.018	-2794.582	208.5644	1.026882	0.0916523	0.64894	0.35106	4.650512
1776	-2592.839	-2801.931	209.0918	1.156963	0.06736287	0.532083	0.467917	4.343689
1782	-2587.28	-2796.35	209.0702	1.011676	0.1033309	0.716007	0.283993	4.346338
1788	-2581.489	-2790.542	209.0534	1.167751	0.08789876	0.658887	0.341113	4.30534
1794	-2580.145	-2790.147	210.0021	1.267637	0.08615939	0.552945	0.447055	3.710618
1800	-2575.243	-2785.156	209.9129	1.271255	0.10598	0.483502	0.516498	3.710618
1806	-2590.344	-2800.261	209.9173	1.203816	0.1384076	0.541788	0.458212	3.674207
1812	-2577.688	-2787.589	209.901	1.048819	0.1267869	0.494148	0.505852	3.798107
1818	-2584.199	-2791.611	207.4121	0.9109138	0.07723265	0.617819	0.382181	5.391147
1824	-2588.296	-2796.193	207.8974	0.9109138	0.08618032	0.66424	0.33576	5.100336
1830	-2588.766	-2797.923	209.1565	1.226601	0.0543706	0.509135	0.490865	4.303929
1836	-2595.153	-2804.368	209.2158	1.024061	0.08337842	0.509135	0.490865	4.306283
1842	-2601.922	-2811.799	209.8774	1.106937	0.06088202	0.544334	0.455666	3.943416
1848	-2580.525	-2789.406	208.8817	0.9583154	0.09902322	0.567157	0.432843	4.492963
1854	-2584.695	-2792.532	207.8362	1.03149	0.09923765	0.610137	0.389863	5.035684
1860	-2568.626	-2778.666	210.0403	1.03149	0.09559305	0.492538	0.507462	3.80082
1866	-2579.935	-2789.92	209.9844	1.091553	0.09462386	0.567204	0.432796	3.80082
1872	-2583.644	-2794.194	210.5496	1.075258	0.09302656	0.515983	0.484017	3.486727
1878	-2588.674	-2798.797	210.1231	1.285482	0.08524163	0.610592	0.389408	3.632642
1884	-2587.05	-2796.324	209.2737	1.279198	0.09058505	0.570364	0.429636	4.110301
1890	-2587.042	-2795.577	208.5354	1.103305	0.08690789	0.536809	0.463191	4.635736
1896	-2590.824	-2801.476	210.6521	1.052922	0.1098241	0.674756	0.325244	3.398321
1902	-2593.479	-2802.723	209.2442	1.02373	0.1226805	0.571873	0.428127	4.196841
1908	-2584.851	-2793.44	208.589	1.175606	0.07866205	0.584015	0.415985	4.586201
1914	-2593.312	-2802.085	208.7735	1.080454	0.1407418	0.580572	0.419428	4.392835
1920	-2592.067	-2799.787	207.7206	0.962888	0.08012106	0.482552	0.517448	5.184692
1926	-2574.477	-2782.3	207.8229	1.07038	0.06070713	0.551217	0.448783	5.11988
1932	-2583.266	-2792.191	208.925	1.051923	0.1088014	0.475118	0.524882	4.392835
1938	-2581.07	-2789.718	208.6479	1.051923	0.1361662	0.584605	0.415395	4.489105
1944	-2585.081	-2793.811	208.7305	1.005343	0.08541756	0.586299	0.413701	4.585008
1950	-2591.99	-2800.56	208.5704	1.064152	0.1090068	0.458801	0.541199	4.585008
1956	-2593.73	-2801.22	207.4891	1.048583	0.09388054	0.565797	0.434203	5.231273
1962	-2586.293	-2796.225	209.9321	1.191399	0.1165152	0.558951	0.441049	3.720995
1968	-2584.736	-2794.119	209.3823	1.128083	0.1376499	0.542256	0.457744	4.026751
1974	-2590.867	-2800.145	209.2783	1.135814	0.08610534	0.514789	0.485211	4.200533
1980	-2600.106	-2808.136	208.0295	1.059779	0.08982885	0.583374	0.416626	4.935256
1986	-2594.14	-2802.74	208.5994	0.9318275	0.1582032	0.53125	0.46875	4.540015
1992	-2590.256	-2799.945	209.6888	1.088652	0.1312551	0.536657	0.463343	3.887473
1998	-2594.693	-2804.007	209.314	1.137881	0.1027981	0.427232	0.572768	4.137911
2004	-2572.093	-2781.869	209.7755	1.134303	0.08251147	0.576173	0.423827	3.927181
2010	-2574.702	-2784.004	209.3022	1.134303	0.06159844	0.531126	0.468874	4.253364
2016	-2588.387	-2797.883	209.4966	1.099502	0.07411506	0.696449	0.303551	4.128523
2022	-2571.759	-2781.217	209.4578	1.034941	0.09705282	0.696449	0.303551	4.128523
2028	-2583.333	-2791.622	208.2894	1.065701	0.09307428	0.739454	0.260546	4.779109
2034	-2600.571	-2808.528	207.9566	0.8800247	0.06894667	0.591514	0.408486	5.129064
2040	-2594.888	-2803.287	208.3993	1.032478	0.0913481	0.656921	0.343079	4.740529
2046	-2587.883	-2797.528	209.6448	1.031112	0.07556049	0.51574	0.48426	4.079188
2052	-2591.446	-2801.277	209.8315	1.204144	0.0834904	0.587364	0.412636	3.852427
2058	-2594.466	-2805.137	210.6712	1.230304	0.06787346	0.683023	0.316977	3.392524
2064	-2583.089	-2793.889	210.7996	1.16666	0.0946235	0.623233	0.376767	3.282306
2070	-2576.836	-2787.384	210.5485	1.151275	0.1285937	0.662057	0.337943	3.358144
2076	-2579.857	-2789.517	209.6601	1.151275	0.1243481	0.527863	0.472137	3.88305
2082	-2574.055	-2783.827	209.772	1.111884	0.09740016	0.457605	0.542395	3.90428
2088	-2585.973	-2795.665	209.6917	1.043225	0.1347971	0.532019	0.467981	3.90428
2094	-2584.403	-2793.434	209.03	1.086467	0.06531581	0.615083	0.384917	4.423939
2100	-2581.549	-2789.773	208.2243	1.186633	0.08599455	0.45126	0.54874	4.765481
2106	-2575.267	-2783.363	208.0964	1.266522	0.05390109	0.604653	0.395347	4.877815
2112	-2581.726	-2790.965	209.2386	1.114005	0.1016909	0.533703	0.466297	4.19697
2118	-2591.982	-2801.942	209.9598	1.143459	0.08986327	0.428614	0.571386	3.797072
2124	-2592.363	-2802.604	210.2406	1.084434	0.1037376	0.77022	0.22978	3.634469
2130	-2585.235	-2795.667	210.4322	1.151072	0.07825995	0.643814	0.356186	3.549684
2136	-2589.177	-2796.936	207.7594	0.8694425	0.09279776	0.527344	0.472656	5.183488
2142	-2582.777	-2791.444	208.6668	0.9222771	0.09270472	0.641894	0.358106	4.649143
2148	-2585.042	-2793.411	208.3691	1.142533	0.06874961	0.569919	0.430081	4.754055
2154	-2586.603	-2794.981	208.3773	0.9750391	0.104237	0.697984	0.302016	4.754055
2160	-2575.768	-2783.521	207.7529	0.8857785	0.1124356	0.687395	0.312605	5.132347
2166	-2600.599	-2807.094	206.4944	0.9185196	0.07175789	0.483029	0.516971	5.904566
2172	-2587.529	-2796.231	208.7021	1.174012	0.07466071	0.657268	0.342732	4.534093
2178	-2579.004	-2789.358	210.3538	1.099374	0.07466071	0.544898	0.455102	3.63503
2184	-2577.68	-2787.779	210.0987	1.114702	0.08137804	0.569874	0.430126	3.755643
2190	-2585.469	-2794.313	208.8435	1.226236	0.0830011	0.569874	0.430126	4.403299
2196	-2576.73	-2784.907	208.1763	1.039767	0.09352252	0.650595	0.349405	4.855633
2202	-2571.593	-2780.095	208.5015	1.115261	0.05094698	0.636913	0.363087	4.744388
2208	-2573.457	-2782.247	208.7899	1.174688	0.06858324	0.709706	0.290294	4.500556
2214	-2596.349	-2805.401	209.0526	1.010299	0.06858324	0.391718	0.608282	4.445235
2220	-2619.122	-2830.649	211.5276	1.396075	0.1259719	0.650969	0.349031	2.62871
2226	-2601.149	-2812.502	211.3529	1.397043	0.08235834	0.680062	0.319938	2.846568
2232	-2593.208	-2804.456	211.2477	1.397043	0.07418966	0.6066	0.3934	2.933099
2238	-2588.519	-2797.935	209.4158	1.405258	0.06132438	0.497211	0.502789	4.035477
2244	-2590.976	-2798.735	207.7592	1.105606	0.08777527	0.641412	0.358588	5.065043
2250	-2585.137	-2791.793	206.6562	1.00748	0.07372015	0.57942	0.42058	5.762362
2256	-2586.202	-2794.135	207.9326	1.031585	0.08954283	0.738195	0.261805	5.005471
2262	-2576.297	-2784.459	208.1616	1.031585	0.07679857	0.594497	0.405503	4.910378
2268	-2574.218	-2784.296	210.0774	1.267421	0.07679857	0.611617	0.388383	3.691988
2274	-2572.687	-2781.368	208.6811	1.116584	0.1190036	0.630484	0.369516	4.470766
2280	-2576.123	-2784.545	208.4218	1.046328	0.07079244	0.595234	0.404766	4.772899
2286	-2574.852	-2783.311	208.4588	1.210385	0.1196987	0.611257	0.388743	4.5415
2292	-2578.561	-2788.895	210.3342	1.261098	0.09009431	0.643089	0.356911	3.51146
2298	-2585.238	-2795.633	210.3949	1.266205	0.08116802	0.636766	0.363234	3.49652
2304	-2604.375	-2814.824	210.4488	1.186456	0.08688278	0.764937	0.235063	3.49652
2310	-2595.107	-2804.152	209.0449	1.007689	0.09585415	0.560113	0.439887	4.380858
2316	-2596.198	-2805.273	209.0746	1.063348	0.06164358	0.637436	0.362564	4.421983
2322	-2589.128	-2799.487	210.3593	1.214753	0.1288615	0.498261	0.501739	3.431272
2328	-2570.941	-2780.619	209.6776	1.006214	0.1261655	0.653236	0.346764	3.952167
2334	-2585.521	-2794.239	208.7177	1.002732	0.08376352	0.581231	0.418769	4.597834
2340	-2571.426	-2781.395	209.9691	1.062714	0.08401163	0.540537	0.459463	3.853266
2346	-2582.291	-2793.029	210.7381	1.107509	0.0691283	0.647424	0.352576	3.421762
2352	-2590.98	-2801.56	210.5801	1.195559	0.08409865	0.600985	0.399015	3.421762
2358	-2578.181	-2788.828	210.6473	1.195559	0.08458664	0.691333	0.308667	3.38106
2364	-2580.77	-2791.939	211.1698	1.198758	0.08458664	0.652104	0.347896	3.069954
2370	-2575.798	-2786.928	211.1302	1.289097	0.08334701	0.578412	0.421588	3.042987
2376	-2572.202	-2783.803	211.6008	1.289097	0.08444213	0.578412	0.421588	2.755601
2382	-2582.64	-2793.513	210.8733	1.367631	0.05454239	0.716926	0.283074	3.231253
2388	-2596.692	-2806.157	209.4654	1.368293	0.06576251	0.49287	0.50713	4.015876
2394	-2581.416	-2791.035	209.6193	1.143305	0.0809163	0.641707	0.358293	4.015532
2400	-2589.771	-2798.295	208.5247	1.191483	0.07338965	0.689664	0.310336	4.627216
2406	-2577.699	-2786.952	209.2533	1.17126	0.1193107	0.473427	0.526573	4.115302
2412	-2571.017	-2781.789	210.7714	1.189214	0.07130803	0.554353	0.445647	3.348152
2418	-2571.204	-2780.816	209.6125	1.301703	0.09273036	0.52858	0.47142	3.898473
2424	-2580.632	-2789.511	208.8787	1.115728	0.08446889	0.606126	0.393874	4.442036
2430	-2575.073	-2785.427	210.3545	1.353527	0.07011837	0.565058	0.434942	3.499381
2436	-2579.797	-2788.514	208.7169	1.181357	0.07521084	0.565058	0.434942	4.520185
2442	-2573.288	-2780.147	206.8587	1.037318	0.06555361	0.565058	0.434942	5.656517
2448	-2574.578	-2783.078	208.5007	0.9493395	0.07715145	0.565058	0.434942	4.766232
2454	-2576.801	-2783.993	207.1919	0.9665219	0.07137221	0.621616	0.378384	5.497004
2460	-2575.193	-2781.492	206.2992	0.924788	0.06499947	0.567476	0.432524	6.025441
2466	-2580.085	-2786.302	206.217	1.08058	0.05018165	0.62262	0.37738	6.025441
2472	-2573.582	-2781.841	208.2596	1.216641	0.07510164	0.531514	0.468486	4.756932
2478	-2569.593	-2776.981	207.3889	0.9865271	0.08481458	0.531514	0.468486	5.343096
2484	-2574.086	-2783.74	209.6539	1.184822	0.06922881	0.531514	0.468486	4.003412
2490	-2576.397	-2787.16	210.7623	1.126941	0.08965194	0.622088	0.377912	3.340495
2496	-2576.113	-2784.399	208.2866	0.9643418	0.05953982	0.602598	0.397402	4.924501
2502	-2573.657	-2782.837	209.1796	1.118547	0.06646996	0.664434	0.335566	4.318233
2508	-2578.897	-2787.971	209.074	1.104575	0.09237289	0.512371	0.487629	4.318233
2514	-2581.793	-2791.169	209.3761	1.304041	0.07560202	0.653981	0.346019	4.076646
2520	-2581.216	-2791.047	209.831	1.189137	0.05210231	0.347105	0.652895	3.947957
2526	-2591.166	-2800.491	209.3247	1.189137	0.05480838	0.552877	0.447123	4.228652
2532	-2576.541	-2784.534	207.9925	1.189137	0.052301	0.64386	0.35614	4.983151
2538	-2571.389	-2780.332	208.9424	1.226119	0.05118946	0.627001	0.372999	4.434089
2544	-2576.522	-2783.628	207.1065	1.077675	0.05047928	0.632471	0.367529	5.53932
2550	-2577.144	-2786.934	209.7903	1.085978	0.05276075	0.509568	0.490432	4.028311
2556	-2572.176	-2782.887	210.7112	1.156092	0.09300139	0.599947	0.400053	3.344763
2562	-2582.386	-2790.005	207.6187	1.190405	0.05749911	0.5177	0.4823	5.1753
2568	-2580.433	-2789.507	209.0742	1.072776	0.1104573	0.549488	0.450512	4.292944
2574	-2573.589	-2782.631	209.0421	1.037788	0.1274916	0.581804	0.418196	4.292944
2580	-2588.021	-2798.693	210.6718	1.229074	0.08334891	0.627287	0.372713	3.350296
2586	-2584.029	-2793.677	209.6483	0.9983705	0.1304073	0.627287	0.372713	3.964256
2592	-2583.382	-2790.864	207.4819	0.9217414	0.09493796	0.612884	0.387116	5.30282
2598	-2575.628	-2786.03	210.4026	1.197368	0.1028252	0.54235	0.45765	3.476737
2604	-2596.99	-2807.892	210.902	1.218585	0.1028252	0.508653	0.491347	3.170294
2610	-2575.735	-2785.942	210.2074	1.076217	0.1186038	0.504771	0.495229	3.623546
2616	-2589.107	-2799.724	210.6175	1.124824	0.1069008	0.689792	0.310208	3.383521
2622	-2595.404	-2804.061	208.6572	1.093057	0.05496578	0.438816	0.561184	4.658441
2628	-2595.052	-2805.825	210.773	1.24483	0.07882955	0.550663	0.449337	3.293651
2634	-2600.504	-2809.627	209.123	1.136684	0.1417803	0.599466	0.400534	4.161001
2640	-2594.767	-2804.287	209.5203	0.9706429	0.08449868	0.599466	0.400534	4.161001
2646	-2588.494	-2798.406	209.9124	1.168341	0.1056023	0.452833	0.547167	3.771252
2652	-2584.747	-2794.697	209.95	1.168168	0.09672273	0.521537	0.478463	3.771252
2658	-2585.002	-2793.877	208.8754	1.100504	0.09475117	0.521537	0.478463	4.426803
2664	-2579.604	-2787.849	208.2444	1.100504	0.06203271	0.619368	0.380632	4.865355
2670	-2574.375	-2782.27	207.8952	1.132811	0.07422995	0.491933	0.508067	5.008959
2676	-2570.346	-2778.074	207.7285	1.161119	0.1054805	0.584605	0.415395	5.008959
2682	-2566.081	-2775.213	209.1324	1.161119	0.0987921	0.570113	0.429887	4.237458
2688	-2589.424	-2799.313	209.889	1.202658	0.1042464	0.570113	0.429887	3.768154
2694	-2592.978	-2802.32	209.3415	1.178272	0.07304281	0.555577	0.444423	4.174755
2700	-2576.805	-2786.475	209.6695	1.136932	0.08913242	0.509654	0.490346	3.969304
2706	-2568.662	-2778.219	209.5574	1.192783	0.07093383	0.509654	0.490346	4.049355
2712	-2578.815	-2787.354	208.5387	1.14697	0.07093383	0.509654	0.490346	4.650853
2718	-2587.872	-2796.283	208.4111	1.083874	0.1144904	0.621464	0.378536	4.650853
2724	-2601.996	-2810.307	208.3103	1.003361	0.06824391	0.640963	0.359037	4.86586
2730	-2586.366	-2793.776	207.4102	0.9681229	0.1123748	0.614279	0.385721	5.27651
2736	-2597.921	-2805.941	208.0203	0.9681229	0.09867183	0.565766	0.434234	4.969966
2742	-2598.65	-2808.894	210.2445	1.009338	0.07479556	0.541285	0.458715	3.749953
2748	-2583.087	-2792.782	209.6952	1.218115	0.08174334	0.65126	0.34874	3.927193
2754	-2601.248	-2812.756	211.5081	1.290007	0.09626031	0.579827	0.420173	2.779799
2760	-2587.91	-2798.634	210.724	1.13184	0.09626031	0.69924	0.30076	3.34318
2766	-2583.485	-2793.752	210.2667	1.13184	0.1075309	0.662858	0.337142	3.582678
2772	-2578.976	-2787.627	208.6519	1.130507	0.1091408	0.670622	0.329378	4.501643
2778	-2574.447	-2785.592	211.1448	1.285019	0.1091408	0.647539	0.352461	2.96996
2784	-2575.791	-2785.319	209.5274	1.192883	0.09624479	0.719339	0.280661	4.000795
2790	-2576.042	-2785.753	209.7104	1.073293	0.1105938	0.647533	0.352467	3.930126
2796	-2577.939	-2786.304	208.3653	1.025366	0.1009265	0.647533	0.352467	4.740396
2802	-2575.426	-2785.271	209.8449	1.327318	0.1009265	0.636653	0.363347	3.729718
2808	-2577.376	-2788.598	211.2223	1.38909	0.1158734	0.540795	0.459205	2.843958
2814	-2571.072	-2782.281	211.2092	1.343485	0.09235341	0.563128	0.436872	2.938772
2820	-2568.652	-2780.145	211.4934	1.277614	0.1400931	0.621177	0.378823	2.690334
2826	-2577.159	-2785.725	208.566	1.225798	0.05842564	0.621177	0.378823	4.625537
2832	-2576.462	-2785.361	208.8982	1.019841	0.07119825	0.621177	0.378823	4.519697
2838	-2570.454	-2777.742	207.2873	0.977197	0.06737193	0.599069	0.400931	5.449187
2844	-2570.202	-2779.435	209.2331	1.034891	0.0700687	0.719737	0.280263	4.325495
2850	-2571.426	-2780.642	209.2161	1.159421	0.08508395	0.38495	0.61505	4.225056
2856	-2571.682	-2780.619	208.9376	1.024995	0.09293104	0.633305	0.366695	4.438762
2862	-2576.944	-2787.337	210.3937	1.315324	0.09996359	0.700674	0.299326	3.420028
2868	-2582.617	-2793.39	210.7729	1.264942	0.08319602	0.705329	0.294671	3.27007
2874	-2577.123	-2786.205	209.0818	1.104842	0.09254476	0.542465	0.457535	4.313244
2880	-2571.677	-2779.921	208.2445	1.224367	0.08440084	0.618307	0.381693	4.737132
2886	-2578.042	-2787.246	209.2038	1.137888	0.05148957	0.531925	0.468075	4.335545
2892	-2565.036	-2775.451	210.4149	1.193698	0.06666053	0.700306	0.299694	3.566998
2898	-2573.192	-2782.437	209.2441	1.193698	0.0817449	0.446135	0.553865	4.198304
2904	-2573.408	-2781.701	208.2928	1.046692	0.08710128	0.728584	0.271416	4.802615
2910	-2579.202	-2787.64	208.4382	0.9016033	0.1235469	0.728663	0.271337	4.717753
2916	-2584.824	-2794.675	209.8507	1.07958	0.08242428	0.764217	0.235783	3.91569
2922	-2584.064	-2793.963	209.8999	1.083454	0.0710573	0.672099	0.327901	3.91569
2928	-2589.585	-2798.722	209.1364	1.052796	0.1074088	0.538623	0.461377	4.276099
2934	-2586.432	-2794.803	208.3702	1.024976	0.0719574	0.538623	0.461377	4.81054
2940	-2581.439	-2790.325	208.886	1.102147	0.05689277	0.613218	0.386782	4.519597
2946	-2579.927	-2789.866	209.9394	1.102147	0.08855275	0.491326	0.508674	3.835941
2952	-2581.696	-2789.635	207.9392	0.90029	0.08563157	0.455511	0.544489	5.084417
2958	-2592.712	-2800.768	208.0563	0.90029	0.06085108	0.502198	0.497802	5.084417
2964	-2597.801	-2805.511	207.7096	0.9196775	0.07599549	0.591241	0.408759	5.225278
2970	-2595.943	-2804.066	208.1231	1.02782	0.07991032	0.471287	0.528713	4.925859
2976	-2593.616	-2801.981	208.3648	0.9130988	0.0536452	0.471287	0.528713	4.925859
2982	-2606.816	-2815.185	208.3683	0.9343552	0.07364661	0.571473	0.428527	4.857626
2988	-2607.866	-2817.366	209.5005	1.020214	0.1130414	0.571473	0.428527	4.074727
2994	-2600.4	-2812.192	211.7911	1.363506	0.07113868	0.618227	0.381773	2.631024
3000	-2589.487	-2800.74	211.2536	1.119175	0.1384707	0.676168	0.323832	2.936128
3006	-2586.66	-2797.111	210.4514	1.118633	0.08545522	0.467821	0.532179	3.538243
3012	-2588.409	-2796.919	208.5102	1.048679	0.1001387	0.546363	0.453637	4.64812
3018	-2583.939	-2793.348	209.4092	1.048679	0.07891609	0.481997	0.518003	4.194316
3024	-2579.498	-2787.916	208.4176	1.064671	0.09680211	0.509584	0.490416	4.698991
3030	-2597.075	-2805.614	208.5389	1.065453	0.1113884	0.582144	0.417856	4.596506
3036	-2587.898	-2796.651	208.7531	1.093331	0.0578472	0.509592	0.490408	4.596506
3042	-2592.595	-2801.158	208.5631	1.19873	0.0583994	0.65573	0.34427	4.642369
3048	-2592.079	-2801.588	209.5092	1.215327	0.06274211	0.703345	0.296655	4.086584
3054	-2586.715	-2794.524	207.8097	0.9818489	0.08677097	0.647438	0.352562	5.108145
3060	-2581.153	-2790.429	209.2756	1.222788	0.1042189	0.478762	0.521238	4.10803
3066	-2593.577	-2802.34	208.7633	1.097133	0.07489874	0.535233	0.464767	4.542229
3072	-2588.012	-2796.801	208.789	1.007001	0.08900483	0.604895	0.395105	4.542229
3078	-2588.106	-2796.177	208.0714	1.101178	0.08363326	0.531067	0.468933	4.904349
3084	-2580.05	-2789.577	209.5264	1.171135	0.103217	0.437299	0.562701	3.996828
3090	-2600.076	-2810.352	210.2754	1.227069	0.08386735	0.531493	0.468507	3.581735
3096	-2589.213	-2800.427	211.2138	1.4269	0.1175329	0.531493	0.468507	2.822141
3102	-2598.424	-2807.998	209.5744	1.093707	0.05985227	0.556499	0.443501	4.126772
3108	-2585.623	-2793.396	207.7735	0.9631214	0.1058726	0.4244	0.5756	5.092947
3114	-2581.295	-2789.929	208.6333	0.9874122	0.07075106	0.4244	0.5756	4.687665
3120	-2586.69	-2795.113	208.4229	1.048185	0.1042341	0.665525	0.334475	4.687665
3126	-2583.088	-2792.538	209.4502	1.048185	0.06729862	0.544687	0.455313	4.202526
3132	-2592.82	-2799.345	206.525	1.048185	0.07767863	0.559405	0.440595	5.801759
3138	-2585.163	-2794.085	208.922	1.117455	0.09898964	0.552372	0.447628	4.380641
3144	-2582.298	-2790.627	208.3294	1.117455	0.1231497	0.390052	0.609948	4.658697
3150	-2591.6	-2799.851	208.2505	0.8876887	0.07144008	0.386366	0.613634	4.955052
3156	-2586.712	-2794.936	208.2237	0.9093097	0.09445852	0.386366	0.613634	4.899624
3162	-2585.948	-2795.195	209.2473	1.107712	0.08326582	0.602061	0.397939	4.241338
3168	-2593.474	-2802.216	208.7416	1.063893	0.1451611	0.661131	0.338869	4.411212
3174	-2602.864	-2811.102	208.2377	0.9180517	0.08852385	0.677701	0.322299	4.901461
3180	-2591.819	-2798.652	206.8327	0.8475103	0.07621091	0.512434	0.487566	5.746885
3186	-2579.955	-2789.447	209.4922	1.092217	0.07621091	0.727	0.273	4.129538
3192	-2580.969	-2791.214	210.2447	1.387339	0.06542773	0.515809	0.484191	3.556851
3198	-2585.762	-2796.075	210.3126	1.139144	0.09284261	0.590005	0.409995	3.58799
3204	-2581.36	-2789.806	208.4462	1.088569	0.1205338	0.600286	0.399714	4.615131
3210	-2577.883	-2786.547	208.6644	1.067877	0.1121933	0.491317	0.508683	4.522857
3216	-2583.895	-2794.406	210.5108	1.29196	0.07708167	0.592376	0.407624	3.424755
3222	-2583.061	-2793.076	210.0152	1.205605	0.09768789	0.708543	0.291457	3.709632
3228	-2576.494	-2787.026	210.5327	1.237246	0.09567184	0.718241	0.281759	3.395115
3234	-2585.621	-2794.962	209.3409	1.069645	0.06977023	0.59724	0.40276	4.245601
3240	-2587.479	-2797.223	209.7438	1.219608	0.09468824	0.687538	0.312462	3.86534
3246	-2584.094	-2793.163	209.0691	1.219608	0.1197307	0.677271	0.322729	4.191581
3252	-2592.745	-2802.15	209.4051	1.055727	0.1331543	0.630269	0.369731	4.064487
3258	-2583.815	-2793.984	210.1684	1.180786	0.1136615	0.630269	0.369731	3.596919
3264	-2590.973	-2800.652	209.6789	1.110978	0.07049973	0.532918	0.467082	4.027846
3270	-2595.195	-2804.414	209.2185	1.05166	0.1079217	0.498312	0.501688	4.229009
3276	-2591.561	-2799.055	207.4943	0.9444412	0.1271348	0.591994	0.408006	5.211118
3282	-2598.683	-2806.486	207.8022	0.9444412	0.1063019	0.590325	0.409675	5.086416
3288	-2577.653	-2787.049	209.3953	1.050746	0.08030635	0.598172	0.401828	4.197396
3294	-2588.601	-2798.121	209.5205	1.128193	0.1412952	0.604457	0.395543	3.940088
3300	-2581.601	-2789.469	207.8681	1.137319	0.09602703	0.734329	0.265671	4.966806
3306	-2575.176	-2785.722	210.5455	1.137319	0.06715843	0.515068	0.484932	3.522347
3312	-2589.966	-2799.711	209.7445	1.116181	0.0526538	0.634413	0.365587	4.037524
3318	-2587.632	-2795.465	207.8335	1.04027	0.08126414	0.507561	0.492439	5.076383
3324	-2592.404	-2801.302	208.8983	0.9621504	0.1076403	0.65547	0.34453	4.461171
3330	-2589.395	-2799.238	209.8436	1.178008	0.1192575	0.504098	0.495902	3.773566
3336	-2592.855	-2803.628	210.7737	1.175297	0.1097193	0.535082	0.464918	3.255032
3342	-2594.85	-2805.47	210.6203	1.320282	0.1003717	0.536198	0.463802	3.282955
3348	-2605.3	-2817.05	211.7492	1.426456	0.1173417	0.707048	0.292952	2.493046
3354	-2606.048	-2815.861	209.8126	1.438373	0.1173417	0.533384	0.466616	3.645368
3360	-2592.46	-2802.738	210.278	1.150579	0.09833895	0.533384	0.466616	3.587639
3366	-2606.531	-2814.801	208.27	1.095147	0.07276926	0.604278	0.395722	4.825123
3372	-2593.452	-2802.387	208.9356	1.27202	0.07611579	0.652078	0.347922	4.343418
3378	-2591.282	-2800.273	208.9908	1.117848	0.09822346	0.535896	0.464104	4.343418
3384	-2591.014	-2800.734	209.7202	1.120007	0.09822346	0.535896	0.464104	3.927297
3390	-2581.909	-2790	208.0919	0.9708194	0.09000329	0.567313	0.432687	4.949608
3396	-2584.012	-2792.104	208.0919	0.9708194	0.09000329	0.567313	0.432687	4.949608
3402	-2590.445	-2799.727	209.2818	1.197603	0.09271648	0.528297	0.471703	4.146783
3408	-2585.438	-2795.856	210.418	1.240758	0.08367969	0.588328	0.411672	3.491223
3414	-2582.418	-2792.428	210.0097	1.183573	0.1348576	0.586424	0.413576	3.639932
3420	-2581.45	-2790.63	209.18	1.070828	0.1289616	0.57937	0.42063	4.192925
3426	-2594.257	-2802.959	208.7019	0.9317707	0.1010878	0.582998	0.417002	4.603963
3432	-2595.12	-2802.735	207.6157	1.060429	0.07983964	0.575766	0.424234	5.189482
3438	-2603.406	-2809.687	206.2809	1.104562	0.1153101	0.575028	0.424972	5.815698
3444	-2601.474	-2809.157	207.6829	1.132644	0.09834644	0.542808	0.457192	5.066772
3450	-2608.8	-2816.419	207.6192	1.062195	0.1318832	0.518909	0.481091	5.066772
3456	-2591.149	-2800.902	209.7537	1.118576	0.1384403	0.605112	0.394888	3.817731
3462	-2577.208	-2784.16	206.9521	0.9142857	0.06686232	0.584326	0.415674	5.669243
3468	-2588.842	-2796.494	207.6517	0.9319203	0.09615795	0.652193	0.347807	5.200399
3474	-2599.291	-2808.96	209.6687	1.156807	0.08912787	0.524222	0.475778	3.958404
3480	-2589.336	-2798.331	208.9942	1.12748	0.09725104	0.717256	0.282744	4.338439
3486	-2585.354	-2794.654	209.3	1.088448	0.1105371	0.658479	0.341521	4.155804
3492	-2592.14	-2801.159	209.0192	1.158794	0.09559779	0.567866	0.432134	4.310636
3498	-2585.023	-2793.27	208.2463	1.075324	0.07554981	0.611235	0.388765	4.842062
3504	-2574.468	-2783.108	208.6401	1.012876	0.09242456	0.611235	0.388765	4.614025
3510	-2580.956	-2789.178	208.2216	0.9730437	0.08488821	0.546736	0.453264	4.888878
3516	-2583.435	-2791.878	208.4435	1.032933	0.08488821	0.546736	0.453264	4.73165
3522	-2579.846	-2789.451	209.6053	1.298126	0.08894059	0.487391	0.512609	3.914258
3528	-2576.03	-2785.88	209.8504	0.9573498	0.1086865	0.576803	0.423197	3.920818
3534	-2576.669	-2786.451	209.7829	1.090923	0.09305162	0.485301	0.514699	3.920818
3540	-2584.899	-2795.261	210.3624	1.388886	0.07049373	0.485301	0.514699	3.473071
3546	-2583.043	-2793.497	210.4539	1.274881	0.07523307	0.630649	0.369351	3.473071
3552	-2601.042	-2810.897	209.855	1.195407	0.09862581	0.614373	0.385627	3.80558
3558	-2608.422	-2817.505	209.0824	1.119027	0.07527254	0.537392	0.462608	4.349178
3564	-2593.546	-2802.958	209.4124	1.225896	0.08132566	0.691739	0.308261	4.085401
3570	-2585.197	-2795.709	210.512	1.330992	0.07972978	0.558662	0.441338	3.393997
3576	-2606.269	-2815.638	209.3696	1.332251	0.06266679	0.558662	0.441338	4.099689
3582	-2608.016	-2818.36	210.3436	1.316946	0.1126237	0.636847	0.363153	3.417775
3588	-2600.388	-2810.092	209.7039	1.213626	0.07219142	0.553518	0.446482	3.950256
3594	-2594.386	-2803.938	209.5519	1.193061	0.0919316	0.548694	0.451306	3.9974
3600	-2591.687	-2800.848	209.1614	1.193061	0.07289365	0.60033	0.39967	4.26895
3606	-2590.238	-2799.429	209.1911	1.25984	0.0596035	0.60033	0.39967	4.250803
3612	-2593.984	-2803.479	209.4952	1.014098	0.1135124	0.566173	0.433827	4.080189
3618	-2579.894	-2790.437	210.5434	1.176953	0.1029968	0.48754	0.51246	3.405907
3624	-2575.883	-2783.598	207.7154	1.080801	0.05887159	0.616824	0.383176	5.178682
3630	-2579.686	-2788.005	208.3198	0.9775011	0.07884874	0.528063	0.471937	4.847095
3636	-2594.634	-2802.899	208.2647	0.9709191	0.09254117	0.577288	0.422712	4.847095
3642	-2591.325	-2800.035	208.7097	1.067394	0.09987914	0.594191	0.405809	4.526305
3648	-2589.738	-2798.678	208.9402	1.034605	0.05716696	0.697967	0.302033	4.526305
3654	-2603.793	-2812.765	208.9717	0.931832	0.07997189	0.4743	0.5257	4.504721
3660	-2608.07	-2817.968	209.8985	1.072025	0.09371703	0.407365	0.592635	3.863708
3666	-2593.113	-2802.611	209.4985	1.090776	0.1092006	0.610971	0.389029	4.044555
3672	-2596.065	-2805.461	209.3956	1.163137	0.0692075	0.610971	0.389029	4.163021
3678	-2594.585	-2804.139	209.5543	1.354405	0.08505678	0.556258	0.443742	3.921196
3684	-2589.949	-2801.516	211.5671	1.374962	0.07101737	0.556258	0.443742	2.761867
3690	-2592.297	-2802.925	210.6277	1.147066	0.08196415	0.606724	0.393276	3.42798
3696	-2596.38	-2805.803	209.4233	1.113733	0.08363521	0.611318	0.388682	4.137063
3702	-2594.596	-2804.574	209.9777	1.094197	0.08363521	0.404159	0.595841	3.831203
3708	-2594.886	-2804.43	209.5434	0.9927588	0.121709	0.538966	0.461034	4.046401
3714	-2598.389	-2809.308	210.9193	1.095315	0.1072343	0.560149	0.439851	3.222242
3720	-2599.467	-2811.964	212.4968	1.353182	0.1166788	0.535734	0.464266	2.062358
3726	-2583.757	-2795.082	211.3255	1.229133	0.06202697	0.603455	0.396545	3.022464
3732	-2595.787	-2805.022	209.2353	1.296132	0.09333201	0.582902	0.417098	4.115694
3738	-2592.71	-2803.255	210.5452	1.449482	0.1096923	0.642849	0.357151	3.228092
3744	-2578.295	-2788.398	210.1027	1.137501	0.1132628	0.61205	0.38795	3.661035
3750	-2573.96	-2784.778	210.8174	1.191692	0.07300634	0.631347	0.368653	3.314872
3756	-2580.738	-2790.826	210.0877	1.110328	0.1336912	0.632466	0.367534	3.639732
3762	-2594.058	-2801.93	207.8715	0.9130886	0.1206921	0.609495	0.390505	5.033287
3768	-2601.431	-2809.376	207.9454	0.9195707	0.08382696	0.57626	0.42374	5.074776
3774	-2594.737	-2804.909	210.1725	1.217802	0.07975852	0.515841	0.484159	3.657713
3780	-2577.113	-2787.071	209.9581	1.099077	0.1197249	0.613173	0.386827	3.751986
3786	-2580.001	-2789.323	209.322	1.21499	0.07000894	0.575117	0.424883	4.173189
3792	-2581.097	-2791.205	210.1081	1.157524	0.1051709	0.484633	0.515367	3.665431
3798	-2569.98	-2779.668	209.6873	1.132833	0.1051709	0.483301	0.516699	3.922013
3804	-2571.089	-2780.115	209.0263	1.199907	0.08638344	0.369214	0.630786	4.306322
3810	-2568.471	-2777.898	209.4267	1.08521	0.1300805	0.660426	0.339574	4.041908
3816	-2574.978	-2784.226	209.2476	1.08521	0.1300805	0.68143	0.31857	4.143927
3822	-2578.93	-2789.095	210.1653	1.157264	0.1145901	0.658715	0.341285	3.610194
3828	-2597.364	-2806.386	209.0217	1.143847	0.1145901	0.658715	0.341285	4.272982
3834	-2577.471	-2786.578	209.1074	1.051023	0.1170695	0.658715	0.341285	4.271408
3840	-2577.581	-2786.095	208.513	1.101542	0.1003143	0.586909	0.413091	4.616512
3846	-2584.523	-2794.688	210.1655	1.107566	0.1050839	0.47508	0.52492	3.661343
3852	-2577.762	-2785.357	207.5951	1.107566	0.1067734	0.590871	0.409129	5.109699
3858	-2582.035	-2791.712	209.6765	1.182091	0.1130217	0.590871	0.409129	3.881557
3864	-2587.441	-2797.049	209.6077	1.165611	0.06502059	0.582195	0.417805	4.052373
3870	-2590.811	-2801.202	210.3907	1.176326	0.09873405	0.620895	0.379105	3.506061
3876	-2585.469	-2793.899	208.4303	1.234252	0.07708367	0.557631	0.442369	4.646407
3882	-2589.873	-2799.688	209.8147	1.318426	0.1243372	0.62336	0.37664	3.69775
3888	-2596.953	-2806.044	209.0905	1.131571	0.1148426	0.476587	0.523413	4.240388
3894	-2610.867	-2820.817	209.9492	1.016731	0.08063001	0.710585	0.289415	3.899942
3900	-2599.592	-2809.652	210.0595	1.223673	0.06718572	0.583138	0.416862	3.753958
3906	-2585.717	-2795.374	209.6574	1.239932	0.0606855	0.583138	0.416862	3.993724
3912	-2593.291	-2803.682	210.3911	1.247407	0.08399538	0.685208	0.314792	3.502204
3918	-2607.654	-2817.777	210.1239	1.259104	0.09567406	0.498992	0.501008	3.620774
3924	-2593.954	-2800.909	206.9553	0.9578268	0.08672983	0.586276	0.413724	5.592783
3930	-2580.243	-2788.015	207.7722	1.010417	0.0730518	0.660073	0.339927	5.148102
3936	-2595.524	-2802.651	207.1271	1.010417	0.0730518	0.580928	0.419072	5.504119
3942	-2582.272	-2790.806	208.5338	1.036495	0.0730518	0.638347	0.361653	4.70977
3948	-2569.128	-2778.016	208.8884	1.003923	0.128013	0.635108	0.364892	4.397837
3954	-2587.436	-2795.31	207.8743	0.9490096	0.1238961	0.540864	0.459136	5.004857
3960	-2580.48	-2789.789	209.3088	1.000711	0.09006131	0.581255	0.418745	4.249861
3966	-2575.084	-2784.266	209.182	1.107157	0.07619502	0.62031	0.37969	4.297087
3972	-2576.259	-2785.379	209.1207	1.08149	0.09553357	0.63314	0.36686	4.297087
3978	-2585.006	-2793.673	208.6672	1.035655	0.1154534	0.570475	0.429525	4.532051
3984	-2589.698	-2800.218	210.5203	1.24781	0.08181011	0.475428	0.524572	3.432307
3990	-2586.117	-2796.215	210.0979	1.133339	0.09968193	0.603394	0.396606	3.698692
3996	-2578.504	-2787.387	208.8825	1.037022	0.09546921	0.484832	0.515168	4.456813
4002	-2590.81	-2799.037	208.2263	0.9856509	0.09537231	0.445858	0.554142	4.853416
4008	-2601.726	-2809.973	208.247	0.9963397	0.0882328	0.552768	0.447232	4.853416
4014	-2592.375	-2800.545	208.17	0.9245725	0.1241257	0.552768	0.447232	4.853416
4020	-2609.692	-2819.004	209.3127	1.205103	0.06727632	0.569675	0.430325	4.191553
4026	-2589.869	-2799.286	209.4161	1.131649	0.1160374	0.628279	0.371721	4.052475
4032	-2580.902	-2790.912	210.0102	1.239601	0.1162749	0.598788	0.401212	3.648487
4038	-2569.697	-2780.393	210.6956	1.23672	0.09686537	0.604831	0.395169	3.296605
4044	-2591.036	-2801.74	210.7043	1.379404	0.09142035	0.539501	0.460499	3.221194
4050	-2608.058	-2817.263	209.2053	1.028732	0.0671055	0.511471	0.488529	4.352713
4056	-2593.702	-2803.548	209.846	1.160581	0.07287503	0.630414	0.369586	3.89741
4062	-2575.869	-2784.622	208.7531	1.149623	0.06846518	0.524208	0.475792	4.535678
4068	-2579.665	-2788.845	209.1798	1.291119	0.08400318	0.546243	0.453757	4.173662
4074	-2583.541	-2792.487	208.9461	0.9835042	0.08059913	0.443799	0.556201	4.488463
4080	-2576.557	-2785.345	208.7879	1.181267	0.1069579	0.695083	0.304917	4.401464
4086	-2575.693	-2781.952	206.2596	1.016724	0.09685104	0.500509	0.499491	5.917152
4092	-2583.97	-2792.391	208.4211	1.151212	0.07919327	0.472654	0.527346	4.6926
4098	-2580.845	-2790.217	209.372	1.151212	0.08343624	0.491778	0.508222	4.145437
4104	-2570.978	-2780.324	209.3457	1.151212	0.08343624	0.491778	0.508222	4.16038
4110	-2573.415	-2782.717	209.3026	1.1004	0.1050348	0.621131	0.378869	4.16038
4116	-2598.946	-2805.357	206.4112	0.9906539	0.08112736	0.637712	0.362288	5.886726
4122	-2589.385	-2797.534	208.1492	1.032392	0.08112736	0.56252	0.43748	4.9057
4128	-2591.795	-2798.797	207.0022	0.8189341	0.09176934	0.639264	0.360736	5.630998
4134	-2585.999	-2794.785	208.7863	1.06869	0.09093386	0.599227	0.400773	4.504252
4140	-2585.425	-2793.836	208.4106	0.8875966	0.0688895	0.599227	0.400773	4.872746
4146	-2578.583	-2786.73	208.1467	0.8988026	0.0763874	0.563652	0.436348	4.993616
4152	-2597.64	-2807.061	209.4213	1.118009	0.1270952	0.589758	0.410242	4.03275
4158	-2600.613	-2807.967	207.3548	0.9158513	0.06470359	0.669996	0.330004	5.452905
4164	-2580.141	-2789.235	209.0937	1.064114	0.1190052	0.50488	0.49512	4.267412
4170	-2580.534	-2790.648	210.1148	1.194646	0.1339857	0.477535	0.522465	3.574424
4176	-2578.606	-2788.504	209.8986	1.148852	0.08449354	0.601548	0.398452	3.843055
4182	-2593.194	-2802.716	209.5213	1.115191	0.09459365	0.553357	0.446643	4.052685
4188	-2592.775	-2801.143	208.3674	1.085592	0.09459365	0.497527	0.502473	4.720709
4194	-2597.013	-2806.576	209.5629	1.344769	0.08530447	0.617386	0.382614	3.921141
4200	-2595.28	-2804.286	209.0064	1.070924	0.06719033	0.608197	0.391803	4.440927
4206	-2589.859	-2798.625	208.7662	1.095843	0.08393041	0.631755	0.368245	4.517881
4212	-2585.686	-2794.924	209.2381	1.214919	0.06957325	0.685099	0.314901	4.222034
4218	-2591.712	-2800.197	208.4845	1.092907	0.0665943	0.661515	0.338485	4.723116
4224	-2595.543	-2805.503	209.9599	1.163597	0.1072713	0.773256	0.226744	3.742579
4230	-2595.196	-2805.239	210.0427	1.245075	0.1204055	0.578381	0.421619	3.617012
4236	-2587.197	-2798.163	210.9664	1.204272	0.09362068	0.55662	0.44338	3.163959
4242	-2588.158	-2797.299	209.1414	1.043057	0.07866856	0.600374	0.399626	4.349803
4248	-2588.114	-2795.454	207.3406	1.019152	0.07866856	0.525316	0.474684	5.367249
4254	-2595.184	-2805.058	209.8743	1.118573	0.09584631	0.427766	0.572234	3.845543
4260	-2592.168	-2801.239	209.0716	1.193898	0.06936183	0.563118	0.436882	4.328792
4266	-2586.521	-2796.023	209.5027	1.42088	0.08292314	0.563265	0.436735	3.918199
4272	-2582.015	-2791.841	209.8266	1.246553	0.1018937	0.571044	0.428956	3.784552
4278	-2584.792	-2794.628	209.8359	1.192757	0.07660127	0.703663	0.296337	3.874659
4284	-2577.357	-2785.337	207.9802	1.235605	0.05291786	0.586861	0.413139	4.962389
4290	-2588.832	-2796.679	207.8471	1.492047	0.05600412	0.559372	0.440628	4.885168
4296	-2593.537	-2802.221	208.6839	1.009354	0.09284405	0.669652	0.330348	4.590417
4302	-2579.644	-2789.553	209.9087	1.245808	0.09045533	0.587634	0.412366	3.766073
4308	-2580.823	-2791.299	210.4761	1.355217	0.0680331	0.587634	0.412366	3.433163
4314	-2591.646	-2800.733	209.0866	1.169171	0.07591143	0.587997	0.412003	4.316756
4320	-2591.686	-2800.147	208.4609	1.111904	0.07139462	0.576858	0.423142	4.712795
4326	-2595.918	-2802.326	206.4081	0.868225	0.06792818	0.462662	0.537338	5.989183
4332	-2575.105	-2783.864	208.7593	1.171493	0.05657886	0.47652	0.52348	4.552704
4338	-2572.548	-2782.831	210.2835	1.299238	0.1085487	0.455922	0.544078	3.472963
4344	-2570.682	-2780.132	209.4502	1.266932	0.05455939	0.664248	0.335752	4.113865
4350	-2563.938	-2772.847	208.9091	1.165459	0.06397469	0.61515	0.38485	4.451272
4356	-2576.546	-2785.383	208.8362	1.110951	0.08804161	0.603806	0.396194	4.459598
4362	-2582.707	-2792.111	209.4037	1.282339	0.07051884	0.682707	0.317293	4.08702
4368	-2592.335	-2803.285	210.9496	1.225739	0.07051884	0.57843	0.42157	3.223729
4374	-2584.235	-2794.266	210.0306	1.39881	0.07913539	0.69432	0.30568	3.63672
4380	-2582.956	-2793.892	210.9359	1.241102	0.07658376	0.558549	0.441451	3.205801
4386	-2578.329	-2788.857	210.5282	1.249966	0.1110302	0.558549	0.441451	3.352527
4392	-2587.459	-2795.571	208.1125	0.8406815	0.1318088	0.562384	0.437616	4.91595
4398	-2593.786	-2802.284	208.4976	1.024464	0.111019	0.557127	0.442873	4.643499
4404	-2590.838	-2802.103	211.2653	1.546833	0.09527448	0.588116	0.411884	2.773848
4410	-2592.299	-2802.91	210.6111	1.267934	0.1159462	0.611479	0.388521	3.281516
4416	-2599.227	-2809.764	210.5375	1.219944	0.08337826	0.611479	0.388521	3.434369
4422	-2598.097	-2806.602	208.5056	1.062181	0.08206	0.59322	0.40678	4.687731
4428	-2587.318	-2797.257	209.9397	0.9356334	0.1009581	0.604047	0.395953	3.900492
4434	-2581.09	-2790.576	209.4852	1.183114	0.07650607	0.570589	0.429411	4.081002
4440	-2590.126	-2799.886	209.7598	1.139857	0.09131605	0.54624	0.45376	3.910406
4446	-2595.122	-2805.322	210.2001	1.271811	0.07547153	0.661463	0.338537	3.621955
4452	-2589.997	-2799.486	209.4887	1.048337	0.09281546	0.478143	0.521857	4.113751
4458	-2591.332	-2800.748	209.4156	1.145162	0.08745009	0.584609	0.415391	4.113751
4464	-2602.959	-2808.432	205.4736	1.168887	0.0589486	0.420169	0.579831	6.357949
4470	-2599.844	-2808.371	208.5262	0.9700102	0.08756043	0.609774	0.390226	4.713887
4476	-2606.299	-2813.545	207.2457	0.9023539	0.1534209	0.476677	0.523323	5.318985
4482	-2611.961	-2820.654	208.6924	1.104064	0.09466007	0.57993	0.42007	4.528014
4488	-2595.496	-2804.017	208.5206	1.104064	0.09032287	0.572745	0.427255	4.635067
4494	-2606.998	-2817.451	210.4535	1.392893	0.06820482	0.638534	0.361466	3.423902
4500	-2586.23	-2795.056	208.8265	1.068383	0.09927749	0.692202	0.307798	4.461461
4506	-2593.581	-2801.648	208.0668	1.014419	0.07803917	0.594059	0.405941	4.969482
4512	-2601.021	-2810.373	209.3518	1.103831	0.05064471	0.664499	0.335501	4.27348
4518	-2600.599	-2809.31	208.7105	0.9057372	0.08057425	0.466568	0.533432	4.664421
4524	-2595.108	-2804.875	209.7678	1.131399	0.100289	0.437224	0.562776	3.888431
4530	-2596.524	-2806.438	209.9139	1.232572	0.1203232	0.639377	0.360623	3.699033
4536	-2588.647	-2799.316	210.669	1.268052	0.07544902	0.639377	0.360623	3.350476
4542	-2577.71	-2787.648	209.9382	1.02686	0.08395664	0.577167	0.422833	3.891763
4548	-2577.737	-2787.725	209.9886	1.1348	0.1343282	0.592784	0.407216	3.681541
4554	-2596.025	-2805.143	209.1179	1.04131	0.08948135	0.488257	0.511743	4.336375
4560	-2592.36	-2802.617	210.2568	1.223422	0.1245571	0.497471	0.502529	3.495713
4566	-2587.498	-2796.23	208.7322	1.11712	0.1040282	0.50009	0.49991	4.475849
4572	-2587.343	-2796.251	208.9079	0.9381377	0.1048137	0.44786	0.55214	4.475849
4578	-2574.543	-2783.831	209.2873	1.083637	0.09298892	0.489577	0.510423	4.207744
4584	-2567.337	-2774.859	207.5214	1.074541	0.07772539	0.509454	0.490546	5.239277
4590	-2558.779	-2768.333	209.554	1.135411	0.07772539	0.558687	0.441313	4.065746
4596	-2567.84	-2777.353	209.5128	1.166913	0.07706631	0.538182	0.461818	4.072993
4602	-2574.258	-2781.454	207.196	1.041789	0.06513605	0.581551	0.418449	5.469825
4608	-2575.144	-2785.159	210.0147	1.226304	0.08503594	0.627082	0.372918	3.7301
4614	-2588.743	-2797.138	208.3953	1.293422	0.07977913	0.589215	0.410785	4.62587
4620	-2592.432	-2800.936	208.504	1.0746	0.0722722	0.652976	0.347024	4.707185
4626	-2593.38	-2801.282	207.9025	1.0746	0.06324907	0.595984	0.404016	5.066477
4632	-2587.364	-2796.434	209.0702	1.077868	0.08097159	0.558261	0.441739	4.364357
4638	-2578.615	-2787.913	209.2984	1.113414	0.0980366	0.622345	0.377655	4.172132
4644	-2564.723	-2772.28	207.5576	0.8708396	0.1017685	0.622345	0.377655	5.272965
4650	-2560.845	-2769.691	208.8458	1.166605	0.09941344	0.528983	0.471017	4.394907
4656	-2575.76	-2785.985	210.2251	1.041217	0.1205048	0.560457	0.439543	3.62927
4662	-2579.874	-2788.158	208.2841	0.9879608	0.1103994	0.644429	0.355571	4.78472
4668	-2575.881	-2785.26	209.3789	1.016757	0.07476791	0.511945	0.488055	4.24059
4674	-2568.805	-2778.059	209.2541	1.104882	0.08268781	0.477666	0.522334	4.24059
4680	-2572.146	-2781.975	209.8284	1.192381	0.07999212	0.542793	0.457207	3.870158
4686	-2575.258	-2785.019	209.7604	1.339562	0.06334033	0.484541	0.515459	3.870158
4692	-2575.262	-2783.095	207.8325	1.224295	0.06334033	0.592861	0.407139	5.022011
4698	-2570.99	-2781.223	210.2328	1.127805	0.09395847	0.539979	0.460021	3.638028
4704	-2572.08	-2780.979	208.8996	1.095005	0.11403	0.580315	0.419685	4.370908
4710	-2569.257	-2779.731	210.4745	1.238556	0.1353282	0.593506	0.406494	3.335552
4716	-2582.686	-2791.438	208.7512	0.9393686	0.1049981	0.566573	0.433427	4.562831
4722	-2574.698	-2784.3	209.6019	1.053772	0.09799496	0.551828	0.448172	4.033361
4728	-2581.873	-2791.889	210.0153	1.125856	0.07995176	0.547708	0.452292	3.801051
4734	-2583.974	-2793.312	209.3377	1.132171	0.1194107	0.60566	0.39434	4.089277
4740	-2583.207	-2792.866	209.6591	1.205029	0.06896352	0.56204	0.43796	3.98962
4746	-2593.07	-2802.499	209.4291	1.359946	0.08508494	0.439185	0.560815	3.98962
4752	-2588.901	-2798.381	209.4799	1.129349	0.1042095	0.439185	0.560815	4.044923
4758	-2589.647	-2798.756	209.1085	1.147401	0.06954193	0.539108	0.460892	4.333719
4764	-2599.679	-2806.445	206.7655	0.9795846	0.09291745	0.635969	0.364031	5.669928
4770	-2588.95	-2798.281	209.3311	1.179243	0.08546701	0.700192	0.299808	4.147516
4776	-2596.101	-2806.239	210.1378	1.101893	0.09610299	0.467599	0.532401	3.702644
4782	-2584.541	-2794.577	210.0368	1.218602	0.09250062	0.557089	0.442911	3.702644
4788	-2591.597	-2802.98	211.3831	1.300932	0.112053	0.554063	0.445937	2.809135
4794	-2589.009	-2799.958	210.9489	1.253255	0.1011617	0.554063	0.445937	3.126013
4800	-2586.684	-2796.519	209.8358	1.20734	0.08597334	0.62975	0.37025	3.841677
4806	-2587.15	-2798.101	210.9513	1.287182	0.08123342	0.661492	0.338508	3.156515
4812	-2585.53	-2795.82	210.2894	1.181555	0.08823509	0.627456	0.372544	3.588625
4818	-2581.876	-2792.937	211.0615	1.365969	0.05440055	0.633771	0.366229	3.121016
4824	-2580.708	-2791.558	210.8505	1.465747	0.07732438	0.668352	0.331648	3.121016
4830	-2579.862	-2788.705	208.8427	1.150708	0.1367406	0.631523	0.368477	4.322307
4836	-2569.126	-2778.865	209.7392	1.399161	0.06694892	0.601696	0.398304	3.83801
4842	-2577.752	-2788.127	210.3751	1.399161	0.07717985	0.633284	0.366716	3.44117
4848	-2581.303	-2788.391	207.0876	1.131815	0.05284746	0.682149	0.317851	5.513446
4854	-2593.081	-2800.591	207.5106	0.9651139	0.09124604	0.513065	0.486935	5.271876
4860	-2594.027	-2802.541	208.514	1.110413	0.07164899	0.502533	0.497467	4.683227
4866	-2586.877	-2796.525	209.6486	1.173796	0.07303087	0.642181	0.357819	4.002392
4872	-2584.942	-2793.844	208.9016	1.100714	0.06769429	0.626238	0.373762	4.481783
4878	-2600.917	-2809.377	208.4596	1.002937	0.08759546	0.547682	0.452318	4.732597
4884	-2592.684	-2802.567	209.8834	1.149028	0.08168011	0.563194	0.436806	3.859006
4890	-2585.535	-2795.143	209.6078	1.252498	0.07875386	0.430848	0.569152	3.965407
4896	-2587.142	-2797.745	210.6034	1.214876	0.1025459	0.691999	0.308001	3.349562
4902	-2596.214	-2805.989	209.7747	1.223159	0.08804742	0.59762	0.40238	3.862379
4908	-2587.846	-2796.94	209.0942	1.179359	0.09294137	0.52952	0.47048	4.263058
4914	-2594.054	-2804.027	209.9733	1.205955	0.0686197	0.534381	0.465619	3.809849
4920	-2578.62	-2786.886	208.2656	0.9618344	0.06084658	0.562094	0.437906	4.933999
4926	-2589.34	-2795.002	205.6623	0.8592365	0.1009299	0.56187	0.43813	6.318666
4932	-2567.527	-2776.978	209.451	1.227322	0.07640696	0.501577	0.498423	4.075577
4938	-2574.587	-2783.338	208.7509	1.150692	0.08657085	0.642627	0.357373	4.488956
4944	-2581.807	-2791.374	209.5662	1.426817	0.06093146	0.691516	0.308484	3.938261
4950	-2588.413	-2797.424	209.0108	1.092486	0.1347051	0.583176	0.416824	4.26441
4956	-2581.78	-2790.023	208.2424	1.050046	0.06106707	0.491039	0.508961	4.897173
4962	-2570.214	-2779.137	208.9228	1.068078	0.08258431	0.56762	0.43238	4.448822
4968	-2578.718	-2789.077	210.3596	1.385919	0.08484439	0.6674	0.3326	3.437417
4974	-2574.151	-2782.99	208.8392	1.13252	0.07067681	0.615027	0.384973	4.4909
4980	-2583.332	-2792.453	209.1211	1.145236	0.07057842	0.615027	0.384973	4.325006
4986	-2593.77	-2804.68	210.9106	1.342442	0.09657198	0.649211	0.350789	3.107337
4992	-2580.563	-2791.694	211.1314	1.342442	0.07655181	0.630318	0.369682	3.029115
4998	-2586.148	-2796.671	210.5227	1.342442	0.0794933	0.720038	0.279962	3.381677
5004	-2573.849	-2784.733	210.884	1.415942	0.0710358	0.598305	0.401695	3.148362
5010	-2576.694	-2786.21	209.5163	1.161232	0.09626415	0.527302	0.472698	4.025153
5016	-2587.854	-2797.401	209.5461	1.275408	0.05812071	0.408286	0.591714	4.044249
5022	-2589.906	-2796.071	206.1648	0.9563421	0.05185422	0.508665	0.491335	6.117019
5028	-2576.531	-2784.986	208.4549	1.240877	0.04592549	0.517186	0.482814	4.714297
5034	-2583.58	-2793.699	210.1191	1.209435	0.07452329	0.517186	0.482814	3.707564
5040	-2589.022	-2796.938	207.9155	1.047989	0.06406371	0.634853	0.365147	5.071856
5046	-2579.549	-2787.516	207.9675	0.9754004	0.06829172	0.61465	0.38535	5.071856
5052	-2577.476	-2787.522	210.0461	1.188402	0.07414705	0.637859	0.362141	3.762832
5058	-2578.677	-2787.526	208.8487	1.218928	0.06132808	0.497376	0.502624	4.462479
5064	-2578.406	-2789.054	210.6487	1.21598	0.05725299	0.656282	0.343718	3.444609
5070	-2584.112	-2793.2	209.0883	1.157322	0.05712611	0.602957	0.397043	4.373889
5076	-2586.251	-2795.6	209.349	1.179276	0.1045908	0.661427	0.338573	4.090161
5082	-2600.228	-2811.326	211.0982	0.9762745	0.07823532	0.545435	0.454565	3.261861
5088	-2588.393	-2799.047	210.6537	1.268943	0.1133667	0.545435	0.454565	3.261861
5094	-2582.59	-2793.331	210.7412	1.301157	0.1140192	0.545435	0.454565	3.189471
5100	-2584.14	-2793.036	208.8953	1.028184	0.1140192	0.478649	0.521351	4.41107
5106	-2596.384	-2804.759	208.3749	1.035704	0.06690582	0.710255	0.289745	4.815419
5112	-2588.067	-2799.14	211.0732	1.202159	0.09442781	0.52435	0.47565	3.099562
5118	-2581.65	-2792.237	210.5863	1.246958	0.1369757	0.653099	0.346901	3.261088
5124	-2579.967	-2788.844	208.8771	1.023871	0.1133017	0.551801	0.448199	4.425388
5130	-2592.526	-2800.607	208.0814	0.9408452	0.1175499	0.56829	0.43171	4.908013
5136	-2587.86	-2796.381	208.521	1.069962	0.1027266	0.514077	0.485923	4.624028
5142	-2582.654	-2790.053	207.3991	1.171705	0.08024959	0.636118	0.363882	5.246679
5148	-2589.442	-2799.453	210.0115	1.171705	0.1005616	0.636118	0.363882	3.724296
5154	-2587.135	-2797.545	210.4098	1.239097	0.08322848	0.655753	0.344247	3.498155
5160	-2584.941	-2795.154	210.2131	1.203861	0.1403752	0.473616	0.526384	3.498155
5166	-2592.926	-2801.589	208.6631	0.9378247	0.08925599	0.56201	0.43799	4.651044
5172	-2594.874	-2802.142	207.2679	1.020069	0.08683778	0.612637	0.387363	5.386279
5178	-2593.674	-2801.137	207.4633	0.918697	0.06669454	0.49883	0.50117	5.386279
5184	-2590.65	-2799.901	209.2509	1.102968	0.1144606	0.692549	0.307451	4.166459
5190	-2594.435	-2803.711	209.2762	1.057351	0.1144606	0.640058	0.359942	4.177985
5196	-2600.616	-2810.297	209.6812	1.219576	0.06446531	0.514906	0.485094	3.981177
5202	-2594.377	-2803.33	208.9532	1.151481	0.09102226	0.56308	0.43692	4.363305
5208	-2596.809	-2807.454	210.6456	1.151481	0.07388076	0.595993	0.404007	3.436884
5214	-2595.088	-2803.189	208.1014	1.147123	0.07388076	0.569999	0.430001	4.887224
5220	-2604.563	-2811.306	206.7435	1.147123	0.08716246	0.569999	0.430001	5.604033
5226	-2591.286	-2800.119	208.8331	0.9967716	0.113666	0.607826	0.392174	4.464614
5232	-2577.029	-2786.344	209.3155	0.9624958	0.1126352	0.607826	0.392174	4.213701
5238	-2577.199	-2786.801	209.6016	1.137603	0.1051446	0.579261	0.420739	3.968405
5244	-2594.173	-2804.589	210.416	1.111095	0.09758394	0.643313	0.356687	3.532206
5250	-2580.835	-2789.514	208.6785	0.9943399	0.06986697	0.675663	0.324337	4.660882
5256	-2583.961	-2792.629	208.6682	0.9952617	0.0718259	0.465226	0.534774	4.660882
5262	-2583.471	-2791.388	207.9179	0.8839757	0.07291552	0.546572	0.453428	5.137828
5268	-2587.338	-2796.946	209.6078	1.064389	0.07291552	0.60051	0.39949	4.0884
5274	-2595.965	-2805.303	209.3373	1.096981	0.06547116	0.522561	0.477439	4.243888
5280	-2577.783	-2785.866	208.0823	1.0748	0.09263018	0.586914	0.413086	4.890613
5286	-2585.265	-2794.565	209.3004	1.031042	0.1043271	0.586914	0.413086	4.202711
5292	-2593.799	-2802.856	209.0575	1.030874	0.1075386	0.505998	0.494002	4.332801
5298	-2593.329	-2802.012	208.6832	1.165816	0.08849295	0.639397	0.360603	4.513704
5304	-2591.567	-2801.389	209.8216	1.190097	0.0879536	0.530443	0.469557	3.854617
5310	-2586.761	-2795.539	208.7783	1.038122	0.1136785	0.653472	0.346528	4.472145
5316	-2586.734	-2795.603	208.8684	1.038122	0.07216386	0.543028	0.456972	4.523628
5322	-2576.695	-2786.009	209.3139	1.091228	0.06664064	0.517337	0.482663	4.257223
5328	-2581.31	-2790.63	209.3204	1.222768	0.06134039	0.649705	0.350295	4.193587
5334	-2581.331	-2790.56	209.2287	1.317341	0.06076647	0.513886	0.486114	4.193587
5340	-2583.801	-2790.861	207.0594	1.208538	0.06223237	0.537717	0.462283	5.461075
5346	-2574.15	-2783.095	208.9446	1.137045	0.06067378	0.537717	0.462283	4.456435
5352	-2572.427	-2780.428	208.0003	0.9726795	0.09613521	0.642804	0.357196	4.984615
5358	-2588.808	-2796.899	208.0902	0.9197432	0.08769767	0.54919	0.45081	4.984615
5364	-2580.614	-2788.546	207.9319	0.9737367	0.1122804	0.593446	0.406554	4.984615
5370	-2587.598	-2795.636	208.0382	1.149234	0.08838332	0.520183	0.479817	4.884161
5376	-2572.153	-2781.952	209.7996	1.334904	0.07824843	0.618209	0.381791	3.809425
5382	-2591.451	-2801.373	209.9228	1.561638	0.05447592	0.613128	0.386872	3.67386
5388	-2582.109	-2792.638	210.529	1.308194	0.09520279	0.656697	0.343303	3.35685
5394	-2587.838	-2797.05	209.2121	1.134274	0.1582539	0.646717	0.353283	4.07877
5400	-2579.907	-2789.328	209.421	1.193011	0.08930045	0.55305	0.44695	4.07877
5406	-2582.446	-2792.883	210.4368	1.150361	0.1139359	0.568716	0.431284	3.457601
5412	-2579.589	-2790.031	210.4422	1.097729	0.09128472	0.465812	0.534188	3.540646
5418	-2577.462	-2786.499	209.0365	1.009013	0.06719716	0.465812	0.534188	4.458815
5424	-2594.829	-2804.986	210.157	1.225398	0.1048386	0.580502	0.419498	3.598539
5430	-2590.425	-2800.452	210.0269	1.202748	0.07341772	0.435427	0.564573	3.767639
5436	-2581.087	-2791.048	209.9608	1.202748	0.08779595	0.626194	0.373806	3.767639
5442	-2592.457	-2803.627	211.1696	1.162278	0.1166721	0.484666	0.515334	3.010592
5448	-2576.637	-2786.686	210.0492	1.130917	0.08098254	0.694145	0.305855	3.775908
5454	-2583.274	-2791.733	208.4593	0.9541055	0.06699397	0.581075	0.418925	4.813621
5460	-2591.075	-2799.263	208.1881	1.151535	0.08269178	0.513478	0.486522	4.813621
5466	-2581.923	-2793.522	211.5994	1.45432	0.08345884	0.599687	0.400313	2.657863
5472	-2578.787	-2787.233	208.4458	1.283064	0.06338884	0.608509	0.391491	4.647085
5478	-2587.045	-2796.664	209.6186	1.420776	0.06338884	0.5835	0.4165	3.904799
5484	-2579.598	-2789.395	209.7972	1.136201	0.08591832	0.540929	0.459071	3.904799
5490	-2582.363	-2791.224	208.8612	1.207124	0.06290321	0.540929	0.459071	4.457749
5496	-2585.862	-2795.026	209.1641	1.257622	0.07881768	0.550109	0.449891	4.215091
5502	-2594.574	-2804.26	209.6858	1.119308	0.1429258	0.550109	0.449891	3.84698
5508	-2574.312	-2784.179	209.8672	1.177679	0.1208721	0.570471	0.429529	3.756474
5514	-2587.061	-2797.538	210.477	1.270062	0.09353083	0.66213	0.33787	3.413942
5520	-2577.605	-2787.483	209.8785	1.267661	0.09353083	0.681716	0.318284	3.763118
5526	-2580.733	-2790.669	209.936	1.215773	0.0922323	0.679119	0.320881	3.763118
5532	-2587.16	-2796.184	209.0242	1.052502	0.07366593	0.49854	0.50146	4.423812
5538	-2591.367	-2800.3	208.9337	1.07394	0.09106114	0.499365	0.500635	4.418016
5544	-2585.247	-2794.241	208.9943	1.087896	0.07467927	0.413594	0.586406	4.418016
5550	-2592.605	-2800.274	207.6691	0.9685814	0.06417884	0.705622	0.294378	5.251936
5556	-2592.161	-2799.803	207.6414	0.9266621	0.07879597	0.476045	0.523955	5.251936
5562	-2595.428	-2803.631	208.2027	1.046959	0.05764382	0.367923	0.632077	4.930459
5568	-2575.466	-2784.344	208.8776	1.160363	0.1183424	0.5593	0.4407	4.336716
5574	-2578.072	-2788.513	210.4408	1.285944	0.07084827	0.544629	0.455371	3.486391
5580	-2590.511	-2799.865	209.3545	1.207971	0.1334986	0.572515	0.427485	4.005735
5586	-2576.074	-2782.477	206.4036	1.075203	0.07808791	0.637054	0.362946	5.852344
5592	-2580.614	-2785.82	205.2064	0.9905986	0.06785109	0.464752	0.535248	6.575728
5598	-2580.691	-2789.726	209.0345	0.963806	0.08327204	0.393338	0.606662	4.442898
5604	-2583.476	-2791.872	208.3964	1.17087	0.08872798	0.6315	0.3685	4.671184
5610	-2582.925	-2792.125	209.2003	1.261611	0.08594975	0.465873	0.534127	4.17381
5616	-2576.665	-2784.921	208.2567	1.030056	0.08847972	0.549667	0.450333	4.828565
5622	-2575.09	-2783.625	208.5355	1.014928	0.1073072	0.589788	0.410212	4.636086
5628	-2567.787	-2775.909	208.1224	1.124175	0.09051192	0.529382	0.470618	4.84599
5634	-2568.462	-2776.755	208.2939	0.9630634	0.08816437	0.529382	0.470618	4.84599
5640	-2567.987	-2776.225	208.2384	1.024549	0.08519217	0.469582	0.530418	4.850085
5646	-2586.336	-2795.667	209.3311	0.936492	0.1116344	0.62895	0.37105	4.22189
5652	-2600.719	-2809.386	208.6671	0.9290688	0.1785044	0.5636	0.4364	4.465855
5658	-2581.718	-2790.311	208.5928	1.042602	0.109378	0.624058	0.375942	4.583665
5664	-2572.675	-2781.413	208.7375	1.093679	0.1171018	0.55595	0.44405	4.456153
5670	-2582.608	-2791.184	208.5756	1.005152	0.09343955	0.55595	0.44405	4.652059
5676	-2584.074	-2793.286	209.2116	1.192677	0.1241452	0.510426	0.489574	4.116154
5682	-2602.327	-2812.151	209.8239	1.102023	0.1470826	0.592507	0.407493	3.768885
5688	-2592.978	-2802.732	209.7541	0.9562089	0.09631547	0.702152	0.297848	4.006322
5694	-2592.107	-2800.554	208.4474	1.029226	0.08463546	0.635729	0.364271	4.732169
5700	-2591.105	-2797.397	206.2915	1.024107	0.08266549	0.478744	0.521256	5.929978
5706	-2586.925	-2794.447	207.5218	0.9740499	0.08088011	0.591619	0.408381	5.286534
5712	-2598.302	-2805.828	207.5259	0.8872922	0.1015106	0.548346	0.451654	5.282017
5718	-2599.263	-2808.539	209.2753	1.208997	0.0755615	0.548346	0.451654	4.188182
5724	-2594.174	-2804.024	209.8505	1.124212	0.09385215	0.670532	0.329468	3.860931
5730	-2590.847	-2799.383	208.5361	0.9170785	0.1111025	0.533525	0.466475	4.681872
5736	-2602.126	-2809.832	207.706	1.010374	0.09140135	0.533525	0.466475	5.138427
5742	-2594.907	-2805.029	210.1223	1.010374	0.07985495	0.492346	0.507654	3.806174
5748	-2593.146	-2802.893	209.7471	1.233322	0.04949876	0.492346	0.507654	3.978141
5754	-2584.945	-2794.294	209.3491	1.233322	0.08645014	0.638815	0.361185	4.103979
5760	-2584.656	-2795.183	210.5267	1.333218	0.07856224	0.657965	0.342035	3.387225
5766	-2584.259	-2794.44	210.1813	1.498268	0.08926977	0.657965	0.342035	3.464418
5772	-2589.335	-2799.837	210.5024	1.35417	0.08836605	0.661851	0.338149	3.36307
5778	-2588.716	-2799.522	210.8066	1.175564	0.08390371	0.602444	0.397556	3.301011
5784	-2584.563	-2793.251	208.6884	1.12584	0.1066324	0.665995	0.334005	4.489514
5790	-2588.089	-2796.7	208.611	1.027144	0.1329639	0.453199	0.546801	4.53044
5796	-2581.296	-2790.867	209.5716	1.194525	0.07248518	0.627448	0.372552	4.036019
5802	-2592.807	-2801.804	208.9975	1.371682	0.06160979	0.627448	0.372552	4.29147
5808	-2604.047	-2811.506	207.4596	1.008463	0.0694411	0.468734	0.531266	5.331524
5814	-2591.349	-2800.109	208.7598	1.09294	0.08545499	0.585403	0.414597	4.519279
5820	-2580.972	-2790.333	209.3608	1.076979	0.08446017	0.543159	0.456841	4.19131
5826	-2581.177	-2789.816	208.639	1.060724	0.07388536	0.631885	0.368115	4.635133
5832	-2588.017	-2796.72	208.7034	0.9159535	0.09151705	0.53939	0.46061	4.635133
5838	-2594.924	-2803.702	208.778	1.117925	0.1068205	0.618834	0.381166	4.443067
5844	-2578.291	-2786.87	208.5797	1.362192	0.09592768	0.618834	0.381166	4.443067
5850	-2583.312	-2791.554	208.2417	1.074272	0.1106732	0.641812	0.358188	4.759579
5856	-2582.303	-2791.227	208.9239	1.047945	0.1030998	0.694299	0.305701	4.409024
5862	-2591.256	-2799.403	208.1471	1.246493	0.06323811	0.644757	0.355243	4.834879
5868	-2588.268	-2796.209	207.9412	0.9734736	0.09751035	0.622804	0.377196	5.013689
5874	-2606.733	-2815.06	208.327	1.042677	0.09463518	0.558236	0.441764	4.76717
5880	-2602.715	-2811.521	208.8062	1.042677	0.09405518	0.649361	0.350639	4.500007
5886	-2600.391	-2809.023	208.632	1.059104	0.09405518	0.672718	0.327282	4.588634
5892	-2586.625	-2792.49	205.8649	0.8837927	0.05455234	0.596198	0.403802	6.312169
5898	-2580.562	-2789.421	208.8585	0.9234502	0.08743002	0.675232	0.324768	4.554031
5904	-2596.975	-2805.738	208.7627	1.120607	0.06571903	0.555988	0.444012	4.554031
5910	-2588.457	-2796.229	207.7724	1.015558	0.07966806	0.555988	0.444012	5.128035
5916	-2592.421	-2801.688	209.2673	1.183839	0.09532446	0.555988	0.444012	4.156442
5922	-2585.513	-2793.107	207.5943	1.06184	0.0767065	0.528851	0.471149	5.208618
5928	-2579.432	-2789.143	209.711	1.47217	0.09004546	0.591952	0.408048	3.750581
5934	-2596.023	-2805.027	209.0032	1.323895	0.05574884	0.520421	0.479579	4.331721
5940	-2596.247	-2804.943	208.6955	1.207565	0.07927043	0.449613	0.550387	4.506815
5946	-2583.497	-2793.32	209.8226	1.125897	0.06964896	0.519108	0.480892	3.939484
5952	-2587.875	-2797.396	209.5209	1.214474	0.1149898	0.695692	0.304308	3.947692
5958	-2581.825	-2791.667	209.8419	1.280503	0.09320251	0.646766	0.353234	3.777629
5964	-2589.867	-2798.802	208.9348	1.341448	0.09320251	0.619331	0.380669	4.260892
5970	-2588.95	-2796.421	207.4707	0.9822725	0.06009276	0.501927	0.498073	5.364927
5976	-2589.183	-2797.715	208.532	1.104186	0.1104931	0.648754	0.351246	4.58068
5982	-2595.269	-2804.021	208.7511	1.039568	0.08731837	0.502315	0.497685	4.549461
5988	-2594.561	-2803.366	208.805	0.9856558	0.08731837	0.511899	0.488101	4.549461
5994	-2595.597	-2804.442	208.8456	1.343705	0.08922085	0.709769	0.290231	4.32001
6000	-2591.01	-2799.32	208.3106	1.123877	0.08869112	0.555917	0.444083	4.745557
6006	-2597.299	-2804.239	206.9397	0.9698422	0.05776912	0.538114	0.461886	5.670099
6012	-2596.281	-2806.327	210.0455	1.32606	0.06072405	0.623308	0.376692	3.721185
6018	-2587.852	-2796.128	208.2762	1.095751	0.06790428	0.600107	0.399893	4.834287
6024	-2581.785	-2790.639	208.8545	1.322134	0.06294524	0.634719	0.365281	4.396566
6030	-2592.688	-2802.517	209.8288	1.296228	0.05852899	0.660135	0.339865	3.869425
6036	-2588.581	-2798.502	209.9218	1.134717	0.07500851	0.562063	0.437937	3.862927
6042	-2601.08	-2810.231	209.1513	1.296687	0.08259686	0.556319	0.443681	4.190346
6048	-2597.101	-2805.892	208.7908	1.329012	0.08259686	0.47006	0.52994	4.376091
6054	-2589.44	-2798.732	209.2925	1.296056	0.08897346	0.636034	0.363966	4.094082
6060	-2592.526	-2803.702	211.1762	1.326962	0.1341651	0.476696	0.523304	2.866908
6066	-2595.496	-2806.574	211.0784	1.244734	0.08801322	0.487612	0.512388	3.087897
6072	-2609.349	-2820.457	211.1082	1.265432	0.07694437	0.578811	0.421189	3.087897
6078	-2597.59	-2807.921	210.3315	1.265432	0.08642786	0.667433	0.332567	3.520039
6084	-2584.731	-2795.429	210.698	1.245305	0.1272464	0.609547	0.390453	3.217566
6090	-2577.413	-2787.402	209.9881	1.234869	0.06007167	0.609547	0.390453	3.80868
6096	-2582.435	-2792.698	210.2624	1.279697	0.1101285	0.426268	0.573732	3.492895
6102	-2588.853	-2798.442	209.5892	1.078605	0.1055689	0.536045	0.463955	4.00825
6108	-2585.743	-2794.486	208.7437	1.078605	0.08285914	0.530062	0.469938	4.542972
6114	-2585.173	-2794.204	209.0306	1.078605	0.07657719	0.530062	0.469938	4.397782
6120	-2601.207	-2812.092	210.8857	1.731812	0.07966551	0.524109	0.475891	2.934065
6126	-2585.726	-2796.971	211.2447	1.361547	0.0821311	0.558949	0.441051	2.934065
6132	-2587.183	-2796.473	209.2905	1.212784	0.04778515	0.559388	0.440612	4.25458
6138	-2577.92	-2786.994	209.0737	1.212784	0.09340362	0.527249	0.472751	4.25458
6144	-2578.127	-2787.951	209.8241	1.278305	0.122825	0.501402	0.498598	3.718899
6150	-2598.912	-2808.191	209.2799	1.010372	0.1212413	0.462919	0.537081	4.187361
6156	-2604.042	-2812.305	208.2635	1.165317	0.0668271	0.719537	0.280463	4.805503
6162	-2606.273	-2815.271	208.9977	0.9406921	0.07952235	0.509537	0.490463	4.486272
6168	-2603.231	-2812.016	208.7851	1.227304	0.05408274	0.502236	0.497764	4.513843
6174	-2592.431	-2800.775	208.3442	1.036037	0.09206151	0.519016	0.480984	4.767587
6180	-2595.736	-2804.33	208.5937	0.8808396	0.1067404	0.423296	0.576704	4.679907
6186	-2593.666	-2801.265	207.5988	0.8544337	0.0892028	0.544777	0.455223	5.289277
6192	-2617.627	-2828.265	210.6381	1.274066	0.1184361	0.632276	0.367724	3.256176
6198	-2604.63	-2815.507	210.877	1.288607	0.1396412	0.577766	0.422234	3.057878
6204	-2589.655	-2795.389	205.734	0.9264771	0.07691202	0.400437	0.599563	6.301171
6210	-2581.1	-2790.529	209.4291	1.14183	0.0744567	0.599641	0.400359	4.141928
6216	-2585.775	-2795.16	209.3845	1.135887	0.08540541	0.666435	0.333565	4.141928
6222	-2571.384	-2780.446	209.0622	1.135887	0.08540541	0.685882	0.314118	4.324706
6228	-2579.167	-2788.237	209.0708	1.323442	0.05509706	0.620885	0.379115	4.29558
6234	-2569.104	-2779.133	210.0294	1.259118	0.1036728	0.524381	0.475619	3.655813
6240	-2597.555	-2805.405	207.8491	0.9555674	0.09225882	0.585937	0.414063	5.087409
6246	-2594.236	-2802.924	208.6875	0.986902	0.09243229	0.585937	0.414063	4.601974
6252	-2591.923	-2799.369	207.4464	0.9480818	0.08987661	0.580984	0.419016	5.320069
6258	-2604.778	-2812.38	207.6023	0.9256515	0.06577528	0.562005	0.437995	5.308195
6264	-2587.236	-2798.15	210.9145	1.239321	0.1171159	0.654392	0.345608	3.115928
6270	-2596.026	-2805.155	209.1293	1.078866	0.08711148	0.626907	0.373093	4.314678
6276	-2592.95	-2802.726	209.7761	1.292814	0.05694241	0.569889	0.430111	3.906144
6282	-2575.42	-2785.084	209.6637	1.12678	0.08252102	0.44082	0.55918	3.995439
6288	-2570.447	-2778.629	208.1822	1.048867	0.06987452	0.644799	0.355201	4.907537
6294	-2600.61	-2809.465	208.8548	1.141832	0.05509945	0.501645	0.498355	4.519803
6300	-2583.307	-2793.999	210.6922	1.289197	0.07400194	0.643916	0.356084	3.328441
6306	-2592.857	-2802.585	209.7285	1.108059	0.1248639	0.611447	0.388553	3.867483
6312	-2577.142	-2786.074	208.9315	0.9419976	0.07912311	0.650997	0.349003	4.523839
6318	-2578.048	-2786.625	208.5776	0.8591576	0.07912311	0.516947	0.483053	4.768544
6324	-2572.716	-2781.035	208.3186	1.015778	0.07430504	0.498519	0.501481	4.838229
6330	-2575.741	-2783.709	207.9675	1.101756	0.05712581	0.643818	0.356182	5.032166
6336	-2581.955	-2790.389	208.4345	1.101756	0.07627514	0.721119	0.278881	4.720337
6342	-2574.102	-2783.647	209.5449	1.081151	0.07627514	0.539493	0.460507	4.105712
6348	-2581.367	-2790.117	208.7497	1.14694	0.07907375	0.586898	0.413102	4.510965
6354	-2585.145	-2794.183	209.0377	1.230807	0.04634805	0.572603	0.427397	4.391417
6360	-2588.234	-2797.18	208.946	1.353139	0.04017669	0.5888	0.4112	4.391417
6366	-2582.98	-2791.99	209.0102	1.276114	0.04278249	0.642813	0.357187	4.391417
6372	-2578.544	-2788.181	209.6367	1.267527	0.05635454	0.599068	0.400932	4.002089
6378	-2576.019	-2785.202	209.1833	1.35099	0.07353798	0.486224	0.513776	4.16519
6384	-2573.012	-2782.15	209.1383	1.223932	0.11293	0.545485	0.454515	4.16519
6390	-2569.924	-2777.817	207.8934	0.9690524	0.1112448	0.544567	0.455433	5.010886
6396	-2569.837	-2778.297	208.4603	0.9298576	0.08852435	0.439241	0.560759	4.770734
6402	-2569.258	-2777.198	207.9391	1.069896	0.07479132	0.54119	0.45881	5.018028
6408	-2571.926	-2779.903	207.9766	1.032395	0.07479132	0.628006	0.371994	5.018028
6414	-2567.585	-2776.847	209.2619	1.227189	0.05130373	0.589327	0.410673	4.252663
6420	-2577.559	-2784.907	207.3483	1.23392	0.06455459	0.581228	0.418772	5.281539
6426	-2589.866	-2796.834	206.9682	1.04232	0.06455459	0.458967	0.541033	5.59635
6432	-2587.176	-2797.442	210.2666	1.398418	0.04967439	0.550157	0.449843	3.583086
6438	-2591.453	-2801.289	209.8362	1.398418	0.06862697	0.54954	0.45046	3.777949
6444	-2574.697	-2784.377	209.6801	1.314194	0.05039629	0.751791	0.248209	3.96761
6450	-2584.674	-2795.75	211.0761	1.574101	0.05788884	0.69286	0.30714	2.977363
6456	-2580.712	-2789.036	208.3238	1.024945	0.07612091	0.655585	0.344415	4.825448
6462	-2589.383	-2800.251	210.8687	1.35075	0.06426948	0.497614	0.502386	3.215495
6468	-2585.996	-2797.378	211.3828	1.353256	0.0619858	0.497614	0.502386	2.913458
6474	-2579.045	-2790.059	211.0136	1.309944	0.1141725	0.6095	0.3905	3.021558
6480	-2583.414	-2793.45	210.0361	1.309944	0.07722756	0.516476	0.483524	3.690123
6486	-2583.157	-2793.132	209.9749	1.309944	0.05821581	0.605942	0.394058	3.778373
6492	-2601.632	-2813.447	211.815	1.275687	0.1125451	0.524785	0.475215	2.557964
6498	-2590.613	-2801.211	210.5972	1.269957	0.1076144	0.630082	0.369918	3.30839
6504	-2588.428	-2799.565	211.1366	1.364181	0.0785522	0.67747	0.32253	3.007379
6510	-2589.703	-2800.122	210.4185	1.675211	0.04877687	0.563582	0.436418	3.335143
6516	-2583.011	-2794.377	211.3658	1.312748	0.05896868	0.525489	0.474511	2.957105
6522	-2576.221	-2787.548	211.3269	1.281941	0.07087041	0.618203	0.381797	2.964188
6528	-2589.537	-2799.6	210.0638	1.112021	0.1200492	0.618203	0.381797	3.682725
6534	-2598.798	-2809.132	210.3334	1.112021	0.08720992	0.52657	0.47343	3.606124
6540	-2588.334	-2797.071	208.7378	1.164744	0.07417607	0.479213	0.520787	4.520501
6546	-2581.248	-2790.518	209.2707	1.164744	0.1179446	0.67004	0.32996	4.112175
6552	-2577.263	-2787.497	210.2334	1.164744	0.1179118	0.506822	0.493178	3.558599
6558	-2574.051	-2783.333	209.2824	1.209335	0.1233539	0.572445	0.427555	4.068106
6564	-2573.047	-2782.813	209.7657	1.197161	0.1154838	0.53092	0.46908	3.815992
6570	-2574.517	-2782.554	208.037	1.058937	0.06795172	0.586175	0.413825	4.987813
6576	-2583.786	-2792.319	208.5328	1.044138	0.07490792	0.686099	0.313901	4.701143
6582	-2570.041	-2778.45	208.4091	1.134025	0.08220389	0.690617	0.309383	4.701143
6588	-2569.764	-2777.947	208.183	1.096226	0.07367184	0.579446	0.420554	4.870669
6594	-2573.652	-2781.869	208.2172	1.045089	0.07727747	0.631877	0.368123	4.870669
6600	-2580.1	-2788.612	208.5118	0.9508486	0.08776472	0.528318	0.471682	4.732134
6606	-2577.749	-2786.247	208.4979	1.022781	0.08994836	0.597992	0.402008	4.694226
6612	-2574.528	-2785.06	210.5328	1.170589	0.1111653	0.691899	0.308101	3.396137
6618	-2565.093	-2774.604	209.5115	1.006294	0.07982462	0.699237	0.300763	4.157919
6624	-2568.892	-2777.324	208.4322	1.005148	0.06813026	0.483793	0.516207	4.797193
6630	-2578.746	-2789.324	210.5771	1.429327	0.08340468	0.600255	0.399745	3.288001
6636	-2576.438	-2787.882	211.4439	1.429327	0.09160987	0.615147	0.384853	2.746296
6642	-2577.25	-2788.476	211.2257	1.170844	0.09549297	0.80029	0.19971	3.024389
6648	-2575.133	-2786.327	211.1935	1.295889	0.08561737	0.52223	0.47777	2.99482
6654	-2585.399	-2794.453	209.0532	1.290562	0.05353376	0.519104	0.480896	4.328535
6660	-2589.513	-2799.22	209.707	1.022096	0.1012171	0.635511	0.364489	3.983613
6666	-2603.414	-2813.389	209.9749	1.207966	0.1012171	0.472106	0.527894	3.722866
6672	-2594.029	-2803.496	209.4674	0.9792158	0.0991108	0.570885	0.429115	4.149758
6678	-2590.294	-2800.489	210.1953	1.258187	0.0680903	0.558316	0.441684	3.653017
6684	-2593.869	-2803.254	209.3849	1.13687	0.06972646	0.643334	0.356666	4.182592
6690	-2593.737	-2803.123	209.3855	1.099671	0.1157686	0.643334	0.356666	4.088763
6696	-2600.014	-2810.09	210.0765	1.099671	0.06509353	0.490333	0.509667	3.821424
6702	-2586.665	-2796.532	209.8668	1.162022	0.09724787	0.484198	0.515802	3.821424
6708	-2588.182	-2797.76	209.5771	1.175512	0.09949163	0.472968	0.527032	3.97434
6714	-2573.903	-2783.519	209.6157	1.139105	0.09897509	0.569565	0.430435	3.97434
6720	-2565.951	-2775.627	209.6759	1.167796	0.07896005	0.570603	0.429397	3.97434
6726	-2578.69	-2788.673	209.9832	1.167796	0.09658614	0.509922	0.490078	3.75267
6732	-2591.954	-2801.072	209.1179	0.9865748	0.08956118	0.516826	0.483174	4.367109
6738	-2589.54	-2797.595	208.0557	0.9497334	0.09169886	0.592191	0.407809	4.977266
6744	-2575.754	-2785.7	209.9453	1.20264	0.06063058	0.507815	0.492185	3.850284
6750	-2584.214	-2793.216	209.002	1.020035	0.06466271	0.591992	0.408008	4.478933
6756	-2578.882	-2787.455	208.5737	1.06505	0.09996772	0.572325	0.427675	4.6038
6762	-2577.056	-2784.264	207.2082	0.9777957	0.09816858	0.581607	0.418393	5.415173
6768	-2583.275	-2791.048	207.773	0.9111631	0.1198843	0.705848	0.294152	5.090748
6774	-2584.336	-2792.852	208.5155	1.034311	0.107208	0.527655	0.472345	4.636649
6780	-2580.039	-2789.222	209.1834	1.1292	0.07153514	0.640226	0.359774	4.296264
6786	-2571.061	-2780.335	209.2737	1.101727	0.1050993	0.640226	0.359774	4.175901
6792	-2579.431	-2786.533	207.1016	0.8021977	0.1141692	0.664147	0.335853	5.534012
6798	-2594.938	-2802.515	207.5765	0.9438362	0.1150311	0.62091	0.37909	5.192105
6804	-2596.555	-2804.051	207.4959	1.050814	0.1085101	0.638639	0.361361	5.192105
6810	-2589.032	-2797.179	208.1467	1.07465	0.05184407	0.513961	0.486039	4.962316
6816	-2585.403	-2795.647	210.2439	1.308752	0.09573626	0.511095	0.488905	3.521932
6822	-2595.472	-2805.295	209.8231	1.000887	0.07890475	0.59469	0.40531	3.985798
6828	-2589.065	-2799.176	210.1114	1.23228	0.1046871	0.69349	0.30651	3.62136
6834	-2599.156	-2807.584	208.428	1.203772	0.06887813	0.600623	0.399377	4.686507
6840	-2580.475	-2789.105	208.6296	0.9686294	0.07596386	0.558013	0.441987	4.686507
6846	-2584.57	-2794.278	209.7088	0.9686294	0.1104303	0.632237	0.367763	3.991322
6852	-2595.127	-2803.83	208.7028	1.025652	0.09535072	0.578873	0.421127	4.564537
6858	-2583.416	-2792.036	208.6198	1.169156	0.04753167	0.782482	0.217518	4.65768
6864	-2586.809	-2796.336	209.5275	1.05946	0.1039341	0.606723	0.393277	4.058289
6870	-2591.601	-2800.948	209.3466	1.080613	0.07583572	0.586603	0.413397	4.219832
6876	-2588.194	-2798.16	209.9658	1.207014	0.08314878	0.549878	0.450122	3.774399
6882	-2584.48	-2791.955	207.4747	1.009198	0.06801809	0.530323	0.469677	5.326534
6888	-2582.381	-2790.711	208.3295	0.916047	0.08214581	0.594747	0.405253	4.867448
6894	-2604.641	-2812.918	208.2766	0.9690011	0.08214581	0.607278	0.392722	4.867448
6900	-2586.84	-2794.992	208.1513	1.081413	0.07809665	0.501909	0.498091	4.885024
6906	-2574.868	-2783.549	208.6809	1.017263	0.06122994	0.607804	0.392196	4.670184
6912	-2588.41	-2796.959	208.5484	1.036594	0.08517525	0.51743	0.48257	4.670184
6918	-2588.974	-2799.89	210.916	1.382938	0.05846833	0.639713	0.360287	3.185341
6924	-2585.414	-2796.579	211.1646	1.318254	0.09743421	0.614241	0.385759	2.96759
6930	-2574.317	-2784.209	209.8922	1.106885	0.09743421	0.637668	0.362332	3.838056
6936	-2576.751	-2785.835	209.0842	1.106885	0.08143366	0.596859	0.403141	4.338866
6942	-2575.741	-2783.75	208.009	1.044232	0.08143366	0.645387	0.354613	4.976342
6948	-2586.392	-2795.971	209.58	0.9720624	0.1101826	0.611862	0.388138	4.063482
6954	-2583.072	-2793.014	209.9418	1.058644	0.06994766	0.531218	0.468782	3.908922
6960	-2605.096	-2814.998	209.9021	1.139495	0.1185774	0.503038	0.496962	3.763548
6966	-2596.725	-2805.967	209.2428	1.015865	0.07072457	0.512136	0.487864	4.328995
6972	-2579.582	-2787.9	208.3176	1.312402	0.1039617	0.52883	0.47117	4.599283
6978	-2570.187	-2779.882	209.6949	1.228419	0.07210458	0.55447	0.44553	3.947194
6984	-2571.58	-2780.354	208.7741	1.336719	0.09737528	0.63477	0.36523	4.344279
6990	-2574.123	-2783.988	209.8656	1.151017	0.09737528	0.541848	0.458152	3.828117
6996	-2566.293	-2777.169	210.8764	1.426539	0.06737366	0.583652	0.416348	3.157045
7002	-2563.985	-2774.441	210.4553	1.391318	0.08913885	0.584806	0.415194	3.366904
7008	-2570.263	-2781.015	210.7522	1.472313	0.06592653	0.57699	0.42301	3.207726
7014	-2583.387	-2794.753	211.3657	1.472313	0.07802518	0.57699	0.42301	2.805186
7020	-2573.431	-2781.799	208.3681	1.195513	0.08829752	0.638089	0.361911	4.674323
7026	-2580.393	-2788.357	207.9642	0.9829772	0.07216296	0.640448	0.359552	5.05923
7032	-2576.526	-2785.022	208.4965	1.28372	0.07822975	0.668997	0.331003	4.578555
7038	-2559.868	-2768.617	208.7492	1.144523	0.05368065	0.452102	0.547898	4.581602
7044	-2568.872	-2777.652	208.78	0.979055	0.08163463	0.605913	0.394087	4.581602
7050	-2565.045	-2773.676	208.6312	1.127949	0.08163463	0.638681	0.361319	4.581602
7056	-2569.549	-2778.93	209.3809	1.175334	0.07601414	0.52787	0.47213	4.146081
7062	-2562.732	-2772.173	209.4415	1.170406	0.06438898	0.59814	0.40186	4.146081
7068	-2572.899	-2781.937	209.0379	1.201274	0.07721962	0.364343	0.635657	4.322644
7074	-2583.357	-2792.338	208.9808	1.211425	0.08752847	0.508332	0.491668	4.322644
7080	-2580.917	-2790.066	209.1495	1.133028	0.0980846	0.606789	0.393211	4.245389
7086	-2590.271	-2800.422	210.1506	1.331413	0.05405597	0.527804	0.472196	3.676496
7092	-2575.344	-2782.69	207.3461	1.133879	0.07204878	0.606157	0.393843	5.318064
7098	-2576.543	-2786.502	209.9593	1.16225	0.09798587	0.553459	0.446541	3.766199
7104	-2584.021	-2794.167	210.1469	1.406855	0.0570994	0.625614	0.374386	3.626127
7110	-2578.181	-2787.093	208.9122	1.292615	0.05885871	0.574041	0.425959	4.392033
7116	-2584.466	-2795.392	210.926	1.292615	0.08827714	0.500482	0.499518	3.149435
7122	-2591.065	-2802.357	211.2922	1.281539	0.09512144	0.599434	0.400566	2.918824
7128	-2587.989	-2799.172	211.1828	1.432016	0.08582062	0.490264	0.509736	2.918824
7134	-2575.194	-2784.896	209.7021	1.164159	0.09644447	0.53552	0.46448	3.916736
7140	-2578.469	-2788.647	210.1784	1.255869	0.07763438	0.657273	0.342727	3.637918
7146	-2578.63	-2788.911	210.2816	1.236644	0.08441389	0.619324	0.380676	3.571123
7152	-2574.246	-2784.509	210.2627	1.116017	0.06226301	0.65175	0.34825	3.71265
7158	-2577.138	-2784.494	207.3561	1.116017	0.06287163	0.623486	0.376514	5.346865
7164	-2594.049	-2802.714	208.665	1.005555	0.09382804	0.565228	0.434772	4.600757
7170	-2589.69	-2796.786	207.0965	1.00136	0.1016822	0.539219	0.460781	5.455469
7176	-2594.744	-2802.095	207.3513	1.078219	0.04851092	0.557333	0.442667	5.409746
7182	-2585.665	-2792.789	207.1241	0.9835407	0.06239271	0.495009	0.504991	5.548814
7188	-2583.074	-2792.466	209.3911	0.9541512	0.09269153	0.495009	0.504991	4.223053
7194	-2571.258	-2779.678	208.4196	1.074797	0.06412407	0.495009	0.504991	4.776204
7200	-2568.392	-2778.676	210.2837	1.261618	0.0709878	0.518017	0.481983	3.591647
7206	-2575.074	-2785.09	210.0158	1.27023	0.06705214	0.650798	0.349202	3.752674
7212	-2576.161	-2786.171	210.0102	1.13676	0.09067839	0.630313	0.369687	3.769828
7218	-2580.106	-2789.487	209.3809	1.211541	0.0792135	0.498362	0.501638	4.117019
7224	-2575.073	-2782.958	207.8852	1.352995	0.06615896	0.649973	0.350027	4.913556
7230	-2583.805	-2792.441	208.6361	1.352995	0.06615896	0.518828	0.481172	4.493406
7236	-2586.128	-2793.931	207.8028	1.271186	0.05163944	0.57791	0.42209	5.044733
7242	-2581.335	-2791.289	209.9544	1.350459	0.05437587	0.532183	0.467817	3.777851
7248	-2586.536	-2795.095	208.5589	1.227488	0.0601033	0.573335	0.426665	4.623913
7254	-2594.501	-2805.617	211.1158	1.276275	0.1141413	0.530129	0.469871	2.980497
7260	-2580.637	-2790.315	209.6788	1.042603	0.1200848	0.543814	0.456186	3.944108
7266	-2585.883	-2793.175	207.2919	1.039082	0.08562724	0.601941	0.398059	5.365551
7272	-2587.06	-2797.903	210.8427	1.261203	0.1030975	0.481226	0.518774	3.179536
7278	-2600.178	-2810.328	210.1507	1.131718	0.1030975	0.564908	0.435092	3.660714
7284	-2591.498	-2801.939	210.4404	1.448883	0.0701053	0.59169	0.40831	3.393409
7290	-2581.427	-2791.791	210.3641	1.34468	0.08661645	0.59169	0.40831	3.454251
7296	-2591.929	-2801.873	209.9442	1.219227	0.08010258	0.593936	0.406064	3.787835
7302	-2599.048	-2808.888	209.8401	1.179449	0.08368205	0.501856	0.498144	3.861186
7308	-2592.575	-2801.011	208.436	1.068603	0.08368205	0.514924	0.485076	4.71894
7314	-2581.718	-2791.511	209.7931	1.161919	0.08260023	0.625911	0.374089	3.901037
7320	-2595.736	-2805.707	209.9703	1.161919	0.08623485	0.60192	0.39808	3.789735
7326	-2596.476	-2805.816	209.34	1.18323	0.1034524	0.583254	0.416746	4.09574
7332	-2587.153	-2796.713	209.5607	1.027417	0.07312905	0.61759	0.38241	4.135721
7338	-2585.815	-2795.195	209.3807	1.207393	0.07312905	0.436236	0.563764	4.135721
7344	-2593.672	-2803.837	210.1646	1.279054	0.1032265	0.605541	0.394459	3.566845
7350	-2582.117	-2792.055	209.9377	1.2069	0.08879881	0.517835	0.482165	3.775976
7356	-2577.266	-2785.083	207.817	1.158908	0.07467529	0.499952	0.500048	5.036678
7362	-2576.745	-2784.108	207.3628	1.014629	0.06730378	0.563591	0.436409	5.387143
7368	-2574.487	-2784.177	209.6904	1.168779	0.1227293	0.558846	0.441154	3.859215
7374	-2576.623	-2786.819	210.1952	1.177496	0.06481394	0.668031	0.331969	3.708942
7380	-2585.72	-2793.885	208.1653	1.169092	0.07001892	0.668031	0.331969	4.849576
7386	-2579.868	-2787.983	208.1153	1.118237	0.04949308	0.653496	0.346504	4.96209
7392	-2576.931	-2785.924	208.9929	1.156162	0.05430587	0.637075	0.362925	4.436261
7398	-2562.896	-2772.167	209.2704	1.156162	0.07997176	0.568365	0.431635	4.209334
7404	-2584.261	-2793.631	209.3699	1.05203	0.08096377	0.771818	0.228182	4.209334
7410	-2584.023	-2794.108	210.0843	1.186213	0.1107938	0.550413	0.449587	3.649242
7416	-2588.313	-2800.592	212.2788	1.525082	0.08155428	0.659243	0.340757	2.190449
7422	-2584.53	-2795.287	210.7576	1.242978	0.08173995	0.528789	0.471211	3.29597
7428	-2573.811	-2783.675	209.8639	0.9640826	0.08386609	0.572415	0.427585	3.970486
7434	-2596.053	-2805.939	209.8859	1.246014	0.08350098	0.599733	0.400267	3.797038
7440	-2583.767	-2794	210.2331	1.199336	0.06545105	0.562958	0.437042	3.672591
7446	-2583.727	-2793.151	209.4237	1.16559	0.07094118	0.562958	0.437042	4.140928
7452	-2585.92	-2795.623	209.7028	1.103157	0.09312538	0.587473	0.412527	3.959527
7458	-2582.852	-2791.762	208.9099	0.9925024	0.09425823	0.632548	0.367452	4.469401
7464	-2598.11	-2806.992	208.8815	1.094273	0.116694	0.478617	0.521383	4.375538
7470	-2578.947	-2787.401	208.4542	1.029189	0.09385908	0.594506	0.405494	4.705525
7476	-2574.828	-2782.527	207.6993	0.9810721	0.08755906	0.658526	0.341474	5.167774
7482	-2573.436	-2782.665	209.2288	1.062568	0.1124729	0.581343	0.418657	4.206462
7488	-2578.285	-2787.496	209.2117	1.147989	0.06532947	0.581343	0.418657	4.286549
7494	-2585.745	-2794.756	209.0112	1.195288	0.05724813	0.647307	0.352693	4.395601
7500	-2578.864	-2790.359	211.4944	1.289402	0.06790109	0.51063	0.48937	2.867208
7506	-2580.011	-2791.24	211.2296	1.295715	0.05755498	0.513564	0.486436	3.053221
7512	-2564.029	-2773.21	209.1809	1.122818	0.06137119	0.61589	0.38411	4.329176
7518	-2570.392	-2778.876	208.4832	1.059788	0.09328528	0.657368	0.342632	4.673568
7524	-2571.303	-2781.964	210.6609	1.214588	0.1184777	0.490108	0.509892	3.277684
7530	-2591.054	-2800.09	209.036	1.167482	0.1531156	0.539113	0.460887	4.170157
7536	-2608.001	-2818.43	210.4287	1.210116	0.1436871	0.634984	0.365016	3.361259
7542	-2598.489	-2806.977	208.487	0.904816	0.1161672	0.556694	0.443306	4.704818
7548	-2595.616	-2804.392	208.7757	1.069065	0.08153313	0.638647	0.361353	4.533761
7554	-2599.268	-2809.035	209.7675	1.218586	0.07231354	0.601356	0.398644	3.910681
7560	-2579.361	-2786.444	207.0829	1.070237	0.07231354	0.503583	0.496417	5.497413
7566	-2584.082	-2790.76	206.6774	0.9415428	0.07849769	0.519097	0.480903	5.774601
7572	-2576.15	-2782.844	206.6938	1.019657	0.07967469	0.624528	0.375472	5.719857
7578	-2567.432	-2775.337	207.9044	1.320047	0.06151242	0.484449	0.515551	4.93382
7584	-2577.763	-2787.189	209.4256	1.390363	0.07010011	0.471189	0.528811	4.01403
7590	-2578.965	-2788.01	209.0446	1.196556	0.1043871	0.67822	0.32178	4.253716
7596	-2576.373	-2785.289	208.9161	1.325079	0.1043871	0.484653	0.515347	4.253716
7602	-2573.086	-2782.061	208.9749	1.186002	0.1244309	0.744581	0.255419	4.253716
7608	-2582.001	-2789.313	207.3119	1.242425	0.09767171	0.744581	0.255419	5.213025
7614	-2579.753	-2788.141	208.3881	1.066299	0.09767171	0.598105	0.401895	4.712519
7620	-2592.115	-2800.161	208.0451	1.16126	0.08256177	0.598105	0.401895	4.88823
7626	-2591.75	-2801.628	209.8778	1.078252	0.09201671	0.631524	0.368476	3.876278
7632	-2595.799	-2806.777	210.9781	1.217745	0.1073663	0.483553	0.516447	3.114337
7638	-2581.326	-2790.863	209.5366	1.084598	0.09440965	0.548573	0.451427	4.061841
7644	-2582.105	-2790.61	208.5056	0.9010459	0.0825912	0.649219	0.350781	4.776449
7650	-2579.078	-2788.617	209.5386	1.064868	0.06704669	0.649219	0.350781	4.143544
7656	-2591.726	-2800.339	208.6132	0.9921245	0.07402323	0.551828	0.448172	4.687604
7662	-2583.886	-2793.249	209.3628	1.046845	0.0800174	0.551828	0.448172	4.218793
7668	-2583.883	-2793.466	209.583	1.122192	0.07599801	0.666226	0.333774	4.061339
7674	-2599.532	-2808.352	208.8197	1.150058	0.1091429	0.666226	0.333774	4.396059
7680	-2582.39	-2791.479	209.0885	1.076387	0.06553347	0.693606	0.306394	4.396059
7686	-2581.366	-2790.074	208.708	0.9784583	0.07015414	0.593258	0.406742	4.652481
7692	-2576.351	-2783.421	207.0699	0.9744419	0.06904811	0.593258	0.406742	5.56579
7698	-2586.171	-2794.952	208.7805	0.9549634	0.08025624	0.5024	0.4976	4.598393
7704	-2579.243	-2786.649	207.4065	0.9537894	0.06961982	0.5024	0.4976	5.390461
7710	-2586.075	-2796.015	209.9399	0.9911217	0.1149637	0.676254	0.323746	3.835456
7716	-2589.08	-2798.023	208.9423	0.7523047	0.08162619	0.518482	0.481518	4.617797
7722	-2590.694	-2800.243	209.5497	0.9939496	0.1087931	0.723864	0.276136	4.071528
7728	-2592.467	-2800.637	208.17	0.9367024	0.08756686	0.585755	0.414245	4.931148
7734	-2597.42	-2804.421	207.0011	0.891283	0.097886	0.704629	0.295371	5.577338
7740	-2577.053	-2786.211	209.1578	1.320324	0.09550168	0.640194	0.359806	4.140667
7746	-2582.448	-2792.487	210.0388	1.2217	0.079627	0.53292	0.46708	3.733107
7752	-2589.738	-2800.042	210.3044	1.278715	0.09599753	0.503709	0.496291	3.503516
7758	-2580.429	-2790.462	210.0329	1.209615	0.08007201	0.598882	0.401118	3.742335
7764	-2575.02	-2785.708	210.6878	1.180239	0.06647483	0.506356	0.493644	3.416123
7770	-2578.928	-2789.599	210.6704	1.140592	0.09194405	0.47898	0.52102	3.380564
7776	-2585.087	-2796.457	211.3708	1.359423	0.1593817	0.630483	0.369517	2.673811
7782	-2590.577	-2802.254	211.6769	1.350649	0.1306633	0.549373	0.450627	2.553386
7788	-2585.09	-2796.339	211.2495	1.255253	0.09532979	0.56019	0.43981	2.959853
7794	-2585.094	-2795.537	210.4425	1.413375	0.0834721	0.464185	0.535815	3.37641
7800	-2588.222	-2798.881	210.6587	1.231709	0.07598312	0.677876	0.322124	3.37641
7806	-2580.826	-2791.095	210.2685	1.231709	0.1457474	0.573312	0.426688	3.438229
7812	-2587.036	-2797.447	210.4109	1.231709	0.1084249	0.596957	0.403043	3.438229
7818	-2587.787	-2797.313	209.5251	1.272279	0.09191121	0.640527	0.359473	3.96747
7824	-2595.065	-2805.32	210.2547	1.232833	0.1313256	0.692538	0.307462	3.476443
7830	-2590.241	-2797.672	207.431	1.165572	0.0499637	0.561502	0.438498	5.313617
7836	-2589.577	-2797.715	208.138	1.07554	0.04316833	0.606285	0.393715	4.990832
7842	-2588.274	-2798.468	210.1941	1.213568	0.1139258	0.598316	0.401684	3.562289
7848	-2584.897	-2795.251	210.3547	1.08142	0.1069382	0.51688	0.48312	3.562289
7854	-2578.475	-2787.6	209.1248	1.143903	0.1002932	0.540053	0.459947	4.247908
7860	-2591.895	-2802.088	210.1928	1.196974	0.0707067	0.56373	0.43627	3.682632
7866	-2588.678	-2796.579	207.901	0.9606997	0.09715181	0.586826	0.413174	5.043984
7872	-2596.307	-2806.514	210.2068	1.157601	0.1003095	0.57829	0.42171	3.620033
7878	-2587.296	-2796.521	209.2249	1.157601	0.1003095	0.563517	0.436483	4.183305
7884	-2587.581	-2796.92	209.3391	1.013846	0.1003095	0.518453	0.481547	4.20004
7890	-2603.78	-2811.965	208.1856	1.08636	0.1159306	0.555784	0.444216	4.772365
7896	-2603.976	-2810.466	206.4898	0.9116332	0.1012734	0.555784	0.444216	5.838474
7902	-2589.955	-2798.119	208.1636	1.022383	0.1084551	0.68681	0.31319	4.837185
7908	-2591.954	-2802.211	210.2573	1.226361	0.1084551	0.529842	0.470158	3.530955
7914	-2599.432	-2808.295	208.8633	1.048791	0.08094092	0.580611	0.419389	4.497427
7920	-2580.004	-2788.597	208.5926	1.027351	0.1177037	0.543895	0.456105	4.573599
7926	-2579.15	-2786.977	207.8265	1.288122	0.05180831	0.679248	0.320752	5.021699
7932	-2582.647	-2791.885	209.2381	1.288122	0.04893441	0.553022	0.446978	4.238323
7938	-2585.969	-2795.848	209.8797	1.187408	0.04893441	0.553321	0.446679	3.930176
7944	-2584.023	-2794.166	210.1433	1.245067	0.08498668	0.51668	0.48332	3.644998
7950	-2598.165	-2807.459	209.2941	1.342203	0.07030698	0.51668	0.48332	4.115912
7956	-2597.986	-2808.277	210.2916	1.137668	0.08720417	0.601077	0.398923	3.615505
7962	-2587.067	-2794.397	207.3306	0.8799538	0.1144567	0.539964	0.460036	5.364497
7968	-2590.036	-2798.599	208.5637	1.00866	0.06661651	0.675034	0.324966	4.725886
7974	-2585.339	-2793.309	207.9707	0.8825654	0.09608998	0.665459	0.334541	5.051207
7980	-2583.798	-2791.816	208.0184	0.9343178	0.0740512	0.638823	0.361177	5.051207
7986	-2581.201	-2789.017	207.8162	1.09424	0.0555939	0.485507	0.514493	5.124464
7992	-2594.693	-2804.884	210.191	1.410497	0.05690444	0.626141	0.373859	3.598963
7998	-2602.351	-2812.654	210.3026	1.237378	0.06948163	0.616863	0.383137	3.598963
8004	-2579.707	-2790.102	210.3948	1.157908	0.06903461	0.546496	0.453504	3.592796
8010	-2581.253	-2791.819	210.5655	1.157908	0.08072463	0.546496	0.453504	3.461354
8016	-2581.843	-2791.991	210.1487	1.055104	0.07358772	0.656477	0.343523	3.782053
8022	-2589.525	-2799.736	210.2115	1.220323	0.06442219	0.656477	0.343523	3.675819
8028	-2574.899	-2784.293	209.3939	1.208651	0.07300371	0.567597	0.432403	4.127819
8034	-2591.772	-2800.024	208.252	1.126607	0.04858449	0.580552	0.419448	4.883931
8040	-2591.258	-2800.697	209.4388	1.065206	0.08369649	0.512447	0.487553	4.155666
8046	-2584.436	-2794.111	209.6758	1.000207	0.09398395	0.514701	0.485299	4.031672
8052	-2608.424	-2815.905	207.4813	0.8364633	0.09660173	0.736611	0.263389	5.346203
8058	-2606.232	-2813.564	207.3327	1.036153	0.08501708	0.713189	0.286811	5.346203
8064	-2607.016	-2816.176	209.1603	0.9716304	0.09071286	0.522612	0.477388	4.34871
8070	-2595.658	-2804.075	208.4165	0.9669151	0.08485539	0.577168	0.422832	4.783731
8076	-2606.641	-2814.9	208.2588	1.056751	0.04867552	0.5164	0.4836	4.91876
8082	-2598.465	-2805.104	206.6389	0.9284348	0.1087715	0.516398	0.483602	5.730597
8088	-2599.153	-2808.167	209.0139	1.02235	0.06371441	0.533366	0.466634	4.473541
8094	-2584.37	-2792.879	208.5097	1.00846	0.08501301	0.648271	0.351729	4.70801
8100	-2612.409	-2820.094	207.6849	0.9992906	0.0904109	0.582302	0.417698	5.15863
8106	-2596.508	-2804.665	208.1572	1.038952	0.1401561	0.51421	0.48579	4.763275
8112	-2585.236	-2793.58	208.3445	0.9096485	0.1246403	0.669196	0.330804	4.763275
8118	-2591.524	-2801.603	210.0798	0.9389287	0.1111282	0.722544	0.277456	3.793919
8124	-2590.291	-2800.118	209.8268	1.472419	0.07468657	0.45587	0.54413	3.724062
8130	-2576.294	-2785.711	209.4165	1.472419	0.04382335	0.603264	0.396736	4.046656
8136	-2600.393	-2807.732	207.3391	1.156544	0.03980835	0.603264	0.396736	5.397188
8142	-2579.118	-2786.222	207.1041	1.010417	0.08009488	0.628535	0.371465	5.498659
8148	-2583.045	-2790.766	207.7215	1.116022	0.08009488	0.440206	0.559794	5.099486
8154	-2578.999	-2787.326	208.3268	1.192059	0.08218898	0.507852	0.492148	4.714769
8160	-2578.407	-2788.495	210.0882	1.318463	0.08317003	0.507936	0.492064	3.639178
8166	-2585.6	-2795.717	210.1168	1.299004	0.08292893	0.579329	0.420671	3.634498
8172	-2587.969	-2797.729	209.7602	1.379746	0.1058657	0.422412	0.577588	3.736469
8178	-2579.295	-2786.189	206.8942	1.051708	0.1164012	0.626609	0.373391	5.505929
8184	-2592.462	-2804.006	211.5443	1.34629	0.1004885	0.698555	0.301445	2.712225
8190	-2579.27	-2785.902	206.6316	0.9852121	0.106307	0.59945	0.40055	5.709084
8196	-2584.3	-2791.13	206.8293	0.9403747	0.07187953	0.477987	0.522013	5.709084
8202	-2582.376	-2790.434	208.0571	1.001581	0.07187953	0.575472	0.424528	4.998061
8208	-2606.902	-2814.536	207.6337	0.9093573	0.1060384	0.710932	0.289068	5.199786
8214	-2584.261	-2792.229	207.9673	0.971768	0.1265832	0.640518	0.359482	4.934795
8220	-2582.062	-2791.116	209.0541	0.9805934	0.07238336	0.598838	0.401162	4.450887
8226	-2585.522	-2794.352	208.8299	1.080748	0.0754334	0.62069	0.37931	4.512598
8232	-2593.26	-2801.859	208.5992	1.137663	0.05417565	0.74241	0.25759	4.668167
8238	-2598.892	-2807.414	208.5215	0.864175	0.1348447	0.577066	0.422934	4.668167
8244	-2594.877	-2803.714	208.8372	1.074816	0.1179853	0.673819	0.326181	4.40863
8250	-2596.443	-2807.071	210.6284	1.153881	0.1181743	0.576303	0.423697	3.333308
8256	-2565.941	-2775.393	209.4519	1.221472	0.06832499	0.576303	0.423697	4.10022
8262	-2567.303	-2775.478	208.1753	0.8402283	0.09025632	0.668297	0.331703	4.97521
8268	-2576.346	-2784.611	208.2649	0.8402283	0.07075711	0.580676	0.419324	4.97521
8274	-2568.538	-2778.703	210.1644	1.180002	0.0904478	0.622359	0.377641	3.656324
8280	-2576.728	-2787.623	210.8953	1.273935	0.09582007	0.622359	0.377641	3.159099
8286	-2586.731	-2796.562	209.8306	1.141158	0.09853133	0.622956	0.377044	3.851062
8292	-2578.355	-2787.634	209.2783	1.110471	0.09853133	0.622956	0.377044	4.184048
8298	-2574.483	-2783.171	208.6879	1.379117	0.04654189	0.547328	0.452672	4.504409
8304	-2572.752	-2783.097	210.3458	1.04652	0.07905838	0.66849	0.33151	3.658415
8310	-2573.527	-2782.989	209.4621	1.088472	0.1360686	0.51911	0.48089	4.007115
8316	-2584.944	-2793.183	208.2387	1.159971	0.1112854	0.562751	0.437249	4.711947
8322	-2564.924	-2773.644	208.7198	0.9627664	0.07636759	0.64263	0.35737	4.638188
8328	-2566.482	-2775.82	209.3373	1.093546	0.06164343	0.524134	0.475866	4.256489
8334	-2569.556	-2780.646	211.0902	1.322057	0.08930447	0.609968	0.390032	3.031185
8340	-2579.49	-2790.691	211.2016	1.1715	0.06180139	0.670296	0.329704	3.131471
8346	-2580.056	-2789.028	208.9713	0.9890494	0.07474515	0.598058	0.401942	4.486447
8352	-2573.492	-2782.438	208.9465	1.000801	0.07755004	0.625117	0.374883	4.486447
8358	-2582.58	-2791.397	208.8168	1.13743	0.07606187	0.519587	0.480413	4.486447
8364	-2575.79	-2784.556	208.7656	1.127106	0.08956849	0.614693	0.385307	4.486447
8370	-2569.685	-2780.071	210.3866	1.156239	0.07426924	0.558944	0.441056	3.584049
8376	-2576.487	-2786.702	210.2155	1.259314	0.08913448	0.561059	0.438941	3.584049
8382	-2581.631	-2791.831	210.1994	1.259314	0.09280319	0.561059	0.438941	3.584049
8388	-2589.986	-2799.88	209.8945	1.085619	0.1208613	0.641485	0.358515	3.793836
8394	-2583.749	-2792.922	209.1734	1.147541	0.1025647	0.604599	0.395401	4.212854
8400	-2593.439	-2804.122	210.6833	1.24587	0.05974581	0.608734	0.391266	3.399583
8406	-2601.423	-2811.423	209.9997	1.242676	0.05711059	0.518982	0.481018	3.805969
8412	-2595.468	-2806.047	210.5789	1.347489	0.09587232	0.560856	0.439144	3.302671
8418	-2595.65	-2806.206	210.5562	1.43316	0.08059468	0.423862	0.576138	3.305665
8424	-2581.493	-2792.157	210.6631	1.232338	0.1304648	0.690086	0.309914	3.23865
8430	-2579.102	-2788.021	208.9187	1.11159	0.07659455	0.621596	0.378404	4.442216
8436	-2585.593	-2794.492	208.8988	1.130124	0.0768751	0.552715	0.447285	4.442216
8442	-2584.516	-2791.832	207.3157	1.057386	0.06301088	0.613735	0.386265	5.401058
8448	-2583.713	-2792.214	208.501	1.002458	0.0761984	0.603971	0.396029	4.73885
8454	-2590.087	-2798.822	208.7351	1.216328	0.0761984	0.430777	0.569223	4.487681
8460	-2581.89	-2791.545	209.6546	1.184522	0.1098431	0.709719	0.290281	3.90014
8466	-2589.111	-2798.353	209.2417	1.189169	0.1051811	0.635197	0.364803	4.144213
8472	-2593.686	-2802.938	209.2525	1.050739	0.1039687	0.506535	0.493465	4.219511
8478	-2594.189	-2803.492	209.3032	1.21698	0.1098157	0.506535	0.493465	4.082524
8484	-2595.422	-2807.082	211.6598	1.332202	0.1273822	0.663443	0.336557	2.583145
8490	-2587.079	-2797.334	210.2549	1.065152	0.1115458	0.641006	0.358994	3.618742
8496	-2584.038	-2792.309	208.2709	1.060519	0.06975423	0.60201	0.39799	4.851931
8502	-2580.138	-2787.987	207.8488	1.07813	0.0906638	0.562072	0.437928	5.023439
8508	-2574.205	-2784.362	210.157	1.228748	0.08866925	0.484376	0.515624	3.636986
8514	-2594.847	-2805.018	210.1706	1.173309	0.09826358	0.474086	0.525914	3.636986
8520	-2576.552	-2784.23	207.6785	0.9011331	0.1126208	0.474086	0.525914	5.164643
8526	-2579.598	-2787.177	207.5794	0.822637	0.1216357	0.629918	0.370082	5.24314
8532	-2570.292	-2780.503	210.2115	1.257573	0.07234546	0.650009	0.349991	3.632181
8538	-2582.313	-2793.231	210.9181	1.209087	0.07836515	0.568093	0.431907	3.230366
8544	-2589.012	-2799.072	210.0598	1.194955	0.08699533	0.548978	0.451022	3.71707
8550	-2588.811	-2797.471	208.66	1.027116	0.08052628	0.647425	0.352575	4.624824
8556	-2578.89	-2786.261	207.3707	1.153702	0.07789266	0.72019	0.27981	5.278374
8562	-2575.956	-2783.668	207.7122	1.060085	0.0873059	0.542312	0.457688	5.117506
8568	-2586.127	-2797.006	210.8791	1.166255	0.1449105	0.581625	0.418375	3.118304
8574	-2582.612	-2793.719	211.1074	1.382511	0.0536536	0.624566	0.375434	3.085989
8580	-2574.125	-2784.559	210.434	1.354063	0.08212905	0.57046	0.42954	3.419727
8586	-2566.406	-2776.318	209.9112	1.096221	0.09521481	0.561905	0.438095	3.838772
8592	-2570.753	-2781.133	210.3796	1.227061	0.09521481	0.623522	0.376478	3.491791
8598	-2578.685	-2787.913	209.2284	1.227061	0.1301991	0.567968	0.432032	4.073854
8604	-2584.369	-2794.148	209.7785	1.238953	0.1271242	0.539309	0.460691	3.758371
8610	-2568.644	-2777.743	209.0997	1.358286	0.09848714	0.586301	0.413699	4.144812
8616	-2573.64	-2783.621	209.9804	1.103138	0.0656462	0.65847	0.34153	3.873118
8622	-2581.666	-2790.6	208.9344	1.358794	0.09768429	0.671146	0.328854	4.240318
8628	-2597.917	-2807.443	209.5264	1.450941	0.04713919	0.671146	0.328854	3.98666
8634	-2579.868	-2787.623	207.7545	1.021117	0.07991258	0.566241	0.433759	5.134223
8640	-2585.208	-2794.299	209.0912	1.025975	0.07076077	0.541846	0.458154	4.408745
8646	-2570.529	-2778.965	208.4355	1.139133	0.05326194	0.555586	0.444414	4.761452
8652	-2572.632	-2781.888	209.256	1.298682	0.06880491	0.653172	0.346828	4.166406
8658	-2575.914	-2784.888	208.9745	1.376814	0.1151284	0.568229	0.431771	4.166406
8664	-2567.586	-2777.965	210.379	1.349886	0.114348	0.587168	0.412832	3.373646
8670	-2571.111	-2782.082	210.9713	1.390556	0.08233344	0.554751	0.445249	3.080095
8676	-2569.706	-2779.004	209.298	1.051373	0.08233344	0.697678	0.302322	4.246935
8682	-2575.469	-2784.088	208.6188	1.079708	0.07627773	0.481189	0.518811	4.629506
8688	-2583.004	-2793.067	210.063	1.202463	0.08544333	0.610531	0.389469	3.714934
8694	-2583.396	-2794.376	210.9803	1.13877	0.08821045	0.610531	0.389469	3.208673
8700	-2572.669	-2781.745	209.0764	0.9794509	0.09520043	0.568797	0.431203	4.380623
8706	-2570.012	-2777.752	207.7404	0.9001068	0.1363396	0.633138	0.366862	5.080282
8712	-2580.067	-2789.665	209.5981	1.107278	0.0707634	0.633138	0.366862	4.075356
8718	-2589.475	-2799.148	209.6721	1.062208	0.1128541	0.694294	0.305706	3.953171
8724	-2593.121	-2803.764	210.6432	1.205941	0.120911	0.629496	0.370504	3.28761
8730	-2579.144	-2789.836	210.6913	1.205941	0.06853084	0.603697	0.396303	3.39314
8736	-2577.376	-2788.117	210.741	1.148424	0.07017601	0.547759	0.452241	3.39314
8742	-2589.402	-2799.511	210.1093	1.169528	0.1043466	0.547759	0.452241	3.659816
8748	-2579.535	-2788.34	208.8057	1.136121	0.08247061	0.547759	0.452241	4.476759
8754	-2580.67	-2789.548	208.8779	1.023127	0.09157488	0.389035	0.610965	4.476759
8760	-2583.879	-2792.426	208.5467	1.023127	0.1283706	0.531752	0.468248	4.578549
8766	-2589.224	-2798.014	208.79	1.023127	0.07123085	0.523736	0.476264	4.578549
8772	-2577.169	-2786.566	209.3972	1.023127	0.09832505	0.523579	0.476421	4.166578
8778	-2579.356	-2787.633	208.2766	1.123663	0.104718	0.669922	0.330078	4.72615
8784	-2579.069	-2788.933	209.8633	1.101044	0.1028438	0.556797	0.443203	3.844837
8790	-2578.821	-2788.761	209.9394	1.205923	0.09593493	0.603094	0.396906	3.75759
8796	-2577.409	-2785.615	208.2061	1.114326	0.06568774	0.722051	0.277949	4.86899
8802	-2580.82	-2789.453	208.6323	1.06256	0.1180447	0.577958	0.422042	4.530724
8808	-2588.319	-2796.99	208.6714	1.198619	0.07723505	0.456141	0.543859	4.530724
8814	-2571.279	-2780.086	208.807	1.066123	0.07656994	0.63592	0.36408	4.530724
8820	-2574.202	-2783.086	208.8846	0.9349192	0.08948122	0.636596	0.363404	4.527801
8826	-2582.745	-2793.247	210.5023	1.043428	0.1089971	0.585027	0.414973	3.493464
8832	-2596.064	-2805.45	209.3862	1.065771	0.06447592	0.564308	0.435692	4.236602
8838	-2585.924	-2793.096	207.1723	0.9913927	0.06882119	0.640837	0.359163	5.500822
8844	-2574.038	-2783.586	209.548	1.157429	0.1004179	0.552344	0.447656	3.999056
8850	-2579.38	-2789.062	209.6816	1.102864	0.1143307	0.606115	0.393885	3.921033
8856	-2590.001	-2800.499	210.4986	1.286288	0.08359605	0.509808	0.490192	3.417683
8862	-2590.928	-2800.291	209.3631	0.9670916	0.07034415	0.539162	0.460838	4.289559
8868	-2594.035	-2801.637	207.6018	1.006116	0.08316332	0.557832	0.442168	5.218808
8874	-2576.711	-2784.627	207.9161	1.105865	0.08088535	0.617067	0.382933	4.995099
8880	-2593.362	-2802.091	208.7283	1.028403	0.1029533	0.554047	0.445953	4.530479
8886	-2592.043	-2799.794	207.7508	1.092417	0.09955066	0.589766	0.410234	5.048516
8892	-2590.941	-2802.028	211.0869	1.265403	0.1115571	0.622554	0.377446	3.010591
8898	-2588.159	-2798.659	210.5008	1.399741	0.0736729	0.553332	0.446668	3.376864
8904	-2589.719	-2801.273	211.5531	1.198305	0.1068844	0.559238	0.440762	2.78094
8910	-2583.35	-2794.143	210.793	1.392425	0.07638836	0.626988	0.373012	3.201319
8916	-2580.616	-2790.354	209.738	1.442625	0.06033569	0.706628	0.293372	3.8323
8922	-2564.574	-2773.71	209.1361	1.125872	0.06288513	0.620564	0.379436	4.348549
8928	-2566.595	-2775.058	208.4634	0.9950822	0.09435103	0.620564	0.379436	4.718264
8934	-2562.55	-2770.721	208.1706	1.087508	0.09435103	0.467812	0.532188	4.830176
8940	-2565.758	-2774.033	208.2748	1.033397	0.08307761	0.55609	0.44391	4.830176
8946	-2580.066	-2787.776	207.7106	0.9528016	0.0695078	0.624523	0.375477	5.223433
8952	-2580.371	-2788.622	208.2517	1.119142	0.07706192	0.624523	0.375477	4.810679
8958	-2578.513	-2787.376	208.8627	1.097504	0.09783001	0.499387	0.500613	4.428152
8964	-2577.593	-2785.717	208.1234	1.003091	0.1065523	0.588455	0.411545	4.874699
8970	-2576.633	-2784.828	208.1956	1.060747	0.07698723	0.588455	0.411545	4.874699
8976	-2575.611	-2784.436	208.8255	1.107943	0.1246579	0.459999	0.540001	4.381846
8982	-2589.001	-2798.173	209.1728	1.166851	0.1159658	0.686688	0.313312	4.171093
8988	-2569.761	-2779.694	209.9336	1.166851	0.1016295	0.581308	0.418692	3.769463
8994	-2583.006	-2791.054	208.0486	1.080544	0.0799942	0.494319	0.505681	4.937771
9000	-2584.343	-2793.025	208.6813	1.140833	0.0929528	0.544477	0.455523	4.51778
9006	-2605.54	-2814.775	209.2349	1.125521	0.0929528	0.461206	0.538794	4.213814
9012	-2587.578	-2796.872	209.294	1.066381	0.0929528	0.42833	0.57167	4.213814
9018	-2577.927	-2787.233	209.3058	1.01846	0.1013538	0.539512	0.460488	4.213814
9024	-2581.844	-2788.966	207.1216	1.03585	0.08175212	0.616169	0.383831	5.470855
9030	-2594.451	-2802.525	208.0743	0.9332391	0.07996211	0.565147	0.434853	5.005485
9036	-2581.398	-2790.699	209.3006	1.074925	0.07478776	0.452906	0.547094	4.251923
9042	-2600.069	-2807.932	207.863	1.074925	0.08052889	0.547269	0.452731	5.042651
9048	-2585.436	-2794.44	209.004	1.03492	0.131432	0.680373	0.319627	4.307735
9054	-2584.128	-2793.888	209.7604	1.20286	0.1048977	0.340503	0.659497	3.840511
9060	-2572.537	-2779.988	207.451	1.106661	0.06795587	0.60531	0.39469	5.285985
9066	-2587.664	-2798.032	210.368	1.260194	0.09596686	0.60531	0.39469	3.477302
9072	-2585.003	-2791.543	206.5406	1.062606	0.06798283	0.563095	0.436905	5.81047
9078	-2587.871	-2795.305	207.434	1.089607	0.07618432	0.701281	0.298719	5.283221
9084	-2591.56	-2800.723	209.1629	1.050237	0.06701701	0.460536	0.539464	4.364786
9090	-2605.234	-2812.957	207.7235	1.027187	0.06860984	0.625199	0.374801	5.17754
9096	-2599.599	-2809.577	209.9775	1.147639	0.06920299	0.535393	0.464607	3.839367
9102	-2608.331	-2818.286	209.9544	1.147639	0.1144213	0.492587	0.507413	3.738187
9108	-2584.274	-2793.799	209.5247	1.231532	0.08356246	0.492587	0.507413	4.012292
9114	-2586.768	-2796.232	209.4635	1.321399	0.09007387	0.545304	0.454696	3.979234
9120	-2592.446	-2800.871	208.4242	1.000408	0.07617108	0.613488	0.386512	4.783025
9126	-2587.007	-2796.189	209.1815	1.051274	0.09178371	0.459585	0.540415	4.288999
9132	-2588.672	-2797.905	209.2328	1.043329	0.08211179	0.459585	0.540415	4.288999
9138	-2588.581	-2796.097	207.5154	1.077655	0.08211179	0.544006	0.455994	5.229673
9144	-2575.721	-2785.361	209.6394	1.153796	0.0776888	0.544006	0.455994	4.006582
9150	-2580.231	-2789.779	209.5479	1.251385	0.07049368	0.544006	0.455994	4.022475
9156	-2570.873	-2781.853	210.9797	1.578677	0.06511128	0.653293	0.346707	3.011142
9162	-2578.785	-2789.651	210.8663	1.446841	0.0738586	0.585601	0.414399	3.132577
9168	-2586.619	-2796.827	210.208	1.348431	0.06034956	0.585601	0.414399	3.615196
9174	-2587.422	-2795.739	208.3173	1.129376	0.06315797	0.630705	0.369295	4.805483
9180	-2596.911	-2806.009	209.0975	1.066807	0.08405518	0.591445	0.408555	4.347243
9186	-2589.142	-2798.528	209.3862	1.035523	0.09773526	0.591445	0.408555	4.16724
9192	-2586.683	-2793.955	207.2721	0.9826804	0.05739627	0.591445	0.408555	5.481499
9198	-2587.299	-2794.945	207.646	1.17785	0.06986176	0.647387	0.352613	5.133712
9204	-2590.027	-2798.858	208.8311	1.099179	0.113432	0.615338	0.384662	4.408529
9210	-2593.641	-2802.621	208.9795	1.3339	0.06333915	0.542875	0.457125	4.318222
9216	-2592.784	-2802.791	210.0067	1.323763	0.08378154	0.511567	0.488433	3.681705
9222	-2595.303	-2804.268	208.9644	1.100642	0.1188283	0.617659	0.382341	4.320317
9228	-2596.121	-2805.834	209.7126	1.241798	0.04742237	0.576311	0.423689	3.998996
9234	-2602.016	-2812.148	210.1316	1.113512	0.08790905	0.540728	0.459272	3.720323
9240	-2587.938	-2797.973	210.0354	1.27425	0.07384196	0.648602	0.351398	3.720323
9246	-2598.461	-2808.289	209.8283	1.32179	0.05934269	0.546637	0.453363	3.852707
9252	-2596.996	-2807.645	210.649	1.220847	0.1186837	0.546637	0.453363	3.280537
9258	-2600.5	-2811.317	210.817	1.242853	0.06333276	0.65259	0.34741	3.312465
9264	-2598.087	-2807.884	209.7962	1.192366	0.1450019	0.55524	0.44476	3.737049
9270	-2595.798	-2807.179	211.3815	1.388515	0.129201	0.514338	0.485662	2.715689
9276	-2594.655	-2805.487	210.8319	1.23067	0.1015883	0.477119	0.522881	3.207781
9282	-2585.138	-2795.359	210.2206	1.348884	0.08259505	0.47384	0.52616	3.546138
9288	-2602.359	-2811.635	209.2766	1.030278	0.116428	0.581811	0.418189	4.18871
9294	-2590.009	-2799.456	209.447	1.12856	0.09768868	0.587877	0.412123	4.079822
9300	-2600.128	-2808.153	208.0242	1.083145	0.07570328	0.696473	0.303527	4.960993
9306	-2584.823	-2794.157	209.3335	1.100556	0.07570328	0.643518	0.356482	4.216335
9312	-2580.657	-2788.896	208.2395	1.075523	0.07425269	0.58003	0.41997	4.849156
9318	-2589.903	-2798.202	208.2987	1.070855	0.07425269	0.586866	0.413134	4.818737
9324	-2593.124	-2801.841	208.7163	1.068049	0.05920416	0.591563	0.408437	4.627516
9330	-2583.561	-2793.242	209.681	1.148008	0.05192381	0.493389	0.506611	4.05767
9336	-2573.71	-2782.403	208.6931	1.138682	0.06122332	0.488238	0.511762	4.59533
9342	-2576.193	-2785.49	209.297	1.154234	0.1048721	0.680479	0.319521	4.133352
9348	-2575.302	-2786.29	210.9887	1.231708	0.1032701	0.676753	0.323247	3.109853
9354	-2584.368	-2795.365	210.997	1.173409	0.0692716	0.594494	0.405506	3.230176
9360	-2574.222	-2783.96	209.7374	1.209468	0.0692716	0.602362	0.397638	3.941489
9366	-2576.078	-2785.914	209.8357	1.137883	0.08027683	0.653571	0.346429	3.896464
9372	-2594.344	-2803.718	209.3738	0.9948576	0.1012036	0.580421	0.419579	4.189019
9378	-2581.93	-2789.764	207.8338	0.9948576	0.08701566	0.532829	0.467171	5.086974
9384	-2585.848	-2793.384	207.5359	0.9343924	0.06431749	0.532829	0.467171	5.343956
9390	-2575.493	-2784.677	209.1837	0.9434663	0.1016302	0.546051	0.453949	4.324777
9396	-2590.784	-2801.539	210.7544	1.121093	0.116345	0.626864	0.373136	3.282664
9402	-2591.632	-2801.277	209.6445	1.121093	0.08872314	0.626864	0.373136	3.9937
9408	-2578.661	-2787.818	209.1579	1.237014	0.1016801	0.498054	0.501946	4.172973
9414	-2572.128	-2781.368	209.2399	1.262059	0.06558674	0.607937	0.392063	4.205191
9420	-2580.142	-2788.419	208.277	1.036105	0.0848445	0.64819	0.35181	4.822999
9426	-2586.182	-2794.649	208.4669	0.8800629	0.07745618	0.534068	0.465932	4.822999
9432	-2585.629	-2794.013	208.3839	0.9804359	0.07374726	0.651588	0.348412	4.822999
9438	-2572.763	-2781.163	208.3993	0.9650022	0.07374726	0.458114	0.541886	4.822999
9444	-2583.609	-2793.319	209.7107	1.299779	0.07167694	0.550711	0.449289	3.898421
9450	-2571.473	-2781.538	210.065	1.346522	0.05964232	0.567564	0.432436	3.701179
9456	-2584.126	-2792.618	208.4923	1.346522	0.09814461	0.507808	0.492192	4.495758
9462	-2579.569	-2790.71	211.141	1.356097	0.08145817	0.6116	0.3884	3.001526
9468	-2592.076	-2801.654	209.5783	1.356097	0.06283831	0.587563	0.412437	3.966456
9474	-2594.33	-2802.195	207.8655	1.125929	0.09251685	0.587563	0.412437	4.983089
9480	-2582.718	-2790.95	208.2314	1.030691	0.09916311	0.596497	0.403503	4.816407
9486	-2592.193	-2802.087	209.8945	1.06657	0.09987923	0.612073	0.387927	3.853887
9492	-2580.091	-2788.517	208.4265	1.128782	0.08012602	0.616059	0.383941	4.699681
9498	-2578.652	-2788.543	209.891	1.193197	0.1010565	0.686102	0.313898	3.78021
9504	-2571.831	-2782.589	210.7581	1.279797	0.08768643	0.489362	0.510638	3.258073
9510	-2582.708	-2793.715	211.0068	1.503345	0.05045252	0.529283	0.470717	3.0835
9516	-2571.366	-2782.329	210.9633	1.503345	0.09123846	0.529283	0.470717	2.993479
9522	-2580.861	-2789.861	209.0002	1.271448	0.0506712	0.759792	0.240208	4.377421
9528	-2575.068	-2784.117	209.0494	1.098855	0.09031467	0.515703	0.484297	4.340491
9534	-2579.351	-2787.908	208.5565	1.301838	0.07162455	0.605587	0.394413	4.552132
9540	-2578.126	-2787.457	209.3305	1.188707	0.07547127	0.657505	0.342495	4.168581
9546	-2581.212	-2790.483	209.271	1.154108	0.09639458	0.550372	0.449628	4.168581
9552	-2586.079	-2795.307	209.2277	1.136696	0.07110544	0.480302	0.519698	4.268149
9558	-2591.646	-2800.717	209.0705	1.290393	0.07182276	0.453393	0.546607	4.268149
9564	-2595.62	-2801.435	205.8147	1.081676	0.08648206	0.638203	0.361797	6.1491
9570	-2580.238	-2789.281	209.0433	1.351941	0.07020101	0.605641	0.394359	4.25307
9576	-2571.015	-2781.53	210.5147	1.349796	0.07061632	0.624606	0.375394	3.406478
9582	-2592.077	-2801.825	209.7482	1.189477	0.09688239	0.543471	0.456529	3.874683
9588	-2593.797	-2802.586	208.7891	1.39331	0.07967023	0.426265	0.573735	4.348338
9594	-2578.662	-2786.905	208.2432	1.43303	0.08422353	0.665543	0.334457	4.621489
9600	-2574.74	-2785.302	210.5621	1.43303	0.08422353	0.474515	0.525485	3.292476
9606	-2568.112	-2778.797	210.6846	1.43303	0.05848683	0.508378	0.491622	3.292476
9612	-2582.971	-2792.82	209.8489	1.43303	0.1403009	0.631067	0.368933	3.57691
9618	-2575.447	-2785.618	210.1703	1.357515	0.07160593	0.602403	0.397597	3.600119
9624	-2571.189	-2781.128	209.9389	1.097682	0.09521893	0.612331	0.387669	3.822005
9630	-2580.96	-2789.857	208.8965	1.140966	0.106629	0.591898	0.408102	4.363685
9636	-2577.81	-2787.382	209.572	1.330637	0.07858427	0.454861	0.545139	3.941623
9642	-2578.993	-2789.553	210.5597	1.330637	0.07803513	0.574874	0.425126	3.370812
9648	-2589.43	-2799.916	210.4859	1.357532	0.08836406	0.574874	0.425126	3.370812
9654	-2582.586	-2792.535	209.9492	1.309937	0.08183028	0.502758	0.497242	3.728027
9660	-2582.367	-2792.271	209.9044	1.366895	0.07920486	0.502758	0.497242	3.728027
9666	-2585.01	-2793.022	208.0121	1.142166	0.1035377	0.695037	0.304963	4.866235
9672	-2604.445	-2813.794	209.3482	1.099601	0.09826219	0.554094	0.445906	4.151138
9678	-2603.894	-2813.307	209.4127	1.171542	0.1229175	0.571717	0.428283	4.016283
9684	-2595.178	-2803.677	208.4997	0.9691926	0.1137075	0.61929	0.38071	4.667206
9690	-2594.188	-2801.718	207.5302	1.018385	0.1123792	0.604345	0.395655	5.182351
9696	-2593.037	-2800.414	207.3771	1.080376	0.1360181	0.64541	0.35459	5.182351
9702	-2600.186	-2808.662	208.4757	1.234307	0.07005521	0.529399	0.470601	4.639565
9708	-2612.743	-2821.232	208.4886	1.114214	0.06686761	0.701232	0.298768	4.708164
9714	-2610.712	-2821.868	211.1562	1.279426	0.07234087	0.484872	0.515128	3.0638
9720	-2578.415	-2787.894	209.4787	1.141755	0.08355872	0.60124	0.39876	4.089772
9726	-2582.491	-2792.748	210.2571	1.31951	0.05370595	0.60124	0.39876	3.622709
9732	-2579.675	-2789.035	209.36	1.122646	0.0887663	0.740721	0.259279	4.154857
9738	-2579.539	-2788.545	209.0059	1.091055	0.08341158	0.615812	0.384188	4.386894
9744	-2589.181	-2796.515	207.3347	1.127161	0.08341158	0.629528	0.370472	5.298916
9750	-2588.561	-2797.321	208.7595	1.245314	0.05228235	0.531503	0.468497	4.523147
9756	-2576.935	-2786.991	210.0561	1.332623	0.06288385	0.578491	0.421509	3.705101
9762	-2592.528	-2800.124	207.5959	1.215821	0.04564829	0.45396	0.54604	5.206726
9768	-2585.384	-2794.426	209.0422	1.268867	0.05834418	0.584342	0.415658	4.333474
9774	-2579.498	-2789.386	209.8887	1.178749	0.06817385	0.650068	0.349932	3.875341
9780	-2566.682	-2777.659	210.9779	1.178749	0.05552916	0.574973	0.425027	3.278149
9786	-2568.043	-2777.933	209.8907	1.236865	0.06403623	0.574973	0.425027	3.852365
9792	-2573.286	-2783.294	210.0085	1.173312	0.05309084	0.574973	0.425027	3.852365
9798	-2574.847	-2785.159	210.3112	1.036441	0.09863205	0.643007	0.356993	3.633861
9804	-2568.981	-2778.513	209.5324	1.148044	0.07368035	0.490368	0.509632	4.081665
9810	-2565.491	-2775.907	210.4158	1.292023	0.07269071	0.703218	0.296782	3.492319
9816	-2569.704	-2779.383	209.6786	1.292023	0.07039756	0.474779	0.525221	3.924775
9822	-2572.742	-2782.695	209.9526	1.292023	0.08597435	0.664265	0.335735	3.725579
9828	-2590.275	-2801.076	210.8014	1.440332	0.09201305	0.411395	0.588605	3.125871
9834	-2572.505	-2783.613	211.1083	1.440332	0.1154892	0.555366	0.444634	2.882882
9840	-2601.719	-2811.463	209.7432	1.256297	0.08845254	0.604126	0.395874	3.860351
9846	-2607.583	-2818.392	210.8093	1.164917	0.10517	0.62429	0.37571	3.251183
9852	-2596.93	-2805.716	208.7854	1.181371	0.1143803	0.649669	0.350331	4.38582
9858	-2594.492	-2802.834	208.3418	1.00459	0.06257414	0.372368	0.627632	4.862992
9864	-2602.244	-2811.585	209.3407	1.279543	0.09257141	0.77229	0.22771	4.066997
9870	-2594.455	-2804.532	210.077	1.249226	0.1007059	0.647958	0.352042	3.641202
9876	-2588.185	-2798.265	210.0806	1.2458	0.1006569	0.647958	0.352042	3.641202
9882	-2609.162	-2818.412	209.2501	1.005505	0.1398799	0.529313	0.470687	4.167205
9888	-2604.118	-2814.233	210.115	1.228986	0.07570823	0.70043	0.29957	3.695418
9894	-2590.436	-2799.198	208.7619	1.253937	0.07181189	0.662335	0.337665	4.463052
9900	-2590.798	-2801.803	211.005	1.338835	0.06805212	0.586352	0.413648	3.13078
9906	-2591.543	-2802.006	210.4631	1.369106	0.09171553	0.501475	0.498525	3.368674
9912	-2591.964	-2803.264	211.3001	1.29771	0.06096194	0.600834	0.399166	2.999703
9918	-2584.509	-2793.636	209.1268	1.250367	0.06751666	0.6604	0.3396	4.270671
9924	-2586.268	-2796.544	210.2764	1.292583	0.06751666	0.445819	0.554181	3.58761
9930	-2590.425	-2801.498	211.0737	1.23425	0.06334969	0.606844	0.393156	3.165703
9936	-2583.034	-2791.734	208.7007	1.216965	0.07607308	0.527261	0.472739	4.507005
9942	-2581.283	-2791.091	209.8078	1.258053	0.07607308	0.492453	0.507547	3.854734
9948	-2583.419	-2793.053	209.6345	1.353416	0.0760612	0.475791	0.524209	3.899463
9954	-2592.45	-2802.07	209.6206	1.219582	0.08740284	0.475564	0.524436	3.954399
9960	-2595.722	-2805.153	209.4312	1.270506	0.05398753	0.565079	0.434921	4.124286
9966	-2602.254	-2812.283	210.0296	1.066702	0.09111707	0.565079	0.434921	3.797924
9972	-2589.718	-2798.643	208.9246	1.039472	0.1019143	0.714216	0.285784	4.416229
9978	-2580.819	-2789.422	208.6022	1.248311	0.07723951	0.625476	0.374524	4.54166
9984	-2572.861	-2782.992	210.1314	1.27835	0.08763472	0.59385	0.40615	3.625712
9990	-2575.526	-2784.808	209.2825	1.136915	0.1027478	0.656713	0.343287	4.156495
9996	-2590.026	-2797.296	207.2701	1.103146	0.06521633	0.653808	0.346192	5.395019
10002	-2578.971	-2787.702	208.7318	1.086057	0.0748421	0.601779	0.398221	4.566314
10008	-2574.236	-2781.116	206.8799	1.086057	0.0748421	0.63942	0.36058	5.593742
10014	-2576.279	-2787.443	211.1647	1.761908	0.069544	0.55139	0.44861	2.7756
10020	-2581.345	-2792.416	211.0713	1.261181	0.06274944	0.606067	0.393933	3.152867
10026	-2598.944	-2807.856	208.9117	1.013752	0.1113409	0.457908	0.542092	4.416001
10032	-2601.434	-2811.936	210.502	1.734606	0.06451698	0.565633	0.434367	3.204627
10038	-2597.846	-2806.894	209.0481	1.373928	0.05735766	0.586669	0.413331	4.273481
10044	-2598.01	-2808.083	210.0733	1.208632	0.0782112	0.550613	0.449387	3.724513
10050	-2576.163	-2784.751	208.5883	1.025183	0.07879879	0.655201	0.344799	4.670524
10056	-2573.735	-2783.057	209.3218	1.237471	0.05120983	0.57677	0.42323	4.213138
10062	-2572.797	-2782.151	209.3547	1.151137	0.06194499	0.673434	0.326566	4.213138
10068	-2594.513	-2805.156	210.643	1.091694	0.07067816	0.7412	0.2588	3.482249
10074	-2596.742	-2807.028	210.2857	1.166159	0.10529	0.503527	0.496473	3.557073
10080	-2585.975	-2795.641	209.6662	1.296913	0.07388526	0.441045	0.558955	3.919566
10086	-2583.936	-2793.835	209.8983	1.10881	0.07907775	0.441045	0.558955	3.880406
10092	-2590.408	-2800.318	209.9105	1.10881	0.07646817	0.624134	0.375866	3.880406
10098	-2583.892	-2791.494	207.6018	1.151997	0.04931226	0.743281	0.256719	5.228602
10104	-2583.274	-2792.082	208.8077	1.068533	0.07330352	0.65703	0.34297	4.537592
10110	-2592.468	-2802.708	210.2398	0.9904171	0.1077975	0.511329	0.488671	3.67966
10116	-2579.374	-2787.734	208.3604	0.9904171	0.1150444	0.587563	0.412437	4.730247
10122	-2571.938	-2781.777	209.8393	1.171297	0.07796831	0.587563	0.412437	3.881392
10128	-2583.554	-2793.377	209.8223	1.212857	0.07273256	0.358987	0.641013	3.881392
10134	-2581.618	-2791.81	210.192	1.072356	0.1086144	0.645792	0.354208	3.65794
10140	-2584.223	-2793.248	209.0241	1.088991	0.06472151	0.373193	0.626807	4.427529
10146	-2593.516	-2803.592	210.0751	1.071353	0.1437547	0.443392	0.556608	3.648288
10152	-2595.278	-2805.622	210.3431	1.268393	0.09168555	0.628244	0.371756	3.497933
10158	-2586.463	-2795.533	209.0698	1.090439	0.08949564	0.644037	0.355963	4.335767
10164	-2594.915	-2804.619	209.7041	1.095713	0.1101077	0.418368	0.581632	3.922034
10170	-2588.005	-2797.583	209.5783	1.383856	0.08668927	0.570789	0.429211	3.886348
10176	-2567.511	-2776.402	208.891	1.070526	0.08683279	0.523017	0.476983	4.454578
10182	-2591.339	-2801.061	209.7223	1.122709	0.1140222	0.557745	0.442255	3.887042
10188	-2578.943	-2787.953	209.0098	0.9414802	0.1034797	0.582487	0.417513	4.419731
10194	-2584.831	-2793.89	209.0591	1.08118	0.1188544	0.587324	0.412676	4.277716
10200	-2570.757	-2780.329	209.5724	1.084001	0.07052303	0.587324	0.412676	4.103881
10206	-2575.686	-2785.043	209.3574	1.109835	0.09196486	0.535242	0.464758	4.155589
10212	-2571.697	-2779.954	208.2568	1.109835	0.07825253	0.588285	0.411715	4.809965
10218	-2582.202	-2790.697	208.4957	0.9632311	0.08718681	0.521326	0.478674	4.735661
10224	-2587.68	-2796.755	209.0748	0.9868827	0.09256543	0.808261	0.191739	4.383787
10230	-2587.401	-2796.286	208.8845	1.177195	0.09256543	0.64415	0.35585	4.383787
10236	-2583.362	-2791.618	208.256	1.18151	0.08868868	0.633514	0.366486	4.743894
10242	-2586.104	-2793.386	207.2816	1.03472	0.104951	0.521649	0.478351	5.327545
10248	-2597.119	-2804.433	207.3145	1.03472	0.07253149	0.663845	0.336155	5.388928
10254	-2582.083	-2789.507	207.4236	0.895711	0.07891152	0.675451	0.324549	5.388928
10260	-2591.364	-2801.685	210.3214	1.383777	0.07891152	0.566575	0.433425	3.476894
10266	-2590.58	-2801.306	210.7268	1.413009	0.06830481	0.558397	0.441603	3.251039
10272	-2590.083	-2801.088	211.0053	1.396956	0.07636107	0.621541	0.378459	3.072423
10278	-2578.836	-2788.828	209.9917	1.233438	0.0772949	0.597407	0.402593	3.759761
10284	-2570.299	-2778.74	208.4413	0.9585159	0.08195461	0.518166	0.481834	4.781934
10290	-2581.44	-2791.415	209.9748	1.148267	0.1001766	0.544855	0.455145	3.75992
10296	-2586.493	-2795.628	209.1351	1.218031	0.06607511	0.491751	0.508249	4.288216
10302	-2590.674	-2800.29	209.6158	1.006957	0.1059297	0.433613	0.566387	4.033095
10308	-2588.155	-2797.735	209.5802	1.210723	0.06835919	0.482248	0.517752	4.033095
10314	-2581.567	-2791.135	209.5672	1.233534	0.06633286	0.671996	0.328004	4.033095
10320	-2576.232	-2785.286	209.0532	1.160795	0.08124225	0.587914	0.412086	4.326399
10326	-2576.242	-2783.727	207.4847	1.116961	0.05777764	0.587914	0.412086	5.289261
10332	-2575.253	-2784.856	209.6028	1.116961	0.08956901	0.47983	0.52017	4.017768
10338	-2577.195	-2787.469	210.2735	1.337204	0.08395808	0.438933	0.561067	3.518511
10344	-2579.333	-2789.583	210.2493	1.33891	0.08895662	0.584605	0.415395	3.518511
10350	-2589.018	-2798.136	209.1177	1.261928	0.07664867	0.584605	0.415395	4.244691
10356	-2593.646	-2801.649	208.0032	0.9757332	0.09433933	0.570067	0.429933	4.985617
10362	-2591.024	-2799.155	208.1303	0.9259182	0.0771572	0.643831	0.356169	4.985617
10368	-2579.798	-2788.189	208.3902	1.000397	0.09799957	0.535901	0.464099	4.747436
10374	-2585.076	-2792.89	207.8139	1.128465	0.07270626	0.613967	0.386033	5.06045
10380	-2589.338	-2798.295	208.9575	1.089439	0.06432846	0.613967	0.386033	4.465834
10386	-2585.146	-2793.488	208.3411	1.108646	0.08971499	0.613967	0.386033	4.734497
10392	-2594.631	-2804.086	209.455	1.226481	0.09899724	0.643905	0.356095	4.016211
10398	-2585.369	-2794.879	209.5094	1.190252	0.09476389	0.604265	0.395735	4.016211
10404	-2596.203	-2805.696	209.4926	1.215529	0.0928191	0.556509	0.443491	4.016211
10410	-2586.198	-2795.948	209.7495	1.181971	0.09989257	0.590989	0.409011	3.8709
10416	-2582.699	-2791.764	209.065	0.9703959	0.1062563	0.559499	0.440501	4.365725
10422	-2587.531	-2797.671	210.14	1.179955	0.106182	0.689673	0.310327	3.631533
10428	-2585.933	-2797.451	211.5177	1.370727	0.09184751	0.566454	0.433546	2.736346
10434	-2582.877	-2792.818	209.9406	1.311175	0.07198775	0.6468	0.3532	3.758776
10440	-2574.915	-2784.77	209.8545	1.214106	0.0888374	0.629434	0.370566	3.819689
10446	-2577.849	-2787.438	209.5885	1.128977	0.08757739	0.545771	0.454229	4.02408
10452	-2588.875	-2798.095	209.2203	1.224563	0.1303378	0.545771	0.454229	4.079608
10458	-2586.85	-2795.916	209.0662	1.115905	0.08445006	0.54716	0.45284	4.336169
10464	-2593.91	-2803.252	209.3426	1.126861	0.08753638	0.601628	0.398372	4.165453
10470	-2594.334	-2801.358	207.0239	1.112914	0.0835659	0.522185	0.477815	5.477661
10476	-2597.961	-2807.742	209.7812	1.118951	0.1359289	0.515182	0.484818	3.806969
10482	-2588.701	-2797.59	208.8889	1.202053	0.0714163	0.474496	0.525504	4.421805
10488	-2590.727	-2798.261	207.534	1.043299	0.07688461	0.475075	0.524925	5.251732
10494	-2587.1	-2794.679	207.5798	0.9762571	0.08717107	0.565221	0.434779	5.237491
10500	-2603.791	-2812.557	208.7661	1.113369	0.07937105	0.588459	0.411541	4.519849
10506	-2597.71	-2805.814	208.1044	1.202139	0.08159341	0.588459	0.411541	4.834898
10512	-2580.154	-2788.781	208.6263	1.189757	0.07612478	0.706453	0.293547	4.563936
10518	-2582.523	-2791.778	209.2549	1.247849	0.1375184	0.579366	0.420634	4.031383
10524	-2574.818	-2784.175	209.3568	1.224448	0.06815733	0.588444	0.411556	4.153117
10530	-2573.925	-2784.17	210.2452	1.41095	0.1188551	0.532057	0.467943	3.405812
10536	-2575.464	-2784.953	209.4889	1.15878	0.1425713	0.527854	0.472146	3.938012
10542	-2589.592	-2799.373	209.781	1.130731	0.0910884	0.587739	0.412261	3.904037
10548	-2589.347	-2798.988	209.6412	1.270581	0.0910884	0.589192	0.410808	3.904037
10554	-2601.178	-2810.775	209.5969	1.287958	0.06354908	0.62819	0.37181	3.992817
10560	-2591.407	-2800.569	209.1615	1.266815	0.09572194	0.551495	0.448505	4.168396
10566	-2592.662	-2801.29	208.6287	1.129361	0.05933907	0.546595	0.453405	4.641908
10572	-2593.335	-2801.974	208.6392	1.121828	0.08058345	0.505468	0.494532	4.583251
10578	-2588.165	-2798.187	210.0212	1.248664	0.06975717	0.50612	0.49388	3.754509
10584	-2586.268	-2796.745	210.4775	1.283568	0.1101408	0.627272	0.372728	3.364686
10590	-2581.538	-2791.504	209.9653	1.144199	0.0811039	0.534927	0.465073	3.816216
10596	-2583.679	-2793.25	209.5709	1.254517	0.08210438	0.573123	0.426877	3.97658
10602	-2583.995	-2792.681	208.6858	1.085034	0.1094714	0.613914	0.386086	4.50735
10608	-2581.954	-2790.428	208.474	0.9089329	0.1011975	0.616182	0.383818	4.744124
10614	-2577.15	-2784.777	207.6263	0.8408131	0.1035653	0.577508	0.422492	5.24745
10620	-2573.592	-2781.814	208.2217	0.9705406	0.08821474	0.453507	0.546493	4.881947
10626	-2578.593	-2787.262	208.6693	1.059682	0.1188928	0.492527	0.507473	4.509699
10632	-2591.573	-2800.055	208.4813	1.017791	0.1019025	0.579947	0.420053	4.677444
10638	-2587.311	-2796.712	209.4009	1.174848	0.06167134	0.66834	0.33166	4.174178
10644	-2596.381	-2805.44	209.0583	1.222497	0.09434805	0.530955	0.469045	4.255466
10650	-2605.211	-2814.026	208.8152	1.051064	0.06551478	0.530955	0.469045	4.564171
10656	-2595.203	-2804.096	208.8928	1.14942	0.07397279	0.51369	0.48631	4.442434
10662	-2595.834	-2806.36	210.5251	1.484695	0.06100532	0.514684	0.485316	3.348602
10668	-2593.558	-2802.99	209.4322	1.268031	0.08183167	0.514684	0.485316	4.048742
10674	-2599.995	-2807.805	207.8099	1.002234	0.05749405	0.728935	0.271065	5.173656
10680	-2604.51	-2810.017	205.507	1.071301	0.04042003	0.533766	0.466234	6.442912
10686	-2602.317	-2808.528	206.2116	1.071301	0.07249118	0.539116	0.460884	5.973686
10692	-2607.164	-2815.749	208.5852	0.969913	0.09576647	0.619105	0.380895	4.660745
10698	-2596.831	-2805.68	208.8491	1.170523	0.09489517	0.496364	0.503636	4.401779
10704	-2607.556	-2814.904	207.3481	0.9560352	0.1204051	0.411499	0.588501	5.299888
10710	-2603.161	-2810.87	207.7095	0.9560352	0.09182453	0.77728	0.22272	5.165522
10716	-2592.106	-2799.659	207.5531	1.084183	0.09835563	0.435029	0.564971	5.165522
10722	-2608.028	-2817.023	208.9948	1.039858	0.1177959	0.643326	0.356674	4.339817
10728	-2603.546	-2812.58	209.0337	0.9630738	0.1177959	0.621775	0.378225	4.361187
10734	-2597.673	-2806.312	208.6386	1.252069	0.06087101	0.532026	0.467974	4.563282
10740	-2592.754	-2801.215	208.4603	1.175345	0.07635323	0.586562	0.413438	4.664523
10746	-2591.456	-2798.18	206.7243	0.9444979	0.07542655	0.756827	0.243173	5.755152
10752	-2579.097	-2787.607	208.5103	1.233392	0.07512398	0.558975	0.441025	4.607179
10758	-2590.363	-2797.741	207.3779	1.028198	0.07512398	0.653001	0.346999	5.350793
10764	-2587.949	-2795.267	207.3179	1.007003	0.09305161	0.408941	0.591059	5.350793
10770	-2584.403	-2791.635	207.2314	1.011023	0.1127025	0.581616	0.418384	5.350793
10776	-2592.42	-2800.499	208.079	0.9821156	0.1352478	0.585943	0.414057	4.848698
10782	-2585.698	-2793.417	207.7193	0.9600202	0.08248509	0.57082	0.42918	5.181052
10788	-2580.515	-2788.988	208.4723	1.114176	0.08743299	0.536081	0.463919	4.663656
10794	-2594.223	-2804.455	210.2314	1.440873	0.06851428	0.581746	0.418254	3.524694
10800	-2597.961	-2807.947	209.9854	1.196533	0.0802245	0.474781	0.525219	3.776819
10806	-2592.426	-2801.726	209.2997	1.196533	0.06678363	0.659296	0.340704	4.205146
10812	-2590.75	-2801.116	210.3652	1.376544	0.06380471	0.554564	0.445436	3.49754
10818	-2592.318	-2801.453	209.1347	1.180907	0.05934948	0.74466	0.25534	4.328081
10824	-2591.113	-2800.065	208.9515	1.168042	0.1020718	0.598708	0.401292	4.328081
10830	-2597.011	-2804.676	207.6655	0.9408639	0.07679351	0.648051	0.351949	5.235927
10836	-2603.025	-2812.341	209.3161	0.9538562	0.08976952	0.539912	0.460088	4.273014
10842	-2585.833	-2794.312	208.4789	1.02784	0.09819503	0.60115	0.39885	4.681956
10848	-2586.183	-2794.796	208.6125	1.113194	0.05149853	0.562763	0.437237	4.681956
10854	-2597.482	-2807.225	209.7435	1.307813	0.04586422	0.426253	0.573747	3.948017
10860	-2588.498	-2798.169	209.6705	1.260011	0.07030042	0.681062	0.318938	3.948017
10866	-2584.016	-2792.455	208.439	1.15447	0.05932825	0.604603	0.395397	4.734025
10872	-2595.133	-2803.467	208.3345	1.182353	0.0751913	0.645024	0.354976	4.734025
10878	-2584.267	-2793.247	208.98	1.182353	0.1002315	0.585405	0.414595	4.308272
10884	-2586.734	-2796.886	210.1517	1.182353	0.09953569	0.471133	0.528867	3.639562
10890	-2574.996	-2785.09	210.0944	1.276527	0.05784851	0.529458	0.470542	3.729794
10896	-2580.54	-2791.21	210.6701	1.276527	0.09280839	0.547781	0.452219	3.298565
10902	-2584.84	-2793.924	209.0839	0.9672437	0.1103497	0.660181	0.339819	4.347355
10908	-2576.292	-2786.018	209.7258	1.244538	0.08168425	0.495424	0.504576	3.89462
10914	-2575.094	-2784.511	209.4166	1.008986	0.113607	0.536666	0.463334	4.127632
10920	-2592.163	-2801.165	209.0023	1.008986	0.06304995	0.72931	0.27069	4.489425
10926	-2596.576	-2805.033	208.4578	1.140325	0.06245492	0.72931	0.27069	4.722796
10932	-2590.581	-2799.59	209.0099	1.058054	0.07993881	0.576377	0.423623	4.412244
10938	-2605.415	-2814.209	208.7946	0.9477611	0.1045259	0.502958	0.497042	4.534861
10944	-2588.746	-2797.663	208.9174	1.069385	0.08397547	0.667144	0.332856	4.447601
10950	-2600.139	-2809.085	208.9454	1.177336	0.08027461	0.524125	0.475875	4.380473
10956	-2577.528	-2785.963	208.4343	1.233659	0.07529754	0.658236	0.341764	4.649167
10962	-2580.177	-2791.135	210.9579	1.358951	0.08380017	0.51586	0.48414	3.102935
10968	-2585.28	-2794.784	209.5039	1.341897	0.07728238	0.604179	0.395821	3.977635
10974	-2591.585	-2798.506	206.9202	1.218379	0.05051286	0.635506	0.364494	5.564273
10980	-2598.144	-2806.159	208.0151	1.218379	0.07134245	0.618197	0.381803	4.902297
10986	-2587.266	-2796.703	209.4375	1.115916	0.08662341	0.618197	0.381803	4.120062
10992	-2574.982	-2783.658	208.6762	1.083722	0.06369044	0.594299	0.405701	4.628816
10998	-2572.67	-2781.072	208.4013	1.125734	0.06454977	0.594299	0.405701	4.756813
11004	-2578.808	-2789.036	210.2276	1.153133	0.105837	0.567519	0.432481	3.597109
11010	-2567.183	-2776.934	209.7506	1.153133	0.09761149	0.631349	0.368651	3.892404
11016	-2570.697	-2780.513	209.8159	1.193839	0.07404068	0.49179	0.50821	3.892404
11022	-2572.483	-2781.627	209.1447	1.307582	0.08610939	0.608004	0.391996	4.178874
11028	-2587.215	-2795.206	207.9908	1.105724	0.08027964	0.608004	0.391996	4.955198
11034	-2585.165	-2794.286	209.1212	0.9497591	0.08027964	0.500838	0.499162	4.409631
11040	-2593.943	-2804.159	210.2159	1.036009	0.1005498	0.604478	0.395522	3.684613
11046	-2598.281	-2806.957	208.6758	1.143897	0.07851423	0.593262	0.406738	4.555626
11052	-2599.184	-2808.762	209.5777	1.128608	0.07437938	0.503056	0.496944	4.06501
11058	-2600.63	-2807.23	206.5997	0.8893379	0.07455677	0.54805	0.45195	5.855775
11064	-2593.16	-2800.898	207.7387	1.091917	0.08452902	0.564439	0.435561	5.092087
11070	-2590.363	-2798.716	208.3536	0.9622827	0.1284442	0.564439	0.435561	4.720665
11076	-2587.68	-2797.634	209.9545	1.070193	0.1203362	0.564439	0.435561	3.769321
11082	-2573.861	-2783.859	209.9982	1.151985	0.08522271	0.631561	0.368439	3.782023
11088	-2583.475	-2793.889	210.4142	1.161444	0.1368221	0.608649	0.391351	3.412972
11094	-2581.798	-2790.409	208.6106	1.086215	0.06692021	0.617922	0.382078	4.655414
11100	-2580.683	-2790.237	209.5544	1.005707	0.06805874	0.550932	0.449068	4.165381
11106	-2582.87	-2791.554	208.6844	1.135343	0.07541064	0.606495	0.393505	4.563764
11112	-2580.516	-2790.938	210.4218	1.224789	0.05876014	0.585075	0.414925	3.567441
11118	-2579.228	-2788.82	209.5918	1.224789	0.06260184	0.466849	0.533151	4.034463
11124	-2583.894	-2793.648	209.7539	1.135501	0.0659701	0.634059	0.365941	3.983453
11130	-2575.297	-2784.132	208.8356	1.063013	0.0659701	0.517065	0.482935	4.544757
11136	-2568.368	-2778.258	209.8907	1.139339	0.0698887	0.524574	0.475426	3.892099
11142	-2583.677	-2793.387	209.71	1.079281	0.08319776	0.563664	0.436336	3.99436
11148	-2590.652	-2800.315	209.6627	1.167846	0.07907679	0.584151	0.415849	3.981595
11154	-2589.182	-2798.748	209.5663	1.135977	0.07835249	0.653251	0.346749	4.056756
11160	-2579.31	-2788.137	208.8267	1.099708	0.06017062	0.556577	0.443423	4.545137
11166	-2590.903	-2799.714	208.8111	1.248246	0.08988419	0.497958	0.502042	4.391751
11172	-2583.644	-2790.391	206.7474	0.9138068	0.0743772	0.519386	0.480614	5.76204
11178	-2583.511	-2792.083	208.5718	0.9629371	0.102882	0.543735	0.456265	4.655212
11184	-2587.342	-2796.807	209.4642	1.005418	0.1250207	0.636041	0.363959	4.077041
11190	-2582.984	-2792.627	209.6431	0.9554201	0.09351503	0.602946	0.397054	4.077041
11196	-2587.344	-2794.851	207.507	0.7964016	0.1069341	0.607564	0.392436	5.330118
11202	-2583.119	-2792.023	208.9039	1.022236	0.08945252	0.605164	0.394836	4.467895
11208	-2585.743	-2793.712	207.9696	0.8883442	0.06692888	0.603296	0.396704	5.122616
11214	-2592.691	-2801.627	208.9363	1.300651	0.07532349	0.553701	0.446299	4.328956
11220	-2594.693	-2804.207	209.5142	1.198656	0.05265203	0.479111	0.520889	4.121736
11226	-2606.282	-2815.846	209.5638	1.15865	0.06664855	0.479111	0.520889	4.076863
11232	-2612.766	-2821.83	209.0635	0.9374987	0.08414149	0.465154	0.534846	4.439172
11238	-2607.269	-2817.665	210.3952	0.9765456	0.08719982	0.648621	0.351379	3.648891
11244	-2601.693	-2810.525	208.8317	1.015059	0.07801151	0.604321	0.395679	4.541742
11250	-2604.245	-2812.145	207.8997	0.9538623	0.1117221	0.454278	0.545722	5.014785
11256	-2589.582	-2799.26	209.6781	1.026871	0.108474	0.742116	0.257884	3.980158
11262	-2602.895	-2813.379	210.4838	0.9980447	0.07190704	0.498493	0.501507	3.62597
11268	-2599.993	-2809.923	209.9307	1.018455	0.1140646	0.581033	0.418967	3.827106
11274	-2585.17	-2794.398	209.2287	0.9435148	0.07996782	0.436131	0.563869	4.353322
11280	-2595.258	-2804.737	209.4786	1.143466	0.1633261	0.608732	0.391268	3.911455
11286	-2590.734	-2800.558	209.8247	1.116145	0.08960276	0.642271	0.357729	3.891108
11292	-2593.515	-2802.385	208.8691	1.043056	0.09547177	0.728881	0.271119	4.460923
11298	-2587.651	-2797.611	209.9596	1.220227	0.09547177	0.679609	0.320391	3.738792
11304	-2595.055	-2803.207	208.1517	1.078081	0.1183886	0.631131	0.368869	4.790492
11310	-2581.581	-2790.949	209.3677	1.192334	0.08670186	0.384889	0.615111	4.116062
11316	-2576.579	-2786.544	209.9646	1.35103	0.08385646	0.482056	0.517944	3.690072
11322	-2587.551	-2797.716	210.1646	1.407413	0.09836689	0.569224	0.430776	3.504078
11328	-2586.196	-2796.412	210.2156	1.350811	0.0766352	0.515346	0.484654	3.563915
11334	-2593.312	-2802.513	209.2008	1.124895	0.1063427	0.513082	0.486918	4.201213
11340	-2590.883	-2801.282	210.3989	1.285882	0.1063427	0.646236	0.353764	3.41858
11346	-2582.994	-2792.368	209.374	1.229559	0.1062691	0.470804	0.529196	4.04325
11352	-2597.534	-2808.943	211.4088	1.283908	0.06924179	0.616943	0.383057	2.918337
11358	-2598.018	-2808.5	210.4818	1.284946	0.1384359	0.524242	0.475758	3.297207
11364	-2599.037	-2808.633	209.5959	1.426362	0.145211	0.683427	0.316573	3.717145
11370	-2588.48	-2798.451	209.9713	1.329596	0.07688102	0.683427	0.316573	3.717145
11376	-2589.044	-2799.15	210.1069	1.329596	0.07688102	0.538588	0.461412	3.638683
11382	-2586.988	-2797.217	210.229	1.24111	0.07432778	0.499315	0.500685	3.626115
11388	-2594.207	-2804.18	209.9728	1.238228	0.1365122	0.463132	0.536868	3.626115
11394	-2584.251	-2793.456	209.205	1.197978	0.09922053	0.577499	0.422501	4.174284
11400	-2583.129	-2792.406	209.2769	1.126036	0.09922053	0.576966	0.423034	4.174284
11406	-2587.153	-2795.792	208.6398	1.110594	0.0887712	0.602402	0.397598	4.568426
11412	-2583.006	-2792.02	209.0145	1.331633	0.111549	0.600354	0.399646	4.177474
11418	-2574.974	-2784.225	209.2513	1.143125	0.08004261	0.451972	0.548028	4.227383
11424	-2577.139	-2785.557	208.4186	1.054795	0.04443651	0.683881	0.316119	4.84267
11430	-2588.555	-2797.78	209.2258	1.181629	0.08614749	0.505838	0.494162	4.204235
11436	-2590.287	-2799.148	208.8609	1.136431	0.1047721	0.549195	0.450805	4.39072
11442	-2589.246	-2798.053	208.8065	1.107546	0.1256104	0.590038	0.409962	4.39072
11448	-2585.364	-2794.331	208.9668	1.107546	0.0974192	0.590038	0.409962	4.364762
11454	-2585.073	-2794.723	209.6503	1.331034	0.06762776	0.590038	0.409962	3.926257
11460	-2596.564	-2803.688	207.1245	0.9812813	0.08798763	0.593606	0.406394	5.483794
11466	-2591.574	-2799.698	208.1237	0.9910524	0.05938416	0.456274	0.543726	5.000669
11472	-2599.669	-2808.24	208.5711	1.128976	0.07602249	0.644155	0.355845	4.6293
11478	-2595.525	-2804.107	208.5825	1.128976	0.1156459	0.53236	0.46764	4.526759
11484	-2582.074	-2789.299	207.2254	0.8377539	0.08649877	0.407258	0.592742	5.510891
11490	-2564.939	-2773.603	208.6636	1.144593	0.08628785	0.677331	0.322669	4.542165
11496	-2584.815	-2793.988	209.1726	1.101598	0.07400295	0.40935	0.59065	4.311413
11502	-2577.155	-2786.763	209.6081	1.123375	0.0994355	0.634107	0.365893	3.986566
11508	-2579.706	-2789.191	209.4851	1.14703	0.08096554	0.4488	0.5512	4.089868
11514	-2598.011	-2808.094	210.0831	1.163978	0.1185606	0.518866	0.481134	3.644851
11520	-2596.099	-2804.297	208.1974	1.346002	0.08955033	0.544859	0.455141	4.68252
11526	-2595.508	-2805.051	209.5425	1.32294	0.0562366	0.555561	0.444439	4.02457
11532	-2592.765	-2802.278	209.5134	1.206693	0.08681065	0.555561	0.444439	4.02457
11538	-2588.613	-2798.143	209.5304	1.206693	0.08304093	0.473774	0.526226	4.02457
11544	-2588.934	-2798.464	209.5306	1.061991	0.07684909	0.490507	0.509493	4.123211
11550	-2588.169	-2796.415	208.2467	0.9310182	0.117108	0.528059	0.471941	4.822359
11556	-2592.624	-2800.975	208.3511	0.9310182	0.09206419	0.635524	0.364476	4.822359
11562	-2577.973	-2786.366	208.3928	1.060485	0.05571233	0.501678	0.498322	4.822359
11568	-2572.233	-2780.674	208.4416	1.172215	0.08181837	0.580628	0.419372	4.662571
11574	-2575.72	-2784.725	209.0046	1.126545	0.08925797	0.604956	0.395044	4.35276
11580	-2569.474	-2779.921	210.4469	1.250709	0.1151632	0.604956	0.395044	3.390042
11586	-2576.958	-2787.391	210.4336	1.293493	0.1078866	0.490647	0.509353	3.390042
11592	-2601.185	-2811.258	210.0729	1.033138	0.08527292	0.55258	0.44742	3.807308
11598	-2600.429	-2809.341	208.9124	1.183589	0.08024097	0.546413	0.453587	4.395639
11604	-2594.353	-2804.093	209.7396	1.126074	0.09012041	0.636756	0.363244	3.932887
11610	-2594.099	-2803.798	209.6991	1.232526	0.07563977	0.636756	0.363244	3.932887
11616	-2590.738	-2800.602	209.8634	1.029577	0.08402085	0.425862	0.574138	3.932887
11622	-2583.396	-2793.083	209.687	0.9781563	0.08687333	0.522061	0.477939	4.055782
11628	-2591.865	-2801.603	209.7385	1.050847	0.102283	0.622558	0.377442	3.946551
11634	-2582.682	-2791.193	208.5113	1.267922	0.07669496	0.585433	0.414567	4.583113
11640	-2585.51	-2795.559	210.0486	1.266701	0.07141874	0.518158	0.481842	3.723688
11646	-2593.675	-2803.975	210.2996	1.277222	0.07381035	0.510851	0.489149	3.565554
11652	-2591.436	-2801.082	209.6454	1.165072	0.0839201	0.549133	0.450867	3.980353
11658	-2592.23	-2800.947	208.7171	1.004391	0.07057161	0.550293	0.449707	4.631713
11664	-2594.722	-2801.894	207.1722	0.9434836	0.06863099	0.571629	0.428371	5.527681
11670	-2575.469	-2784.549	209.0799	1.031797	0.07525924	0.598223	0.401777	4.399832
11676	-2576.889	-2786.325	209.4358	1.25747	0.1018064	0.543059	0.456941	4.002692
11682	-2576.057	-2785.577	209.5202	1.25747	0.1238031	0.54148	0.45852	3.903594
11688	-2584.052	-2794.124	210.0717	1.386598	0.09537232	0.603553	0.396447	3.5778
11694	-2580.394	-2790.823	210.4289	1.172494	0.1001483	0.601184	0.398816	3.482491
11700	-2590.12	-2798.47	208.3499	1.023538	0.1001483	0.637593	0.362407	4.751884
11706	-2592.66	-2801.617	208.9571	1.159365	0.1314079	0.588201	0.411799	4.263912
11712	-2603.49	-2815.247	211.7569	1.313874	0.05919472	0.552711	0.447289	2.718316
11718	-2583.714	-2794.156	210.4427	1.262545	0.1061381	0.568776	0.431224	3.407083
11724	-2578.346	-2786.906	208.5606	1.031004	0.08164293	0.688704	0.311296	4.675471
11730	-2595.471	-2805.351	209.8804	1.237417	0.09682203	0.619178	0.380822	3.771248
11736	-2578.067	-2786.221	208.1547	1.134699	0.0988468	0.544537	0.455463	4.801902
11742	-2585.232	-2792.676	207.4442	1.241772	0.05700128	0.544279	0.455721	5.244779
11748	-2596.46	-2803.03	206.5699	1.019484	0.1036709	0.672254	0.327746	5.730094
11754	-2584.7	-2793.557	208.857	1.062421	0.0960934	0.639829	0.360171	4.455353
11760	-2587.669	-2796.168	208.4988	0.9946147	0.1195751	0.438791	0.561209	4.640425
11766	-2592.639	-2801.187	208.5479	1.049696	0.09432487	0.565476	0.434524	4.640425
11772	-2590.856	-2800.229	209.3731	1.124379	0.07931118	0.519219	0.480781	4.170762
11778	-2587.325	-2797.487	210.1624	1.181801	0.06839364	0.525252	0.474748	3.715385
11784	-2587.469	-2795.769	208.2998	0.8461517	0.1018192	0.573326	0.426674	4.874893
11790	-2586.101	-2793.699	207.5983	0.881358	0.0817946	0.577007	0.422993	5.293119
11796	-2580.586	-2788.019	207.4327	1.055061	0.08003425	0.657388	0.342612	5.293119
11802	-2582.746	-2791.95	209.2034	1.042624	0.1034887	0.523398	0.476602	4.253113
11808	-2579.208	-2788.454	209.2462	1.129887	0.109482	0.623167	0.376833	4.165246
11814	-2584.554	-2793.372	208.8179	1.092461	0.08164772	0.5111	0.4889	4.496575
11820	-2583.878	-2792.842	208.9638	1.172383	0.08164772	0.690463	0.309537	4.369309
11826	-2594.559	-2804.305	209.7455	1.168076	0.1226106	0.469066	0.530934	3.828198
11832	-2604.291	-2814.23	209.9386	1.15463	0.08011993	0.499583	0.500417	3.828198
11838	-2590.865	-2800.853	209.9885	1.15463	0.1214996	0.535755	0.464245	3.698335
11844	-2583.8	-2791.866	208.0664	1.255156	0.060179	0.552634	0.447366	4.883434
11850	-2572.988	-2782.285	209.297	1.231543	0.07686635	0.630016	0.369984	4.159565
11856	-2576.39	-2786.681	210.2913	1.148205	0.05065484	0.522591	0.477409	3.710939
11862	-2562.305	-2772.174	209.8691	1.140521	0.07922234	0.54444	0.45556	3.878577
11868	-2574.242	-2784.274	210.0327	1.131041	0.0989957	0.610794	0.389206	3.739389
11874	-2598.779	-2810.761	211.9815	1.192313	0.05792977	0.618155	0.381845	2.658918
11880	-2589.793	-2798.388	208.5949	1.022791	0.08334037	0.557962	0.442038	4.656519
11886	-2600.096	-2809.28	209.1842	0.9384742	0.1017426	0.532247	0.467753	4.327069
11892	-2598.893	-2806.77	207.8771	0.9082573	0.04823983	0.699647	0.300353	5.214113
11898	-2582.213	-2791.055	208.8427	1.227617	0.08303707	0.536856	0.463144	4.402928
11904	-2575.835	-2782.658	206.8227	1.023533	0.0850425	0.646822	0.353178	5.633641
11910	-2594.764	-2805.826	211.0617	1.272059	0.05458338	0.641672	0.358328	3.17616
11916	-2600.346	-2809.074	208.7284	1.21354	0.09007377	0.540738	0.459262	4.457485
11922	-2577.529	-2785.782	208.2528	0.9420117	0.07745541	0.516018	0.483982	4.907787
11928	-2583.898	-2792.111	208.2126	0.9434792	0.08592536	0.491294	0.508706	4.907787
11934	-2585.365	-2795.541	210.1758	1.195299	0.08051759	0.520076	0.479924	3.666808
11940	-2585.872	-2793.942	208.0698	1.169751	0.1015528	0.611244	0.388756	4.823325
11946	-2600.844	-2808.241	207.3971	0.9905785	0.05632922	0.546712	0.453288	5.41122
11952	-2583.576	-2791.713	208.1371	1.0306	0.1086554	0.444447	0.555553	4.846946
11958	-2572.032	-2781.571	209.539	1.244075	0.09006239	0.641714	0.358286	3.980333
11964	-2569.259	-2778.868	209.609	1.079146	0.112527	0.666225	0.333775	3.980333
11970	-2577.257	-2786.783	209.5255	1.029301	0.09076394	0.535943	0.464057	4.108806
11976	-2589.471	-2798.749	209.2787	1.029301	0.07856726	0.547798	0.452202	4.280174
11982	-2576.053	-2786.197	210.1435	1.197305	0.06899592	0.621304	0.378696	3.715667
11988	-2584.98	-2795.018	210.0383	1.198856	0.09152368	0.655757	0.344243	3.715667
11994	-2594.92	-2804.324	209.4044	1.041789	0.08719197	0.69366	0.30634	4.179582
12000	-2580.414	-2789.283	208.869	1.044137	0.071486	0.567504	0.432496	4.521718
12006	-2573.527	-2782.42	208.8938	1.196408	0.05633092	0.499634	0.500366	4.463735
12012	-2562.411	-2771.458	209.0475	1.12362	0.092026	0.540331	0.459669	4.323285
12018	-2579.973	-2787.43	207.4569	1.18794	0.07646916	0.640644	0.359356	5.215468
12024	-2580.821	-2788.753	207.9322	0.9971214	0.08494613	0.640644	0.359356	5.036273
12030	-2578	-2785.017	207.0163	0.8548689	0.08494613	0.61021	0.38979	5.620174
12036	-2574.776	-2782.533	207.7568	1.063503	0.1018451	0.542845	0.457155	5.055857
12042	-2575.761	-2785.602	209.841	1.10127	0.07742708	0.540093	0.459907	3.922009
12048	-2575.917	-2784.865	208.9484	1.029393	0.1004526	0.540093	0.459907	4.411951
12054	-2585.976	-2795.975	209.9995	1.251307	0.06432148	0.548326	0.451674	3.780674
12060	-2584.221	-2793.603	209.3821	1.255239	0.06068717	0.650012	0.349988	4.141958
12066	-2598.574	-2808.25	209.6765	1.508553	0.06068717	0.704282	0.295718	3.828745
12072	-2573.239	-2781.787	208.5488	1.084129	0.08756515	0.644388	0.355612	4.637309
12078	-2584.347	-2791.146	206.7984	0.9387308	0.09391022	0.533407	0.466593	5.67191
12084	-2589.993	-2799.849	209.8562	1.106043	0.07608829	0.689394	0.310606	3.914126
12090	-2606.69	-2816.588	209.8978	1.290857	0.107109	0.549233	0.450767	3.705342
12096	-2596.277	-2806.256	209.9791	1.277143	0.09124698	0.530204	0.469796	3.705342
12102	-2586.594	-2796.771	210.1771	1.254052	0.07137516	0.540107	0.459893	3.656824
12108	-2581.902	-2792.239	210.3372	1.33626	0.04500577	0.556435	0.443565	3.591832
12114	-2586.974	-2795.452	208.4781	1.137647	0.05782642	0.401479	0.598521	4.725768
12120	-2592.66	-2801.123	208.4634	1.025905	0.08436721	0.693572	0.306428	4.725768
12126	-2602.653	-2812.526	209.8729	1.190894	0.1065128	0.545897	0.454103	3.778825
12132	-2595.159	-2805.242	210.0823	0.9814771	0.1065128	0.545897	0.454103	3.778825
12138	-2594.106	-2803.484	209.3771	1.263684	0.06209939	0.58805	0.41195	4.136015
12144	-2584.837	-2793.52	208.6836	1.093372	0.06405896	0.618613	0.381387	4.618263
12150	-2587.233	-2797.537	210.3036	1.122837	0.06405896	0.723488	0.276512	3.680007
12156	-2586.881	-2796.605	209.7237	1.165743	0.06196692	0.641054	0.358946	3.994643
12162	-2579.644	-2788.395	208.7504	1.227321	0.08360551	0.564128	0.435872	4.453629
12168	-2567.146	-2775.786	208.6408	1.10924	0.07421052	0.516178	0.483822	4.606032
12174	-2588.489	-2796.799	208.3096	1.071872	0.1185886	0.571157	0.428843	4.705245
12180	-2601.583	-2811.627	210.0447	0.9874443	0.102707	0.543329	0.456671	3.806199
12186	-2597.839	-2806.437	208.5978	1.267476	0.0606168	0.568024	0.431976	4.578208
12192	-2589.319	-2798.806	209.4872	0.9786735	0.1181388	0.60444	0.39556	4.094426
12198	-2582.999	-2792.832	209.8332	1.220135	0.05902411	0.494978	0.505022	3.909145
12204	-2574.313	-2784.507	210.1944	1.184939	0.07767142	0.695368	0.304632	3.669667
12210	-2578.639	-2788.936	210.2976	1.091963	0.07548474	0.498297	0.501703	3.669667
12216	-2581.705	-2790.85	209.145	1.0104	0.07548474	0.716	0.284	4.374565
12222	-2572.127	-2780.888	208.7609	1.202975	0.06989775	0.5841	0.4159	4.497443
12228	-2570.043	-2780.234	210.1904	1.202975	0.09257578	0.642317	0.357683	3.622517
12234	-2581.146	-2790.371	209.2242	1.173982	0.09521563	0.708526	0.291474	4.186753
12240	-2586.95	-2795.892	208.942	1.126719	0.0998241	0.660618	0.339382	4.362125
12246	-2583.359	-2792.365	209.0063	1.061012	0.1001586	0.666849	0.333151	4.362125
12252	-2589.121	-2796.304	207.1829	0.9999237	0.0889592	0.634258	0.365742	5.43901
12258	-2578.226	-2787.074	208.8482	1.111202	0.09852806	0.513525	0.486475	4.426957
12264	-2576.349	-2783.947	207.5982	1.000974	0.07033396	0.663452	0.336548	5.256768
12270	-2576.487	-2783.989	207.5012	0.9643554	0.09993452	0.668334	0.331666	5.256768
12276	-2575.383	-2783.908	208.5254	1.180911	0.06800631	0.518823	0.481177	4.647114
12282	-2574.467	-2783.069	208.602	1.07767	0.07359182	0.597198	0.402802	4.647114
12288	-2574.84	-2783.878	209.0372	1.020342	0.1086571	0.660542	0.339458	4.34762
12294	-2577.618	-2786.636	209.0181	1.020342	0.1301456	0.580564	0.419436	4.31073
12300	-2584.767	-2795.395	210.6284	1.240531	0.1177681	0.603996	0.396004	3.283205
12306	-2594.711	-2804.177	209.4665	1.099551	0.07448286	0.619433	0.380567	4.144593
12312	-2586.2	-2794.639	208.4395	0.9379414	0.08189597	0.662431	0.337569	4.794543
12318	-2587.308	-2795.499	208.1913	0.8724541	0.07974408	0.564514	0.435486	4.974757
12324	-2588.735	-2797.936	209.2014	0.9954947	0.1129534	0.564514	0.435486	4.258912
12330	-2592.066	-2800.157	208.0916	1.055937	0.08196122	0.564514	0.435486	4.922533
12336	-2590.83	-2801.601	210.7708	1.098267	0.1240472	0.564514	0.435486	3.2687
12342	-2586.146	-2796.067	209.9215	1.114775	0.06749992	0.556626	0.443374	3.895092
12348	-2579.8	-2790.042	210.2418	1.114775	0.09233947	0.581367	0.418633	3.644455
12354	-2578.482	-2786.754	208.2713	1.114775	0.06622759	0.67422	0.32578	4.830966
12360	-2588.2	-2796.995	208.7955	1.088504	0.08374388	0.499435	0.500565	4.506044
12366	-2581.093	-2791.511	210.418	1.381182	0.1045466	0.674238	0.325762	3.35588
12372	-2576.166	-2788.314	212.1479	1.41952	0.1045466	0.674238	0.325762	2.278053
12378	-2574.18	-2783.769	209.5897	1.378709	0.05188904	0.674238	0.325762	3.978136
12384	-2581.675	-2793.515	211.8404	1.750035	0.09032778	0.473793	0.526207	2.302313
12390	-2579.958	-2790.387	210.4297	1.214185	0.09235287	0.541758	0.458242	3.477327
12396	-2592.057	-2802.083	210.0263	1.090078	0.1004813	0.640897	0.359103	3.763029
12402	-2586.627	-2795.42	208.7927	1.239775	0.1041203	0.659906	0.340094	4.372389
12408	-2575.26	-2785.01	209.7507	1.29869	0.07079438	0.626539	0.373461	3.878528
12414	-2594.468	-2805.631	211.1635	1.352342	0.0826251	0.625447	0.374553	2.987091
12420	-2585.679	-2795.658	209.979	1.19901	0.09883655	0.523931	0.476069	3.731517
12426	-2591.733	-2801.768	210.0352	1.19901	0.0859986	0.509133	0.490867	3.731517
12432	-2584.813	-2792.705	207.8929	1.166667	0.04889862	0.487469	0.512531	5.060393
12438	-2578.825	-2786.368	207.5434	1.110167	0.07548882	0.585246	0.414754	5.213201
12444	-2577.94	-2786.475	208.5346	1.137015	0.06937806	0.437272	0.562728	4.66285
12450	-2573.728	-2782.862	209.1338	1.125193	0.08123664	0.602467	0.397533	4.300944
12456	-2572.892	-2781.225	208.3327	1.078568	0.07936855	0.56479	0.43521	4.782167
12462	-2581.241	-2789.661	208.42	1.169977	0.0778969	0.623919	0.376081	4.68605
12468	-2581.583	-2791.33	209.7468	1.086211	0.07456997	0.595829	0.404171	3.992182
12474	-2584.021	-2793.567	209.5456	1.131744	0.09933242	0.62296	0.37704	4.01775
12480	-2579.347	-2789.07	209.7225	1.323223	0.06503849	0.579135	0.420865	3.896532
12486	-2584.946	-2794.973	210.0268	1.241673	0.07144226	0.626159	0.373841	3.750652
12492	-2573.234	-2782.244	209.0099	1.241673	0.07144226	0.526021	0.473979	4.331037
12498	-2585.828	-2796.248	210.4196	1.241673	0.1041502	0.526021	0.473979	3.437687
12504	-2584.926	-2795.469	210.5425	1.234505	0.07691224	0.531163	0.468837	3.440307
12510	-2591.426	-2802.367	210.9415	1.265382	0.1026659	0.467893	0.532107	3.119404
12516	-2602.629	-2812.185	209.5562	1.265382	0.1026659	0.710827	0.289173	3.927195
12522	-2588.56	-2798.21	209.6507	1.17086	0.1026659	0.493289	0.506711	3.927195
12528	-2603.955	-2812.878	208.9229	1.2254	0.08132729	0.613651	0.386349	4.363284
12534	-2585.658	-2795.355	209.6967	1.130355	0.07195808	0.605638	0.394362	4.002628
12540	-2588.868	-2798.613	209.7449	1.2377	0.09956664	0.45584	0.54416	3.842306
12546	-2586.652	-2795.863	209.2109	1.326241	0.08760879	0.523062	0.476938	4.126816
12552	-2588.615	-2797.412	208.7965	1.093494	0.06430792	0.451227	0.548773	4.554168
12558	-2574.711	-2784.455	209.7449	1.178806	0.08266673	0.558437	0.441563	3.918833
12564	-2571.16	-2780.236	209.0755	1.157045	0.06661116	0.648631	0.351369	4.354907
12570	-2569.045	-2779.045	210.0005	1.327046	0.0699934	0.5715	0.4285	3.720526
12576	-2600.033	-2808.839	208.8067	1.065815	0.0735787	0.630847	0.369153	4.538957
12582	-2584.464	-2792.712	208.2481	1.099325	0.0804682	0.629118	0.370882	4.814973
12588	-2580.622	-2790.643	210.0203	1.193586	0.08983582	0.556667	0.443333	3.73338
12594	-2590.961	-2801.12	210.1592	1.17165	0.08073041	0.556667	0.443333	3.689497
12600	-2583.363	-2793.735	210.3717	1.233625	0.09634782	0.460824	0.539176	3.489708
12606	-2588.962	-2800.343	211.381	1.258518	0.1395143	0.38415	0.61585	2.772118
12612	-2577.706	-2787.889	210.1834	1.125418	0.1031314	0.569779	0.430221	3.64537
12618	-2586.419	-2797.211	210.7919	1.158673	0.133424	0.569779	0.430221	3.199456
12624	-2589.917	-2800.028	210.1108	1.029178	0.08856437	0.398433	0.601567	3.779258
12630	-2589.866	-2800.067	210.2011	1.159117	0.08368386	0.568477	0.431523	3.664746
12636	-2578.597	-2788.215	209.6178	0.9931392	0.09503471	0.642958	0.357042	4.066185
12642	-2585.056	-2792.166	207.1103	1.074547	0.07145421	0.503505	0.496495	5.482252
12648	-2578.723	-2787.071	208.348	1.042737	0.1063294	0.559636	0.440364	4.727763
12654	-2586.118	-2795.892	209.7736	1.421185	0.0837062	0.493145	0.506855	3.760273
12660	-2589.696	-2799.488	209.7917	1.278867	0.09437064	0.493145	0.506855	3.804557
12666	-2599.282	-2809.012	209.7297	1.095662	0.06330135	0.704181	0.295819	4.027501
12672	-2580.784	-2788.874	208.0896	0.9725766	0.05790353	0.479117	0.520883	5.033938
12678	-2591.56	-2800.019	208.4587	0.9918186	0.08534721	0.545782	0.454218	4.744992
12684	-2584.098	-2793.717	209.6191	1.073978	0.0940397	0.596463	0.403537	4.021779
12690	-2570.986	-2780.807	209.821	1.225193	0.0608773	0.493225	0.506775	3.907944
12696	-2567.958	-2777.794	209.8364	1.171601	0.06871374	0.493225	0.506775	3.907944
12702	-2575.833	-2785.57	209.7372	1.171601	0.09020488	0.668781	0.331219	3.907944
12708	-2578.272	-2787.486	209.2141	1.173461	0.09020488	0.643619	0.356381	4.205248
12714	-2568.638	-2778.177	209.5393	0.9694868	0.1108115	0.515464	0.484536	4.086681
12720	-2581.721	-2792.779	211.0581	1.174509	0.1008722	0.558117	0.441883	3.108595
12726	-2585.077	-2793.487	208.4096	0.9519129	0.1382496	0.492683	0.507317	4.674697
12732	-2608.869	-2818.515	209.6465	1.002754	0.1001146	0.649191	0.350809	4.031877
12738	-2595.308	-2805.26	209.9521	1.052557	0.08539354	0.398165	0.601835	3.865295
12744	-2595.231	-2805.409	210.1779	1.13809	0.06264607	0.515086	0.484914	3.747801
12750	-2587.714	-2797.772	210.0585	1.390663	0.05316554	0.515086	0.484914	3.698042
12756	-2596.315	-2806.772	210.4568	1.235119	0.08824454	0.47645	0.52355	3.45983
12762	-2595.945	-2807.109	211.1634	1.292817	0.08824454	0.499913	0.500087	3.007683
12768	-2595.511	-2806.586	211.0751	1.36359	0.0922107	0.459695	0.540305	3.007683
12774	-2591.683	-2803.119	211.4361	1.191289	0.06964355	0.60585	0.39415	2.95655
12780	-2579.453	-2788.191	208.7388	1.135054	0.08497427	0.533787	0.466213	4.508603
12786	-2579.969	-2789.763	209.7942	1.038143	0.08497427	0.539146	0.460854	3.965133
12792	-2586.261	-2795.706	209.4444	0.9958965	0.07318747	0.565815	0.434185	4.219492
12798	-2592.417	-2800.869	208.4521	0.9886861	0.05678034	0.651113	0.348887	4.826359
12804	-2591.045	-2800.498	209.4537	1.135134	0.1037725	0.562329	0.437671	4.057585
12810	-2586.696	-2797.445	210.7494	1.577108	0.0786011	0.599158	0.400842	3.111419
12816	-2595.976	-2807.648	211.6717	1.478815	0.09705886	0.684347	0.315653	2.560864
12822	-2588.713	-2797.718	209.0054	1.021945	0.07623503	0.503635	0.496365	4.444839
12828	-2593.889	-2802.775	208.8865	1.109792	0.08294866	0.694228	0.305772	4.444839
12834	-2581.039	-2791.895	210.8557	1.105323	0.08332495	0.552182	0.447818	3.315009
12840	-2600.401	-2810.35	209.9498	1.127784	0.09741967	0.558038	0.441962	3.792941
12846	-2601.128	-2809.998	208.8702	1.060001	0.08639083	0.655483	0.344517	4.473286
12852	-2584.715	-2795.337	210.6228	1.286686	0.05823716	0.544857	0.455143	3.415508
12858	-2582.873	-2793.152	210.2795	1.278063	0.06657328	0.563525	0.436475	3.596881
12864	-2586.377	-2795.108	208.7311	1.119641	0.06657328	0.534133	0.465867	4.570003
12870	-2584.935	-2792.278	207.3428	1.074834	0.05929847	0.570515	0.429485	5.386576
12876	-2582.595	-2792.797	210.2025	1.148604	0.07282481	0.596875	0.403125	3.69912
12882	-2587.545	-2795.448	207.9033	1.125983	0.04405912	0.596875	0.403125	5.090645
12888	-2592.562	-2800.857	208.2955	1.00696	0.1170422	0.546867	0.453133	4.752863
12894	-2584.281	-2792.006	207.7248	0.9891654	0.08277108	0.457649	0.542351	5.161151
12900	-2593.616	-2802.395	208.7782	0.959186	0.1036622	0.457649	0.542351	4.539647
12906	-2587.045	-2794.394	207.3488	1.012907	0.1036622	0.512053	0.487947	5.305455
12912	-2580.745	-2788.278	207.5339	0.9252512	0.1150943	0.512053	0.487947	5.225838
12918	-2589.736	-2797.309	207.5729	0.9252512	0.105492	0.763319	0.236681	5.225838
12924	-2582.45	-2792.162	209.7123	1.168412	0.102716	0.590678	0.409322	3.89315
12930	-2582.366	-2790.806	208.4401	1.140105	0.07408231	0.551304	0.448696	4.701513
12936	-2587.871	-2797.429	209.5582	1.140105	0.1019752	0.551304	0.448696	3.999376
12942	-2587.185	-2797.235	210.0508	1.36322	0.1062185	0.480882	0.519118	3.576871
12948	-2593.389	-2804.454	211.0657	1.358382	0.09792481	0.596124	0.403876	3.001585
12954	-2609.055	-2819.596	210.5408	1.154052	0.1794015	0.385361	0.614639	3.257302
12960	-2590.994	-2800.956	209.9622	1.16803	0.101868	0.530728	0.469272	3.751695
12966	-2588.056	-2799.345	211.2894	1.35292	0.1099235	0.565176	0.434824	2.839713
12972	-2585.245	-2796.61	211.3655	1.419778	0.1099235	0.415935	0.584065	2.752652
12978	-2602.366	-2814.115	211.7486	1.445707	0.1099235	0.539235	0.460765	2.499988
12984	-2606.486	-2816.671	210.1847	1.319383	0.06375385	0.404153	0.595847	3.635901
12990	-2588.806	-2797.112	208.306	1.100247	0.06194842	0.561589	0.438411	4.831372
12996	-2593.611	-2801.901	208.2897	1.007757	0.0849693	0.55098	0.44902	4.831372
13002	-2589.389	-2799.175	209.7854	1.114791	0.06764861	0.55098	0.44902	3.97262
13008	-2585.208	-2793.651	208.4432	1.117324	0.06764861	0.525182	0.474818	4.729696
13014	-2585.829	-2795.377	209.5481	1.282009	0.1220918	0.699436	0.300564	3.877311
13020	-2584.102	-2791.474	207.3719	0.9679697	0.07191013	0.504052	0.495948	5.395663
13026	-2596.801	-2804.667	207.8651	1.02344	0.09241046	0.526219	0.473781	5.040494
13032	-2584.573	-2793.459	208.8864	0.9807363	0.1045818	0.477397	0.522603	4.464542
13038	-2582.343	-2792.609	210.2664	1.128217	0.100431	0.531803	0.468197	3.60217
13044	-2569.117	-2776.202	207.0846	0.9498101	0.07202504	0.663731	0.336269	5.563449
13050	-2568.185	-2777.776	209.5905	1.094828	0.1077335	0.538562	0.461438	3.993144
13056	-2569.549	-2779.673	210.1245	1.206682	0.09671433	0.643903	0.356097	3.648166
13062	-2569.85	-2779.23	209.3805	1.06692	0.09110577	0.603893	0.396107	4.168988
13068	-2573.872	-2783.224	209.3523	1.26068	0.08497515	0.632742	0.367258	4.090339
13074	-2588.464	-2796.602	208.1375	1.171582	0.04865723	0.575482	0.424518	4.922434
13080	-2592.408	-2800.258	207.8504	1.029523	0.1085671	0.557892	0.442108	5.00725
13086	-2578.741	-2787.996	209.2554	0.9445507	0.1028019	0.554093	0.445907	4.280858
13092	-2568.813	-2778.292	209.4784	1.128894	0.1120562	0.468166	0.531834	4.027636
13098	-2585.154	-2794.89	209.7356	1.267745	0.04698376	0.761305	0.238695	3.972275
13104	-2600.183	-2807.228	207.0455	1.085543	0.0546279	0.698936	0.301064	5.557106
13110	-2601.806	-2812.99	211.1839	1.21874	0.05805274	0.51618	0.48382	3.124911
13116	-2578.686	-2788.712	210.0264	1.21874	0.1156504	0.55096	0.44904	3.652604
13122	-2578.984	-2788.546	209.5621	1.214904	0.06584927	0.518376	0.481624	4.048013
13128	-2577.285	-2787.401	210.1161	1.299549	0.102805	0.592457	0.407543	3.584182
13134	-2571.636	-2781.664	210.0279	1.20411	0.07728001	0.592457	0.407543	3.755835
13140	-2573.988	-2784.315	210.327	1.042767	0.1155663	0.645261	0.354739	3.580484
13146	-2577.806	-2788.515	210.7088	1.340124	0.07478728	0.625717	0.374283	3.286475
13152	-2580.425	-2790.995	210.5694	1.459045	0.06853763	0.476495	0.523505	3.316056
13158	-2591.002	-2799.509	208.5065	1.069929	0.06749638	0.502312	0.497688	4.721188
13164	-2587.606	-2797.34	209.7347	1.134582	0.06603847	0.59579	0.40421	3.99479
13170	-2604.727	-2815.823	211.0964	1.290459	0.06478586	0.661389	0.338611	3.114565
13176	-2603.376	-2811.146	207.7696	1.000904	0.07651266	0.620456	0.379544	5.14582
13182	-2606.311	-2817.979	211.668	1.299589	0.08999166	0.534847	0.465153	2.692822
13188	-2589.243	-2800.744	211.501	1.464814	0.1130212	0.661024	0.338976	2.634079
13194	-2591.952	-2803.329	211.3771	1.527342	0.08734571	0.639931	0.360069	2.738722
13200	-2586.658	-2798.353	211.6954	1.351598	0.06778049	0.576532	0.423468	2.707132
13206	-2588.081	-2798.63	210.5492	1.28612	0.09160684	0.555953	0.444047	3.367163
13212	-2590.934	-2802.147	211.2128	1.245944	0.07199467	0.492306	0.507694	3.050946
13218	-2579.227	-2790.512	211.2845	1.175992	0.07572669	0.563937	0.436063	3.039391
13224	-2571.907	-2782.945	211.038	1.317002	0.09223635	0.500369	0.499631	3.057693
13230	-2587.951	-2798.562	210.6104	1.398796	0.06819985	0.627261	0.372739	3.328354
13236	-2587.262	-2798.024	210.7626	1.229111	0.07184792	0.681504	0.318496	3.328354
13242	-2582.627	-2791.402	208.7756	1.240764	0.05293487	0.50587	0.49413	4.514844
13248	-2575.333	-2783.102	207.7692	0.9210253	0.1091939	0.484906	0.515094	5.111086
13254	-2588.813	-2797.399	208.5855	1.000635	0.1214883	0.569476	0.430524	4.584236
13260	-2583.488	-2792.79	209.3021	0.9806597	0.1047264	0.608563	0.391437	4.229379
13266	-2588.297	-2796.57	208.2726	1.209012	0.09741971	0.441811	0.558189	4.697875
13272	-2582.464	-2790.811	208.3465	1.140933	0.09607916	0.594173	0.405827	4.697875
13278	-2594.716	-2802.802	208.0855	1.05922	0.07794603	0.551869	0.448131	4.93441
13284	-2575.636	-2783.684	208.0481	1.096584	0.07794603	0.626797	0.373203	4.93441
13290	-2592.509	-2800.613	208.1046	1.025645	0.08107	0.483408	0.516592	4.93441
13296	-2587.94	-2796.672	208.7316	1.003417	0.09804104	0.592749	0.407251	4.554354
13302	-2577.012	-2786.261	209.2489	1.105934	0.05846579	0.616697	0.383303	4.308416
13308	-2565.235	-2772.912	207.6764	1.511558	0.04483139	0.465796	0.534204	5.000416
13314	-2559.032	-2769.791	210.7587	1.348573	0.07084474	0.665988	0.334012	3.263047
13320	-2590.142	-2799.613	209.4701	0.9848711	0.07697369	0.625613	0.374387	4.201089
13326	-2580.037	-2788.251	208.214	1.055503	0.07375128	0.625613	0.374387	4.875851
13332	-2589.422	-2798.381	208.9592	1.211326	0.08848057	0.641304	0.358696	4.332468
13338	-2588.256	-2797.915	209.6594	1.284476	0.1393272	0.587032	0.412968	3.774625
13344	-2586.023	-2796.622	210.5989	1.294935	0.1146382	0.600442	0.399558	3.275848
13350	-2571.957	-2781.697	209.7399	1.084928	0.1713093	0.592483	0.407517	3.779737
13356	-2567.175	-2777.601	210.4257	1.356338	0.07561532	0.643415	0.356585	3.44093
13362	-2582.126	-2792.716	210.5898	1.263089	0.08885767	0.609813	0.390187	3.363977
13368	-2568.581	-2779.274	210.6927	1.346843	0.123027	0.569516	0.430484	3.170094
13374	-2580.135	-2791.338	211.203	1.451448	0.08953556	0.609281	0.390719	2.884823
13380	-2573.317	-2783.079	209.7623	1.338535	0.1044413	0.553853	0.446147	3.762441
13386	-2570.831	-2780.571	209.74	1.139023	0.1528257	0.580983	0.419017	3.784342
13392	-2578.79	-2788.913	210.1232	1.09362	0.1047418	0.522738	0.477262	3.694703
13398	-2582.997	-2793.631	210.6339	1.131815	0.08763309	0.532926	0.467074	3.418306
13404	-2578.172	-2786.729	208.5576	1.075078	0.08332314	0.532926	0.467074	4.648197
13410	-2597.653	-2807.776	210.1235	1.06179	0.1076805	0.617936	0.382064	3.705922
13416	-2592.862	-2801.641	208.7784	1.110844	0.08970329	0.547656	0.452344	4.488062
13422	-2590.62	-2800.21	209.5895	1.25329	0.06184623	0.671937	0.328063	4.021628
13428	-2585.165	-2794.49	209.325	1.320938	0.0857661	0.625898	0.374102	4.069534
13434	-2596.627	-2806.087	209.4597	1.366508	0.04832549	0.502396	0.497604	4.069534
13440	-2598.11	-2805.85	207.7397	1.043932	0.06835154	0.618173	0.381827	5.159994
13446	-2580.9	-2788.864	207.9638	1.160701	0.06156513	0.501286	0.498714	4.989269
13452	-2584.418	-2792.048	207.6294	0.9658712	0.09791744	0.501286	0.498714	5.189822
13458	-2592.194	-2801.005	208.8106	1.190293	0.06731281	0.558967	0.441033	4.483615
13464	-2599.629	-2808.793	209.1639	1.166424	0.0730182	0.621531	0.378469	4.282255
13470	-2604.172	-2814.181	210.009	1.238424	0.0730182	0.573641	0.426359	3.758487
13476	-2594.346	-2801.892	207.5462	0.9666039	0.06794736	0.592837	0.407163	5.31075
13482	-2600.06	-2808.369	208.3094	0.9573587	0.06794736	0.658589	0.341411	4.892806
13488	-2594.612	-2803.158	208.546	1.118981	0.09013875	0.534421	0.465579	4.612916
13494	-2586.724	-2796.18	209.4556	1.09573	0.1186545	0.411396	0.588604	4.044527
13500	-2586.873	-2796.748	209.8745	1.240058	0.08203808	0.411396	0.588604	3.81083
13506	-2602.472	-2812.602	210.1304	1.42728	0.07196918	0.545345	0.454655	3.581786
13512	-2610.73	-2820.583	209.8528	1.223434	0.07818815	0.630754	0.369246	3.8431
13518	-2596.379	-2806.442	210.0631	1.100516	0.05999012	0.572377	0.427623	3.8431
13524	-2601.891	-2811.679	209.7879	1.100516	0.1092097	0.551117	0.448883	3.87332
13530	-2586.84	-2797.066	210.2263	1.283525	0.07872749	0.588458	0.411542	3.59116
13536	-2589.149	-2799.167	210.0178	1.360491	0.07172876	0.654413	0.345587	3.686427
13542	-2583.249	-2794.166	210.9168	1.236465	0.09092835	0.563411	0.436589	3.181286
13548	-2586.226	-2796.188	209.9614	1.456063	0.07435594	0.592684	0.407316	3.656562
13554	-2594.142	-2804.428	210.2856	1.055796	0.0910397	0.634656	0.365344	3.656562
13560	-2584.615	-2794.747	210.1316	1.501698	0.07395451	0.533512	0.466488	3.532274
13566	-2592.379	-2802.577	210.1985	1.268691	0.109224	0.528655	0.471345	3.538723
13572	-2593.837	-2804.787	210.9502	1.435267	0.1149141	0.49657	0.50343	2.982616
13578	-2596.431	-2807.026	210.595	1.313539	0.1376762	0.595256	0.404744	3.215076
13584	-2592.963	-2801.131	208.1674	1.100896	0.1001063	0.524862	0.475138	4.810674
13590	-2602.183	-2813.046	210.863	1.43034	0.09548872	0.494105	0.505895	3.086062
13596	-2596.495	-2806.647	210.1515	1.166265	0.117573	0.607541	0.392459	3.606075
13602	-2603.427	-2813.61	210.1832	1.134339	0.1176344	0.492433	0.507567	3.606075
13608	-2606.919	-2813.813	206.8939	1.155814	0.06564402	0.603662	0.396338	5.571911
13614	-2600.474	-2808.628	208.1549	1.014226	0.07888499	0.59844	0.40156	4.918403
13620	-2587.498	-2797.141	209.6428	1.194841	0.08235782	0.633111	0.366889	3.968924
13626	-2593.073	-2803.139	210.0655	1.194841	0.1197764	0.629852	0.370148	3.63439
13632	-2583.721	-2794.03	210.3091	1.269535	0.08944466	0.599808	0.400192	3.522835
13638	-2587.484	-2797.503	210.0184	1.255534	0.1013787	0.632288	0.367712	3.669822
13644	-2587.14	-2793.832	206.6921	0.9190377	0.1040972	0.589058	0.410942	5.717206
13650	-2581.176	-2791.888	210.7116	1.346115	0.0664991	0.648203	0.351797	3.304599
13656	-2588.768	-2800.144	211.3753	1.261806	0.09260264	0.711034	0.288966	2.887196
13662	-2593.302	-2803.162	209.8594	1.274846	0.121173	0.659427	0.340573	3.70419
13668	-2583.05	-2792.035	208.9857	1.087384	0.08161799	0.527989	0.472011	4.40502
13674	-2589.433	-2798.463	209.0299	1.320331	0.05092371	0.527989	0.472011	4.332307
13680	-2591.036	-2800.557	209.5211	1.159224	0.09357214	0.543143	0.456857	4.030238
13686	-2594.865	-2804.758	209.8929	1.159224	0.07281272	0.680185	0.319815	3.871437
13692	-2578.174	-2787.862	209.6878	1.159224	0.1203833	0.619439	0.380561	3.871437
13698	-2594.853	-2805.089	210.2354	1.114267	0.09002323	0.52371	0.47629	3.654363
13704	-2596.188	-2805.023	208.8343	1.121644	0.07610063	0.570242	0.429758	4.485371
13710	-2597.139	-2806.493	209.3538	1.103334	0.1485236	0.454008	0.545992	4.03483
13716	-2595.901	-2804.616	208.715	1.108448	0.0925249	0.598293	0.401707	4.518051
13722	-2588.467	-2797.649	209.1824	1.296411	0.06746833	0.598293	0.401707	4.213184
13728	-2584.694	-2793.94	209.2465	1.118436	0.0921748	0.55544	0.44456	4.213184
13734	-2581.403	-2791.801	210.3982	1.374273	0.0691566	0.643007	0.356993	3.464437
13740	-2581.778	-2791.023	209.2454	1.320167	0.04818626	0.556869	0.443131	4.218182
13746	-2576.66	-2786.509	209.8493	1.318099	0.06269621	0.626935	0.373065	3.83324
13752	-2583.496	-2792.774	209.278	1.250745	0.1113698	0.652019	0.347981	4.07403
13758	-2590.007	-2799.231	209.224	1.23554	0.1113698	0.652019	0.347981	4.113416
13764	-2588.97	-2798.277	209.3061	1.106062	0.1291591	0.608969	0.391031	4.100785
13770	-2590.404	-2798.341	207.937	0.8390941	0.09910174	0.616742	0.383258	5.08681
13776	-2587.531	-2795.522	207.9918	0.8787084	0.0779058	0.622994	0.377006	5.08681
13782	-2571.775	-2780.83	209.0546	1.025808	0.1380151	0.501641	0.498359	4.270434
13788	-2574.484	-2783.468	208.9834	1.186736	0.08846924	0.643164	0.356836	4.332763
13794	-2576.467	-2785.607	209.1399	1.221863	0.07204746	0.643164	0.356836	4.267066
13800	-2586.354	-2795.778	209.4239	1.019401	0.05535658	0.614028	0.385972	4.267066
13806	-2597.123	-2806.099	208.9757	1.123135	0.06502244	0.651794	0.348206	4.434686
13812	-2593.064	-2803.646	210.582	1.316559	0.09238592	0.43877	0.56123	3.327975
13818	-2592.178	-2800.844	208.6656	0.9685191	0.1309988	0.660282	0.339718	4.536844
13824	-2587.589	-2794.941	207.3522	1.312525	0.07944811	0.598586	0.401414	5.196813
13830	-2596.47	-2804.346	207.8765	0.8394711	0.1082752	0.527941	0.472059	5.098893
13836	-2596.815	-2802.228	205.4128	0.8766215	0.08120365	0.459659	0.540341	6.491649
13842	-2577.159	-2785.536	208.3771	1.103188	0.1008915	0.61046	0.38954	4.690367
13848	-2590.969	-2799.836	208.8675	1.329629	0.08035469	0.61046	0.38954	4.338221
13854	-2594.474	-2802.4	207.9259	0.9680881	0.07274201	0.581399	0.418601	5.087215
13860	-2590.241	-2798.196	207.9551	0.9680881	0.06664377	0.604163	0.395837	5.087215
13866	-2593.789	-2802.485	208.6959	1.303663	0.03727826	0.604163	0.395837	4.567886
13872	-2578.083	-2787.184	209.1013	1.115681	0.05306009	0.658718	0.341282	4.401491
13878	-2577.548	-2785.212	207.6643	1.058137	0.07227028	0.590482	0.409518	5.183489
13884	-2573.073	-2783.215	210.1412	1.179735	0.06711036	0.64096	0.35904	3.732378
13890	-2572.939	-2781.806	208.867	1.259064	0.07935335	0.559361	0.440639	4.380974
13896	-2584.986	-2795.671	210.6844	1.363151	0.1156415	0.559361	0.440639	3.182583
13902	-2584.491	-2793.576	209.0847	1.362786	0.08938655	0.644372	0.355628	4.1733
13908	-2593.979	-2803.746	209.7664	1.075459	0.07845255	0.595138	0.404862	3.976737
13914	-2596.815	-2806.745	209.9298	1.075459	0.07845255	0.569517	0.430483	3.883138
13920	-2591.45	-2801.105	209.6546	1.181555	0.1179604	0.594889	0.405111	3.883138
13926	-2592.09	-2801.107	209.0165	1.251303	0.1067809	0.594889	0.405111	4.23299
13932	-2579.219	-2789.297	210.0787	1.243522	0.07166174	0.631738	0.368262	3.719024
13938	-2585.706	-2794.553	208.8478	1.278255	0.06612783	0.693484	0.306516	4.416348
13944	-2576.803	-2784.324	207.5206	1.189053	0.05013899	0.622861	0.377139	5.250701
13950	-2580.343	-2787.934	207.5908	1.038755	0.06630021	0.676128	0.323872	5.250701
13956	-2580.3	-2789.851	209.5514	1.122747	0.05887553	0.69529	0.30471	4.126079
13962	-2589.09	-2797.64	208.5503	1.267733	0.05887553	0.557781	0.442219	4.60955
13968	-2590.604	-2799.963	209.3588	1.076178	0.05887553	0.584449	0.415551	4.261888
13974	-2578.052	-2787.635	209.5828	1.246177	0.06004942	0.537774	0.462226	4.034546
13980	-2581.485	-2791.728	210.2433	1.325598	0.07610363	0.441672	0.558328	3.563917
13986	-2591.68	-2801.874	210.1937	1.362708	0.07878605	0.76429	0.23571	3.563917
13992	-2587.843	-2797.675	209.8313	1.362708	0.07878605	0.512538	0.487462	3.773694
13998	-2587.593	-2797.506	209.9133	1.314586	0.07158583	0.541503	0.458497	3.773694
14004	-2592.61	-2803.153	210.5427	1.259041	0.08874344	0.629945	0.370055	3.39424
14010	-2602.679	-2812.349	209.67	1.186532	0.1189903	0.618931	0.381069	3.869108
14016	-2599.35	-2808.908	209.5577	1.309222	0.1014106	0.528188	0.471812	3.904223
14022	-2582.46	-2793.52	211.0603	1.461736	0.1120686	0.634304	0.365696	2.90724
14028	-2581.053	-2792	210.9465	1.368727	0.0629397	0.613367	0.386633	3.162582
14034	-2585.391	-2793.525	208.1342	1.368727	0.09474526	0.740626	0.259374	4.692425
14040	-2579.361	-2788.358	208.9978	1.179342	0.102297	0.724448	0.275552	4.294971
14046	-2566.676	-2776.673	209.9966	1.211926	0.07743396	0.612468	0.387532	3.768951
14052	-2578.739	-2785.885	207.1462	1.085378	0.07581628	0.408434	0.591566	5.445194
14058	-2570.191	-2778.011	207.8203	1.113252	0.09029213	0.574947	0.425053	5.020665
14064	-2567.484	-2775.542	208.0575	0.9682626	0.1150915	0.518267	0.481733	4.911486
14070	-2569.633	-2778.291	208.658	0.9884077	0.1150915	0.579899	0.420101	4.564528
14076	-2584.189	-2796.194	212.0049	1.531512	0.08366377	0.450675	0.549325	2.3557
14082	-2598.571	-2806.296	207.7255	0.9581907	0.07952335	0.451078	0.548922	5.186101
14088	-2589.935	-2798.243	208.3078	1.054451	0.07493652	0.547838	0.452162	4.821024
14094	-2592.419	-2802.387	209.9689	1.277905	0.06737885	0.551268	0.448732	3.774387
14100	-2586.565	-2797.654	211.0888	1.486022	0.08257134	0.653837	0.346163	2.951797
14106	-2590.646	-2800.712	210.0665	1.212471	0.05714803	0.653837	0.346163	3.784792
14112	-2575.579	-2785.987	210.4081	1.450578	0.08660726	0.653837	0.346163	3.366474
14118	-2581.939	-2791.952	210.013	1.233313	0.083161	0.637911	0.362089	3.731969
14124	-2584.04	-2793.315	209.275	1.069051	0.05870379	0.602246	0.397754	4.313821
14130	-2569.121	-2776.316	207.1951	0.9176989	0.07427677	0.633117	0.366883	5.514484
14136	-2583.368	-2792.603	209.2344	1.053658	0.08336563	0.633117	0.366883	4.27903
14142	-2588.007	-2797.705	209.6979	1.097067	0.09782931	0.774687	0.225313	3.954196
14148	-2575.241	-2785.58	210.3391	1.082583	0.06930662	0.51882	0.48118	3.668003
14154	-2581.352	-2790.089	208.7371	1.102487	0.09324644	0.537953	0.462047	4.507207
14160	-2587.776	-2793.54	205.7643	0.8251801	0.05506147	0.696201	0.303799	6.397199
14166	-2588.208	-2794.089	205.8809	0.8603241	0.06552873	0.489479	0.510521	6.286751
14172	-2583.166	-2791.701	208.5342	0.9458066	0.0556029	0.5742	0.4258	4.807768
14178	-2583.077	-2791.526	208.4488	1.001248	0.09733236	0.586307	0.413693	4.715767
14184	-2590.566	-2800.746	210.1794	1.170396	0.07282004	0.586307	0.413693	3.69992
14190	-2597.666	-2805.829	208.1629	1.257721	0.08741306	0.557929	0.442071	4.756514
14196	-2589.426	-2799.498	210.0713	1.317871	0.1173601	0.531	0.469	3.565081
14202	-2598.165	-2808.588	210.4222	1.182734	0.08943986	0.531	0.469	3.507525
14208	-2593.303	-2802.656	209.3532	1.182734	0.07258557	0.45905	0.54095	4.166811
14214	-2599.872	-2809.455	209.5824	1.074908	0.08409048	0.629779	0.370221	4.067394
14220	-2593.67	-2801.326	207.6559	0.8916281	0.07940367	0.600344	0.399656	5.261717
14226	-2581.463	-2790.099	208.6363	1.170985	0.081406	0.528932	0.471068	4.555146
14232	-2587.373	-2794.71	207.337	0.8966169	0.0792184	0.39882	0.60118	5.435348
14238	-2587.877	-2797.074	209.1976	0.8919291	0.08426622	0.618695	0.381305	4.388902
14244	-2588.777	-2797.597	208.8207	0.9854482	0.08907776	0.591118	0.408882	4.53632
14250	-2578.839	-2787.883	209.0439	1.139221	0.1152103	0.551995	0.448005	4.261612
14256	-2583.5	-2793.629	210.1281	1.277966	0.1023114	0.549408	0.450592	3.590964
14262	-2589.431	-2797.549	208.1185	1.029472	0.08432176	0.725181	0.274819	4.916309
14268	-2588.771	-2798.372	209.6012	1.247566	0.1008857	0.483684	0.516316	3.915903
14274	-2575.889	-2784.417	208.5288	1.003925	0.09020188	0.654936	0.345064	4.686891
14280	-2582.386	-2790.117	207.7304	0.9764222	0.0901618	0.654936	0.345064	5.146742
14286	-2582.556	-2792.329	209.7732	1.170434	0.0979966	0.548245	0.451755	3.868515
14292	-2578.286	-2787.712	209.4267	1.055151	0.09753594	0.560261	0.439739	4.133537
14298	-2586.421	-2795.819	209.3977	1.053958	0.1046957	0.464076	0.535924	4.133537
14304	-2589.658	-2800.217	210.5598	1.40887	0.08892643	0.597598	0.402402	3.295675
14310	-2581.374	-2789.654	208.28	1.033668	0.1193397	0.658856	0.341144	4.741498
14316	-2568.155	-2777.77	209.6151	0.9563681	0.07091833	0.478987	0.521013	4.151153
14322	-2593.156	-2803.385	210.2284	1.063656	0.1158972	0.57058	0.42942	3.624843
14328	-2587.668	-2797.794	210.1263	1.203056	0.1437763	0.651634	0.348366	3.542042
14334	-2569.184	-2778.811	209.6263	1.023484	0.1229625	0.632575	0.367425	3.978715
14340	-2582.443	-2792.22	209.7766	1.084569	0.09612369	0.546299	0.453701	3.92047
14346	-2584.957	-2794.741	209.7849	1.015825	0.07831341	0.529644	0.470356	4.000648
14352	-2583.111	-2791.674	208.5625	1.219569	0.07859588	0.630061	0.369939	4.576548
14358	-2583.989	-2793.488	209.4995	1.172929	0.1009616	0.517348	0.482652	4.01662
14364	-2589.248	-2799.791	210.5426	1.3285	0.08644982	0.69393	0.30607	3.359555
14370	-2597.694	-2806.627	208.9336	1.185543	0.08644982	0.687211	0.312789	4.366639
14376	-2588.884	-2798.74	209.856	1.291975	0.07961354	0.609141	0.390859	3.798039
14382	-2587.744	-2797.077	209.3326	1.291975	0.104311	0.664054	0.335946	4.035894
14388	-2594.206	-2803.96	209.7539	1.291975	0.08905767	0.610431	0.389569	3.832193
14394	-2609.987	-2820.251	210.2635	1.096388	0.1361471	0.601962	0.398038	3.540418
14400	-2590.653	-2798.284	207.6311	0.9843189	0.07831665	0.454229	0.545771	5.226963
14406	-2593.643	-2802.637	208.9937	1.207043	0.06413619	0.698111	0.301889	4.379683
14412	-2606.724	-2815.944	209.2195	0.944516	0.1384071	0.539996	0.460004	4.222248
14418	-2597.053	-2805.479	208.4267	1.022644	0.07612839	0.606417	0.393583	4.769282
14424	-2590.311	-2797.857	207.5467	0.9698606	0.07266364	0.586812	0.413188	5.296274
14430	-2598.21	-2807.766	209.5554	1.022644	0.08637534	0.574282	0.425718	4.106646
14436	-2594.301	-2803.66	209.3583	1.022644	0.1086869	0.551424	0.448576	4.164353
14442	-2581.472	-2790.824	209.352	1.16779	0.07693636	0.494369	0.505631	4.164353
14448	-2587.955	-2795.004	207.0493	0.8414701	0.1029481	0.402182	0.597818	5.566415
14454	-2585.782	-2792.834	207.0516	0.8414701	0.08708638	0.535359	0.464641	5.6029
14460	-2594.543	-2803.755	209.2124	0.9796751	0.1528323	0.743676	0.256324	4.177192
14466	-2583.543	-2792.78	209.2361	0.9796751	0.1184417	0.692268	0.307732	4.235848
14472	-2585.751	-2794.065	208.314	0.9205097	0.06341085	0.692268	0.307732	4.923044
14478	-2581.107	-2788.141	207.0347	1.184676	0.07216725	0.676732	0.323268	5.461369
14484	-2578.854	-2787.11	208.2557	1.163949	0.06487797	0.70807	0.29193	4.815901
14490	-2582.729	-2793.111	210.3827	1.238698	0.08989675	0.678067	0.321933	3.496745
14496	-2572.036	-2781.838	209.8012	1.391368	0.07187914	0.576712	0.423288	3.793222
14502	-2567.513	-2776.145	208.632	1.070613	0.1132192	0.666143	0.333857	4.537204
14508	-2570.773	-2780.237	209.4637	1.364226	0.06657734	0.492885	0.507115	4.016888
14514	-2574.352	-2782.243	207.8906	1.012331	0.07363623	0.63628	0.36372	5.079891
14520	-2573.764	-2781.98	208.2152	0.931099	0.08557939	0.453905	0.546095	4.914056
14526	-2580.082	-2789.277	209.1947	0.9364476	0.09660043	0.617661	0.382339	4.334667
14532	-2570.723	-2778.188	207.4648	1.027482	0.0695302	0.611518	0.388482	5.317896
14538	-2585.255	-2792.584	207.3285	1.051473	0.09409493	0.510574	0.489426	5.317896
14544	-2584.252	-2791.642	207.39	1.052551	0.08011621	0.498287	0.501713	5.317896
14550	-2589.506	-2798.548	209.0415	1.048391	0.08529307	0.555465	0.444535	4.386101
14556	-2605.78	-2813.694	207.9145	1.176308	0.07809014	0.624044	0.375956	4.963981
14562	-2594.009	-2802.618	208.6092	1.176308	0.06911296	0.543157	0.456843	4.599723
14568	-2592.374	-2800.92	208.5463	1.058114	0.1099561	0.6205	0.3795	4.599723
14574	-2589.13	-2800.009	210.8787	1.241462	0.1312611	0.70363	0.29637	3.103516
14580	-2595.075	-2804.376	209.301	1.071411	0.1054377	0.498776	0.501224	4.176798
14586	-2583.164	-2791.486	208.3218	1.041433	0.1094386	0.339516	0.660484	4.735967
14592	-2593.172	-2801.561	208.3896	0.8980676	0.1094386	0.430437	0.569563	4.778225
14598	-2579.83	-2788.452	208.6219	0.9425064	0.07741334	0.639209	0.360791	4.701624
14604	-2596.33	-2804.461	208.1313	1.005784	0.05582851	0.670575	0.329425	4.998063
14610	-2592.412	-2801.354	208.9423	0.9973939	0.07107646	0.615166	0.384834	4.507847
14616	-2591.666	-2799.932	208.2662	0.9457531	0.1147277	0.659619	0.340381	4.808523
14622	-2585.169	-2793.763	208.5936	0.7814541	0.07699368	0.583631	0.416369	4.808523
14628	-2576.055	-2784.86	208.8052	1.086231	0.06110957	0.575385	0.424615	4.562161
14634	-2581.261	-2790.335	209.0741	1.017908	0.121044	0.612977	0.387023	4.300152
14640	-2589.329	-2799.224	209.8952	1.194038	0.08996739	0.583771	0.416229	3.804902
14646	-2584.363	-2793.694	209.3308	1.10073	0.08756595	0.545973	0.454027	4.186939
14652	-2585.56	-2794.521	208.961	1.292694	0.07165193	0.630964	0.369036	4.32926
14658	-2583.03	-2792.076	209.0456	1.292694	0.06890509	0.536385	0.463615	4.288862
14664	-2578.196	-2787.012	208.8162	1.122448	0.06890509	0.514067	0.485933	4.514317
14670	-2581.772	-2790.362	208.5895	0.905352	0.05667739	0.6804	0.3196	4.79647
14676	-2578.448	-2788.083	209.6357	1.128464	0.0675024	0.51969	0.48031	4.050759
14682	-2593.743	-2801.976	208.2338	1.128464	0.0675024	0.569983	0.430017	4.840773
14688	-2594.798	-2805.185	210.3866	1.311949	0.06838293	0.686881	0.313119	3.509728
14694	-2584.93	-2794.014	209.0838	1.077338	0.08283213	0.702068	0.297932	4.352176
14700	-2589.237	-2799.594	210.3569	1.092016	0.1022869	0.578118	0.421882	3.566099
14706	-2604.398	-2814.972	210.5731	1.378977	0.08605042	0.578118	0.421882	3.312978
14712	-2595.284	-2806.685	211.401	1.354081	0.09926434	0.578118	0.421882	2.798175
14718	-2582.931	-2794.043	211.1117	1.180413	0.1420559	0.497297	0.502703	2.976823
14724	-2588.465	-2797.345	208.8799	1.164106	0.07763409	0.451794	0.548206	4.431778
14730	-2585.565	-2793.586	208.0209	1.18353	0.05324093	0.542563	0.457437	4.967822
14736	-2589.069	-2798.122	209.0532	1.273271	0.06072144	0.56733	0.43267	4.318094
14742	-2580.72	-2789.836	209.116	1.074982	0.08960168	0.625291	0.374709	4.318094
14748	-2583.065	-2791.559	208.4939	0.9590116	0.05464998	0.654725	0.345275	4.82554
14754	-2592.322	-2800.981	208.6596	1.139792	0.08681023	0.596765	0.403235	4.545816
14760	-2595.999	-2805.241	209.2417	0.8828784	0.1082295	0.49081	0.50919	4.310737
14766	-2590.342	-2799.369	209.0273	1.172531	0.09055277	0.535953	0.464047	4.310737
14772	-2595.468	-2803.031	207.5627	1.129424	0.06551471	0.594907	0.405093	5.21824
14778	-2585.423	-2793.622	208.1987	1.037759	0.07332403	0.529824	0.470176	4.895368
14784	-2585.149	-2793.419	208.2698	1.184274	0.09288513	0.483867	0.516133	4.724281
14790	-2585.118	-2793.624	208.5067	1.021457	0.1380595	0.614191	0.385809	4.581651
14796	-2580.858	-2791.074	210.2168	1.180174	0.1298963	0.528625	0.471375	3.532378
14802	-2584.791	-2795.198	210.4072	1.101266	0.1018935	0.595619	0.404381	3.532378
14808	-2594.344	-2804.45	210.1059	1.149509	0.1384215	0.490457	0.509543	3.596282
14814	-2591.664	-2799.487	207.8232	1.185394	0.08266648	0.536411	0.463589	4.997968
14820	-2577.579	-2786.504	208.9259	1.185394	0.08029691	0.503094	0.496906	4.38684
14826	-2580.956	-2790.768	209.8114	1.100343	0.06030355	0.58772	0.41228	3.986542
14832	-2572.996	-2781.429	208.4324	1.078286	0.06113619	0.542195	0.457805	4.775294
14838	-2585.72	-2793.622	207.9027	1.078286	0.0728153	0.611125	0.388875	5.038779
14844	-2579.157	-2787.992	208.835	1.006212	0.05608189	0.673482	0.326518	4.604337
14850	-2586.076	-2794.045	207.9691	0.9751208	0.1166173	0.512246	0.487754	4.953461
14856	-2571.769	-2780.884	209.1155	0.9916192	0.09777834	0.512246	0.487754	4.34538
14862	-2575.462	-2784.927	209.4644	1.04209	0.08588788	0.596965	0.403035	4.148626
14868	-2591.359	-2800.692	209.3335	1.022529	0.1218581	0.625739	0.374261	4.148626
14874	-2585.307	-2795.017	209.7105	1.022529	0.09406712	0.539162	0.460838	3.998886
14880	-2579.966	-2788.918	208.9517	1.278484	0.05924751	0.542872	0.457128	4.376614
14886	-2581.356	-2789.442	208.0857	1.234138	0.06766508	0.637003	0.362997	4.864021
14892	-2577.554	-2786.158	208.6039	1.051179	0.07329711	0.619364	0.380636	4.66169
14898	-2582.439	-2790.152	207.7126	1.007143	0.07802103	0.626014	0.373986	5.170039
14904	-2590.299	-2797.982	207.683	1.034114	0.07858442	0.626014	0.373986	5.170039
14910	-2598.818	-2806.817	207.9994	1.012612	0.0922895	0.574589	0.425411	4.972177
14916	-2590.604	-2798.148	207.5441	0.9391165	0.08461945	0.574705	0.425295	5.284078
14922	-2592.684	-2803.336	210.6515	1.149943	0.04628969	0.429874	0.570126	3.513592
14928	-2582.98	-2792.866	209.8856	1.26622	0.0701747	0.476887	0.523113	3.821325
14934	-2581.679	-2791.647	209.9674	1.242034	0.07319268	0.487209	0.512791	3.779916
14940	-2588.729	-2799.487	210.7583	1.119159	0.08310949	0.702959	0.297041	3.364681
14946	-2590.406	-2800.714	210.308	1.134841	0.07508621	0.560452	0.439548	3.639854
14952	-2583.528	-2792.732	209.2037	1.138739	0.07785779	0.62286	0.37714	4.262553
14958	-2581.541	-2789.822	208.2808	1.123319	0.07159067	0.526322	0.473678	4.80652
14964	-2580.56	-2789.934	209.3746	1.169188	0.1020084	0.378018	0.621982	4.087476
14970	-2578.119	-2788.065	209.9461	1.222935	0.07554776	0.570034	0.429966	3.796809
14976	-2579.863	-2789.584	209.7207	1.055064	0.08325482	0.509475	0.490525	4.001924
14982	-2581.586	-2790.157	208.5719	1.097468	0.06298687	0.576549	0.423451	4.681519
14988	-2584.399	-2794.315	209.9158	1.097468	0.08452577	0.532659	0.467341	3.862566
14994	-2597.643	-2808.48	210.8367	1.124994	0.1583183	0.515527	0.484473	3.140289
15000	-2610.113	-2818.944	208.8312	1.012629	0.1073311	0.572379	0.427621	4.471231
15006	-2587.436	-2796.455	209.0185	1.190598	0.1073311	0.615725	0.384275	4.264993
15012	-2596.261	-2805.026	208.7655	1.066139	0.09485282	0.583987	0.416013	4.507772
15018	-2600.692	-2808.581	207.8889	1.109506	0.05262322	0.583987	0.416013	5.08396
15024	-2587.406	-2795.759	208.3533	1.016103	0.07770172	0.551219	0.448781	4.809855
15030	-2589.654	-2798.09	208.4359	0.8829707	0.09914061	0.505488	0.494512	4.784776
15036	-2581.941	-2791.916	209.9753	1.025092	0.09578438	0.482558	0.517442	3.841384
15042	-2582.201	-2791.699	209.4983	0.8823653	0.09494345	0.586352	0.413648	4.197369
15048	-2577.975	-2787.442	209.4672	1.027614	0.08667523	0.535615	0.464385	4.153233
15054	-2580.494	-2789.846	209.3519	1.188284	0.07676529	0.523894	0.476106	4.153233
15060	-2581.376	-2789.103	207.7274	1.139198	0.07581011	0.551891	0.448109	5.09441
15066	-2575.985	-2783.832	207.8473	1.032442	0.07300216	0.509289	0.490711	5.09441
15072	-2573.455	-2781.504	208.0489	0.9438262	0.06955571	0.568499	0.431501	5.040841
15078	-2585.293	-2793.014	207.7212	1.12599	0.08619837	0.547366	0.452634	5.078697
15084	-2586.245	-2795.343	209.098	1.222463	0.08301314	0.547366	0.452634	4.26158
15090	-2582.553	-2791.061	208.5078	1.070662	0.06024998	0.589597	0.410403	4.739853
15096	-2580.776	-2788.881	208.1044	1.017841	0.06299814	0.557524	0.442476	4.986587
15102	-2578.618	-2788.722	210.1041	1.322312	0.08986667	0.557524	0.442476	3.610307
15108	-2592.65	-2804.246	211.5957	1.332184	0.06599523	0.6409	0.3591	2.785261
15114	-2590.295	-2801.707	211.412	1.483896	0.07266761	0.771348	0.228652	2.785261
15120	-2586.878	-2796.86	209.9819	1.156083	0.08160911	0.569403	0.430597	3.798474
15126	-2587.328	-2795.679	208.3504	0.9676219	0.09847675	0.577787	0.422213	4.786832
15132	-2583.482	-2791.767	208.2848	1.038014	0.09734836	0.577787	0.422213	4.786832
15138	-2581.507	-2788.576	207.0686	1.016346	0.07602941	0.506947	0.493053	5.525313
15144	-2590.602	-2798.344	207.7418	1.135016	0.1041674	0.639745	0.360255	5.01909
15150	-2585.556	-2794.816	209.2594	1.154507	0.09112073	0.59567	0.40433	4.188019
15156	-2576.645	-2786.779	210.1334	1.333457	0.07376395	0.59567	0.40433	3.629536
15162	-2581.877	-2791.736	209.8588	1.333457	0.05703425	0.592176	0.407824	3.835044
15168	-2591.726	-2801.241	209.5145	1.177917	0.1135034	0.592176	0.407824	3.975635
15174	-2598.337	-2808.187	209.8504	1.272102	0.1520079	0.631751	0.368249	3.645303
15180	-2586.499	-2795.192	208.6933	1.082459	0.07774695	0.511961	0.488039	4.582322
15186	-2603.701	-2813.362	209.6608	1.343812	0.07774695	0.516163	0.483837	3.885395
15192	-2599.52	-2809.644	210.1236	1.241995	0.06911723	0.597861	0.402139	3.701018
15198	-2618.867	-2828.854	209.987	1.402429	0.07143227	0.621517	0.378483	3.680819
15204	-2593.614	-2801.474	207.8597	1.039813	0.07737418	0.47173	0.52827	5.072091
15210	-2584.83	-2791.571	206.7412	0.9016956	0.1237717	0.583384	0.416616	5.656513
15216	-2603.775	-2812.507	208.7325	0.9099492	0.1313022	0.660704	0.339296	4.531558
15222	-2596.836	-2806.08	209.2435	1.167423	0.08486954	0.551342	0.448658	4.205502
15228	-2598.028	-2808.479	210.4502	1.297793	0.1446529	0.6677	0.3323	3.29502
15234	-2595.464	-2805.55	210.0859	1.166118	0.09910881	0.38874	0.61126	3.688066
15240	-2585.126	-2795.204	210.0779	1.242087	0.1110906	0.520087	0.479913	3.619868
15246	-2584.045	-2793.781	209.7362	1.242087	0.1110906	0.628825	0.371175	3.817286
15252	-2589.558	-2799.522	209.9637	1.282643	0.08535216	0.628825	0.371175	3.726233
15258	-2584.756	-2794.383	209.6274	1.185572	0.09881707	0.751211	0.248789	3.941473
15264	-2592.207	-2800.819	208.6121	1.046865	0.09008428	0.516075	0.483925	4.616459
15270	-2579.342	-2788.553	209.2107	1.301216	0.08395616	0.639046	0.360954	4.150502
15276	-2579.981	-2789.366	209.3852	1.420116	0.0752165	0.524329	0.475671	4.006252
15282	-2580.629	-2790.797	210.1681	1.308201	0.07255683	0.57493	0.42507	3.62737
15288	-2588.987	-2799.163	210.1764	1.163577	0.09617096	0.635241	0.364759	3.644464
15294	-2595.833	-2805.835	210.0023	1.352757	0.06534996	0.625074	0.374926	3.717601
15300	-2607.158	-2813.799	206.6406	0.9933613	0.07002439	0.62068	0.37932	5.78824
15306	-2595.474	-2804.796	209.3215	1.237279	0.06163901	0.581209	0.418791	4.183898
15312	-2621.897	-2831.105	209.2081	1.337682	0.06379707	0.581209	0.418791	4.185291
15318	-2602.999	-2812.16	209.1607	1.437558	0.06848632	0.558454	0.441546	4.142525
15324	-2603.194	-2811.329	208.1353	1.076626	0.06892767	0.620991	0.379009	4.920729
15330	-2592.28	-2803.366	211.0868	1.518625	0.07418958	0.498195	0.501805	2.956781
15336	-2598.509	-2808.821	210.3121	1.51129	0.06626111	0.597579	0.402421	3.442867
15342	-2606.942	-2817.765	210.823	1.258326	0.1237413	0.516257	0.483743	3.143647
15348	-2600.414	-2809.937	209.5237	1.171477	0.117304	0.536897	0.463103	3.965425
15354	-2602.499	-2813.255	210.7559	1.274304	0.1358433	0.574076	0.425924	3.146896
15360	-2592.168	-2803.751	211.5821	1.326131	0.1358433	0.576565	0.423435	2.615374
15366	-2598.659	-2808.03	209.3708	1.31344	0.1152268	0.685126	0.314874	3.976393
15372	-2597.567	-2806.546	208.9793	1.205088	0.1120806	0.639948	0.360052	4.268044
15378	-2586.032	-2795.139	209.1075	1.143659	0.1157826	0.620632	0.379368	4.221738
15384	-2584.458	-2793.938	209.4795	1.298224	0.07423944	0.685536	0.314464	4.024684
15390	-2592.356	-2801.263	208.907	1.198614	0.07560395	0.650999	0.349001	4.402353
15396	-2574.849	-2783.98	209.1303	1.209536	0.1336606	0.591516	0.408484	4.132349
15402	-2588.859	-2798.926	210.0663	1.182894	0.09516301	0.51434	0.48566	3.699511
15408	-2581.231	-2791.617	210.3863	1.239268	0.09310965	0.566001	0.433999	3.486067
15414	-2576.063	-2786.213	210.1495	1.10375	0.0829932	0.662228	0.337772	3.728384
15420	-2587.013	-2795.171	208.1581	1.052186	0.0864482	0.596124	0.403876	4.876285
15426	-2596.332	-2805.59	209.2577	1.228867	0.0864482	0.51302	0.48698	4.158534
15432	-2585.006	-2795.415	210.4088	1.360563	0.05831428	0.461115	0.538885	3.497226
15438	-2587.383	-2798.978	211.5955	1.529964	0.06487394	0.550769	0.449231	2.667635
15444	-2590.735	-2798.563	207.828	1.019897	0.08439766	0.390158	0.609842	5.082803
15450	-2575.392	-2783.401	208.0089	0.9907572	0.0961566	0.584137	0.415863	4.96971
15456	-2576.082	-2785.737	209.6552	1.132202	0.09732219	0.538469	0.461531	3.959747
15462	-2576.909	-2786.337	209.4283	1.092611	0.09732219	0.495735	0.504265	4.111818
15468	-2573.886	-2783.578	209.692	1.115485	0.09195541	0.619052	0.380948	3.961605
15474	-2585.985	-2795.672	209.6875	1.44742	0.1341787	0.588017	0.411983	3.675199
15480	-2600.551	-2812.28	211.7289	1.347617	0.1216054	0.456421	0.543579	2.544445
15486	-2598.892	-2810.485	211.5928	1.347617	0.1123989	0.566576	0.433424	2.65131
15492	-2580.769	-2790.502	209.7322	1.138488	0.08611572	0.553459	0.446541	3.940217
15498	-2571.023	-2779.893	208.8703	1.090026	0.07676829	0.539531	0.460469	4.481153
15504	-2575.235	-2784.579	209.3437	1.090026	0.07676829	0.673757	0.326243	4.213672
15510	-2583.941	-2793.331	209.3901	1.153683	0.0622667	0.495051	0.504949	4.190662
15516	-2597.245	-2807.851	210.6063	1.355586	0.08926834	0.546022	0.453978	3.298759
15522	-2593.25	-2802.344	209.0947	0.982203	0.08748698	0.663226	0.336774	4.387889
15528	-2575.188	-2784.214	209.0257	0.993181	0.07356827	0.682056	0.317944	4.456633
15534	-2582.685	-2789.994	207.3087	1.215121	0.08565988	0.599484	0.400516	5.259037
15540	-2576.751	-2784.835	208.0841	1.156822	0.06271119	0.535603	0.464397	4.921358
15546	-2587.508	-2795.577	208.069	1.171868	0.06272886	0.591978	0.408022	4.921358
15552	-2588.665	-2796.75	208.085	1.07171	0.08042091	0.593856	0.406144	4.921358
15558	-2587.609	-2797.067	209.4574	1.222947	0.05114308	0.593856	0.406144	4.144523
15564	-2601.807	-2809.976	208.1697	1.119372	0.1099274	0.593856	0.406144	4.77633
15570	-2587.602	-2794.496	206.8933	1.151659	0.06875567	0.453033	0.546967	5.566259
15576	-2570.427	-2779.21	208.7832	1.141078	0.06875567	0.623644	0.376356	4.522808
15582	-2582.231	-2791.077	208.846	1.308653	0.08927245	0.617727	0.382273	4.33945
15588	-2580.51	-2787.599	207.089	1.023703	0.07107026	0.594176	0.405824	5.522892
15594	-2591.362	-2798.536	207.1747	0.9418616	0.07027708	0.639579	0.360421	5.522892
15600	-2577.918	-2785.24	207.3215	1.120412	0.0709242	0.642679	0.357321	5.342032
15606	-2581.744	-2791.14	209.3966	1.120412	0.08491985	0.690143	0.309857	4.145138
15612	-2582.191	-2792.211	210.0195	1.108564	0.07145829	0.531117	0.468883	3.831461
15618	-2592.752	-2802.906	210.1541	1.118144	0.07145829	0.586565	0.413435	3.748464
15624	-2586.458	-2796.429	209.9712	1.387972	0.06713435	0.580938	0.419062	3.710231
15630	-2586.685	-2795.015	208.3302	1.148512	0.08581284	0.721726	0.278274	4.728037
15636	-2584.509	-2793.482	208.9729	1.299338	0.08471639	0.422867	0.577133	4.284484
15642	-2581.013	-2788.965	207.9521	1.04798	0.09943861	0.509015	0.490985	4.961675
15648	-2578.481	-2786.591	208.1096	1.071199	0.08542017	0.502431	0.497569	4.895249
15654	-2588.515	-2796.64	208.1251	1.140041	0.0673744	0.619413	0.380587	4.895249
15660	-2599.941	-2807.274	207.3333	1.080827	0.09131233	0.515099	0.484901	5.305731
15666	-2588.44	-2797.726	209.2857	1.024044	0.1034224	0.599165	0.400835	4.217132
15672	-2585.578	-2793.871	208.2927	1.024044	0.07580542	0.469745	0.530255	4.844134
15678	-2586.617	-2795.505	208.888	1.161259	0.1072872	0.590179	0.409821	4.355522
15684	-2578.89	-2786.569	207.6787	0.964128	0.08836152	0.51766	0.48234	5.186565
15690	-2582.402	-2792.405	210.003	1.398701	0.05663516	0.526119	0.473881	3.715458
15696	-2584.468	-2794.787	210.3196	1.351118	0.05663516	0.63039	0.36961	3.559522
15702	-2593.422	-2803.762	210.339	1.099529	0.1074893	0.537086	0.462914	3.559522
15708	-2592.771	-2803.663	210.8919	1.080424	0.08074085	0.538011	0.461989	3.315265
15714	-2594.043	-2804.806	210.763	1.147711	0.1191562	0.522509	0.477491	3.255358
15720	-2579.119	-2790.206	211.0869	1.147711	0.09153338	0.470879	0.529121	3.13137
15726	-2595.856	-2806.261	210.4051	1.051638	0.07308264	0.646558	0.353442	3.637287
15732	-2591.344	-2802.414	211.0703	1.059762	0.07900156	0.700753	0.299247	3.226941
15738	-2578.402	-2788.971	210.5692	1.059762	0.09280403	0.614741	0.385259	3.484869
15744	-2588.727	-2799.753	211.0262	1.149898	0.1093436	0.41885	0.58115	3.121287
15750	-2591.729	-2801.998	210.2685	1.208533	0.1000847	0.650103	0.349897	3.555138
15756	-2583.92	-2794.945	211.0255	1.292717	0.1000847	0.650103	0.349897	3.059455
15762	-2580.51	-2790.161	209.6506	1.254503	0.1252208	0.580863	0.419137	3.827302
15768	-2582.06	-2790.938	208.8784	1.13026	0.07579138	0.606231	0.393769	4.456531
15774	-2583.271	-2793.49	210.2192	1.237837	0.07230021	0.63425	0.36575	3.639272
15780	-2581.585	-2791.435	209.8504	1.237837	0.1079675	0.636042	0.363958	3.761291
15786	-2581.796	-2791.236	209.4405	1.174905	0.07595654	0.603477	0.396523	4.112601
15792	-2586.646	-2797.578	210.9319	1.35906	0.06355272	0.600662	0.399338	3.175203
15798	-2589.109	-2799.985	210.8765	1.380775	0.09986078	0.509568	0.490432	3.096416
15804	-2724.388	-2933.041	208.6521	1.009729	0.07667505	0.446587	0.553413	4.648978
15810	-2590.205	-2800.895	210.69	1.37498	0.07828568	0.639138	0.360862	3.267322
15816	-2580.911	-2791.389	210.478	1.136831	0.1000911	0.701333	0.298667	3.474791
15822	-2572.031	-2781.997	209.9663	1.136831	0.068319	0.646904	0.353096	3.854472
15828	-2579.563	-2789.86	210.2969	1.163813	0.08606494	0.642785	0.357215	3.60023
15834	-2590.98	-2800.717	209.7366	1.044608	0.1252463	0.520311	0.479689	3.898388
15840	-2583.044	-2792.898	209.8537	1.306031	0.08076466	0.560623	0.439377	3.788187
15846	-2584.201	-2794.441	210.2404	1.374565	0.08076466	0.478895	0.521105	3.524527
15852	-2584.135	-2792.901	208.7655	1.260895	0.05475491	0.478895	0.521105	4.504045
15858	-2560.186	-2768.31	208.124	1.218881	0.06162375	0.550158	0.449842	4.867567
15864	-2563.325	-2774.023	210.6985	1.340861	0.08748178	0.501936	0.498064	3.257748
15870	-2563.325	-2773.809	210.4843	1.661104	0.06850073	0.608795	0.391205	3.247134
15876	-2588.133	-2799.664	211.5316	1.374059	0.09744491	0.608795	0.391205	2.710921
15882	-2589.206	-2797.727	208.5212	1.147892	0.0573105	0.518398	0.481602	4.697332
15888	-2584.51	-2792.926	208.4161	1.147892	0.07915875	0.50396	0.49604	4.697332
15894	-2597.196	-2806.008	208.8118	1.097006	0.1128643	0.50396	0.49604	4.421948
15900	-2598.7	-2807.114	208.414	1.069229	0.1007697	0.619742	0.380258	4.689012
15906	-2605.741	-2815.933	210.1921	1.07985	0.07312639	0.607129	0.392871	3.744045
15912	-2593.031	-2802.407	209.3758	1.231589	0.1176448	0.610237	0.389763	4.014823
15918	-2596.916	-2805.473	208.5577	1.231589	0.1116239	0.551927	0.448073	4.492048
15924	-2585.291	-2795.239	209.9483	1.24576	0.09056898	0.482438	0.517562	3.742959
15930	-2582.012	-2792.051	210.0393	1.320615	0.05547943	0.499178	0.500822	3.742959
15936	-2576.098	-2785.665	209.5672	1.18485	0.09591672	0.499178	0.500822	3.983458
15942	-2580.239	-2787.881	207.6421	1.039461	0.08124708	0.563362	0.436638	5.182906
15948	-2569.239	-2778.634	209.3951	1.129352	0.08225579	0.520796	0.479204	4.14775
15954	-2576.861	-2785.174	208.3126	1.129352	0.08288936	0.520796	0.479204	4.755971
15960	-2581.145	-2790.901	209.7558	1.172395	0.08288936	0.615107	0.384893	3.91564
15966	-2581.239	-2791.699	210.46	1.109114	0.125359	0.615309	0.384691	3.441991
15972	-2575.2	-2784.677	209.4772	1.04069	0.1087766	0.577937	0.422063	4.086218
15978	-2585.589	-2794.683	209.0943	1.069105	0.0858966	0.602882	0.397118	4.343033
15984	-2590.013	-2799.13	209.117	1.205809	0.07399785	0.616808	0.383192	4.283908
15990	-2589.159	-2798.561	209.4016	1.056033	0.1117207	0.526047	0.473953	4.11372
15996	-2584.543	-2794.74	210.1972	1.309837	0.07250626	0.467949	0.532051	3.609704
16002	-2619.295	-2828.906	209.6115	1.173868	0.06144026	0.645004	0.354996	4.05554
16008	-2587.825	-2798.059	210.2342	1.301272	0.083761	0.645004	0.354996	3.562834
16014	-2590.245	-2799.251	209.0055	1.154019	0.07642049	0.529196	0.470804	4.369779
16020	-2595.597	-2806.978	211.3805	1.562589	0.09031998	0.494126	0.505874	2.70696
16026	-2582.433	-2793.466	211.0331	1.296257	0.06871165	0.705656	0.294344	3.137508
16032	-2591.418	-2801.455	210.0371	1.318752	0.07801934	0.669705	0.330295	3.682279
16038	-2589.888	-2798.946	209.0579	1.318752	0.07801934	0.481778	0.518222	4.242738
16044	-2596.23	-2805.241	209.0109	0.9854922	0.1085489	0.481778	0.518222	4.382404
16050	-2577.357	-2786.335	208.9782	0.9725747	0.1026252	0.673281	0.326719	4.421996
16056	-2573.903	-2782.535	208.632	1.12843	0.1026252	0.511811	0.488189	4.529162
16062	-2581.265	-2788.994	207.7287	0.9914571	0.05565719	0.395389	0.604611	5.229587
16068	-2582.239	-2791.892	209.6532	1.436966	0.05608152	0.52436	0.47564	3.896421
16074	-2568.82	-2776.349	207.5288	1.128196	0.05745712	0.520574	0.479426	5.259568
16080	-2581.243	-2789.286	208.0434	1.163411	0.08516303	0.409214	0.590786	4.881438
16086	-2586.332	-2794.646	208.314	1.134201	0.148457	0.491894	0.508106	4.605595
16092	-2576.872	-2786.498	209.6258	1.365192	0.08013469	0.625299	0.374701	3.886905
16098	-2591.68	-2801.397	209.7163	1.121371	0.1159143	0.653878	0.346122	3.886905
16104	-2587.404	-2796.483	209.0792	1.177974	0.07884638	0.613372	0.386628	4.308206
16110	-2588.065	-2796.5	208.4341	1.16369	0.06749084	0.511783	0.488217	4.709288
16116	-2577.33	-2785.758	208.428	1.093691	0.08372252	0.466635	0.533365	4.709288
16122	-2577.406	-2786.507	209.1016	1.017636	0.07549986	0.576765	0.423235	4.394933
16128	-2589.618	-2798.678	209.0595	0.9827215	0.09122395	0.662267	0.337733	4.398087
16134	-2590.595	-2799.906	209.3114	1.073713	0.09140432	0.654088	0.345912	4.203628
16140	-2593.057	-2802.386	209.3294	1.173681	0.0768495	0.56956	0.43044	4.17409
16146	-2587.006	-2795.352	208.3469	1.173681	0.0768495	0.68228	0.31772	4.72759
16152	-2586.219	-2793.234	207.0151	0.9725306	0.0803287	0.706022	0.293978	5.567831
16158	-2580.555	-2788.429	207.8742	1.077649	0.07010963	0.601623	0.398377	5.062093
16164	-2587.469	-2796.186	208.7167	0.9487763	0.07330577	0.543801	0.456199	4.655832
16170	-2574.475	-2780.925	206.4493	0.9566357	0.05709906	0.665095	0.334905	5.947432
16176	-2576.22	-2785.973	209.753	1.238628	0.1050491	0.588785	0.411215	3.823853
16182	-2580.29	-2789.947	209.6569	1.195192	0.08155314	0.698601	0.301399	3.962728
16188	-2571.62	-2781.202	209.5812	1.195192	0.09868791	0.564206	0.435794	3.962728
16194	-2568.34	-2779.33	210.9896	1.278177	0.08729228	0.552362	0.447638	3.122822
16200	-2580.17	-2791.614	211.4438	1.462956	0.06624975	0.533357	0.466643	2.797364
16206	-2596.036	-2807.317	211.2818	1.522422	0.06624975	0.585381	0.414619	2.859625
16212	-2582.79	-2793.223	210.4326	1.45774	0.04839503	0.700223	0.299777	3.455549
16218	-2586.344	-2797.705	211.3602	1.341219	0.06202815	0.585981	0.414019	2.934262
16224	-2586.107	-2795.357	209.2503	1.171936	0.06202815	0.500613	0.499387	4.260289
16230	-2604.237	-2815.504	211.2674	1.293282	0.09114398	0.651597	0.348403	2.937176
16236	-2584.764	-2795.172	210.4082	1.497084	0.1000917	0.651597	0.348403	3.304421
16242	-2602.777	-2813.399	210.6221	1.381326	0.1373198	0.52716	0.47284	3.1596
16248	-2595.349	-2805.238	209.8887	1.172039	0.07255232	0.535527	0.464473	3.867187
16254	-2602.106	-2811.019	208.9138	1.255073	0.09640114	0.636572	0.363428	4.31379
16260	-2603.779	-2812.862	209.0839	0.9026216	0.09112115	0.540106	0.459894	4.42977
16266	-2598.303	-2806.1	207.797	0.9005791	0.06177329	0.613105	0.386895	5.22532
16272	-2579.542	-2787.451	207.9088	0.9258021	0.08990074	0.650509	0.349491	5.076535
16278	-2582.677	-2791.826	209.1485	1.01406	0.09960982	0.483005	0.516995	4.309615
16284	-2602.503	-2811.399	208.8958	1.178795	0.07517378	0.627467	0.372533	4.421008
16290	-2580.876	-2791.613	210.7363	1.192586	0.0897205	0.700944	0.299056	3.317005
16296	-2577.927	-2785.998	208.0703	1.014684	0.09286129	0.676652	0.323348	4.930246
16302	-2587.378	-2796.52	209.142	1.008447	0.1064408	0.559939	0.440061	4.300279
16308	-2582.284	-2791.532	209.2487	1.106857	0.1065926	0.601888	0.398112	4.183664
16314	-2574.586	-2784.597	210.0113	1.053	0.1278621	0.531965	0.468035	3.729752
16320	-2582.236	-2792.718	210.4827	1.298664	0.05899193	0.643272	0.356728	3.488245
16326	-2606.127	-2816.315	210.1882	1.200946	0.09882417	0.506373	0.493627	3.609331
16332	-2594.977	-2805.697	210.7194	1.408091	0.07600241	0.523894	0.476106	3.236666
16338	-2586.18	-2796.333	210.1532	1.097927	0.09568349	0.656834	0.343166	3.697076
16344	-2581.003	-2789.614	208.6113	1.014531	0.1312303	0.597974	0.402026	4.541005
16350	-2586.154	-2796.978	210.824	1.371498	0.09273763	0.511066	0.488934	3.151501
16356	-2581.401	-2792.901	211.4998	1.344425	0.09066291	0.616257	0.383743	2.766506
16362	-2584.272	-2794.538	210.2656	1.263534	0.09849747	0.457979	0.542021	3.528769
16368	-2572.984	-2783.235	210.2511	1.263534	0.1019182	0.624732	0.375268	3.528769
16374	-2585.844	-2795.372	209.5282	0.9900688	0.05607914	0.492967	0.507033	4.222575
16380	-2580.332	-2787.863	207.5317	1.029417	0.09832496	0.676188	0.323812	5.207705
16386	-2581.565	-2789.146	207.5809	1.034159	0.08113866	0.498707	0.501293	5.220007
16392	-2579.528	-2789.045	209.5165	1.145516	0.09830759	0.595819	0.404181	4.028993
16398	-2580.448	-2789.823	209.375	1.161048	0.1296981	0.726837	0.273163	4.028993
16404	-2578.455	-2787.767	209.3123	0.9949609	0.1219304	0.617092	0.382908	4.1762
16410	-2577.848	-2787.148	209.3001	1.126997	0.08796309	0.647028	0.352972	4.188439
16416	-2579.134	-2786.517	207.3828	0.9151891	0.08948065	0.630776	0.369224	5.374274
16422	-2580.703	-2787.865	207.1619	1.123476	0.09233852	0.619485	0.380515	5.374274
16428	-2592.933	-2800.574	207.6413	1.121352	0.06875336	0.670012	0.329988	5.170539
16434	-2577.981	-2786.252	208.2708	0.9503633	0.0772457	0.540919	0.459081	4.893654
16440	-2598.734	-2805.693	206.9584	0.9833304	0.09939177	0.658075	0.341925	5.546689
16446	-2605.957	-2813.331	207.3742	1.103614	0.08723276	0.482216	0.517784	5.280584
16452	-2585.805	-2794.465	208.6595	1.103614	0.09075386	0.682113	0.317887	4.556346
16458	-2594.989	-2803.941	208.9517	1.199378	0.05511362	0.589153	0.410847	4.432853
16464	-2581.574	-2790.467	208.8937	1.211501	0.06438499	0.556461	0.443539	4.432853
16470	-2593.374	-2804.127	210.7527	1.213491	0.07663273	0.539196	0.460804	3.330114
16476	-2588.364	-2797.72	209.3553	1.175919	0.08791634	0.565293	0.434707	4.12938
16482	-2581.036	-2789.857	208.8209	1.128764	0.07117823	0.640165	0.359835	4.501961
16488	-2584.737	-2793.469	208.7322	1.105531	0.0771077	0.481396	0.518604	4.549179
16494	-2582.204	-2791.491	209.2866	1.16576	0.1108046	0.577369	0.422631	4.118848
16500	-2592.377	-2801.802	209.4247	1.091256	0.1436079	0.54321	0.45679	4.011257
16506	-2579.972	-2789.836	209.8643	1.148159	0.08482626	0.678712	0.321288	3.862244
16512	-2592.94	-2804.075	211.1358	1.378289	0.08349596	0.46429	0.53571	2.985783
16518	-2583.09	-2793.377	210.2874	1.198561	0.07204783	0.46429	0.53571	3.6232
16524	-2594.485	-2802.577	208.0922	1.106117	0.069622	0.592025	0.407975	4.926454
16530	-2592.551	-2800.614	208.0633	1.113262	0.07419563	0.64811	0.35189	4.926454
16536	-2600.582	-2809.102	208.5205	1.055037	0.07511204	0.705361	0.294639	4.701431
16542	-2599.728	-2807.992	208.2645	1.363779	0.06301015	0.403444	0.596556	4.704434
16548	-2592.361	-2802.191	209.8299	1.32719	0.07496119	0.488986	0.511014	3.805226
16554	-2573.383	-2781.364	207.9808	1.107217	0.07611551	0.488986	0.511014	4.970666
16560	-2572.306	-2781.03	208.7236	1.167935	0.09209856	0.619635	0.380365	4.480835
16566	-2574.673	-2783.611	208.9376	1.089037	0.06303766	0.697824	0.302176	4.480835
16572	-2594.844	-2803.709	208.8653	1.125043	0.0770343	0.74443	0.25557	4.46356
16578	-2597.41	-2805.3	207.8898	1.03885	0.07651878	0.689427	0.310573	5.058132
16584	-2581.253	-2790.507	209.2548	1.002165	0.09130038	0.476993	0.523007	4.276525
16590	-2587.432	-2797.283	209.8503	1.224292	0.08290871	0.635862	0.364138	3.831552
16596	-2584.99	-2794.319	209.3291	1.355241	0.06266276	0.575731	0.424269	4.109668
16602	-2584.286	-2794.375	210.0889	1.332222	0.1254556	0.486047	0.513953	3.528152
16608	-2578.544	-2788.963	210.4191	1.332222	0.1090472	0.617811	0.382189	3.373042
16614	-2587.167	-2796.181	209.0141	1.178339	0.08963591	0.495336	0.504664	4.317185
16620	-2596.413	-2804.733	208.3193	1.180113	0.09184653	0.687333	0.312667	4.70147
16626	-2578.824	-2787.833	209.0091	0.9829594	0.08240729	0.612864	0.387136	4.448654
16632	-2599.238	-2809.662	210.424	1.51622	0.06032126	0.56705	0.43295	3.391454
16638	-2592.734	-2803.297	210.5627	1.486059	0.08100472	0.581736	0.418264	3.269532
16644	-2586.268	-2795.867	209.5985	1.137677	0.07618105	0.566873	0.433127	4.043176
16650	-2602.255	-2811.56	209.3046	1.038589	0.1416893	0.68348	0.31652	4.11366
16656	-2593.102	-2802.3	209.1976	1.046492	0.08298413	0.659899	0.340101	4.304853
16662	-2571.183	-2778.476	207.2934	1.020721	0.087661	0.702221	0.297779	5.369859
16668	-2577.059	-2785.218	208.159	1.078481	0.06459671	0.415504	0.584496	4.918159
16674	-2579.348	-2789.841	210.4932	1.182027	0.07931489	0.634546	0.365454	3.493238
16680	-2582.021	-2791.884	209.8634	1.032748	0.1209072	0.695093	0.304907	3.842052
16686	-2588.084	-2798.102	210.0181	1.350494	0.1252217	0.645053	0.354947	3.559255
16692	-2586.282	-2795.254	208.9718	0.9804177	0.08526814	0.501222	0.498778	4.463771
16698	-2582.082	-2791.03	208.9477	0.9810716	0.07710465	0.501222	0.498778	4.498002
16704	-2578.252	-2787.038	208.7859	1.009933	0.1074269	0.569548	0.430452	4.498002
16710	-2574.725	-2783.512	208.7867	1.009153	0.1074269	0.58919	0.41081	4.498002
16716	-2578.705	-2789.813	211.1078	1.323232	0.0974489	0.635238	0.364762	2.99863
16722	-2584.337	-2794.527	210.1903	1.147772	0.1187124	0.494071	0.505929	3.591671
16728	-2569.895	-2778.689	208.7946	1.135725	0.1137707	0.591583	0.408417	4.407756
16734	-2585.667	-2796.23	210.5633	1.316694	0.07674475	0.591583	0.408417	3.380412
16740	-2585.247	-2796.113	210.8665	1.292443	0.07618094	0.472637	0.527363	3.217573
16746	-2589.198	-2798.873	209.6746	1.170413	0.09264836	0.608113	0.391887	3.938388
16752	-2597.778	-2807.565	209.7873	1.19168	0.09706608	0.59732	0.40268	3.850512
16758	-2591.138	-2800.935	209.7979	1.19168	0.09460995	0.560358	0.439642	3.850512
16764	-2585.462	-2795.301	209.8386	1.1293	0.09966836	0.560358	0.439642	3.850512
16770	-2589.881	-2798.957	209.0756	1.148026	0.1008495	0.58427	0.41573	4.272069
16776	-2579.927	-2787.027	207.1003	1.19202	0.06773909	0.540423	0.459577	5.432906
16782	-2593.181	-2802.932	209.7513	1.421443	0.05210692	0.516083	0.483917	3.860409
16788	-2601.067	-2811.005	209.9382	1.347757	0.06550246	0.563364	0.436636	3.757079
16794	-2607.422	-2816.971	209.5494	1.566551	0.07825092	0.664844	0.335156	3.820076
16800	-2597.702	-2808.881	211.1795	1.25603	0.1068714	0.613114	0.386886	2.972125
16806	-2592.978	-2804.109	211.131	1.22477	0.07694872	0.595189	0.404811	3.098505
16812	-2596.985	-2807.089	210.1042	1.22477	0.1366458	0.582912	0.417088	3.557309
16818	-2593.892	-2802.896	209.0044	1.051433	0.1187943	0.582912	0.417088	4.325592
16824	-2593.619	-2802.189	208.5704	1.02485	0.1118406	0.565088	0.434912	4.600592
16830	-2592.736	-2800.404	207.6672	1.212539	0.08515146	0.65072	0.34928	5.063271
16836	-2600.875	-2808.522	207.6469	1.073798	0.1011101	0.567968	0.432032	5.112833
16842	-2593.756	-2801.453	207.6968	1.098392	0.09219519	0.553878	0.446122	5.092789
16848	-2587.385	-2797.353	209.9679	1.098392	0.09685455	0.463756	0.536244	3.800853
16854	-2587.856	-2795.939	208.0827	1.167698	0.09493774	0.441732	0.558268	4.833067
16860	-2603.453	-2812.823	209.3701	1.048431	0.09689887	0.681559	0.318441	4.171085
16866	-2590.256	-2800.034	209.7777	1.250714	0.08526321	0.562921	0.437079	3.851997
16872	-2590.514	-2800.562	210.0479	1.276562	0.1117039	0.655423	0.344577	3.61584
16878	-2593.967	-2804.413	210.4459	1.013826	0.08036169	0.60678	0.39322	3.61584
16884	-2585.671	-2793.875	208.2047	1.061631	0.06920785	0.504239	0.495761	4.889698
16890	-2585.766	-2795.493	209.7269	1.061631	0.08235824	0.637126	0.362874	3.997
16896	-2596.901	-2806.659	209.7581	1.158476	0.05565847	0.661199	0.338801	3.997
16902	-2580.867	-2790.481	209.614	1.184096	0.04914175	0.534018	0.465982	4.083236
16908	-2582.452	-2792.585	210.1332	1.302746	0.09509693	0.629124	0.370876	3.59147
16914	-2585.401	-2795.308	209.9068	1.167695	0.06979524	0.525761	0.474239	3.866839
16920	-2589.328	-2799.1	209.7716	1.285164	0.07352941	0.677538	0.322462	3.866839
16926	-2585.223	-2794.087	208.8636	1.198597	0.0945131	0.465279	0.534721	4.37871
16932	-2567.865	-2777.292	209.4269	1.108273	0.06895301	0.515446	0.484554	4.177136
16938	-2576.127	-2784.323	208.1957	0.8858616	0.08223544	0.439563	0.560437	4.958521
16944	-2591.653	-2799.566	207.9138	0.8866611	0.08721369	0.45983	0.54017	5.102112
16950	-2586.844	-2793.789	206.9457	0.9994233	0.06068096	0.718171	0.281829	5.642671
16956	-2578.029	-2786.903	208.8748	1.067968	0.08182005	0.530304	0.469696	4.477914
16962	-2580.955	-2791.147	210.1921	1.147237	0.08166592	0.530304	0.469696	3.682162
16968	-2579.022	-2788.009	208.9867	1.186123	0.07988394	0.601434	0.398566	4.353188
16974	-2581.047	-2790.506	209.4595	1.338968	0.08478412	0.64068	0.35932	3.985019
16980	-2586.364	-2795.678	209.3149	1.234953	0.07018985	0.437352	0.562648	4.165415
16986	-2586.517	-2795.873	209.3568	1.192114	0.09409735	0.598432	0.401568	4.10382
16992	-2589.243	-2799.123	209.8798	1.179058	0.09409735	0.510272	0.489728	3.811977
16998	-2595.031	-2803.897	208.8663	0.9633355	0.1056478	0.551266	0.448734	4.483163
17004	-2594.997	-2801.545	206.548	0.9283911	0.07595938	0.481952	0.518048	5.859086
17010	-2581.088	-2790.565	209.4772	1.132554	0.05492593	0.581104	0.418896	4.173865
17016	-2594.61	-2802.41	207.8003	0.969844	0.111301	0.664134	0.335866	5.062025
17022	-2600.252	-2809.669	209.4176	1.131964	0.06658223	0.585424	0.414576	4.175443
17028	-2593.861	-2804.287	210.4257	1.416383	0.08150547	0.562028	0.437972	3.389745
17034	-2593.484	-2803.569	210.0853	1.159961	0.0785169	0.562028	0.437972	3.744848
17040	-2592.109	-2803.151	211.0414	1.320173	0.08155275	0.562028	0.437972	3.082367
17046	-2599.218	-2807.489	208.2709	1.309764	0.05218345	0.576028	0.423972	4.761121
17052	-2599.825	-2808.95	209.1256	1.136083	0.09239817	0.572387	0.427613	4.271131
17058	-2594.51	-2803.278	208.7686	1.215216	0.05483672	0.465082	0.534918	4.527776
17064	-2583.81	-2793.395	209.585	1.171877	0.0686855	0.60226	0.39774	4.05166
17070	-2575.027	-2783.07	208.0437	1.162347	0.06811933	0.60226	0.39774	4.926151
17076	-2573.775	-2782.703	208.9274	1.162347	0.06438107	0.503968	0.496032	4.441587
17082	-2591.457	-2800.717	209.2605	1.046505	0.1007676	0.732543	0.267457	4.225008
17088	-2578.319	-2788.348	210.0285	1.024394	0.1160759	0.573434	0.426566	3.762757
17094	-2588.077	-2798.722	210.6452	1.353629	0.07482122	0.625228	0.374772	3.315905
17100	-2589.174	-2798.01	208.8357	1.148975	0.08636967	0.494319	0.505681	4.442678
17106	-2590.482	-2800.751	210.2689	1.148975	0.1213012	0.494319	0.505681	3.539408
17112	-2601.744	-2811.282	209.538	0.990441	0.08481832	0.639004	0.360996	4.138893
17118	-2582.1	-2791.469	209.3685	1.025099	0.1166668	0.639004	0.360996	4.138893
17124	-2577.129	-2786.586	209.4566	1.085603	0.08179013	0.603777	0.396223	4.138893
17130	-2590.01	-2799.479	209.4691	1.020893	0.08496549	0.550925	0.449075	4.160339
17136	-2595.311	-2805.051	209.7398	1.131153	0.1383227	0.550925	0.449075	3.818714
17142	-2574.903	-2784.678	209.7747	1.180145	0.1162944	0.550925	0.449075	3.818714
17148	-2582.676	-2792.089	209.4128	1.174852	0.08203802	0.598783	0.401217	4.112372
17154	-2587.313	-2796.786	209.4731	1.086985	0.08815655	0.562895	0.437105	4.112372
17160	-2588.26	-2797.013	208.753	1.086985	0.1161149	0.663427	0.336573	4.453367
17166	-2580.806	-2789.47	208.6647	1.220218	0.0924952	0.611222	0.388778	4.483593
17172	-2584.129	-2793.496	209.3674	1.283476	0.09043378	0.662546	0.337454	4.054899
17178	-2584.83	-2794.225	209.3941	1.158199	0.05870818	0.592968	0.407032	4.195804
17184	-2588.731	-2798.429	209.6976	1.158199	0.05113746	0.560674	0.439326	4.044643
17190	-2580.787	-2790.581	209.7936	0.983948	0.1018263	0.506439	0.493561	3.954426
17196	-2574.839	-2785.231	210.3917	1.153348	0.07875164	0.57466	0.42534	3.570633
17202	-2575.791	-2785.479	209.6883	1.312634	0.06341503	0.55077	0.44923	3.926748
17208	-2576.454	-2786.432	209.9781	1.2	0.05816808	0.701485	0.298515	3.83994
17214	-2577.532	-2787.699	210.1663	1.220833	0.05555922	0.554448	0.445552	3.72702
17220	-2574.429	-2784.709	210.2807	1.137438	0.06343513	0.554448	0.445552	3.686574
17226	-2575.22	-2784.178	208.9577	0.905787	0.1053205	0.662139	0.337861	4.464836
17232	-2568.988	-2779.35	210.3622	1.087084	0.07753109	0.551885	0.448115	3.629495
17238	-2580.823	-2789.04	208.2174	1.111759	0.05378944	0.539858	0.460142	4.896888
17244	-2595.957	-2806.279	210.3221	1.079965	0.05378944	0.565387	0.434613	3.723484
17250	-2593.235	-2802.684	209.4495	1.146395	0.0854617	0.595355	0.404645	4.098858
17256	-2604.494	-2813.429	208.935	1.05009	0.08881858	0.655778	0.344222	4.436296
17262	-2588.979	-2798.797	209.8175	1.419208	0.07129583	0.691075	0.308925	3.769399
17268	-2594.813	-2806.601	211.7877	1.263799	0.09397089	0.545199	0.454801	2.630441
17274	-2598.741	-2808.953	210.2123	1.233017	0.1138036	0.582765	0.417235	3.540657
17280	-2582.205	-2792.272	210.0671	1.233017	0.09397523	0.532979	0.467021	3.67304
17286	-2585.76	-2795.462	209.7016	1.120728	0.09454561	0.532979	0.467021	3.946623
17292	-2580.085	-2789.366	209.2813	1.219097	0.05533489	0.630709	0.369291	4.234781
17298	-2582.479	-2793.366	210.8868	1.41277	0.0842602	0.538216	0.461784	3.112009
17304	-2577.401	-2786.553	209.1513	1.151708	0.09299482	0.525463	0.474537	4.246263
17310	-2592.641	-2801.795	209.1547	1.249642	0.07809103	0.571949	0.428051	4.226839
17316	-2577.398	-2786.104	208.7056	1.106308	0.0728926	0.666613	0.333387	4.574842
17322	-2578.175	-2786.481	208.3062	1.138343	0.09627902	0.401476	0.598524	4.721357
17328	-2580.106	-2790.079	209.9727	1.138343	0.08810117	0.688838	0.311162	3.797108
17334	-2581.743	-2791.924	210.1811	1.357552	0.05512854	0.550004	0.449996	3.640609
17340	-2583.696	-2794.232	210.5358	1.357552	0.05512854	0.610501	0.389499	3.434035
17346	-2596.41	-2805.668	209.258	1.280805	0.06701985	0.658137	0.341863	4.180347
17352	-2585.805	-2796.592	210.7864	1.254323	0.1091079	0.591274	0.408726	3.202213
17358	-2603.102	-2813.591	210.4896	1.254323	0.1251567	0.598684	0.401316	3.339891
17364	-2574.405	-2784.605	210.2009	1.336247	0.09159273	0.597588	0.402412	3.541493
17370	-2579.363	-2787.967	208.604	1.137755	0.1028393	0.551833	0.448167	4.53916
17376	-2586.207	-2795.892	209.6851	1.227516	0.08245159	0.551833	0.448167	3.925756
17382	-2575.884	-2785.339	209.4547	1.169842	0.05433274	0.493656	0.506344	4.167153
17388	-2589.12	-2798.998	209.8782	1.145912	0.05585752	0.607304	0.392696	3.934897
17394	-2579.555	-2788.822	209.2669	1.145912	0.06947291	0.700988	0.299012	4.245118
17400	-2585.018	-2794.412	209.394	1.159056	0.06900876	0.679116	0.320884	4.166788
17406	-2578.298	-2787.166	208.8683	1.158297	0.09345369	0.512	0.488	4.401367
17412	-2587.173	-2797.733	210.5605	1.153545	0.077241	0.704276	0.295724	3.476235
17418	-2578.567	-2788.286	209.7192	1.118927	0.1135328	0.540914	0.459086	3.892116
17424	-2571.177	-2780.787	209.6099	1.26402	0.1047764	0.594561	0.405439	3.892116
17430	-2599.481	-2809.803	210.3212	1.295636	0.04437677	0.589422	0.410578	3.626471
17436	-2585.21	-2792.823	207.6133	1.167514	0.0355295	0.517826	0.482174	5.251114
17442	-2589.029	-2794.266	205.237	1.121531	0.07532541	0.680038	0.319962	6.469004
17448	-2573.203	-2781.555	208.3516	1.237357	0.0540312	0.555288	0.444712	4.751294
17454	-2611.151	-2818.066	206.9153	1.07937	0.1152737	0.547693	0.452307	5.481562
17460	-2580.594	-2787.842	207.2479	1.099873	0.05942436	0.569645	0.430355	5.424737
17466	-2585.022	-2794.618	209.596	1.160755	0.07842079	0.489709	0.510291	4.0255
17472	-2581.221	-2789.201	207.9808	1.16306	0.07722798	0.489709	0.510291	4.936701
17478	-2593.849	-2802.904	209.0556	1.139718	0.07660303	0.489709	0.510291	4.349099
17484	-2586.562	-2796.817	210.2552	1.272189	0.08299565	0.596603	0.403397	3.569567
17490	-2587.486	-2796.464	208.9778	1.014163	0.09498262	0.614873	0.385127	4.417153
17496	-2594.511	-2803.426	208.9155	1.072755	0.09584585	0.717202	0.282798	4.417153
17502	-2609.049	-2818.393	209.3433	1.331701	0.1157963	0.50891	0.49109	3.980362
17508	-2598.193	-2805.597	207.4047	0.9350187	0.1422068	0.535764	0.464236	5.234991
17514	-2602.29	-2811.21	208.9197	1.195262	0.08651838	0.597081	0.402919	4.368846
17520	-2596.832	-2806.125	209.2932	0.9662946	0.1241609	0.511511	0.488489	4.198382
17526	-2599.653	-2809.011	209.3578	1.007671	0.09065679	0.633966	0.366034	4.216618
17532	-2597.561	-2807.759	210.198	1.055432	0.09395797	0.630327	0.369673	3.700106
17538	-2594.727	-2804.049	209.3218	1.071523	0.09833401	0.629532	0.370468	4.181897
17544	-2586.019	-2796.838	210.8186	1.398528	0.07523055	0.524062	0.475938	3.185749
17550	-2582.614	-2793.325	210.7114	1.398528	0.0811196	0.442925	0.557075	3.233029
17556	-2570.787	-2779.701	208.914	1.334516	0.07782039	0.482635	0.517365	4.315828
17562	-2587.354	-2797.159	209.8054	1.191766	0.09655017	0.629631	0.370369	3.841356
17568	-2575.626	-2786.007	210.381	1.191766	0.09650588	0.685351	0.314649	3.508295
17574	-2579.752	-2789.718	209.9652	1.294016	0.1326516	0.534469	0.465531	3.606475
17580	-2588.862	-2797.992	209.1299	1.274832	0.08874697	0.577761	0.422239	4.199179
17586	-2584.27	-2794.178	209.9075	1.161409	0.1020719	0.577761	0.422239	3.786534
17592	-2602.711	-2811.567	208.8559	1.113042	0.1252848	0.676821	0.323179	4.360456
17598	-2581.753	-2791.314	209.5618	1.181968	0.07205207	0.635498	0.364502	4.049965
17604	-2580.813	-2788.479	207.6656	1.030884	0.08558162	0.589058	0.410942	5.163742
17610	-2584.82	-2793.091	208.2713	1.154673	0.05102473	0.589058	0.410942	4.850698
17616	-2583.748	-2791.843	208.0951	1.163483	0.08590944	0.531561	0.468439	4.850698
17622	-2590.662	-2800.563	209.9007	1.155242	0.1255729	0.518368	0.481632	3.739637
17628	-2594.59	-2804.007	209.4173	1.158157	0.06765767	0.710497	0.289503	4.157743
17634	-2594.822	-2803.083	208.2606	0.9800039	0.101365	0.489125	0.510875	4.823157
17640	-2584.522	-2793.04	208.518	1.204551	0.09135372	0.497238	0.502762	4.577631
17646	-2579.684	-2789.624	209.9405	1.1446	0.08291865	0.59435	0.40565	3.825479
17652	-2589.488	-2798.025	208.5371	1.116394	0.08101853	0.597606	0.402394	4.642383
17658	-2597.498	-2806.039	208.5408	1.092595	0.08544646	0.702904	0.297096	4.642383
17664	-2577.767	-2787.662	209.8949	1.182369	0.1075442	0.460037	0.539963	3.768581
17670	-2588.078	-2798.135	210.057	1.183373	0.07081643	0.595703	0.404297	3.768581
17676	-2603.101	-2812.179	209.0777	1.063747	0.1035895	0.451869	0.548131	4.312058
17682	-2591.37	-2802.243	210.8731	1.441575	0.05375968	0.570836	0.429164	3.189899
17688	-2578.216	-2787.644	209.4277	1.400654	0.05375968	0.570836	0.429164	4.052797
17694	-2585.862	-2795.266	209.4045	1.11517	0.1230635	0.411534	0.588466	4.052797
17700	-2590.39	-2800.511	210.1214	1.156769	0.1278994	0.580797	0.419203	3.605847
17706	-2580.862	-2790.058	209.1957	1.154657	0.07852816	0.47345	0.52655	4.256307
17712	-2583.861	-2792.534	208.6734	1.128417	0.1012073	0.631209	0.368791	4.509253
17718	-2570.054	-2779.025	208.971	1.108526	0.08235202	0.631209	0.368791	4.399475
17724	-2572.873	-2781.936	209.0637	1.087557	0.06710181	0.628539	0.371461	4.399475
17730	-2571.061	-2780.488	209.4273	1.062434	0.06590175	0.617646	0.382354	4.211248
17736	-2579.806	-2788.593	208.7872	1.358106	0.05449859	0.551758	0.448242	4.437855
17742	-2582.857	-2792.995	210.1376	1.325759	0.07443577	0.597396	0.402604	3.629717
17748	-2582.603	-2793.379	210.776	1.316084	0.07259965	0.596944	0.403056	3.267066
17754	-2599.074	-2806.725	207.6512	1.248837	0.09035592	0.608817	0.391183	5.039104
17760	-2579.052	-2789.614	210.5617	1.364814	0.0859653	0.555485	0.444515	3.328288
17766	-2588.571	-2798.004	209.4331	1.354351	0.06737098	0.663869	0.336131	4.037825
17772	-2595.27	-2805.344	210.0742	1.268362	0.04558766	0.495817	0.504183	3.78155
17778	-2592.447	-2801.345	208.8985	1.011065	0.08813785	0.615502	0.384498	4.480538
17784	-2590.43	-2799.694	209.2636	1.235885	0.07885288	0.615502	0.384498	4.170872
17790	-2590.129	-2799.646	209.5176	1.235885	0.06290466	0.472304	0.527696	4.069577
17796	-2594.241	-2804.721	210.4794	1.225148	0.05740269	0.552107	0.447893	3.537637
17802	-2592.63	-2801.788	209.1579	1.248253	0.100623	0.552107	0.447893	4.16911
17808	-2586.271	-2796.192	209.9204	1.21737	0.0827246	0.627731	0.372269	3.795661
17814	-2582.333	-2793.908	211.5755	1.291378	0.1248379	0.579248	0.420752	2.66643
17820	-2577.027	-2788.489	211.4616	1.307893	0.09833558	0.579248	0.420752	2.791777
17826	-2567.431	-2777.972	210.5403	1.273053	0.09625986	0.605298	0.394702	3.368164
17832	-2573.374	-2782.998	209.6245	1.210729	0.08626016	0.565714	0.434286	3.960195
17838	-2577.722	-2787.369	209.6469	1.179528	0.08821727	0.672547	0.327453	3.960195
17844	-2594.034	-2802.103	208.0692	1.050962	0.05920687	0.500027	0.499973	4.998141
17850	-2591.524	-2800.585	209.061	1.023477	0.1268177	0.561605	0.438395	4.291838
17856	-2585.173	-2794.426	209.2526	1.023725	0.110647	0.51741	0.48259	4.219227
17862	-2590.047	-2798.042	207.9951	0.9338932	0.06988622	0.609451	0.390549	5.075343
17868	-2592.806	-2800.431	207.6252	0.9881572	0.06976163	0.595939	0.404061	5.250444
17874	-2589.197	-2798.856	209.6586	1.374188	0.06854606	0.430439	0.569561	3.894193
17880	-2584.777	-2795.291	210.5145	1.305145	0.1125551	0.470654	0.529346	3.324529
17886	-2587.025	-2797.673	210.648	1.376517	0.06637191	0.546046	0.453954	3.324529
17892	-2581.37	-2792.211	210.8404	1.428252	0.1109097	0.632554	0.367446	3.062243
17898	-2578.727	-2789.553	210.826	1.418141	0.07021646	0.572635	0.427365	3.183856
17904	-2571.706	-2780.943	209.2374	1.191593	0.1114609	0.471819	0.528181	4.130625
17910	-2579.832	-2790.002	210.1705	1.257851	0.1102917	0.607048	0.392952	3.55878
17916	-2572.79	-2781.585	208.7953	1.231107	0.1194968	0.55972	0.44028	4.340665
17922	-2574.17	-2783.939	209.7689	1.099971	0.1121354	0.55972	0.44028	3.877724
17928	-2561.764	-2770.781	209.0167	1.038117	0.1116497	0.55972	0.44028	4.342281
17934	-2578.23	-2787.681	209.4511	1.103432	0.08133262	0.574785	0.425215	4.133063
17940	-2601.321	-2811.108	209.7864	1.301425	0.06561662	0.604341	0.395659	3.870772
17946	-2595.413	-2805.106	209.6925	1.325297	0.08040043	0.55683	0.44317	3.870772
17952	-2582.81	-2791.985	209.1758	1.104276	0.08040043	0.490974	0.509026	4.291216
17958	-2576.172	-2784.951	208.7791	0.9764904	0.08306846	0.506185	0.493815	4.579886
17964	-2570.579	-2777.837	207.2575	0.8970879	0.07298319	0.506185	0.493815	5.494869
17970	-2585.849	-2793.097	207.2483	0.9242249	0.0692258	0.468118	0.531882	5.494869
17976	-2586.866	-2795.277	208.411	0.9769965	0.1115922	0.769689	0.230311	4.717247
17982	-2589.958	-2798.706	208.7479	1.138232	0.05686272	0.580512	0.419488	4.576954
17988	-2602.674	-2813.596	210.9228	1.149518	0.1028172	0.573005	0.426995	3.198935
17994	-2587.521	-2798.457	210.9359	1.157548	0.09784221	0.569409	0.430591	3.198935
18000	-2592.162	-2800.109	207.947	1.054729	0.0718302	0.620164	0.379836	5.029823
18006	-2598.353	-2806.738	208.3849	0.9264132	0.1177136	0.584245	0.415755	4.746433
18012	-2596.457	-2804.923	208.466	0.9821353	0.1095518	0.504049	0.495951	4.688251
18018	-2577.659	-2787.697	210.0376	1.14809	0.1023459	0.449313	0.550687	3.718505
18024	-2595.769	-2803.405	207.6359	0.9297071	0.09463238	0.592464	0.407536	5.214044
18030	-2585.525	-2795.166	209.6403	1.25418	0.07240005	0.625135	0.374865	3.962917
18036	-2584.264	-2794.847	210.5836	1.215028	0.1373475	0.41507	0.58493	3.280713
18042	-2587.143	-2794.532	207.389	1.01111	0.07436946	0.741462	0.258538	5.356051
18048	-2574.802	-2783.707	208.9049	1.085943	0.09792075	0.610921	0.389079	4.410674
18054	-2575.872	-2784.857	208.9849	1.126878	0.07968168	0.684392	0.315608	4.388186
18060	-2593.299	-2803.013	209.7142	0.9759641	0.0791979	0.646565	0.353435	4.061408
18066	-2603.991	-2812.628	208.6366	0.8894602	0.1271541	0.726229	0.273771	4.605664
18072	-2598.161	-2808.032	209.8711	1.331902	0.07175517	0.673655	0.326345	3.787565
18078	-2579.681	-2789.636	209.9554	1.158759	0.1084075	0.591634	0.408366	3.745308
18084	-2581.456	-2791.254	209.7984	1.384774	0.10111	0.735014	0.264986	3.722953
18090	-2584.278	-2796.026	211.7476	1.414138	0.1072045	0.707821	0.292179	2.527286
18096	-2583.578	-2793.13	209.5517	1.215029	0.1049973	0.707821	0.292179	3.953034
18102	-2599.4	-2810.438	211.0381	1.215029	0.1017131	0.592919	0.407081	3.094238
18108	-2589.648	-2797.703	208.0545	1.220178	0.0818466	0.487451	0.512549	4.852021
18114	-2609.473	-2817.187	207.7135	1.013336	0.09401331	0.489333	0.510667	5.126285
18120	-2593.205	-2801.455	208.2502	1.042335	0.07356441	0.647319	0.352681	4.863513
18126	-2579.109	-2788.336	209.2272	1.081993	0.1075937	0.558906	0.441094	4.207663
18132	-2589.471	-2798.54	209.069	1.240143	0.1075937	0.596872	0.403128	4.207663
18138	-2588.842	-2797.364	208.5218	1.050949	0.1075937	0.584037	0.415963	4.62292
18144	-2586.207	-2796.149	209.9416	1.219592	0.07436122	0.582885	0.417115	3.80452
18150	-2596.299	-2804.111	207.8116	1.094723	0.07571301	0.686032	0.313968	5.072593
18156	-2597.434	-2805.29	207.8555	1.005778	0.08551692	0.558006	0.441994	5.072593
18162	-2597.079	-2804.984	207.9044	0.9492883	0.08720909	0.664084	0.335916	5.072593
18168	-2606.186	-2813.975	207.7898	1.266885	0.08847833	0.595363	0.404637	4.956719
18174	-2594.696	-2803.154	208.4584	1.043622	0.07261809	0.507528	0.492472	4.749131
18180	-2613.408	-2819.871	206.4631	0.9598606	0.07424135	0.466124	0.533876	5.892656
18186	-2596.269	-2803.547	207.2783	1.007614	0.05219971	0.657327	0.342673	5.478646
18192	-2596.974	-2806.235	209.2612	1.223562	0.06838947	0.471495	0.528505	4.207241
18198	-2591.772	-2800.979	209.2067	1.076656	0.1141358	0.521156	0.478844	4.207241
18204	-2572.067	-2780.411	208.3443	0.9973595	0.0780035	0.507997	0.492003	4.824506
18210	-2578.711	-2787.632	208.9216	1.171582	0.1251168	0.725081	0.274919	4.290608
18216	-2580.067	-2789.946	209.8788	1.329186	0.06715887	0.613093	0.386907	3.797352
18222	-2572.421	-2783.198	210.7775	1.192378	0.1081312	0.613093	0.386907	3.246512
18228	-2579.121	-2789.193	210.0712	1.189447	0.07580966	0.607334	0.392666	3.743298
18234	-2581.761	-2793.298	211.5364	1.37424	0.08795819	0.615894	0.384106	2.733276
18240	-2573.956	-2784.132	210.176	1.237481	0.08795819	0.488833	0.511167	3.622699
18246	-2577.444	-2787.73	210.2866	1.167523	0.07901848	0.405039	0.594961	3.622699
18252	-2579.085	-2788.966	209.8811	1.108059	0.05782579	0.427425	0.572575	3.949326
18258	-2591.174	-2801.128	209.9544	1.146007	0.1252827	0.534219	0.465781	3.714569
18264	-2583.961	-2793.107	209.1464	1.050793	0.07294675	0.554406	0.445594	4.357742
18270	-2601.989	-2808.271	206.2825	1.23833	0.1038283	0.591558	0.408442	5.7673
18276	-2590.229	-2800.786	210.5567	1.352368	0.07973573	0.569804	0.430196	3.355215
18282	-2599.598	-2810.23	210.6318	1.161495	0.1062336	0.427113	0.572887	3.355215
18288	-2588.326	-2798.98	210.6543	1.29496	0.1039818	0.548173	0.451827	3.268855
18294	-2582.325	-2793.416	211.091	1.2125	0.1158651	0.699018	0.300982	3.029484
18300	-2589.711	-2799.623	209.9126	1.177512	0.09227085	0.569457	0.430543	3.798574
18306	-2582.651	-2791.919	209.2682	1.177512	0.1129999	0.569457	0.430543	4.117536
18312	-2584.948	-2794.362	209.4132	1.177512	0.07940253	0.694783	0.305217	4.117536
18318	-2584.533	-2792.578	208.0454	0.9897603	0.1004261	0.52044	0.47956	4.939856
18324	-2607.949	-2815.791	207.8422	1.180219	0.09558441	0.584404	0.415596	4.958431
18330	-2582.598	-2791.794	209.1956	0.9918	0.1327418	0.649565	0.350435	4.22088
18336	-2582.511	-2792.007	209.4955	1.251132	0.07046943	0.614261	0.385739	4.0526
18342	-2574.723	-2783.87	209.1467	1.217698	0.06333094	0.537127	0.462873	4.289401
18348	-2574.665	-2785.146	210.4813	1.298047	0.1010984	0.50635	0.49365	3.375966
18354	-2574.041	-2783.88	209.8382	1.196349	0.08315752	0.503038	0.496962	3.853918
18360	-2580.058	-2790.216	210.1584	1.196349	0.07289919	0.657363	0.342637	3.696848
18366	-2576.373	-2783.674	207.3013	1.052991	0.04652717	0.729586	0.270414	5.456662
18372	-2578.516	-2786.805	208.2894	1.052991	0.085681	0.525702	0.474298	4.804503
18378	-2599.651	-2808.729	209.078	0.9588038	0.1088701	0.616482	0.383518	4.358874
18384	-2579.038	-2788.291	209.2528	1.104881	0.0982366	0.58149	0.41851	4.202364
18390	-2595.039	-2805.437	210.3984	1.061427	0.0950882	0.39617	0.60383	3.577622
18396	-2577.194	-2786.613	209.4185	1.126198	0.06001485	0.4525	0.5475	4.196443
18402	-2574.368	-2783.513	209.1445	1.225838	0.06791992	0.57935	0.42065	4.273433
18408	-2584.61	-2796.389	211.7796	1.336287	0.09027329	0.513953	0.486047	2.600628
18414	-2573.542	-2784.99	211.4477	1.297312	0.06821886	0.655518	0.344482	2.889719
18420	-2572.391	-2782.532	210.1418	1.094156	0.08471938	0.565107	0.434893	3.733831
18426	-2579.838	-2789.677	209.8396	1.128331	0.1159488	0.587673	0.412327	3.81199
18432	-2576.914	-2785.533	208.6186	1.090791	0.06887906	0.587673	0.412327	4.643059
18438	-2586.912	-2795.365	208.4531	1.090791	0.0538767	0.643742	0.356258	4.776922
18444	-2582.269	-2792.15	209.8803	1.120192	0.1014424	0.520335	0.479665	3.827441
18450	-2574.205	-2784.484	210.2789	1.278414	0.07867113	0.448525	0.551475	3.563685
18456	-2576.04	-2786.91	210.8703	1.272252	0.07867113	0.468022	0.531978	3.220426
18462	-2579.308	-2789.299	209.991	1.241319	0.09205376	0.511157	0.488843	3.717106
18468	-2582.387	-2790.646	208.2597	1.061045	0.0726218	0.633955	0.366045	4.850256
18474	-2583.122	-2791.77	208.6487	0.9015593	0.09774093	0.567096	0.432904	4.65872
18480	-2583.044	-2791.65	208.6065	1.116561	0.06437862	0.747967	0.252033	4.647593
18486	-2587.06	-2793.904	206.8435	0.8935086	0.05366726	0.476028	0.523972	5.775819
18492	-2581.924	-2790.473	208.5491	1.054167	0.1021279	0.628292	0.371708	4.618572
18498	-2577.487	-2786.466	208.9788	1.013692	0.1080805	0.58459	0.41541	4.38574
18504	-2574.844	-2783.191	208.3471	1.102565	0.08109196	0.519562	0.480438	4.756251
18510	-2575.603	-2783.977	208.3741	1.002486	0.1209745	0.555537	0.444463	4.702757
18516	-2581.85	-2790.299	208.4486	1.028107	0.09653067	0.626692	0.373308	4.702757
18522	-2580.296	-2789.373	209.0768	1.028107	0.1011581	0.497764	0.502236	4.338522
18528	-2578.876	-2784.975	206.0989	1.041633	0.04571757	0.552311	0.447689	6.12319
18534	-2567.632	-2775.934	208.302	1.014254	0.04571757	0.670605	0.329395	4.926603
18540	-2564.21	-2770.743	206.5328	1.150393	0.04946352	0.551727	0.448273	5.816816
18546	-2565.951	-2772.952	207.0015	1.000474	0.07773781	0.583106	0.416894	5.566507
18552	-2571.897	-2780.752	208.855	1.151043	0.06332896	0.583106	0.416894	4.491626
18558	-2563.379	-2771.075	207.6961	1.067971	0.07824446	0.419359	0.580641	5.144912
18564	-2572.694	-2780.525	207.8317	0.9944686	0.06518741	0.533873	0.466127	5.144912
18570	-2591.443	-2801.275	209.8318	1.133177	0.1214993	0.605718	0.394282	3.801134
18576	-2591.344	-2801.333	209.9889	1.173654	0.07531964	0.531484	0.468516	3.801134
18582	-2587.387	-2797.181	209.7938	1.183442	0.07267821	0.581126	0.418874	3.914769
18588	-2585.948	-2796.186	210.2374	1.169229	0.116862	0.598046	0.401954	3.556105
18594	-2599.717	-2810.266	210.549	1.089444	0.08133843	0.406058	0.593942	3.509271
18600	-2591.379	-2801.947	210.5681	1.333776	0.08549819	0.555889	0.444111	3.343998
18606	-2585.705	-2795.263	209.5585	1.168742	0.06840105	0.652578	0.347422	4.069334
18612	-2581.69	-2791.625	209.9347	1.026146	0.08526375	0.651162	0.348838	3.890767
18618	-2581.841	-2792.559	210.718	1.115403	0.08852411	0.694021	0.305979	3.376255
18624	-2587.998	-2796.909	208.9114	1.004452	0.08260008	0.713537	0.286463	4.491064
18630	-2587.453	-2796.003	208.5498	0.9659049	0.09989683	0.509365	0.490635	4.67291
18636	-2573.159	-2781.809	208.6507	0.9231189	0.086584	0.59336	0.40664	4.67291
18642	-2579.115	-2787.606	208.4911	0.8630003	0.1411768	0.522142	0.477858	4.67291
18648	-2575.201	-2783.608	208.4061	1.09048	0.1044472	0.604348	0.395652	4.67291
18654	-2575.021	-2787.132	212.1113	1.456501	0.1173963	0.591053	0.408947	2.244335
18660	-2567.58	-2776.938	209.3574	1.350352	0.06370969	0.540391	0.459609	4.09339
18666	-2580.135	-2790.751	210.6163	1.25633	0.1029578	0.501574	0.498426	3.31658
18672	-2580.709	-2789.274	208.5644	1.416275	0.04477355	0.601384	0.398616	4.557879
18678	-2584.337	-2794.358	210.0204	1.31063	0.07706387	0.588401	0.411599	3.699207
18684	-2595.012	-2804.985	209.9731	1.165598	0.08799629	0.641746	0.358254	3.78146
18690	-2588.223	-2798.967	210.7436	1.165598	0.1358566	0.464979	0.535021	3.218615
18696	-2582.449	-2792.496	210.047	1.302021	0.1028772	0.622486	0.377514	3.622672
18702	-2585.535	-2796.751	211.2158	1.16638	0.09473765	0.628902	0.371098	3.034941
18708	-2596.034	-2803.852	207.8181	0.9672701	0.09400154	0.609852	0.390148	5.093864
18714	-2592.146	-2800.267	208.1203	0.9550548	0.07787146	0.684077	0.315923	4.97316
18720	-2581.157	-2789.391	208.2338	1.288456	0.06155209	0.578324	0.421676	4.767698
18726	-2590.298	-2800.145	209.847	1.081007	0.09656666	0.426682	0.573318	3.881025
18732	-2593.662	-2804.058	210.3954	1.459633	0.06441086	0.426682	0.573318	3.429564
18738	-2591.251	-2801.053	209.8027	1.384579	0.06441086	0.473888	0.526112	3.816955
18744	-2579.713	-2788.897	209.1843	1.346014	0.05456627	0.423429	0.576571	4.220016
18750	-2584.893	-2794.613	209.7201	1.164541	0.09472161	0.627536	0.372464	3.910503
18756	-2583.599	-2793.347	209.7482	1.136391	0.09472161	0.548154	0.451846	3.910503
18762	-2596.074	-2805.507	209.4328	1.195799	0.07850739	0.561947	0.438053	4.098343
18768	-2597.991	-2807.527	209.5362	1.048128	0.08822919	0.565856	0.434144	4.098343
18774	-2600.6	-2810.225	209.6248	0.9691803	0.08608125	0.641476	0.358524	4.098343
18780	-2589.796	-2800.422	210.6263	1.140014	0.08482503	0.631935	0.368065	3.425332
18786	-2599.282	-2809.606	210.3242	1.179126	0.167338	0.560905	0.439095	3.393022
18792	-2586.923	-2796.046	209.1226	1.152274	0.08639147	0.613543	0.386457	4.278744
18798	-2581.897	-2790.739	208.8422	1.201209	0.06706685	0.613543	0.386457	4.460362
18804	-2580.195	-2788.644	208.4488	1.036387	0.08561318	0.535616	0.464384	4.724928
18810	-2580.686	-2789.057	208.3704	1.009273	0.1102484	0.430936	0.569064	4.724928
18816	-2588.465	-2795.902	207.4374	1.132096	0.08858774	0.582655	0.417345	5.226562
18822	-2581.75	-2788.182	206.4319	1.029589	0.08593572	0.626793	0.373207	5.842169
18828	-2590.115	-2798.126	208.0116	1.137665	0.04813031	0.685276	0.314724	5.012754
18834	-2574.982	-2783.759	208.777	1.256738	0.05770156	0.552427	0.447573	4.491675
18840	-2586.564	-2796.013	209.4492	1.22246	0.09204006	0.498952	0.501048	4.039007
18846	-2582.3	-2790.836	208.5358	1.093194	0.07820948	0.573958	0.426042	4.66339
18852	-2573.482	-2780.24	206.758	0.9821926	0.07289791	0.524294	0.475706	5.722571
18858	-2565.304	-2771.965	206.661	1.071463	0.07795123	0.524294	0.475706	5.713823
18864	-2568.228	-2777.985	209.7564	1.107363	0.07262689	0.546767	0.453233	3.979845
18870	-2568.655	-2779.345	210.6895	1.232785	0.08725167	0.568165	0.431835	3.327385
18876	-2564.941	-2775.364	210.4225	1.248473	0.09035804	0.568165	0.431835	3.466632
18882	-2573.657	-2782.27	208.6128	0.9985442	0.1262611	0.568165	0.431835	4.559721
18888	-2578.535	-2787.986	209.4516	0.9428154	0.1089457	0.561907	0.438093	4.15611
18894	-2590.589	-2801.257	210.6674	1.238355	0.07831884	0.609141	0.390859	3.360989
18900	-2599.159	-2808.888	209.7287	1.067374	0.09438998	0.503483	0.496517	3.962053
18906	-2591.281	-2800.913	209.6316	1.228966	0.07997303	0.502536	0.497464	3.962053
18912	-2603.646	-2812.319	208.6736	1.42015	0.05405207	0.636664	0.363336	4.468141
18918	-2571.121	-2779.079	207.9573	1.071216	0.05668459	0.50244	0.49756	5.055971
18924	-2581.624	-2791.629	210.0048	1.200561	0.06758698	0.616784	0.383216	3.797667
18930	-2591.151	-2799.223	208.0724	0.9920071	0.1198545	0.543541	0.456459	4.879504
18936	-2580.374	-2788.943	208.5695	1.186215	0.06040338	0.531546	0.468454	4.640257
18942	-2576.743	-2787.628	210.8853	1.309283	0.08491907	0.334204	0.665796	3.172672
18948	-2573.895	-2784.982	211.0874	1.304376	0.1056551	0.439146	0.560854	3.001467
18954	-2578.314	-2789.419	211.1056	1.427732	0.1180481	0.633595	0.366405	2.88598
18960	-2576.516	-2787.003	210.4872	1.335201	0.07000715	0.607266	0.392734	3.432824
18966	-2596.114	-2806.569	210.4555	1.31861	0.07000715	0.607266	0.392734	3.461107
18972	-2572.419	-2781.765	209.346	1.085143	0.09286999	0.656773	0.343227	4.173827
18978	-2583.258	-2791.531	208.2725	1.2218	0.08170389	0.580063	0.419937	4.729779
18984	-2597.492	-2805.817	208.3248	0.9089067	0.1182958	0.57481	0.42519	4.788474
18990	-2613.257	-2821.685	208.4274	0.9750352	0.0719994	0.498625	0.501375	4.806357
18996	-2605.988	-2816.651	210.6633	1.251321	0.06620788	0.618582	0.381418	3.389568
19002	-2603.155	-2812.147	208.9919	1.213389	0.1101288	0.602092	0.397908	4.260638
19008	-2601.241	-2812.398	211.1573	1.213389	0.07643356	0.58536	0.41464	3.091054
19014	-2585.954	-2795.827	209.8726	1.250452	0.09635451	0.618913	0.381087	3.769364
19020	-2590.577	-2800.645	210.0678	1.23904	0.08691343	0.618913	0.381087	3.687204
19026	-2596.14	-2805.714	209.574	1.268785	0.05731614	0.70083	0.29917	4.034431
19032	-2566.748	-2777.003	210.2548	1.118475	0.07789389	0.656778	0.343222	3.672542
19038	-2573.395	-2782.813	209.4186	1.363468	0.0610473	0.506396	0.493604	4.058528
19044	-2572.077	-2780.407	208.3296	1.165549	0.09203277	0.600204	0.399796	4.703411
19050	-2576.899	-2786.433	209.5338	1.422689	0.09357906	0.62978	0.37022	3.87208
19056	-2572.902	-2781.866	208.9631	1.322704	0.07607503	0.607393	0.392607	4.2993
19062	-2573.27	-2783.324	210.0537	1.160427	0.09955815	0.697492	0.302508	3.708889
19068	-2580.174	-2789.17	208.9966	1.055294	0.129352	0.554344	0.445656	4.304837
19074	-2587.633	-2795.73	208.0967	1.040732	0.06431697	0.568396	0.431604	4.974588
19080	-2588.415	-2799.194	210.779	1.324052	0.1100136	0.705872	0.294128	3.163074
19086	-2586.244	-2797.715	211.4708	1.335062	0.1066043	0.540193	0.459807	2.7484
19092	-2583.943	-2795.398	211.4556	1.393573	0.08780492	0.494463	0.505537	2.771235
19098	-2585.72	-2797.033	211.3123	1.45236	0.0768776	0.695941	0.304059	2.85296
19104	-2585.998	-2795.933	209.9353	1.378895	0.08899737	0.693947	0.306053	3.677576
19110	-2581.377	-2789.662	208.2841	1.048536	0.08698254	0.469843	0.530157	4.806698
19116	-2601.866	-2810.384	208.5172	1.00314	0.04792878	0.422072	0.577928	4.806698
19122	-2596.954	-2806.608	209.6537	1.00314	0.07649358	0.767649	0.232351	4.087556
19128	-2582.611	-2791.818	209.2071	1.047549	0.108427	0.529891	0.470109	4.236659
19134	-2588.925	-2798.457	209.5318	0.9790842	0.09130894	0.569166	0.430834	4.132421
19140	-2570.205	-2781.83	211.6252	1.417353	0.09843671	0.560419	0.439581	2.624063
19146	-2582.452	-2791.004	208.5513	1.107158	0.06000384	0.498415	0.501585	4.695835
19152	-2583.726	-2792.084	208.3572	1.090268	0.1063974	0.498415	0.501585	4.695835
19158	-2594.165	-2802.13	207.9645	0.9426835	0.07673393	0.466317	0.533683	5.069495
19164	-2589.152	-2796.938	207.7859	1.121283	0.07673393	0.665571	0.334429	5.069495
19170	-2586.872	-2798.1	211.2288	1.187861	0.09855059	0.700222	0.299778	3.004458
19176	-2587.502	-2796.72	209.2172	0.9648076	0.1252208	0.653025	0.346975	4.240048
19182	-2581.045	-2789.808	208.7634	1.063402	0.1054361	0.537187	0.462813	4.485263
19188	-2574.906	-2784.25	209.344	1.262835	0.05582765	0.565082	0.434918	4.173
19194	-2589.192	-2797.834	208.6424	1.169988	0.07014777	0.627058	0.372942	4.581898
19200	-2589.162	-2797.521	208.3589	0.9608349	0.09351894	0.725471	0.274529	4.797768
19206	-2589.457	-2796.961	207.5043	1.03738	0.08896329	0.604073	0.395927	5.241023
19212	-2579.418	-2787.927	208.5082	0.9735876	0.08603228	0.568313	0.431687	4.725762
19218	-2574.234	-2782.616	208.3819	1.078675	0.09079244	0.652669	0.347331	4.725762
19224	-2578.825	-2787.665	208.8394	1.079873	0.07545228	0.597523	0.402477	4.507691
19230	-2572.409	-2781.521	209.1124	1.096215	0.08474626	0.561659	0.438341	4.320441
19236	-2583.01	-2791.577	208.5672	1.124884	0.1092896	0.555528	0.444472	4.552073
19242	-2589.939	-2799.833	209.8936	1.247561	0.1005454	0.555528	0.444472	3.748573
19248	-2579.725	-2786.927	207.2011	1.094931	0.09352791	0.581935	0.418065	5.365561
19254	-2590.004	-2798.469	208.4653	1.087318	0.08175532	0.652388	0.347612	4.696989
19260	-2582.13	-2791.016	208.8868	1.169881	0.09339127	0.533411	0.466589	4.38454
19266	-2574.595	-2784.961	210.3661	1.308338	0.08464471	0.457823	0.542177	3.479513
19272	-2579.341	-2787.796	208.4558	1.352938	0.08958862	0.72599	0.27401	4.533624
19278	-2574.543	-2781.939	207.396	1.019983	0.09810206	0.59049	0.40951	5.288485
19284	-2572.965	-2780.269	207.3032	1.112732	0.09810206	0.590802	0.409198	5.288485
19290	-2580.687	-2788.872	208.1853	0.9423631	0.07389614	0.501969	0.498031	4.954418
19296	-2579.052	-2784.984	205.9315	1.185151	0.07818395	0.501969	0.498031	6.049749
19302	-2576.614	-2785.651	209.0377	1.185151	0.09406447	0.718947	0.281053	4.288984
19308	-2576.706	-2786.378	209.6719	1.185151	0.07259562	0.539196	0.460804	3.983801
19314	-2581.659	-2791.06	209.4007	1.211264	0.1136914	0.513777	0.486223	4.021199
19320	-2592.078	-2800.637	208.5596	1.209095	0.09833611	0.533413	0.466587	4.534741
19326	-2574.856	-2784.024	209.1686	1.112083	0.07022265	0.514041	0.485959	4.317892
19332	-2578.998	-2788.087	209.0892	1.181081	0.07240894	0.517563	0.482437	4.317892
19338	-2572.346	-2782.473	210.1266	1.169065	0.09570612	0.517563	0.482437	3.671291
19344	-2576.748	-2786.836	210.0879	1.207725	0.09570612	0.517563	0.482437	3.671291
19350	-2574.177	-2785.007	210.8308	1.25282	0.09483597	0.589323	0.410677	3.212435
19356	-2584.688	-2795.235	210.5476	1.25282	0.09682812	0.681553	0.318447	3.374334
19362	-2580.26	-2789.278	209.0179	1.045149	0.09935015	0.706545	0.293455	4.366484
19368	-2576.122	-2785.594	209.4714	1.219633	0.05526366	0.442274	0.557726	4.126705
19374	-2586.746	-2795.88	209.1338	1.205989	0.07776917	0.666936	0.333064	4.26428
19380	-2576.835	-2785.158	208.3225	1.218097	0.07031075	0.6166	0.3834	4.733656
19386	-2573.751	-2783.862	210.1107	1.315403	0.08200833	0.563594	0.436406	3.630957
19392	-2569.734	-2780.346	210.6115	1.36674	0.07548249	0.659357	0.340643	3.326163
19398	-2566.908	-2777.543	210.6349	1.360397	0.06295752	0.536949	0.463051	3.351525
19404	-2575.552	-2784.879	209.3262	1.220109	0.09366935	0.684423	0.315577	4.106391
19410	-2595.04	-2802.989	207.9489	0.9957707	0.1227263	0.547976	0.452024	4.93992
19416	-2585.639	-2793.683	208.0436	1.067888	0.09007618	0.619992	0.380008	4.922305
19422	-2597.455	-2805.529	208.074	0.9746679	0.07599904	0.54629	0.45371	4.99282
19428	-2586.784	-2794.69	207.9058	0.9486673	0.121461	0.54629	0.45371	4.99282
19434	-2584.709	-2795.32	210.6114	1.378443	0.06209015	0.569566	0.430434	3.357179
19440	-2583.615	-2794.111	210.4961	1.392032	0.08357964	0.451379	0.548621	3.357179
19446	-2586.43	-2797.112	210.6827	1.196826	0.08625581	0.701882	0.298118	3.355136
19452	-2590.587	-2801.229	210.6421	1.080367	0.124003	0.654033	0.345967	3.355136
19458	-2583.281	-2793.898	210.6169	1.175857	0.1063779	0.549463	0.450537	3.355136
19464	-2576.341	-2785.985	209.6434	1.175857	0.06032553	0.549463	0.450537	4.039313
19470	-2585.033	-2793.139	208.1055	1.165299	0.08725431	0.628217	0.371783	4.840535
19476	-2589.658	-2799.346	209.6881	1.13996	0.05630953	0.628217	0.371783	4.045661
19482	-2586.723	-2796.156	209.4328	1.208064	0.06168403	0.634591	0.365409	4.137113
19488	-2582.138	-2791.721	209.5831	1.00998	0.08725665	0.64299	0.35701	4.095863
19494	-2580.424	-2789.84	209.4161	1.25077	0.07128779	0.64299	0.35701	4.095863
19500	-2574.025	-2783.313	209.2885	1.03696	0.06568098	0.708808	0.291192	4.304939
19506	-2581.632	-2791.964	210.3316	1.18222	0.08973127	0.468147	0.531853	3.559857
19512	-2586.069	-2798.021	211.9517	1.519004	0.07822241	0.607998	0.392002	2.413117
19518	-2587.414	-2797.343	209.9291	1.385688	0.08544213	0.607998	0.392002	3.686401
19524	-2583.919	-2793.316	209.3969	1.04443	0.08920831	0.599081	0.400919	4.177243
19530	-2590.305	-2798.831	208.5259	1.04443	0.07671902	0.599081	0.400919	4.700119
19536	-2587.985	-2796.89	208.9046	1.04443	0.1147229	0.51443	0.48557	4.395037
19542	-2581.652	-2791.078	209.4261	1.04443	0.07642828	0.51443	0.48557	4.193668
19548	-2576.479	-2786.097	209.6178	1.114878	0.07108798	0.51443	0.48557	4.0589
19554	-2591.355	-2801.421	210.066	1.213696	0.05633118	0.672831	0.327169	3.786765
19560	-2576.589	-2785.863	209.2749	1.003213	0.05173152	0.6253	0.3747	4.370742
19566	-2592.024	-2801.367	209.3431	1.073069	0.05976044	0.619835	0.380165	4.270024
19572	-2592.079	-2800.991	208.9114	1.057236	0.05976044	0.673606	0.326394	4.522513
19578	-2582.189	-2792.12	209.9313	1.108627	0.0834049	0.655853	0.344147	3.850208
19584	-2586.796	-2795.999	209.2033	1.174699	0.0773153	0.606946	0.393054	4.243843
19590	-2578.659	-2787.66	209.0013	1.257178	0.08232695	0.663742	0.336258	4.298453
19596	-2573.512	-2782.895	209.3838	1.181029	0.07571257	0.616559	0.383441	4.142037
19602	-2589.096	-2799.108	210.0118	1.178049	0.09529396	0.536689	0.463311	3.733477
19608	-2585.654	-2793.614	207.9601	1.039455	0.05860861	0.571577	0.428423	5.066747
19614	-2584.874	-2794.591	209.717	1.217364	0.08464157	0.618777	0.381223	3.907577
19620	-2593.487	-2802.458	208.9702	1.103248	0.1149111	0.575055	0.424945	4.324337
19626	-2605.622	-2814.158	208.5363	1.103248	0.1104137	0.489794	0.510206	4.578976
19632	-2593.621	-2804.207	210.5856	1.101898	0.08637403	0.643447	0.356553	3.467309
19638	-2589.563	-2800.105	210.5427	1.19067	0.09460029	0.638401	0.361599	3.419289
19644	-2586.065	-2796.698	210.6334	1.236572	0.07355661	0.638401	0.361599	3.395102
19650	-2582.283	-2792.083	209.7997	1.172118	0.1282174	0.532612	0.467388	3.782313
19656	-2575.685	-2784.012	208.3274	1.240516	0.07353298	0.651957	0.348043	4.709825
19662	-2571.626	-2780.154	208.528	1.065891	0.05667484	0.656293	0.343707	4.741184
19668	-2588.599	-2795.622	207.0229	0.999763	0.07154162	0.442842	0.557158	5.571184
19674	-2601.007	-2809.536	208.5288	0.9899912	0.0882561	0.401676	0.598324	4.699494
19680	-2575.401	-2783.44	208.0387	1.041438	0.07865922	0.563158	0.436842	4.968456
19686	-2562.233	-2770.855	208.6217	1.282268	0.05649502	0.563158	0.436842	4.567983
19692	-2582.366	-2789.111	206.7448	1.282268	0.05367409	0.633078	0.366922	5.616824
19698	-2584.69	-2793.802	209.1114	1.282268	0.08286695	0.633078	0.366922	4.220469
19704	-2583.033	-2794.18	211.1469	1.189298	0.08117418	0.435947	0.564053	3.098528
19710	-2577.308	-2789.284	211.9755	1.395446	0.1218112	0.482409	0.517591	2.358985
19716	-2583.543	-2795.366	211.8231	1.395446	0.1439511	0.567776	0.432224	2.403195
19722	-2564.44	-2776.102	211.6621	1.487808	0.08477563	0.525514	0.474486	2.594799
19728	-2581.558	-2793.431	211.8733	1.351795	0.1080321	0.606718	0.393282	2.485604
19734	-2583.638	-2795.639	212.0013	1.29505	0.115551	0.674209	0.325791	2.42175
19740	-2585.443	-2793.264	207.8214	0.9911526	0.08345124	0.513268	0.486732	5.104799
19746	-2583.04	-2791.595	208.5553	0.9911526	0.07521638	0.544114	0.455886	4.717399
19752	-2587.84	-2797.747	209.9069	1.293821	0.08162159	0.485372	0.514628	3.762334
19758	-2578.586	-2788.253	209.6674	1.073141	0.09083089	0.663719	0.336281	4.002667
19764	-2579.215	-2788.635	209.4198	1.190492	0.06542628	0.629236	0.370764	4.144112
19770	-2579.557	-2788.695	209.1382	1.189089	0.08179804	0.647056	0.352944	4.260854
19776	-2586.154	-2794.479	208.3247	0.9176601	0.09194225	0.767141	0.232859	4.844788
19782	-2590.023	-2799.086	209.0634	0.9733753	0.1234913	0.502032	0.497968	4.326054
19788	-2590.645	-2799.197	208.5512	1.027733	0.1154195	0.679118	0.320882	4.601663
19794	-2574.534	-2783.517	208.9828	1.068328	0.1124114	0.566487	0.433513	4.342658
19800	-2596.614	-2804.688	208.0741	1.068328	0.06628887	0.585912	0.414088	4.966481
19806	-2591.154	-2799.865	208.7106	1.114715	0.1053899	0.555472	0.444528	4.486183
19812	-2591.975	-2801.999	210.0236	1.268232	0.08064935	0.662313	0.337687	3.712279
19818	-2583.886	-2792.909	209.0223	1.153952	0.09404677	0.466529	0.533471	4.315413
19824	-2593.55	-2803.099	209.5493	1.061561	0.08827879	0.662166	0.337834	4.083139
19830	-2587.967	-2796.257	208.2894	1.071602	0.04707037	0.564702	0.435298	4.897934
19836	-2594.242	-2801.723	207.4814	1.050484	0.07781826	0.660635	0.339365	5.27444
19842	-2582.374	-2789.953	207.579	0.9667043	0.07485217	0.592082	0.407918	5.27444
19848	-2588.073	-2795.696	207.6233	1.277684	0.04757502	0.435206	0.564794	5.151966
19854	-2580.246	-2790.755	210.5099	1.304968	0.08897105	0.729163	0.270837	3.385998
19860	-2576.505	-2787.337	210.832	1.284224	0.09779585	0.729163	0.270837	3.185547
19866	-2576.505	-2787.234	210.7292	1.24745	0.113265	0.614912	0.385088	3.230184
19872	-2567.859	-2777.571	209.7123	1.018561	0.1047148	0.549808	0.450192	3.974214
19878	-2577.287	-2786.7	209.4125	1.161324	0.07638002	0.509955	0.490045	4.135139
19884	-2579.123	-2787.089	207.9664	1.09931	0.09233976	0.551506	0.448494	4.942225
19890	-2562.33	-2771.833	209.5023	1.101737	0.07497515	0.551506	0.448494	4.121662
19896	-2568.526	-2778.008	209.4821	1.101737	0.06407386	0.61881	0.38119	4.162914
19902	-2570.282	-2781.225	210.9431	1.398946	0.08171014	0.602023	0.397977	3.093617
19908	-2570.921	-2781.491	210.5704	1.23127	0.09633272	0.380206	0.619794	3.374816
19914	-2583.723	-2793.426	209.7035	1.072675	0.09633272	0.599462	0.400538	3.96862
19920	-2572.777	-2783.147	210.3697	1.253541	0.08969964	0.604789	0.395211	3.496173
19926	-2589.627	-2798.037	208.4092	1.113422	0.08767772	0.448724	0.551276	4.698802
19932	-2586.643	-2796.011	209.3681	1.021013	0.05504478	0.537775	0.462225	4.298618
19938	-2577.712	-2788.302	210.5897	1.311241	0.07514866	0.689673	0.310327	3.372523
19944	-2569.435	-2777.855	208.4198	0.9831466	0.07373572	0.616916	0.383084	4.801457
19950	-2577.476	-2785.768	208.2918	1.118144	0.07227117	0.525568	0.474432	4.801457
19956	-2596.756	-2806.154	209.398	0.9031379	0.09199458	0.66186	0.33814	4.24976
19962	-2577.933	-2786.389	208.4566	0.9343258	0.0647028	0.568093	0.431907	4.8324
19968	-2580.415	-2790.296	209.8808	1.263597	0.07318729	0.585954	0.414046	3.817371
19974	-2600.956	-2809.341	208.3851	1.311457	0.05849873	0.545438	0.454562	4.678682
19980	-2585.72	-2794.311	208.5904	1.01162	0.07814917	0.74062	0.25938	4.678682
19986	-2581.616	-2791.191	209.575	1.150612	0.1339593	0.646305	0.353695	3.911404
19992	-2573.982	-2783.59	209.6075	1.222991	0.08264268	0.596105	0.403895	3.972229
19998	-2571.154	-2781.418	210.2641	1.311515	0.0702711	0.578849	0.421151	3.576023
20004	-2578.459	-2788.683	210.2237	1.291151	0.07053441	0.586751	0.413249	3.61063
20010	-2587.064	-2797.459	210.3954	1.291151	0.07053441	0.498405	0.501595	3.510711
20016	-2574.812	-2786.479	211.6669	1.316291	0.08156509	0.581404	0.418596	2.706498
20022	-2570.184	-2781.542	211.3581	1.327454	0.09232133	0.570797	0.429203	2.858558
20028	-2576.978	-2788.01	211.0318	1.356834	0.08844604	0.537666	0.462334	3.04762
20034	-2583.385	-2794.22	210.8346	1.231824	0.1084193	0.589631	0.410369	3.188698
20040	-2577.265	-2787.706	210.4419	1.33224	0.07558367	0.699814	0.300186	3.445656
20046	-2568.784	-2778.138	209.3539	1.086742	0.07174997	0.601888	0.398112	4.223145
20052	-2573.003	-2779.879	206.876	0.8624024	0.07174997	0.576715	0.423285	5.726547
20058	-2583.01	-2791.589	208.5785	0.9829221	0.07788696	0.548964	0.451036	4.70204
20064	-2581.109	-2789.499	208.3898	0.9974289	0.08202627	0.509059	0.490941	4.788762
20070	-2575.93	-2785.121	209.1911	1.006775	0.09507238	0.648352	0.351648	4.300636
20076	-2564.014	-2772.63	208.6154	0.9571592	0.09507238	0.630902	0.369098	4.652658
20082	-2570.925	-2779.355	208.4307	1.219053	0.07786278	0.630902	0.369098	4.652658
20088	-2575.238	-2785.416	210.1779	1.219053	0.0752751	0.630902	0.369098	3.66595
20094	-2579.677	-2789.016	209.3389	1.15721	0.06289279	0.507685	0.492315	4.216015
20100	-2581.541	-2790.795	209.2543	1.085527	0.1089271	0.536241	0.463759	4.187165
20106	-2583.504	-2792.519	209.0152	1.017218	0.07929201	0.640789	0.359211	4.433923
20112	-2581.801	-2790.428	208.6276	1.06045	0.1584438	0.61254	0.38746	4.451345
20118	-2590.318	-2799.399	209.0804	1.0325	0.06790178	0.61254	0.38746	4.418897
20124	-2579.018	-2787.451	208.433	1.260168	0.06116334	0.555412	0.444588	4.673183
20130	-2584.964	-2792.796	207.8319	0.9048252	0.07176129	0.670105	0.329895	5.176938
20136	-2589.521	-2798.562	209.0411	1.13462	0.06990894	0.55924	0.44076	4.37806
20142	-2591.418	-2801.343	209.9254	1.18665	0.06230133	0.606727	0.393273	3.866161
20148	-2567.598	-2776.68	209.0814	1.18665	0.0741465	0.658282	0.341718	4.31449
20154	-2571.002	-2779.673	208.6715	1.030582	0.08474881	0.471837	0.528163	4.605666
20160	-2573.228	-2784.377	211.1497	1.317144	0.1001644	0.553599	0.446401	2.970194
20166	-2572.791	-2781.445	208.654	1.136287	0.08335248	0.553599	0.446401	4.559712
20172	-2577.449	-2787.933	210.4842	1.313677	0.06663746	0.634074	0.365926	3.45669
20178	-2580.034	-2788.256	208.2218	1.194625	0.05556743	0.644316	0.355684	4.84335
20184	-2591.704	-2801.269	209.565	1.312839	0.04790004	0.565121	0.434879	4.041299
20190	-2577.323	-2787.71	210.3869	1.312839	0.07116161	0.565121	0.434879	3.501293
20196	-2579.805	-2787.719	207.9142	1.064305	0.07116161	0.565121	0.434879	5.044515
20202	-2576.978	-2786.42	209.442	1.3162	0.06413227	0.644684	0.355316	4.063486
20208	-2589.606	-2799.509	209.9035	1.033298	0.07451059	0.616876	0.383124	3.932936
20214	-2587.301	-2795.546	208.2451	0.9854084	0.06919268	0.378665	0.621335	4.909643
20220	-2590.383	-2799.7	209.3169	1.199453	0.0812744	0.534947	0.465053	4.154915
20226	-2585.321	-2795.538	210.2166	1.30211	0.07060118	0.708051	0.291949	3.608168
20232	-2585.631	-2793.445	207.8135	1.215108	0.05955803	0.708051	0.291949	5.048012
20238	-2592.075	-2801.694	209.6191	1.068345	0.07033543	0.708051	0.291949	4.086712
20244	-2578.732	-2784.775	206.0426	0.7783074	0.1003934	0.595373	0.404627	6.157156
20250	-2601.474	-2808.561	207.0872	0.9944594	0.1335617	0.506572	0.493428	5.394906
20256	-2583.805	-2792.712	208.9063	1.020034	0.09393154	0.519998	0.480002	4.456732
20262	-2601.252	-2810.725	209.4732	1.138172	0.1457608	0.524418	0.475582	3.952276
20268	-2594.565	-2805.389	210.8242	1.208006	0.0676264	0.67823	0.32177	3.316422
20274	-2587.132	-2796.765	209.6332	0.9286726	0.1166376	0.534357	0.465643	4.043059
20280	-2580.039	-2788.308	208.2693	1.080758	0.06112884	0.543019	0.456981	4.864957
20286	-2608.78	-2817.669	208.8893	1.080758	0.08258385	0.532348	0.467652	4.460567
20292	-2584.089	-2793.112	209.0225	1.126347	0.04574761	0.550984	0.449016	4.460567
20298	-2596.918	-2805.968	209.0506	1.014501	0.06252647	0.434623	0.565377	4.460567
20304	-2588.623	-2797.767	209.1433	1.038355	0.07572988	0.565932	0.434068	4.359094
20310	-2590.598	-2800.729	210.1314	1.159851	0.07719042	0.635655	0.364345	3.721906
20316	-2581.289	-2790.065	208.7759	1.138294	0.1042158	0.571675	0.428325	4.438875
20322	-2586.701	-2795.815	209.1136	0.9317158	0.07465183	0.608417	0.391583	4.438875
20328	-2584.361	-2793.997	209.6359	1.166234	0.1020106	0.635704	0.364296	3.939925
20334	-2585.439	-2796.11	210.6714	1.379636	0.1070337	0.635704	0.364296	3.201188
20340	-2594.066	-2804.551	210.4857	1.445087	0.1220326	0.571604	0.428396	3.23682
20346	-2599.493	-2811.003	211.5097	1.158225	0.0657941	0.614481	0.385519	2.943312
20352	-2593.301	-2803.012	209.711	1.236965	0.08556804	0.669832	0.330168	3.89739
20358	-2589.213	-2798.463	209.2499	1.054817	0.116211	0.601052	0.398948	4.190383
20364	-2588.13	-2798.228	210.0978	1.066835	0.08226381	0.520735	0.479265	3.781433
20370	-2600.554	-2810.456	209.9022	1.196237	0.1122756	0.567645	0.432355	3.745292
20376	-2596.285	-2807.57	211.2853	1.188121	0.1122756	0.486381	0.513619	2.936059
20382	-2586.459	-2794.072	207.6127	1.043818	0.09190293	0.687628	0.312372	5.170347
20388	-2589.295	-2797.323	208.0283	0.9119941	0.07569056	0.687628	0.312372	5.053831
20394	-2580.965	-2790.527	209.5618	1.004563	0.095726	0.515067	0.484933	4.089852
20400	-2590.514	-2799.544	209.0301	0.9811188	0.08793763	0.588289	0.411711	4.423748
20406	-2605.179	-2813.484	208.3051	0.9922081	0.06217069	0.716902	0.283098	4.891439
20412	-2589.81	-2798.168	208.3576	1.027962	0.07565656	0.526876	0.473124	4.806156
20418	-2598.144	-2809.005	210.8613	0.9400816	0.1046163	0.599041	0.400959	3.354396
20424	-2589.639	-2796.513	206.8741	0.8135212	0.08246324	0.453902	0.546098	5.726996
20430	-2603.429	-2813.534	210.1044	1.334755	0.06302343	0.574679	0.425321	3.675534
20436	-2592.074	-2802.979	210.9052	1.427722	0.08138019	0.556534	0.443466	3.099931
20442	-2590.233	-2799.945	209.7122	1.482389	0.09425636	0.552004	0.447996	3.733326
20448	-2588.45	-2798.629	210.1791	1.355193	0.05289774	0.524138	0.475862	3.649589
20454	-2581.701	-2790.93	209.2292	1.161665	0.09362179	0.556949	0.443051	4.194848
20460	-2578.93	-2787.869	208.9389	1.016941	0.07120485	0.613322	0.386678	4.49843
20466	-2583.075	-2790.571	207.4957	1.009089	0.08436433	0.483838	0.516162	5.272793
20472	-2595.945	-2804.301	208.3559	0.9459514	0.06750303	0.550964	0.449036	4.874469
20478	-2599.409	-2809.656	210.2473	1.128892	0.09616335	0.498623	0.501377	3.623493
20484	-2590.438	-2799.824	209.3859	1.310786	0.06187543	0.613036	0.386964	4.104822
20490	-2605.31	-2814.715	209.4045	1.112148	0.08654245	0.438034	0.561966	4.141181
20496	-2598.736	-2809.48	210.7442	1.087027	0.09248984	0.572138	0.427862	3.367287
20502	-2590.686	-2800.216	209.5306	1.04551	0.09164597	0.554744	0.445256	4.094442
20508	-2592.896	-2803.871	210.975	1.298837	0.0898162	0.628529	0.371471	3.112538
20514	-2590.927	-2799.252	208.3248	1.020197	0.08678645	0.56343	0.43657	4.800295
20520	-2591.922	-2800.224	208.3024	1.020197	0.08867287	0.517139	0.482861	4.808114
20526	-2591.263	-2799.481	208.2177	1.04466	0.09452928	0.535126	0.464874	4.827381
20532	-2583.687	-2794.622	210.9344	1.210838	0.09452928	0.591657	0.408343	3.176671
20538	-2588.108	-2797.238	209.1296	1.188868	0.06452928	0.591657	0.408343	4.312052
20544	-2579.497	-2788.438	208.941	1.060961	0.08897308	0.669857	0.330143	4.426422
20550	-2578.588	-2787.967	209.3784	1.106986	0.08391629	0.558051	0.441949	4.165697
20556	-2576.266	-2784.165	207.8986	1.053087	0.06955534	0.558051	0.441949	5.063657
20562	-2580.48	-2789.956	209.4756	1.104723	0.04704878	0.558051	0.441949	4.213015
20568	-2575.138	-2785.002	209.8641	1.204477	0.1137543	0.524519	0.475481	3.759069
20574	-2590.374	-2801.742	211.3681	1.30537	0.06745192	0.585918	0.414082	2.935162
20580	-2598.518	-2810.776	212.2583	1.504002	0.078238	0.475395	0.524605	2.227167
20586	-2597.095	-2809.537	212.4418	1.507331	0.0581944	0.670111	0.329889	2.168688
20592	-2569.176	-2778.938	209.7626	1.185011	0.1014155	0.589637	0.410363	3.857906
20598	-2586.942	-2796.741	209.7993	1.114336	0.1427103	0.56892	0.43108	3.785004
20604	-2574.538	-2784.447	209.909	1.278427	0.0864749	0.56892	0.43108	3.757276
20610	-2569.835	-2780.823	210.9877	1.333658	0.05660762	0.548017	0.451983	3.177514
20616	-2578.281	-2787.473	209.1921	1.29249	0.05660762	0.602257	0.397743	4.240124
20622	-2593.888	-2802.427	208.5392	1.146122	0.05984419	0.561044	0.438956	4.68125
20628	-2590.309	-2798.79	208.4814	1.302137	0.04014596	0.517474	0.482526	4.68125
20634	-2590.404	-2797.66	207.2569	0.98078	0.07268196	0.517474	0.482526	5.449966
20640	-2592.492	-2800.477	207.9858	1.09943	0.05278898	0.523968	0.476032	5.035314
20646	-2590.82	-2798.803	207.9831	0.9041203	0.1228632	0.523968	0.476032	4.971581
20652	-2585.774	-2796.297	210.5229	1.161529	0.1017582	0.525826	0.474174	3.430012
20658	-2590.852	-2799.918	209.0668	1.320028	0.09331247	0.670798	0.329202	4.197888
20664	-2611.108	-2819.414	208.306	1.224541	0.06850618	0.493903	0.506097	4.744131
20670	-2598.246	-2808.508	210.2611	1.149802	0.08591188	0.467633	0.532367	3.629537
20676	-2608.967	-2819.833	210.8667	1.086414	0.05486628	0.740936	0.259064	3.399769
20682	-2592.15	-2801.082	208.9329	1.1753	0.09387859	0.686266	0.313734	4.354307
20688	-2581.943	-2791.394	209.4515	1.18638	0.06774579	0.64288	0.35712	4.122028
20694	-2598.206	-2807.843	209.6366	1.214637	0.04411073	0.706228	0.293772	4.067307
20700	-2577.198	-2787.552	210.3544	1.224334	0.07785947	0.545512	0.454488	3.553406
20706	-2592.002	-2801.97	209.9672	1.081645	0.1072548	0.545512	0.454488	3.785684
20712	-2589.079	-2798.813	209.7331	1.23168	0.08246022	0.558055	0.441945	3.895791
20718	-2600.887	-2811.611	210.7236	1.23168	0.08246022	0.608821	0.391179	3.320687
20724	-2591.322	-2800.582	209.2602	1.054379	0.1455958	0.452787	0.547213	4.122008
20730	-2582.803	-2792.257	209.4541	1.100763	0.07206658	0.715934	0.284066	4.157493
20736	-2586.606	-2796.793	210.1874	1.21561	0.07863511	0.632091	0.367909	3.653343
20742	-2578.847	-2787.66	208.8125	1.133006	0.06414047	0.498236	0.501764	4.523415
20748	-2585.467	-2792.892	207.4255	0.9245551	0.1074208	0.595922	0.404078	5.303251
20754	-2578.996	-2788.353	209.3573	1.101042	0.06935423	0.669609	0.330391	4.219618
20760	-2590.638	-2800.052	209.4135	0.8661707	0.0819805	0.580178	0.419822	4.287322
20766	-2595.163	-2800.903	205.7408	1.098431	0.07496113	0.604931	0.395069	6.209013
20772	-2596.646	-2806.79	210.1448	1.107296	0.0732118	0.626679	0.373321	3.755289
20778	-2590.712	-2800.949	210.2375	1.107296	0.04970691	0.584874	0.415126	3.768363
20784	-2581.03	-2789.501	208.4714	1.151538	0.09590682	0.569936	0.430064	4.622417
20790	-2582.304	-2790.881	208.5773	1.226309	0.09180714	0.607802	0.392198	4.531005
20796	-2585.178	-2796.669	211.4908	1.327946	0.08216521	0.496398	0.503602	2.805299
20802	-2595.233	-2805.922	210.6884	1.200052	0.1354836	0.526511	0.473489	3.231704
20808	-2588.089	-2798.383	210.2943	1.441089	0.09725695	0.385359	0.614641	3.411364
20814	-2579.52	-2789.898	210.3778	1.368837	0.09465835	0.569416	0.430584	3.411364
20820	-2588.061	-2798.441	210.38	1.246527	0.1240095	0.622088	0.377912	3.411364
20826	-2578.508	-2788.734	210.2258	1.235121	0.1707248	0.680247	0.319753	3.411364
20832	-2582.377	-2792.729	210.3525	1.182389	0.09943109	0.561213	0.438787	3.523087
20838	-2584.432	-2795.323	210.8903	1.110836	0.1015826	0.457156	0.542844	3.244166
20844	-2585.966	-2793.813	207.8473	0.9609193	0.09659575	0.572855	0.427145	5.074981
20850	-2590.366	-2798.89	208.5247	0.9548468	0.1014569	0.619381	0.380619	4.689463
20856	-2585.318	-2794.568	209.2501	1.071752	0.104892	0.565194	0.434806	4.206817
20862	-2592.701	-2802.185	209.4841	1.263894	0.07856275	0.743849	0.256151	4.030115
20868	-2589.077	-2799.643	210.5659	1.218671	0.0920131	0.515511	0.484489	3.39588
20874	-2592.982	-2803.291	210.3092	1.084063	0.06425336	0.711863	0.288137	3.6986
20880	-2572.728	-2780.921	208.1934	1.166338	0.07781604	0.428258	0.571742	4.814953
20886	-2565.216	-2774.189	208.9727	1.257902	0.067445	0.701474	0.298526	4.353716
20892	-2564.542	-2774.214	209.6714	1.147926	0.07422657	0.530291	0.469709	4.000955
20898	-2575.866	-2783.186	207.3203	0.9609053	0.09645388	0.495636	0.504364	5.36672
20904	-2565.439	-2772.275	206.8362	0.9609053	0.06600781	0.511472	0.488528	5.709494
20910	-2582.297	-2791.337	209.04	1.401581	0.04413485	0.547563	0.452437	4.299874
20916	-2581.923	-2793.787	211.8641	1.216018	0.07515563	0.601419	0.398581	2.665247
20922	-2580.262	-2791.894	211.6323	1.367868	0.1365991	0.530104	0.469896	2.556681
20928	-2601.163	-2811.719	210.5563	1.366576	0.09223119	0.652438	0.347562	3.314067
20934	-2587.271	-2797.583	210.3127	1.22984	0.0995214	0.495188	0.504812	3.518368
20940	-2574.94	-2784.107	209.1674	1.052449	0.06575901	0.495188	0.504812	4.364414
20946	-2569.288	-2780.445	211.1571	1.375524	0.06575901	0.645006	0.354994	3.024682
20952	-2577.403	-2785.639	208.236	0.9871413	0.05408745	0.641587	0.358413	4.955091
20958	-2583.75	-2791.729	207.9788	0.9418284	0.1218811	0.489115	0.510885	4.955091
20964	-2577.274	-2785.791	208.5179	1.07999	0.07761899	0.569916	0.430084	4.682337
20970	-2575.066	-2784.712	209.646	1.01921	0.06566839	0.599759	0.400241	4.112173
20976	-2586.153	-2794.913	208.7604	1.01921	0.1037325	0.527284	0.472716	4.515759
20982	-2589.33	-2798.348	209.0186	1.296209	0.0618465	0.558424	0.441576	4.321587
20988	-2581.304	-2791.63	210.3256	1.22848	0.08751164	0.558424	0.441576	3.542165
20994	-2585.785	-2794.855	209.0702	1.21309	0.1096118	0.558424	0.441576	4.217632
21000	-2594.641	-2803.469	208.8279	1.038247	0.07498284	0.553898	0.446102	4.53883
21006	-2598.515	-2806.681	208.1661	1.127611	0.08542128	0.618911	0.381089	4.832328
21012	-2581.005	-2790.739	209.7334	1.038079	0.1039207	0.618911	0.381089	3.952901
21018	-2583.809	-2793.339	209.5297	1.20535	0.1127871	0.565939	0.434061	3.952901
21024	-2579.938	-2788.365	208.4271	1.202179	0.09227554	0.62233	0.37767	4.627709
21030	-2585.249	-2795.444	210.195	1.202114	0.09580596	0.582173	0.417827	3.61224
21036	-2575.761	-2786.454	210.6928	1.274675	0.05010695	0.477323	0.522677	3.405378
21042	-2575.528	-2786.333	210.8044	1.328906	0.075245	0.520067	0.479933	3.235326
21048	-2580.095	-2791.537	211.4426	1.261388	0.1013291	0.551819	0.448181	2.8239
21054	-2579.665	-2790.606	210.9406	1.262778	0.09982265	0.659942	0.340058	3.128624
21060	-2581.073	-2791.61	210.5373	1.314897	0.07612877	0.64907	0.35093	3.398404
21066	-2580.487	-2790.509	210.0223	1.2597	0.07373143	0.558741	0.441259	3.736609
21072	-2582.057	-2792.942	210.8856	1.300105	0.07283885	0.558741	0.441259	3.211072
21078	-2577.607	-2787.007	209.4008	1.159846	0.08313725	0.628091	0.371909	4.124907
21084	-2579.511	-2787.56	208.049	1.205933	0.08313725	0.558469	0.441531	4.859702
21090	-2579.823	-2788.176	208.3527	1.07428	0.09276326	0.558469	0.441531	4.739733
21096	-2582.058	-2791.043	208.985	1.116805	0.09276326	0.580707	0.419293	4.36064
21102	-2578.505	-2788.127	209.6212	1.075581	0.08354678	0.649685	0.350315	4.0463
21108	-2579.157	-2789.302	210.1453	1.279066	0.1164353	0.649685	0.350315	3.546769
21114	-2581.06	-2790.808	209.748	1.273185	0.1153937	0.575345	0.424655	3.78262
21120	-2593.289	-2802.908	209.6197	0.996134	0.1258161	0.474958	0.525042	3.991831
21126	-2617.691	-2824.738	207.0467	0.9825144	0.06931012	0.542658	0.457342	5.57343
21132	-2586.456	-2797.333	210.8779	1.33069	0.1132708	0.703113	0.296887	3.092426
21138	-2580.14	-2789.613	209.4735	1.260333	0.06655474	0.703113	0.296887	4.070631
21144	-2587.918	-2797.089	209.1717	1.230364	0.07079842	0.658665	0.341335	4.247635
21150	-2576.818	-2786.75	209.9325	1.161711	0.05191948	0.579785	0.420215	3.906051
21156	-2590.148	-2799.872	209.7238	1.161711	0.09630815	0.557682	0.442318	3.906051
21162	-2586.068	-2795.133	209.0649	1.030812	0.0810286	0.676738	0.323262	4.393773
21168	-2590.425	-2800.724	210.2983	1.225974	0.09765559	0.655224	0.344776	3.53365
21174	-2594.1	-2804.488	210.3875	1.410915	0.08021422	0.567409	0.432591	3.418852
21180	-2600.31	-2811.477	211.1671	1.476436	0.1487016	0.727149	0.272851	2.749579
21186	-2592.167	-2803.761	211.5943	1.371438	0.1300908	0.437886	0.562114	2.59306
21192	-2579.728	-2789.481	209.7532	1.183263	0.06786898	0.52396	0.47604	3.951259
21198	-2581.801	-2791.894	210.0927	1.465757	0.04618145	0.445777	0.554223	3.655105
21204	-2571.217	-2781.391	210.1742	1.417196	0.06769867	0.578425	0.421575	3.574053
21210	-2574.34	-2784.085	209.7456	1.170391	0.08066387	0.6376	0.3624	3.928498
21216	-2588.54	-2798.001	209.4612	1.215289	0.1392148	0.569974	0.430026	3.928498
21222	-2590.39	-2800.79	210.3999	1.267681	0.1278898	0.569974	0.430026	3.378585
21228	-2592.104	-2802.68	210.5755	1.144455	0.1082318	0.653888	0.346112	3.393396
21234	-2600.681	-2808.962	208.2809	1.05903	0.09453632	0.517285	0.482715	4.784065
21240	-2592.193	-2800.234	208.0404	1.095582	0.1194179	0.430871	0.569129	4.840531
21246	-2585.936	-2795.583	209.6479	1.019066	0.07352133	0.612371	0.387629	4.089771
21252	-2583.913	-2793.11	209.1961	1.209632	0.05687611	0.55436	0.44564	4.28404
21258	-2582.188	-2793.367	211.1787	1.268786	0.09744003	0.530628	0.469372	2.988826
21264	-2588.898	-2796.855	207.9579	1.325187	0.07093493	0.611573	0.388427	4.875743
21270	-2584.794	-2794.086	209.2921	1.173803	0.05645082	0.479627	0.520373	4.251206
21276	-2574.482	-2785.045	210.5632	1.220721	0.07936776	0.566719	0.433281	3.429574
21282	-2571.535	-2781.849	210.3142	1.171821	0.07507886	0.599505	0.400495	3.614841
21288	-2576.106	-2786.165	210.0589	1.185021	0.1225025	0.599505	0.400495	3.637738
21294	-2587.368	-2797.846	210.4781	1.175976	0.08874925	0.515335	0.484665	3.480671
21300	-2588.246	-2799.171	210.9246	1.330354	0.08874925	0.637129	0.362871	3.126545
21306	-2580.721	-2790.848	210.127	1.266361	0.05127459	0.607186	0.392814	3.735781
21312	-2583.536	-2793.201	209.6658	1.305977	0.08817727	0.548635	0.451365	3.877022
21318	-2585.749	-2795.68	209.9307	1.305977	0.1193207	0.713997	0.286003	3.649133
21324	-2597.204	-2807.368	210.164	1.265207	0.07458592	0.611651	0.388349	3.649133
21330	-2589.979	-2799.537	209.5577	1.247175	0.09778449	0.601027	0.398973	3.948594
21336	-2587.912	-2797.627	209.7144	1.077463	0.1008544	0.601027	0.398973	3.948594
21342	-2589.911	-2799.827	209.9166	1.294416	0.1023704	0.453795	0.546205	3.703831
21348	-2585.138	-2794.682	209.5443	1.294416	0.08035496	0.628466	0.371534	3.973537
21354	-2578.267	-2786.189	207.922	1.085002	0.1053159	0.485883	0.514117	4.944071
21360	-2580.618	-2789.557	208.9391	1.079363	0.07125101	0.575308	0.424692	4.463057
21366	-2584.608	-2793.688	209.08	1.094857	0.1295731	0.575308	0.424692	4.234708
21372	-2589.158	-2800.158	211.0007	1.339817	0.09943174	0.683486	0.316514	3.047781
21378	-2585.048	-2794.967	209.9195	1.452506	0.07319085	0.613851	0.386149	3.686049
21384	-2581.012	-2791.687	210.675	1.195488	0.1111459	0.486644	0.513356	3.297932
21390	-2590.009	-2800.405	210.3957	1.175618	0.1821171	0.524203	0.475797	3.32509
21396	-2592.865	-2804.141	211.2763	1.577637	0.09136734	0.618237	0.381763	2.758702
21402	-2594.635	-2804.481	209.8466	1.452371	0.1276019	0.618237	0.381763	3.594407
21408	-2605.41	-2813.249	207.8391	0.8935206	0.1063906	0.677279	0.322721	5.093966
21414	-2592.624	-2801.565	208.9414	1.318792	0.09753286	0.541047	0.458953	4.259383
21420	-2585.074	-2795.036	209.9623	1.281619	0.08165605	0.524601	0.475399	3.737323
21426	-2594.235	-2803.027	208.7923	1.115501	0.06803504	0.375546	0.624454	4.533987
21432	-2590.106	-2800.267	210.1607	1.263568	0.1048513	0.51791	0.48209	3.574178
21438	-2589.548	-2799.326	209.7784	1.133102	0.09139381	0.588489	0.411511	3.903406
21444	-2595.675	-2805.976	210.3011	1.161589	0.09461172	0.588489	0.411511	3.57716
21450	-2609.131	-2817.986	208.8546	1.067132	0.07817502	0.436454	0.563546	4.4992
21456	-2598.618	-2808.057	209.439	1.013705	0.1203716	0.603646	0.396354	4.096897
21462	-2596.307	-2805.4	209.0927	1.094993	0.09963342	0.585044	0.414956	4.29534
21468	-2584.383	-2794	209.6173	1.24119	0.08185167	0.585044	0.414956	3.958314
21474	-2587.828	-2798.014	210.1854	1.303851	0.09582991	0.602253	0.397747	3.558638
21480	-2585.604	-2796.905	211.3011	1.303851	0.07074543	0.623154	0.376846	2.966842
21486	-2591.335	-2800.726	209.3903	1.227042	0.09160016	0.617208	0.382792	4.071079
21492	-2601.169	-2811.125	209.9559	1.137891	0.0906994	0.484646	0.515354	3.80044
21498	-2587.469	-2796.938	209.4682	1.137891	0.09248584	0.56888	0.43112	4.075234
21504	-2592.236	-2799.71	207.4741	1.02937	0.07051676	0.404023	0.595977	5.309096
21510	-2593.62	-2802.756	209.1362	0.9300987	0.06951489	0.631952	0.368048	4.440812
21516	-2587.037	-2793.861	206.8238	0.946552	0.1005812	0.622663	0.377337	5.637997
21522	-2593.115	-2798.453	205.3385	0.97934	0.05508999	0.622663	0.377337	6.544293
21528	-2601.982	-2808.962	206.9803	0.97934	0.09759641	0.567761	0.432239	5.541047
21534	-2600.479	-2810.007	209.5283	1.145335	0.07412741	0.453428	0.546572	4.084308
21540	-2604.668	-2815.755	211.0873	1.23351	0.1174376	0.583953	0.416047	3.015384
21546	-2601.116	-2811.532	210.4158	1.213762	0.1174376	0.651332	0.348668	3.42466
21552	-2594.257	-2803.437	209.1799	1.441426	0.09137881	0.508039	0.491961	4.069347
21558	-2583.771	-2793.413	209.6418	1.253785	0.09015004	0.523244	0.476756	3.915688
21564	-2584.524	-2792.423	207.8992	1.001684	0.08621372	0.50114	0.49886	5.048905
21570	-2571.763	-2781.207	209.4437	1.222034	0.09919336	0.50114	0.49886	4.024743
21576	-2589.652	-2798.971	209.3186	1.200156	0.1018292	0.578497	0.421503	4.102142
21582	-2588.606	-2797.385	208.779	1.086525	0.1018292	0.578497	0.421503	4.471943
21588	-2599.772	-2808.637	208.8649	0.9785736	0.1087963	0.574733	0.425267	4.468048
21594	-2595.081	-2803.996	208.9148	0.9703601	0.09883343	0.491226	0.508774	4.468048
21600	-2590.774	-2799.578	208.8047	1.063087	0.09703158	0.628603	0.371397	4.482158
21606	-2584.874	-2793.67	208.796	1.154302	0.07854607	0.516652	0.483348	4.482158
21612	-2592.045	-2801.729	209.6838	1.083197	0.1181524	0.602089	0.397911	3.922372
21618	-2583.927	-2793.783	209.8557	1.244001	0.09213248	0.535036	0.464964	3.793369
21624	-2578.9	-2788.538	209.6382	1.156208	0.1150897	0.662578	0.337422	3.913598
21630	-2587.565	-2795.116	207.5505	1.104093	0.08772391	0.454023	0.545977	5.181652
21636	-2582.001	-2789.749	207.7479	1.13012	0.09469795	0.621265	0.378735	5.040815
21642	-2581.463	-2790.651	209.1875	1.197634	0.08992679	0.429561	0.570439	4.207327
21648	-2577.635	-2788.086	210.4507	1.120235	0.09514639	0.648839	0.351161	3.512772
21654	-2583.054	-2792.261	209.2076	1.128492	0.1458703	0.606963	0.393037	4.109201
21660	-2588.889	-2798.117	209.2277	1.078645	0.110826	0.550622	0.449378	4.20175
21666	-2588.731	-2798.707	209.9761	1.077671	0.07992362	0.550622	0.449378	3.851412
21672	-2588.71	-2798.444	209.7342	0.9607704	0.09561967	0.493593	0.506407	4.016792
21678	-2589.472	-2800.1	210.6285	1.19306	0.08442165	0.655886	0.344114	3.394008
21684	-2579.273	-2788.509	209.2359	1.219425	0.07686688	0.50958	0.49042	4.201159
21690	-2595.421	-2803.094	207.673	1.156189	0.07577157	0.565692	0.434308	5.115246
21696	-2588.552	-2795.765	207.2133	1.020486	0.09521502	0.431435	0.568565	5.395805
21702	-2594.696	-2802.344	207.6474	0.8873889	0.1220335	0.497666	0.502334	5.168853
21708	-2598.143	-2805.629	207.4862	1.081339	0.1137484	0.501921	0.498079	5.168853
21714	-2589.478	-2798.16	208.6818	1.007346	0.09436338	0.539988	0.460012	4.589009
21720	-2588.342	-2797.648	209.3062	1.046991	0.1042907	0.594627	0.405373	4.190441
21726	-2590.013	-2799.349	209.3361	1.100533	0.08504605	0.59235	0.40765	4.190441
21732	-2599.231	-2808.102	208.8709	1.198629	0.06809252	0.574763	0.425237	4.442848
21738	-2582.083	-2791.927	209.8448	1.177778	0.1152171	0.638856	0.361144	3.782176
21744	-2579.373	-2789.241	209.8671	1.155529	0.1152171	0.687229	0.312771	3.782176
21750	-2599.779	-2810.383	210.6044	1.27042	0.08812563	0.74102	0.25898	3.353013
21756	-2596.266	-2806.799	210.5333	1.376258	0.1126575	0.559395	0.440605	3.271298
21762	-2580.387	-2790.937	210.5499	1.341687	0.09844201	0.555508	0.444492	3.316645
21768	-2580.247	-2789.429	209.1818	1.304628	0.0889961	0.60147	0.39853	4.152129
21774	-2595.933	-2805.984	210.0514	1.284718	0.1265413	0.618834	0.381166	3.575168
21780	-2599.524	-2808.104	208.5804	1.080246	0.06865555	0.580847	0.419153	4.670975
21786	-2593.785	-2803.218	209.4326	1.213328	0.08284004	0.508196	0.491804	4.077113
21792	-2592.76	-2802.312	209.5527	1.213328	0.099192	0.495468	0.504532	3.967414
21798	-2589.18	-2799.987	210.8071	1.081758	0.09049994	0.681807	0.318193	3.338554
21804	-2595.594	-2804.734	209.1399	1.017091	0.1152838	0.702511	0.297489	4.276252
21810	-2577.277	-2786.159	208.8819	1.037174	0.09551148	0.651363	0.348637	4.456973
21816	-2571.002	-2780.01	209.008	1.183623	0.07994704	0.611396	0.388604	4.342391
21822	-2589.745	-2799.282	209.5375	1.186492	0.06537893	0.595327	0.404673	4.079543
21828	-2573.509	-2783.603	210.0942	1.186492	0.09737565	0.492699	0.507301	3.675779
21834	-2580.168	-2791.238	211.0702	1.293367	0.08741274	0.523332	0.476668	3.065346
21840	-2580.01	-2788.758	208.7485	1.045452	0.1489943	0.594904	0.405096	4.410097
21846	-2586.562	-2795.493	208.9308	1.003656	0.1287263	0.611096	0.388904	4.37255
21852	-2582.017	-2791.929	209.9122	1.224889	0.1507758	0.499981	0.500019	3.639314
21858	-2583.932	-2795.033	211.1012	1.360537	0.08355147	0.66137	0.33863	3.017052
21864	-2578.581	-2788.332	209.7506	1.363757	0.06934568	0.604315	0.395685	3.845177
21870	-2576.872	-2787.372	210.4993	1.42447	0.07902192	0.5634	0.4366	3.348522
21876	-2572.198	-2782.417	210.2185	1.305881	0.07920212	0.679905	0.320095	3.581421
21882	-2579.307	-2789.021	209.7136	1.236209	0.08631744	0.500846	0.499154	3.894398
21888	-2573.788	-2782.929	209.1406	1.141186	0.10789	0.579701	0.420299	4.222488
21894	-2587.33	-2796.648	209.3181	1.141186	0.1099378	0.481134	0.518866	4.11688
21900	-2584.33	-2793.631	209.3003	1.271329	0.1066457	0.563811	0.436189	4.060559
21906	-2577.853	-2788.433	210.5805	1.479691	0.1076714	0.589732	0.410268	3.19422
21912	-2589.934	-2800.016	210.0819	1.138838	0.1159415	0.379002	0.620998	3.666117
21918	-2591.015	-2799.463	208.4477	0.9901314	0.117741	0.485996	0.514004	4.675592
21924	-2592.823	-2801.324	208.5007	1.119886	0.07535374	0.590887	0.409113	4.675592
21930	-2587.207	-2795.672	208.465	1.202866	0.08822805	0.546817	0.453183	4.616091
21936	-2590.135	-2800.569	210.4337	1.364161	0.0694474	0.546817	0.453183	3.44879
21942	-2585.699	-2796.471	210.7721	1.364161	0.0788728	0.598638	0.401362	3.223578
21948	-2590.109	-2799.925	209.8156	1.166079	0.07405035	0.641899	0.358101	3.908479
21954	-2585.367	-2793.124	207.757	0.949292	0.08798691	0.741159	0.258841	5.152338
21960	-2578.647	-2786.182	207.5352	1.054835	0.115561	0.522927	0.477073	5.152338
21966	-2593.605	-2801.231	207.6259	1.045782	0.05955165	0.551526	0.448474	5.245718
21972	-2593.121	-2801.05	207.9293	1.085418	0.06021141	0.647304	0.352696	5.053919
21978	-2591.917	-2799.443	207.5265	0.9702106	0.05831278	0.580086	0.419914	5.34569
21984	-2581.675	-2791.773	210.0973	1.282709	0.08516144	0.62542	0.37458	3.649367
21990	-2583.895	-2793.431	209.5352	1.282709	0.08516144	0.573941	0.426059	3.972889
21996	-2588.013	-2797.987	209.9747	1.362762	0.09493124	0.568219	0.431781	3.648985
22002	-2589.485	-2799.491	210.0056	1.40164	0.06641101	0.51132	0.48868	3.684484
22008	-2594.44	-2801.728	207.288	1.208337	0.04786613	0.558366	0.441634	5.374741
22014	-2603.481	-2812.61	209.129	1.012413	0.1776505	0.620502	0.379498	4.159
22020	-2578.39	-2784.573	206.1828	0.895441	0.05946823	0.550287	0.449713	6.119695
22026	-2575.171	-2782.921	207.7498	1.101836	0.06901333	0.628398	0.371602	5.12056
22032	-2593.36	-2801.65	208.2907	1.09215	0.08273965	0.502563	0.497437	4.789378
22038	-2578.866	-2785.88	207.0139	1.048431	0.05564286	0.627412	0.372588	5.592082
22044	-2584.973	-2792.055	207.0817	0.8742009	0.07763184	0.617548	0.382452	5.592082
22050	-2589.78	-2799.981	210.2011	1.086132	0.07344205	0.658052	0.341948	3.734364
22056	-2595.396	-2805.445	210.0483	1.040829	0.1193478	0.576527	0.423473	3.734364
22062	-2598.364	-2807.618	209.2538	0.9075324	0.08267255	0.54254	0.45746	4.352488
22068	-2589.964	-2797.47	207.5064	1.05176	0.08680434	0.54254	0.45746	5.237238
22074	-2597.214	-2806.302	209.0886	1.04921	0.07612149	0.487419	0.512581	4.382814
22080	-2594.686	-2802.33	207.6445	0.9720157	0.07187742	0.574983	0.425017	5.243107
22086	-2592.218	-2800.666	208.4477	1.150022	0.07382944	0.574983	0.425017	4.692387
22092	-2598.57	-2809.866	211.296	1.062596	0.0795676	0.565225	0.434775	3.089596
22098	-2592.748	-2802.755	210.0076	1.094967	0.1306878	0.580006	0.419994	3.701445
22104	-2586.651	-2794.669	208.0177	1.134248	0.08258625	0.467826	0.532174	4.918482
22110	-2577.272	-2786.181	208.9087	1.071475	0.08992295	0.478837	0.521163	4.436284
22116	-2582.104	-2791.089	208.9849	1.144291	0.08992295	0.710351	0.289649	4.35223
22122	-2587.866	-2795.694	207.8278	1.055804	0.07097654	0.750742	0.249258	5.097614
22128	-2584.432	-2793.505	209.0729	1.017993	0.1029272	0.644479	0.355521	4.342228
22134	-2584.809	-2793.016	208.2069	0.9213722	0.1029272	0.521549	0.478451	4.882153
22140	-2590.897	-2798.215	207.3183	0.858535	0.1262517	0.581319	0.418681	5.357615
22146	-2572.762	-2781.607	208.8451	1.019524	0.06764552	0.56809	0.43191	4.559281
22152	-2587.273	-2796.316	209.0426	0.9759187	0.1119585	0.513282	0.486718	4.362125
22158	-2581.481	-2791.606	210.1252	1.188951	0.07031133	0.529058	0.470942	3.727435
22164	-2579.775	-2789.659	209.8832	1.054741	0.1553796	0.482536	0.517464	3.745265
22170	-2587.732	-2794.628	206.8963	1.074845	0.06882379	0.644883	0.355117	5.60657
22176	-2589.636	-2798.244	208.6084	1.074845	0.08615072	0.501332	0.498668	4.612647
22182	-2588.759	-2796.643	207.8842	0.9100817	0.1019094	0.493042	0.506958	5.070156
22188	-2601.028	-2809.414	208.3866	0.9627522	0.1031834	0.58218	0.41782	4.758218
22194	-2575.941	-2783.718	207.7768	1.126287	0.06171648	0.533807	0.466193	5.111693
22200	-2608.087	-2817.688	209.6013	1.037882	0.105218	0.600801	0.399199	4.025434
22206	-2597.846	-2806.688	208.8421	0.9740135	0.1136192	0.600801	0.399199	4.472462
22212	-2579.245	-2789.179	209.9338	1.244029	0.112214	0.59119	0.40881	3.699548
22218	-2579.858	-2790.661	210.803	1.210958	0.1004343	0.611952	0.388048	3.239455
22224	-2583.112	-2793.595	210.483	1.514091	0.06158014	0.649701	0.350299	3.354403
22230	-2580.17	-2788.978	208.8073	1.174375	0.07559345	0.565411	0.434589	4.472212
22236	-2580.839	-2790.199	209.3593	1.084579	0.1754714	0.545312	0.454688	3.990593
22242	-2578.578	-2788.838	210.2597	1.124723	0.1056354	0.612517	0.387483	3.595473
22248	-2595.269	-2803.188	207.9194	1.309092	0.07653763	0.48747	0.51253	4.891416
22254	-2621.606	-2832.373	210.7678	1.317315	0.1580691	0.645309	0.354691	3.067224
22260	-2603.92	-2812.773	208.853	1.250667	0.05348311	0.693232	0.306768	4.464145
22266	-2601.45	-2812.09	210.6403	1.285787	0.06792362	0.624115	0.375885	3.377932
22272	-2602.785	-2813.841	211.0557	1.316661	0.1499278	0.423523	0.576477	2.911629
22278	-2591.405	-2802.863	211.4576	1.393981	0.08075739	0.567882	0.432118	2.789208
22284	-2587.956	-2799.559	211.6026	1.330565	0.08785195	0.654429	0.345571	2.71976
22290	-2583.226	-2790.81	207.5841	1.129507	0.0755759	0.595785	0.404215	5.179758
22296	-2590.628	-2800.934	210.3052	1.112489	0.08397259	0.595785	0.404215	3.630639
22302	-2590.162	-2800.432	210.2703	1.165011	0.159624	0.605337	0.394663	3.448003
22308	-2590.6	-2800.894	210.2941	1.181534	0.1479716	0.626457	0.373543	3.448003
22314	-2588.253	-2797.977	209.724	1.074917	0.1184943	0.539772	0.460228	3.903269
22320	-2593.945	-2805.313	211.3677	1.052555	0.1184943	0.62515	0.37485	2.953136
22326	-2591.017	-2800.22	209.2033	1.066541	0.1124895	0.459138	0.540862	4.218658
22332	-2580.987	-2790.133	209.146	1.143223	0.1077295	0.512589	0.487411	4.218658
22338	-2591.057	-2801.258	210.2006	1.229753	0.08639608	0.575226	0.424774	3.616978
22344	-2595.399	-2805.451	210.0518	1.249415	0.1089056	0.668023	0.331977	3.635899
22350	-2588.936	-2799.047	210.1105	1.279195	0.08818286	0.527094	0.472906	3.635899
22356	-2580.215	-2790.609	210.3934	1.144285	0.08285699	0.569156	0.430844	3.563939
22362	-2599.91	-2810.245	210.3354	0.9824823	0.0951413	0.649121	0.350879	3.659821
22368	-2591.495	-2800.495	209.0001	1.09044	0.113933	0.581	0.419	4.316921
22374	-2593.524	-2802.57	209.0456	1.174237	0.08364423	0.413722	0.586278	4.316921
22380	-2598.003	-2806.214	208.2108	1.089557	0.09138943	0.584734	0.415266	4.813795
22386	-2589.691	-2796.156	206.4652	0.9079901	0.08204678	0.433221	0.566779	5.900079
22392	-2588.004	-2795.016	207.0129	0.9079901	0.08060217	0.419899	0.580101	5.603793
22398	-2583.602	-2793.291	209.6883	1.140127	0.0923391	0.630597	0.369403	3.948611
22404	-2585.522	-2794.92	209.3979	1.140127	0.08745224	0.565099	0.434901	4.126703
22410	-2581.965	-2791.999	210.034	1.297302	0.08745224	0.565099	0.434901	3.671651
22416	-2590.081	-2798.656	208.5749	1.07163	0.1303882	0.565099	0.434901	4.531167
22422	-2586.708	-2795.369	208.6613	1.120223	0.1108336	0.490197	0.509803	4.49827
22428	-2577.184	-2786.585	209.4011	1.120223	0.07841511	0.605883	0.394117	4.15959
22434	-2588.797	-2796.992	208.1949	1.023989	0.1299582	0.670097	0.329903	4.771648
22440	-2588.394	-2797.865	209.4711	0.9954933	0.1370598	0.602152	0.397848	4.053002
22446	-2586.36	-2795.495	209.135	0.9967577	0.1496456	0.720203	0.279797	4.217718
22452	-2579.258	-2785.527	206.2687	0.8982581	0.07242257	0.722864	0.277136	6.037079
22458	-2572.654	-2782.546	209.8924	1.106127	0.1022679	0.591507	0.408493	3.826602
22464	-2576.181	-2786.01	209.8288	1.113151	0.1001495	0.552018	0.447982	3.864227
22470	-2579.226	-2787.651	208.4248	1.118238	0.06545555	0.48821	0.51179	4.745436
22476	-2575.484	-2784.952	209.4682	1.029276	0.100465	0.45197	0.54803	4.117526
22482	-2584.652	-2793.811	209.1585	1.081185	0.1739452	0.439764	0.560236	4.109884
22488	-2583.296	-2793.318	210.0224	1.081185	0.1446194	0.590568	0.409432	3.67137
22494	-2579.707	-2787.357	207.6493	0.9301564	0.1063936	0.590568	0.409432	5.178791
22500	-2580.542	-2790.501	209.9591	1.071003	0.116517	0.590568	0.409432	3.774864
22506	-2580.841	-2790.749	209.908	1.122113	0.116517	0.454708	0.545292	3.774864
22512	-2584.988	-2795.181	210.1929	1.122113	0.1100827	0.538304	0.461696	3.625132
22518	-2598.673	-2808.063	209.3901	1.255805	0.05771682	0.421694	0.578306	4.145444
22524	-2590.322	-2799.651	209.3289	1.258219	0.06974872	0.421694	0.578306	4.145444
22530	-2587.936	-2797.93	209.9946	1.26295	0.08394432	0.452473	0.547527	3.72343
22536	-2576.639	-2786.696	210.0566	1.191267	0.08607401	0.486764	0.513236	3.72343
22542	-2577.8	-2787.882	210.0815	1.274715	0.06665162	0.432319	0.567681	3.713304
22548	-2577.823	-2787.766	209.9432	1.332321	0.06984533	0.620415	0.379585	3.750999
22554	-2569.998	-2779.935	209.937	1.198069	0.05636117	0.779847	0.220153	3.869813
22560	-2576.324	-2785.361	209.0375	1.109777	0.1200475	0.779847	0.220153	4.271104
22566	-2580.761	-2788.6	207.8385	1.175247	0.05616586	0.629945	0.370055	5.0656
22572	-2574.336	-2783.512	209.176	0.9182306	0.1186381	0.542366	0.457634	4.304261
22578	-2575.606	-2784.207	208.6013	1.070911	0.08319915	0.542366	0.457634	4.626333
22584	-2566.183	-2774.78	208.5971	1.083053	0.0814568	0.542366	0.457634	4.626333
22590	-2568.948	-2776.644	207.696	0.8575488	0.1016894	0.663444	0.336556	5.204008
22596	-2576.263	-2783.021	206.7581	0.8726761	0.08247337	0.62149	0.37851	5.758104
22602	-2579.362	-2786.824	207.4618	0.994828	0.0698764	0.460614	0.539386	5.336668
22608	-2582.384	-2790.822	208.4383	0.8816104	0.08190987	0.676045	0.323955	4.826606
22614	-2574.549	-2782.95	208.4006	1.14387	0.08190987	0.598425	0.401575	4.701175
22620	-2568.403	-2776.77	208.3679	0.9983146	0.06036416	0.664286	0.335714	4.858023
22626	-2575.374	-2785.031	209.6573	1.043413	0.06543518	0.669906	0.330094	4.092653
22632	-2585.5	-2794.125	208.6244	0.9703417	0.07398604	0.547855	0.452145	4.693658
22638	-2590.422	-2798.977	208.5552	1.064272	0.122134	0.66004	0.33996	4.564072
22644	-2586.879	-2798.358	211.4789	1.340639	0.07697369	0.572047	0.427953	2.819368
22650	-2582.327	-2791.098	208.7716	1.090658	0.05616509	0.640069	0.359931	4.592291
22656	-2573.795	-2782.289	208.4939	1.116689	0.09527242	0.508804	0.491196	4.630844
22662	-2585.786	-2793.932	208.1466	0.8263086	0.1006475	0.613356	0.386644	4.973929
22668	-2593.105	-2802.12	209.015	0.9014332	0.1006475	0.482815	0.517185	4.446064
22674	-2595.421	-2802.411	206.99	0.9215259	0.06170625	0.488493	0.511507	5.658313
22680	-2583.975	-2793.067	209.0918	1.196741	0.0840669	0.467066	0.532934	4.276919
22686	-2582.9	-2793.82	210.9194	1.246185	0.1108955	0.576026	0.423974	3.123775
22692	-2578.306	-2789.307	211.0014	1.315379	0.08235165	0.698272	0.301728	3.106892
22698	-2581.471	-2792.026	210.5547	1.254022	0.123401	0.55173	0.44827	3.305757
22704	-2570.642	-2781.32	210.6779	1.292138	0.08479002	0.55173	0.44827	3.305757
22710	-2575.144	-2785.474	210.3291	1.302137	0.0803884	0.68055	0.31945	3.516007
22716	-2584.986	-2795.602	210.6161	1.302137	0.1283616	0.601438	0.398562	3.229895
22722	-2588.109	-2798.759	210.6498	1.233648	0.1223315	0.504866	0.495134	3.264089
22728	-2591.221	-2801.728	210.5073	1.594942	0.07153406	0.507431	0.492569	3.264089
22734	-2596.395	-2804.37	207.9745	1.012714	0.08409475	0.544728	0.455272	5.006265
22740	-2583.149	-2792.639	209.4895	1.241663	0.06717208	0.523788	0.476212	4.070491
22746	-2582.449	-2793.554	211.1055	1.490767	0.06472018	0.604088	0.395912	2.989546
22752	-2576.516	-2787.419	210.9024	1.378984	0.08418782	0.668509	0.331491	3.12301
22758	-2580.323	-2788.502	208.179	0.9689023	0.1040034	0.704536	0.295464	4.868689
22764	-2580.529	-2788.447	207.9176	0.9826682	0.05298999	0.704536	0.295464	5.137336
22770	-2579.254	-2788.398	209.1445	1.132971	0.1051734	0.562548	0.437452	4.231296
22776	-2565.74	-2775.589	209.8484	1.141967	0.06987681	0.511398	0.488602	3.914864
22782	-2584.086	-2793.229	209.1429	1.12083	0.1023525	0.597231	0.402769	4.245804
22788	-2585.351	-2792.461	207.1108	0.8794687	0.1403667	0.568959	0.431041	5.43151
22794	-2581.2	-2788.969	207.7688	1.041159	0.08643774	0.503812	0.496188	5.098745
22800	-2592.007	-2799.854	207.8471	1.000571	0.07818438	0.449676	0.550324	5.098745
22806	-2585.867	-2795.766	209.899	1.301553	0.1082182	0.687914	0.312086	3.695831
22812	-2574.824	-2785.093	210.2687	1.328394	0.06263036	0.633028	0.366972	3.585116
22818	-2570.684	-2779.518	208.8344	1.536973	0.05272098	0.598195	0.401805	4.315267
22824	-2587.771	-2797.809	210.038	1.104262	0.08040116	0.51468	0.48532	3.799232
22830	-2582.367	-2790.498	208.1307	1.100314	0.08991249	0.58334	0.41666	4.856111
22836	-2601.907	-2811.596	209.6892	1.29836	0.1157972	0.641379	0.358621	3.801061
22842	-2588.899	-2799.226	210.327	1.671285	0.06223133	0.660845	0.339155	3.351853
22848	-2596.418	-2807.24	210.8222	1.669856	0.06019642	0.660845	0.339155	3.065263
22854	-2603.54	-2811.779	208.2387	1.057329	0.05803837	0.570394	0.429606	4.903538
22860	-2586.477	-2795.827	209.3501	1.114218	0.08406353	0.570394	0.429606	4.177277
22866	-2588.399	-2797.807	209.4079	1.278345	0.06434887	0.570394	0.429606	4.103869
22872	-2585.199	-2795.957	210.7585	1.389879	0.06820806	0.570394	0.429606	3.24626
22878	-2587.573	-2796.727	209.1543	1.09574	0.07823304	0.495618	0.504382	4.313871
22884	-2586.851	-2796.382	209.5307	1.397612	0.06872373	0.706548	0.293452	3.953603
22890	-2576.108	-2786.366	210.2576	1.386439	0.06187296	0.544253	0.455747	3.559942
22896	-2579.125	-2789.365	210.2401	1.415624	0.05050239	0.65394	0.34606	3.586082
22902	-2585.264	-2795.241	209.9766	1.018855	0.1048448	0.595337	0.404663	3.822138
22908	-2579.638	-2789.307	209.6683	1.051246	0.09438811	0.595337	0.404663	4.005806
22914	-2585.557	-2793.066	207.5088	1.182328	0.08790035	0.459237	0.540763	5.160989
22920	-2591.427	-2798.57	207.143	1.085455	0.05481903	0.627967	0.372033	5.503045
22926	-2590.271	-2799.822	209.5507	1.178391	0.07074233	0.627967	0.372033	4.061904
22932	-2576.839	-2786.718	209.8785	1.178391	0.06070648	0.624308	0.375692	3.902291
22938	-2583.317	-2793.222	209.9044	1.203599	0.06503465	0.468196	0.531804	3.860823
22944	-2576.741	-2786.567	209.8267	1.108079	0.1002259	0.564502	0.435498	3.868157
22950	-2580.594	-2788.819	208.2244	1.193682	0.0812359	0.660917	0.339083	4.773554
22956	-2581.252	-2788.446	207.1946	1.053805	0.04785361	0.57168	0.42832	5.511277
22962	-2572.332	-2780.902	208.5703	0.9802575	0.0799391	0.602398	0.397602	4.702831
22968	-2567.669	-2776.749	209.0799	1.127362	0.09397194	0.66362	0.33638	4.298053
22974	-2594.319	-2803.412	209.0933	1.113928	0.09397194	0.628251	0.371749	4.298053
22980	-2591.07	-2800.693	209.6233	1.197417	0.08517014	0.553015	0.446985	3.971267
22986	-2577.386	-2786.129	208.7424	1.197417	0.06968357	0.606934	0.393066	4.511532
22992	-2579.187	-2785.05	205.863	1.016438	0.07322205	0.611495	0.388505	6.191567
22998	-2581.542	-2789.685	208.1435	1.004446	0.06525618	0.657754	0.342246	4.966184
23004	-2592.295	-2800.525	208.2297	1.135132	0.0741723	0.64607	0.35393	4.821589
23010	-2588.894	-2797.455	208.561	1.135132	0.08204598	0.535875	0.464125	4.615857
23016	-2596.036	-2805.696	209.6604	1.11017	0.1064178	0.566318	0.433682	3.947431
23022	-2595.668	-2806.158	210.4893	1.375021	0.07565472	0.556277	0.443723	3.392605
23028	-2598.269	-2808.33	210.0607	1.451285	0.07840427	0.556277	0.443723	3.590774
23034	-2596.48	-2806.98	210.5004	1.324594	0.1163757	0.708507	0.291493	3.312353
23040	-2593.368	-2802.684	209.3159	1.158891	0.1310522	0.658396	0.341604	4.061001
23046	-2600.158	-2810.844	210.6853	1.3526	0.1310522	0.551531	0.448469	3.152932
23052	-2606.865	-2817.224	210.3588	1.194243	0.09112476	0.481971	0.518029	3.533415
23058	-2587.211	-2797.798	210.5866	1.282672	0.07640689	0.482232	0.517768	3.387678
23064	-2584.416	-2794.558	210.1414	1.208561	0.1306699	0.482232	0.517768	3.55802
23070	-2593.478	-2801.029	207.5511	1.080709	0.07116122	0.668675	0.331325	5.236546
23076	-2582.041	-2790.691	208.6494	1.039352	0.09520649	0.676167	0.323833	4.587182
23082	-2593.794	-2804.188	210.3937	1.225721	0.1402297	0.653911	0.346089	3.37999
23088	-2579.804	-2790.103	210.2993	1.30001	0.1026381	0.597966	0.402034	3.477622
23094	-2594.661	-2805.253	210.5914	1.251319	0.06933474	0.421494	0.578506	3.42282
23100	-2577.664	-2786.492	208.8276	1.251319	0.06672515	0.525687	0.474313	4.441246
23106	-2580.963	-2790.579	209.616	1.444294	0.07871844	0.525687	0.474313	3.850853
23112	-2582.4	-2791.969	209.5687	1.098429	0.1234847	0.465124	0.534876	3.967605
23118	-2576.737	-2787.157	210.4197	1.337568	0.120281	0.401492	0.598508	3.34318
23124	-2583.102	-2794.686	211.5843	1.463172	0.09621387	0.611362	0.388638	2.626895
23130	-2581.677	-2791.4	209.7234	1.476583	0.0753915	0.566612	0.433388	3.779391
23136	-2576.445	-2786.306	209.861	1.275016	0.06804528	0.556004	0.443996	3.836306
23142	-2576.389	-2786.746	210.3568	1.220708	0.06936002	0.568128	0.431872	3.5775
23148	-2571.687	-2782.139	210.4517	1.22597	0.08255278	0.615548	0.384452	3.483185
23154	-2588.655	-2798.729	210.0743	1.386165	0.07850058	0.620274	0.379726	3.62039
23160	-2592.762	-2802.86	210.0982	1.38784	0.06379049	0.565649	0.434351	3.646252
23166	-2601.328	-2811.783	210.4552	1.112759	0.0872522	0.489494	0.510506	3.534768
23172	-2590.351	-2798.946	208.5949	0.971917	0.09697691	0.489494	0.510506	4.651268
23178	-2609.642	-2820.209	210.5668	1.15624	0.08810722	0.498821	0.501179	3.442046
23184	-2593.417	-2801.597	208.1799	0.9579184	0.09480742	0.670409	0.329591	4.896092
23190	-2590.687	-2799.229	208.5421	1.01205	0.1012869	0.576083	0.423917	4.648081
23196	-2583.065	-2792.821	209.7556	1.01205	0.09361851	0.545724	0.454276	3.980201
23202	-2592.439	-2801.9	209.461	1.152977	0.1316904	0.518367	0.481633	3.980201
23208	-2588.526	-2797.832	209.3062	1.067565	0.07518069	0.512607	0.487393	4.251863
23214	-2587.946	-2797.59	209.6434	1.150422	0.07524375	0.689756	0.310244	4.012772
23220	-2587.393	-2798.136	210.7431	1.262176	0.07990007	0.553823	0.446177	3.298182
23226	-2587.589	-2797.977	210.3876	1.369764	0.07990007	0.63122	0.36878	3.443726
23232	-2585.998	-2796.586	210.5879	1.279903	0.06496148	0.563015	0.436985	3.420534
23238	-2598.075	-2808.618	210.5429	1.185243	0.09530036	0.563015	0.436985	3.420534
23244	-2593.782	-2802.178	208.396	1.0679	0.08930968	0.658132	0.341868	4.727619
23250	-2585.311	-2793.112	207.8014	1.0679	0.08235333	0.517428	0.482572	5.076094
23256	-2586.613	-2794.508	207.8947	1.035149	0.06942302	0.690067	0.309933	5.076094
23262	-2595.268	-2803.572	208.3043	0.9495493	0.07003201	0.596681	0.403319	4.894426
23268	-2593.579	-2803.75	210.1702	1.297454	0.08246773	0.444937	0.555063	3.605622
23274	-2588.326	-2798.25	209.9242	1.079165	0.09512402	0.655155	0.344845	3.841324
23280	-2591.016	-2799.657	208.6406	1.046042	0.07807942	0.600832	0.399168	4.631451
23286	-2585.461	-2795.046	209.5845	1.181038	0.09854378	0.579804	0.420196	3.969287
23292	-2600.398	-2808.368	207.9697	1.111232	0.1140993	0.518678	0.481322	4.882981
23298	-2584.502	-2793.309	208.8067	1.269609	0.06857489	0.58505	0.41495	4.437718
23304	-2594.775	-2802.776	208.0008	0.9781053	0.07830101	0.572022	0.427978	5.02564
23310	-2599.4	-2807.045	207.645	0.9381698	0.1270515	0.549533	0.450467	5.131387
23316	-2593.811	-2800.724	206.9124	0.9280365	0.08070219	0.511681	0.488319	5.647661
23322	-2597.011	-2806.786	209.7751	1.07324	0.1086489	0.698656	0.301344	3.897608
23328	-2583.893	-2792.098	208.2053	1.07324	0.07457045	0.717325	0.282675	4.868679
23334	-2595.17	-2805.504	210.3339	1.32426	0.05729878	0.494869	0.505131	3.564887
23340	-2591.05	-2800.14	209.0908	1.126704	0.0728865	0.494869	0.505131	4.346402
23346	-2581.452	-2789.304	207.8515	1.093805	0.06128376	0.587962	0.412038	5.089504
23352	-2584.718	-2793.325	208.6074	1.212725	0.06120669	0.625374	0.374626	4.601916
23358	-2579.824	-2787.374	207.5507	0.9418561	0.1057991	0.676555	0.323445	5.228252
23364	-2583.238	-2791.924	208.6862	1.246796	0.06942327	0.597171	0.402829	4.516091
23370	-2580.484	-2790.33	209.846	1.298142	0.05468119	0.706658	0.293342	3.869409
23376	-2582.068	-2791.612	209.5443	1.32934	0.0720279	0.598497	0.401503	3.975806
23382	-2585.575	-2796.457	210.8812	1.297962	0.1404419	0.636528	0.363472	3.048048
23388	-2579.003	-2790.135	211.1314	1.376639	0.06280405	0.518522	0.481478	3.048048
23394	-2585.583	-2794.182	208.5997	1.275161	0.04781337	0.613582	0.386418	4.608746
23400	-2582.575	-2792.836	210.2607	1.098194	0.09663453	0.49128	0.50872	3.632327
23406	-2583.144	-2792.735	209.5912	1.097936	0.09663453	0.47084	0.52916	4.017622
23412	-2592.444	-2802.023	209.5786	1.080207	0.08085214	0.44574	0.55426	4.074924
23418	-2594.672	-2802.873	208.2016	1.104643	0.07037037	0.659732	0.340268	4.864312
23424	-2585.945	-2794.839	208.894	1.118394	0.09338894	0.582881	0.417119	4.409583
23430	-2585.745	-2794.869	209.1234	1.04048	0.07172133	0.536131	0.463869	4.379853
23436	-2590.748	-2798.297	207.5498	0.9622243	0.1085073	0.600466	0.399534	5.211292
23442	-2601.795	-2810.818	209.0234	1.110638	0.09291021	0.687358	0.312642	4.342063
23448	-2583.307	-2792.157	208.8502	1.236426	0.1040039	0.594078	0.405922	4.342063
23454	-2602.177	-2812.939	210.7626	1.283856	0.1503565	0.612266	0.387734	3.106212
23460	-2584.431	-2794.939	210.5082	1.34351	0.07396551	0.578033	0.421967	3.404687
23466	-2609.792	-2819.791	209.9994	1.177387	0.07894081	0.493722	0.506278	3.783245
23472	-2599.685	-2809.398	209.7133	1.215805	0.08857887	0.467615	0.532385	3.900468
23478	-2604.019	-2814.344	210.3243	1.190812	0.1024121	0.646139	0.353861	3.527258
23484	-2583.407	-2792.685	209.2777	1.137066	0.09477876	0.524971	0.475029	4.178436
23490	-2578.145	-2787.26	209.1151	1.282646	0.08021201	0.656044	0.343956	4.225044
23496	-2587.046	-2797.517	210.4706	1.274917	0.09017952	0.502257	0.497743	3.423495
23502	-2590.22	-2800.817	210.5964	1.167895	0.09017952	0.505212	0.494788	3.412491
23508	-2592.783	-2803.338	210.5551	1.35964	0.09846289	0.479653	0.520347	3.302936
23514	-2580.569	-2790.684	210.1145	1.047032	0.0981846	0.581422	0.418578	3.742615
23520	-2585.059	-2794.592	209.5332	1.047032	0.08549392	0.52796	0.47204	4.107687
23526	-2573.195	-2782.554	209.3588	0.9965736	0.05942181	0.591126	0.408874	4.305412
23532	-2588.882	-2796.28	207.3977	0.8970628	0.08329579	0.591126	0.408874	5.391365
23538	-2587.468	-2794.83	207.3619	0.9573319	0.07796616	0.512072	0.487928	5.391365
23544	-2587.095	-2795.243	208.1484	1.023388	0.07855921	0.558145	0.441855	4.917723
23550	-2587.579	-2795.789	208.2097	0.925284	0.08664039	0.60075	0.39925	4.917723
23556	-2581.427	-2789.422	207.9946	1.231324	0.09703686	0.590334	0.409666	4.841645
23562	-2579.825	-2787.899	208.0741	1.15269	0.07165541	0.524245	0.475755	4.905197
23568	-2593.218	-2800.638	207.4203	1.019601	0.07220233	0.457765	0.542235	5.339749
23574	-2593.954	-2802.012	208.0584	1.160017	0.04793719	0.457765	0.542235	4.974862
23580	-2592.87	-2801.388	208.5181	1.160017	0.06935268	0.66309	0.33691	4.659277
23586	-2602.925	-2812.994	210.0687	1.017294	0.1459683	0.519194	0.480806	3.67876
23592	-2590.497	-2798.865	208.3675	1.006862	0.09735499	0.562979	0.437021	4.758001
23598	-2590.593	-2800.091	209.4987	1.092997	0.06687063	0.554748	0.445252	4.150703
23604	-2591.015	-2801.29	210.2751	1.125539	0.09842776	0.521844	0.478156	3.603662
23610	-2602.509	-2809.404	206.8954	1.034254	0.0673147	0.469324	0.530676	5.633374
23616	-2587.37	-2795.418	208.0485	1.072014	0.074727	0.594461	0.405539	4.956235
23622	-2590.54	-2798.676	208.1364	1.039925	0.06351448	0.493505	0.506495	4.955102
23628	-2574.011	-2782.942	208.9319	1.104981	0.07319969	0.51873	0.48127	4.447511
23634	-2579.597	-2788.977	209.3798	1.13023	0.09733901	0.657802	0.342198	4.118009
23640	-2576.541	-2786.075	209.5343	1.13023	0.09961856	0.75336	0.24664	4.024363
23646	-2582.914	-2794.505	211.591	1.536942	0.05610799	0.510031	0.489969	2.692705
23652	-2579.8	-2790.324	210.524	1.461284	0.06146859	0.564794	0.435206	3.361687
23658	-2580.928	-2790.255	209.3265	1.240244	0.07653943	0.615854	0.384146	4.138726
23664	-2574.372	-2785.366	210.9945	1.252733	0.07598276	0.627696	0.372304	3.165824
23670	-2576.804	-2788.483	211.6784	1.370695	0.06024207	0.548256	0.451744	2.728415
23676	-2577.862	-2789.1	211.2382	1.565869	0.1177142	0.570647	0.429353	2.722007
23682	-2572.174	-2782.975	210.8018	1.287588	0.1073647	0.681476	0.318524	3.177647
23688	-2581.757	-2792.21	210.4531	1.372539	0.05669053	0.630051	0.369949	3.469034
23694	-2581.262	-2791.854	210.592	1.128249	0.07855701	0.699252	0.300748	3.469034
23700	-2589.521	-2797.021	207.5007	0.9638641	0.09816412	0.627249	0.372751	5.261491
23706	-2578.909	-2789.061	210.1524	1.057296	0.09816412	0.570229	0.429771	3.71491
23712	-2587.855	-2797.918	210.0635	1.129608	0.1020678	0.596352	0.403648	3.71491
23718	-2578.39	-2788.8	210.4098	1.203181	0.1100582	0.548837	0.451163	3.451671
23724	-2582.625	-2793.164	210.5388	1.286821	0.06540117	0.548837	0.451163	3.443959
23730	-2581.909	-2789.677	207.7678	1.169559	0.1131522	0.658247	0.341753	4.964978
23736	-2586.386	-2794.839	208.4534	1.168048	0.07472797	0.6075	0.3925	4.676741
23742	-2586.886	-2795.555	208.6697	1.089737	0.06586439	0.584442	0.415558	4.623197
23748	-2584.868	-2794.741	209.8733	1.185496	0.07000723	0.634537	0.365463	3.875254
23754	-2591.026	-2801.232	210.2061	1.185496	0.09471177	0.593568	0.406432	3.618158
23760	-2593.834	-2802.913	209.0792	1.079642	0.07202177	0.711788	0.288212	4.381879
23766	-2593.843	-2803.38	209.5371	1.158603	0.1142482	0.729705	0.270295	3.97206
23772	-2584.619	-2794.358	209.7389	1.138359	0.1068688	0.394821	0.605179	3.885214
23778	-2593.201	-2801.642	208.4408	0.9674016	0.1068688	0.619209	0.380791	4.716736
23784	-2601.5	-2809.17	207.6702	0.8167865	0.1051698	0.619209	0.380791	5.232793
23790	-2582.91	-2792.522	209.6123	1.039698	0.09550104	0.619209	0.380791	4.041588
23796	-2596.243	-2805.266	209.0223	0.9515022	0.07822912	0.684914	0.315086	4.46973
23802	-2574.669	-2785.193	210.5236	1.188294	0.1056177	0.535029	0.464971	3.404481
23808	-2574.82	-2785.691	210.8714	1.371397	0.1056177	0.548245	0.451755	3.090635
23814	-2580.56	-2791.724	211.1637	1.320189	0.1067688	0.617556	0.382444	2.943319
23820	-2582.809	-2794.044	211.2348	1.481034	0.09991004	0.531049	0.468951	2.820373
23826	-2592.851	-2803.828	210.9764	1.293744	0.1249639	0.631247	0.368753	3.028139
23832	-2591.366	-2800.573	209.2069	1.124312	0.1018362	0.553865	0.446135	4.208731
23838	-2596.508	-2804.212	207.7038	0.8658114	0.09880767	0.617108	0.382892	5.201891
23844	-2593.46	-2800.984	207.5242	1.102	0.07468747	0.774377	0.225623	5.230419
23850	-2593.872	-2802.779	208.9072	1.188671	0.08688625	0.544212	0.455788	4.37867
23856	-2578.084	-2786.835	208.7513	1.215423	0.1175691	0.583012	0.416988	4.37867
23862	-2578.701	-2789.349	210.6479	1.247754	0.1231471	0.555089	0.444911	3.255015
23868	-2590.93	-2801.289	210.359	1.247754	0.1793038	0.656036	0.343964	3.309457
23874	-2600.499	-2809.74	209.2409	1.055735	0.0977385	0.495418	0.504582	4.238205
23880	-2584.928	-2793.896	208.9673	1.268921	0.1452714	0.657364	0.342636	4.167198
23886	-2582.515	-2791.597	209.0827	1.186006	0.08567582	0.586714	0.413286	4.284068
23892	-2587.846	-2798.626	210.7791	1.463459	0.0658196	0.500271	0.499729	3.197317
23898	-2595.276	-2805.974	210.6978	1.382118	0.1016795	0.637194	0.362806	3.197317
23904	-2577.505	-2788.283	210.7777	1.608363	0.05939568	0.562426	0.437574	3.130817
23910	-2588.344	-2796.705	208.3612	1.091448	0.09798343	0.53852	0.46148	4.712747
23916	-2580.859	-2790.871	210.0122	1.251288	0.1118754	0.53852	0.46148	3.650765
23922	-2589.052	-2798.56	209.5076	1.13858	0.1157976	0.592796	0.407204	3.996827
23928	-2581.201	-2790.161	208.9594	1.038931	0.06729341	0.575739	0.424261	4.485091
23934	-2579.353	-2787.598	208.2457	1.090658	0.05851368	0.612565	0.387435	4.879803
23940	-2593.005	-2799.467	206.4623	1.007046	0.06341367	0.482596	0.517404	5.895778
23946	-2596.005	-2802.436	206.4305	1.003878	0.05065496	0.705257	0.294743	5.94949
23952	-2584.455	-2792.657	208.2013	1.076435	0.1050913	0.700754	0.299246	4.793731
23958	-2594.445	-2803.067	208.6226	1.20459	0.08896374	0.75038	0.24962	4.52478
23964	-2601.428	-2809.077	207.6489	0.8209124	0.1042451	0.69396	0.30604	5.244401
23970	-2599.027	-2808.421	209.394	1.198669	0.07783937	0.500928	0.499072	4.120525
23976	-2595.933	-2805.011	209.0781	0.9780932	0.07783937	0.52118	0.47882	4.424332
23982	-2595.212	-2803.966	208.7539	1.119804	0.09061415	0.618418	0.381582	4.494527
23988	-2605.462	-2817.051	211.5898	1.304098	0.08896272	0.531702	0.468298	2.740808
23994	-2598.394	-2809.961	211.5669	1.328588	0.09862791	0.578261	0.421739	2.714041
24000	-2587.977	-2797.249	209.2729	1.146474	0.07055092	0.676603	0.323397	4.238461
24006	-2587.108	-2798.141	211.0325	1.336628	0.09033768	0.676603	0.323397	3.054248
24012	-2589.316	-2799.761	210.4451	1.238615	0.07505393	0.510876	0.489124	3.499882
24018	-2592.879	-2799.674	206.7952	1.138078	0.04877075	0.571156	0.428844	5.681755
24024	-2581.001	-2791.788	210.7872	1.335824	0.06564501	0.571156	0.428844	3.268538
24030	-2594.373	-2805.266	210.8937	1.344118	0.07480649	0.580535	0.419465	3.174679
24036	-2592.16	-2803.458	211.2977	1.414149	0.06870741	0.458328	0.541672	2.908358
24042	-2592.856	-2804.123	211.2662	1.359156	0.08732503	0.631199	0.368801	2.908358
24048	-2585.438	-2796.621	211.1835	1.425685	0.0909853	0.627902	0.372098	2.908358
24054	-2591.938	-2803.184	211.2458	1.485579	0.1005821	0.536918	0.463082	2.809191
24060	-2597.178	-2807.734	210.5569	1.24664	0.1291564	0.469725	0.530275	3.295856
24066	-2572.966	-2782.129	209.1627	1.271121	0.06762303	0.443707	0.556293	4.238261
24072	-2591.146	-2799.218	208.0713	1.147441	0.06815996	0.600464	0.399536	4.918946
24078	-2581.092	-2788.941	207.849	1.147441	0.1002139	0.707764	0.292236	4.961853
24084	-2581.423	-2790.609	209.1861	1.135225	0.07264907	0.588829	0.411171	4.288364
24090	-2594.5	-2803.722	209.2218	1.330602	0.06602289	0.54618	0.45382	4.175352
24096	-2595.941	-2805.228	209.2872	1.536748	0.04594789	0.567455	0.432545	4.07765
24102	-2600.873	-2809.163	208.2903	0.9043263	0.08247595	0.505111	0.494889	4.895001
24108	-2590.92	-2799.515	208.595	1.063139	0.06995892	0.585046	0.414954	4.66884
24114	-2590.4	-2800.284	209.8841	1.120753	0.08324376	0.635942	0.364058	3.870749
24120	-2588.918	-2798.625	209.7072	0.9703056	0.09902429	0.615207	0.384793	4.018397
24126	-2584.697	-2794.02	209.323	0.9863771	0.1336903	0.502683	0.497317	4.149601
24132	-2595.542	-2806.247	210.7045	1.393047	0.07379777	0.516882	0.483118	3.260502
24138	-2586.027	-2795.18	209.1533	1.240162	0.110363	0.621495	0.378505	4.153355
24144	-2583.674	-2793.668	209.9941	1.215493	0.1033	0.653181	0.346819	3.702382
24150	-2580.427	-2789.409	208.9823	1.181651	0.06068381	0.598797	0.401203	4.410021
24156	-2589.272	-2797.254	207.9816	0.9688897	0.06949455	0.58296	0.41704	5.064479
24162	-2586.469	-2794.223	207.7542	1.009435	0.05514578	0.571125	0.428875	5.206998
24168	-2597.832	-2807.732	209.9004	1.299525	0.08439178	0.751904	0.248096	3.755513
24174	-2591.931	-2800.22	208.2891	1.154076	0.0405347	0.717953	0.282047	4.870269
24180	-2581.904	-2792.114	210.21	1.229067	0.08386465	0.703436	0.296564	3.618546
24186	-2582.343	-2790.32	207.9769	1.152227	0.07721859	0.717529	0.282471	4.944951
24192	-2590.017	-2798.704	208.6869	1.237523	0.0761662	0.5842	0.4158	4.502939
24198	-2584.652	-2792.746	208.0947	1.031727	0.09359761	0.590322	0.409678	4.905336
24204	-2579.083	-2789.174	210.0914	1.2638	0.06587027	0.63484	0.36516	3.716051
24210	-2571.198	-2781.286	210.0881	1.177745	0.0849331	0.65753	0.34247	3.716051
24216	-2578.857	-2787.988	209.1312	1.148837	0.1042156	0.663782	0.336218	4.232106
24222	-2586.581	-2794.984	208.4027	0.9890955	0.09245222	0.663782	0.336218	4.760154
24228	-2601.073	-2811.087	210.0141	1.124715	0.09259115	0.643099	0.356901	3.769703
24234	-2599.003	-2808.616	209.6133	1.070829	0.04768831	0.579132	0.420868	4.152246
24240	-2596.676	-2803.642	206.9656	0.8613682	0.05789772	0.520267	0.479733	5.715002
24246	-2590.276	-2801.091	210.8147	1.221896	0.1016703	0.685517	0.314483	3.22299
24252	-2585.756	-2793.161	207.4042	1.064231	0.06206915	0.440189	0.559811	5.351035
24258	-2586.746	-2796.374	209.6279	1.144444	0.07580528	0.520811	0.479189	4.023521
24264	-2608.407	-2818.481	210.0745	1.119188	0.1140463	0.609679	0.390321	3.686121
24270	-2596.033	-2805.911	209.878	1.119188	0.1054697	0.572049	0.427951	3.819671
24276	-2590.598	-2800.317	209.719	1.447794	0.07146871	0.572049	0.427951	3.809175
24282	-2594.427	-2805.085	210.6576	1.575155	0.06292885	0.623815	0.376185	3.21151
24288	-2591.306	-2802.767	211.4612	1.347217	0.1080956	0.686845	0.313155	2.743094
24294	-2586.811	-2797.227	210.4153	1.316226	0.1367452	0.61113	0.38887	3.321608
24300	-2586.868	-2797.954	211.0868	1.263525	0.09233701	0.467879	0.532121	3.060224
24306	-2597.559	-2808.009	210.4501	1.348483	0.08986657	0.693369	0.306631	3.393171
24312	-2596.613	-2807.587	210.9742	1.202624	0.1018983	0.693369	0.306631	3.139223
24318	-2601.887	-2809.904	208.0178	1.053431	0.1336658	0.700152	0.299848	4.846309
24324	-2595.118	-2803.143	208.025	1.021494	0.109711	0.51376	0.48624	4.912048
24330	-2593.251	-2802.352	209.1016	1.113576	0.08994298	0.593433	0.406567	4.303571
24336	-2593.583	-2801.92	208.3367	1.163387	0.08521254	0.6191	0.3809	4.717611
24342	-2582.72	-2791.181	208.4602	1.03782	0.08567782	0.545974	0.454026	4.717611
24348	-2596.487	-2807.244	210.7573	1.259989	0.09190565	0.611654	0.388346	3.259226
24354	-2591.57	-2800.286	208.7155	1.025704	0.08925325	0.576387	0.423613	4.572364
24360	-2578.944	-2787.763	208.8189	1.025704	0.1034678	0.617595	0.382405	4.479845
24366	-2578.71	-2786.351	207.6407	0.9996595	0.08858583	0.617595	0.382405	5.187376
24372	-2595.156	-2802.328	207.1717	0.9600656	0.09396472	0.747449	0.252551	5.454978
24378	-2580.709	-2787.906	207.1968	1.089869	0.07609769	0.510596	0.489404	5.414093
24384	-2589.399	-2798.59	209.1909	1.089869	0.1089744	0.591257	0.408743	4.220545
24390	-2587.426	-2797.313	209.8868	1.117029	0.07163933	0.574924	0.425076	3.902326
24396	-2581.68	-2790.881	209.2003	1.124024	0.09366899	0.574924	0.425076	4.232491
24402	-2588.726	-2797.138	208.4119	1.193893	0.09366899	0.554345	0.445655	4.637464
24408	-2574.736	-2783.256	208.5206	1.049992	0.1018881	0.584002	0.415998	4.637464
24414	-2572.302	-2779.433	207.1306	1.002483	0.08501169	0.502059	0.497941	5.476111
24420	-2575.075	-2782.869	207.7947	1.002483	0.1271826	0.624788	0.375212	5.012398
24426	-2583.447	-2792.267	208.8203	0.9429575	0.09445006	0.524387	0.475613	4.547182
24432	-2578.216	-2787.011	208.7946	0.954344	0.09777577	0.55058	0.44942	4.547182
24438	-2581.952	-2789.458	207.5057	0.8789181	0.09269313	0.589122	0.410878	5.318713
24444	-2588.789	-2795.599	206.8104	0.9387231	0.07040924	0.624453	0.375547	5.724205
24450	-2586.05	-2793.852	207.8016	0.9491037	0.08760783	0.571522	0.428478	5.128696
24456	-2586.073	-2794.631	208.558	0.9695436	0.0971434	0.585309	0.414691	4.67287
24462	-2589.7	-2799.567	209.8669	1.18741	0.0610568	0.643685	0.356315	3.902789
24468	-2595.366	-2805.135	209.7686	1.156164	0.0886462	0.668459	0.331541	3.902789
24474	-2579.868	-2787.368	207.5002	0.9848292	0.06080766	0.604552	0.395448	5.345331
24480	-2584.17	-2792.901	208.7302	1.165497	0.09162318	0.507683	0.492317	4.479669
24486	-2592.569	-2800.277	207.7075	1.16491	0.08666189	0.507683	0.492317	5.063587
24492	-2588.143	-2796.712	208.5691	1.064791	0.1050256	0.507683	0.492317	4.594581
24498	-2578.382	-2786.986	208.6042	1.104324	0.08771263	0.584352	0.415648	4.594581
24504	-2573.259	-2781.896	208.6372	1.050721	0.09236553	0.617483	0.382517	4.594581
24510	-2584.011	-2794.575	210.5647	1.329341	0.09784896	0.587438	0.412562	3.316683
24516	-2580.391	-2788.884	208.4929	1.240611	0.08216991	0.639487	0.360513	4.594585
24522	-2594.627	-2803.252	208.6248	1.16936	0.06922366	0.639487	0.360513	4.594585
24528	-2603.274	-2812.407	209.1327	1.33381	0.07186638	0.543106	0.456894	4.208197
24534	-2593.053	-2802.003	208.95	1.33381	0.07149318	0.610549	0.389451	4.312707
24540	-2589.413	-2796.129	206.7159	0.9257821	0.09715883	0.651528	0.348472	5.716529
24546	-2595.874	-2802.843	206.9691	1.041487	0.1003341	0.46071	0.53929	5.506623
24552	-2593.419	-2800.817	207.3981	0.9912187	0.06878354	0.605567	0.394433	5.376657
24558	-2590.442	-2799.191	208.7492	0.9685148	0.07668253	0.58796	0.41204	4.617651
24564	-2590.686	-2799.362	208.6751	0.9685148	0.09309527	0.710039	0.289961	4.617651
24570	-2595.084	-2803.926	208.8422	0.9685148	0.05745101	0.555705	0.444295	4.617651
24576	-2582.449	-2789.275	206.8256	0.9576949	0.08825992	0.616093	0.383907	5.660259
24582	-2594.589	-2802.901	208.3124	0.9576949	0.09808913	0.455382	0.544618	4.814475
24588	-2593.067	-2799.279	206.2126	0.9617299	0.07275048	0.601075	0.398925	6.032237
24594	-2585.606	-2795.213	209.6069	1.238692	0.08526021	0.63611	0.36389	3.9568
24600	-2584.931	-2793.326	208.3953	1.094884	0.08152617	0.522062	0.477938	4.732497
24606	-2590.008	-2799.365	209.3571	1.005202	0.07403743	0.691464	0.308536	4.261441
24612	-2585.633	-2795.835	210.2021	1.333422	0.07649697	0.691464	0.308536	3.582216
24618	-2591.85	-2802.251	210.4009	1.121912	0.07924424	0.599139	0.400861	3.582216
24624	-2598.774	-2810.264	211.4899	1.379266	0.08921662	0.599139	0.400861	2.7552
24630	-2601.536	-2812.864	211.3285	1.478983	0.1035263	0.48571	0.51429	2.7552
24636	-2598.48	-2809.438	210.9576	1.478983	0.08385836	0.63611	0.36389	3.031274
24642	-2600.381	-2810.348	209.9666	1.08411	0.1053055	0.552913	0.447087	3.789237
24648	-2602.578	-2812.029	209.4509	1.291714	0.06426203	0.620189	0.379811	4.072017
24654	-2602.583	-2812.439	209.8554	1.131969	0.1845004	0.723433	0.276567	3.661488
24660	-2614.807	-2825.188	210.381	1.418476	0.08032926	0.654042	0.345958	3.417923
24666	-2604.359	-2814.205	209.8461	1.467761	0.06985943	0.651325	0.348675	3.728803
24672	-2589.668	-2798.764	209.0961	1.241447	0.07097953	0.535579	0.464421	4.283642
24678	-2577.942	-2787.228	209.2858	1.246318	0.07535443	0.545856	0.454144	4.161541
24684	-2574.1	-2783.892	209.7924	1.140612	0.107223	0.60712	0.39288	3.852376
24690	-2570.588	-2780.273	209.6846	1.320238	0.09038328	0.538483	0.461517	3.852376
24696	-2579.682	-2789.461	209.7785	1.241899	0.08689077	0.570669	0.429331	3.852376
24702	-2583.368	-2793.09	209.7218	1.099294	0.07928731	0.501672	0.498328	3.986405
24708	-2590.646	-2800.301	209.6557	1.099294	0.09404594	0.687147	0.312853	3.986405
24714	-2582.77	-2793.054	210.2839	1.194676	0.08482428	0.627645	0.372355	3.593097
24720	-2579.131	-2788.53	209.3995	1.251744	0.08469914	0.69357	0.30643	4.06925
24726	-2584.331	-2793.464	209.1329	1.141364	0.08998536	0.431692	0.568308	4.270046
24732	-2573.571	-2783.049	209.4782	1.256742	0.09191923	0.592753	0.407247	4.003171
24738	-2589.002	-2798.676	209.6742	1.233221	0.05879764	0.601009	0.398991	3.9933
24744	-2605.195	-2812.772	207.5776	0.9800154	0.08219395	0.75956	0.24044	5.24906
24750	-2583.71	-2790.66	206.95	1.08197	0.05453671	0.449634	0.550366	5.611783
24756	-2590.776	-2800.308	209.5326	1.479064	0.07066237	0.488401	0.511599	3.900541
24762	-2582.554	-2792.398	209.8444	1.352218	0.09000303	0.531674	0.468326	3.742938
24768	-2585.863	-2795.522	209.6589	1.05909	0.1050187	0.647656	0.352344	3.980838
24774	-2581.86	-2790.395	208.5347	1.116583	0.0698231	0.556036	0.443964	4.673052
24780	-2583.622	-2792.214	208.5919	1.006032	0.09691607	0.507615	0.492385	4.633954
24786	-2587.874	-2798.87	210.9959	1.10047	0.08867705	0.548417	0.451583	3.220894
24792	-2591.939	-2802.05	210.111	1.433488	0.08262798	0.64925	0.35075	3.560594
24798	-2587.102	-2795.495	208.3929	1.219458	0.06741261	0.469564	0.530436	4.701359
24804	-2577.644	-2786.997	209.3535	1.175814	0.07374638	0.578873	0.421127	4.167475
24810	-2586.484	-2796.475	209.9909	1.246187	0.07459878	0.647332	0.352668	3.76014
24816	-2582.729	-2792.49	209.7613	1.494498	0.05963784	0.658793	0.341207	3.791019
24822	-2583.663	-2793.683	210.0195	1.257991	0.05529363	0.574945	0.425055	3.791019
24828	-2598.529	-2809.096	210.5674	1.199301	0.09246877	0.713618	0.286382	3.405174
24834	-2579.335	-2788.723	209.3879	1.073623	0.07599954	0.534901	0.465099	4.199957
24840	-2585.325	-2793.077	207.7519	1.019903	0.06799013	0.668518	0.331482	5.167518
24846	-2598.734	-2806.416	207.6828	1.011968	0.08445026	0.428574	0.571426	5.167518
24852	-2588.783	-2797.056	208.2738	0.8000464	0.09390297	0.611923	0.388077	4.933893
24858	-2581.563	-2790.168	208.6052	1.052327	0.08354978	0.62134	0.37866	4.633659
24864	-2569.916	-2778.339	208.4235	1.102016	0.09967714	0.453722	0.546278	4.667948
24870	-2574.023	-2782.189	208.1656	1.199874	0.07792385	0.591495	0.408505	4.811458
24876	-2572.279	-2781.082	208.8027	1.147299	0.1119552	0.607176	0.392824	4.400759
24882	-2577.018	-2786.41	209.3924	1.124177	0.09083511	0.522205	0.477795	4.130383
24888	-2580.929	-2789.665	208.7362	0.9357846	0.09924291	0.522205	0.477795	4.586885
24894	-2577.558	-2783.51	205.9517	1.091609	0.1058755	0.656852	0.343148	6.023496
24900	-2574.369	-2782.086	207.717	1.091609	0.08231653	0.600927	0.399073	5.109846
24906	-2572.865	-2781.244	208.3784	1.147769	0.06304808	0.599165	0.400835	4.761428
24912	-2580.322	-2788.619	208.2972	1.147769	0.08011213	0.613826	0.386174	4.761428
24918	-2582.723	-2791.065	208.342	1.102917	0.08011213	0.613826	0.386174	4.761428
24924	-2583.449	-2791.696	208.2463	1.101724	0.1021099	0.613826	0.386174	4.761428
24930	-2585.036	-2792.439	207.4035	1.145828	0.06975491	0.661764	0.338236	5.285824
24936	-2601.775	-2809.621	207.846	1.049215	0.09126142	0.483549	0.516451	5.039566
24942	-2615.104	-2825.184	210.0797	1.124509	0.113539	0.626158	0.373842	3.681236
24948	-2582.913	-2793.266	210.3525	1.078018	0.07080725	0.517028	0.482972	3.658772
24954	-2594.631	-2805.464	210.8332	1.372416	0.1301085	0.517028	0.482972	3.055094
24960	-2583.242	-2791.81	208.5675	0.8274445	0.1245668	0.535076	0.464924	4.684704
24966	-2576.78	-2785.847	209.0667	0.9192192	0.08836608	0.535076	0.464924	4.436981
24972	-2581.808	-2792.283	210.4753	1.269155	0.09708622	0.490606	0.509394	3.406464
24978	-2575.67	-2786.187	210.5174	1.246526	0.115344	0.616193	0.383807	3.350717
24984	-2561.938	-2771.39	209.4521	1.08465	0.1308097	0.55729	0.44271	4.026203
24990	-2567.968	-2777.393	209.4259	1.157236	0.06911487	0.508407	0.491593	4.149405
24996	-2572.249	-2783.457	211.2084	1.390031	0.07649437	0.55682	0.44318	2.954471
25002	-2566.114	-2776.177	210.0632	1.579134	0.0539514	0.613368	0.386632	3.583818
25008	-2581.247	-2791.994	210.7471	1.241566	0.1700402	0.518369	0.481631	3.100939
25014	-2585.913	-2796.714	210.8016	1.261776	0.09816697	0.599112	0.400888	3.215916
25020	-2581.115	-2791.622	210.5065	1.337361	0.08221663	0.555656	0.444344	3.38682
25026	-2593.15	-2802.759	209.609	1.231812	0.07494781	0.555656	0.444344	3.986728
25032	-2589.305	-2798.738	209.433	1.369546	0.04873313	0.491221	0.508779	4.081849
25038	-2574.173	-2782.829	208.656	1.281112	0.0745765	0.546101	0.453899	4.499988
25044	-2566.394	-2774.919	208.5248	1.040583	0.07997396	0.545331	0.454669	4.694447
25050	-2565.758	-2775.246	209.4876	1.035509	0.09367134	0.523647	0.476353	4.119587
25056	-2579.707	-2789.414	209.7071	1.007808	0.06742772	0.599714	0.400286	4.079038
25062	-2581.925	-2791.467	209.5418	1.080386	0.08735307	0.599714	0.400286	4.079038
25068	-2565.572	-2775.896	210.324	1.225712	0.1097604	0.63095	0.36905	3.489346
25074	-2575.648	-2786.642	210.9942	1.451852	0.1052389	0.602262	0.397738	2.969874
25080	-2587.233	-2799.055	211.8229	1.459974	0.08499946	0.595468	0.404532	2.511507
25086	-2586.785	-2795.586	208.8008	1.271385	0.08900256	0.431223	0.568777	4.386741
25092	-2594.164	-2802.212	208.0487	1.141771	0.07978413	0.55988	0.44012	4.90417
25098	-2590.752	-2798.674	207.9219	1.141771	0.07978413	0.601125	0.398875	4.974717
25104	-2587.454	-2797.793	210.3384	1.126766	0.09940472	0.664246	0.335754	3.563718
25110	-2598.192	-2807.522	209.3296	1.105807	0.07728578	0.664246	0.335754	4.211351
25116	-2594.446	-2803.872	209.4261	1.166968	0.08505121	0.622506	0.377494	4.101502
25122	-2596.384	-2806.3	209.9165	1.094225	0.09187769	0.698827	0.301173	3.845235
25128	-2595.014	-2805.655	210.6405	1.352149	0.09187769	0.678711	0.321289	3.273828
25134	-2594.434	-2804.327	209.8928	1.155301	0.06783344	0.462407	0.537593	3.88738
25140	-2592.974	-2801.704	208.7297	1.091059	0.06161869	0.462407	0.537593	4.600406
25146	-2607.776	-2817.427	209.6515	1.126444	0.06793818	0.807602	0.192398	4.041687
25152	-2592.983	-2802.485	209.5026	1.20514	0.08291363	0.651818	0.348182	4.041687
25158	-2606.826	-2816.568	209.7411	1.232922	0.06917499	0.594138	0.405862	3.926151
25164	-2591.316	-2799.905	208.5893	0.9556186	0.0719965	0.634484	0.365516	4.726798
25170	-2589.194	-2797.923	208.7288	1.087586	0.07185527	0.547481	0.452519	4.575045
25176	-2583.686	-2792.761	209.0745	1.225406	0.08824226	0.558144	0.441856	4.25985
25182	-2588.023	-2796.16	208.1375	1.199269	0.08824226	0.695565	0.304435	4.801258
25188	-2587.4	-2797.458	210.0578	1.460501	0.07448362	0.565533	0.434467	3.597743
25194	-2582.625	-2792.52	209.8954	1.319657	0.09058452	0.704168	0.295832	3.730813
25200	-2582.509	-2792.929	210.4196	1.122317	0.1034119	0.566088	0.433912	3.509201
25206	-2578.135	-2786.516	208.3813	1.200432	0.1263011	0.605985	0.394015	4.576296
25212	-2574.427	-2784.131	209.7034	1.318043	0.1521911	0.523212	0.476788	3.703451
25218	-2570.912	-2779.636	208.7241	1.216888	0.1000047	0.550579	0.449421	4.433742
25224	-2584.109	-2793.517	209.4084	1.091445	0.1000047	0.670897	0.329103	4.117334
25230	-2587.573	-2796.921	209.348	1.22501	0.08334178	0.679477	0.320523	4.117334
25236	-2591.632	-2801.109	209.4774	1.326297	0.06065875	0.698167	0.301833	4.047286
25242	-2607.758	-2817.332	209.5743	1.232851	0.1237336	0.50095	0.49905	3.886829
25248	-2588.796	-2798.05	209.2544	1.036854	0.109522	0.621112	0.378888	4.213338
25254	-2577.021	-2786.286	209.2647	1.128873	0.08565793	0.615786	0.384214	4.213338
25260	-2599.459	-2807.769	208.3099	1.296617	0.06715217	0.842837	0.157163	4.705314
25266	-2598.427	-2809.377	210.9509	1.238066	0.1081457	0.646064	0.353936	3.116533
25272	-2595.422	-2806.407	210.9849	1.343926	0.1171793	0.627324	0.372676	3.011186
25278	-2580.529	-2790.988	210.459	1.283239	0.08585158	0.598532	0.401468	3.436673
25284	-2603.66	-2814.832	211.1718	1.306512	0.06590161	0.537662	0.462338	3.056764
25290	-2582.329	-2792.262	209.9328	1.08996	0.07945434	0.511895	0.488105	3.870455
25296	-2596.696	-2804.253	207.5574	1.000497	0.1298035	0.657071	0.342929	5.139601
25302	-2590.395	-2800.321	209.9251	1.246462	0.09149491	0.643982	0.356018	3.753571
25308	-2589.662	-2799.285	209.6235	1.246462	0.07060588	0.517654	0.482346	3.981837
25314	-2585.007	-2793.157	208.1502	1.125318	0.08843729	0.540462	0.459538	4.834963
25320	-2565.825	-2775.096	209.2713	1.279161	0.06454057	0.60792	0.39208	4.180585
25326	-2581.3	-2790.538	209.2379	1.219293	0.06920337	0.439964	0.560036	4.220674
25332	-2585.093	-2795.72	210.6272	1.314187	0.06920337	0.473538	0.526462	3.365374
25338	-2572.481	-2782.679	210.198	1.314187	0.07858305	0.438464	0.561536	3.590134
25344	-2576.91	-2787.3	210.3895	1.314187	0.0794551	0.508533	0.491467	3.476275
25350	-2576.567	-2787.099	210.5319	1.376239	0.0794551	0.508533	0.491467	3.356517
25356	-2575.078	-2783.258	208.1804	1.15659	0.09225037	0.449076	0.550924	4.791277
25362	-2582.945	-2792.547	209.602	1.041099	0.1086317	0.63487	0.36513	4.015113
25368	-2588.694	-2799.499	210.8054	1.21635	0.1115872	0.555991	0.444009	3.207518
25374	-2582.369	-2791.476	209.1066	0.9624799	0.06847893	0.555991	0.444009	4.442037
25380	-2577.921	-2786.69	208.7685	0.9770702	0.1541109	0.555991	0.444009	4.427326
25386	-2577.779	-2786.686	208.9066	0.9089452	0.1345273	0.50521	0.49479	4.427326
25392	-2583.3	-2793.954	210.654	1.333786	0.07367897	0.602202	0.397798	3.325523
25398	-2590.556	-2800.475	209.9191	1.116515	0.08369619	0.665334	0.334666	3.85188
25404	-2582.329	-2792.417	210.0882	1.403219	0.04964547	0.75225	0.24775	3.683854
25410	-2596.864	-2807.616	210.7516	1.340757	0.07788297	0.487634	0.512366	3.25226
25416	-2596.27	-2806.632	210.3618	1.24479	0.06267002	0.453553	0.546447	3.579462
25422	-2589.512	-2799.604	210.0918	1.485651	0.06867399	0.607194	0.392806	3.579462
25428	-2590.909	-2799.634	208.7253	1.271524	0.04915686	0.633138	0.366862	4.536478
25434	-2578.886	-2788.807	209.9209	1.234829	0.09660691	0.544789	0.455211	3.749889
25440	-2592.484	-2801.679	209.1948	1.218874	0.1166462	0.507449	0.492551	4.127492
25446	-2578.245	-2788.084	209.8391	1.248984	0.09073153	0.597718	0.402282	3.803603
25452	-2586.072	-2795.024	208.9527	1.087523	0.07670476	0.592395	0.407605	4.43633
25458	-2581.292	-2790.054	208.7624	1.12223	0.07411439	0.554298	0.445702	4.530713
25464	-2579.294	-2788.846	209.5513	1.041292	0.09394384	0.427675	0.572325	4.079306
25470	-2588.511	-2798.29	209.7794	1.139397	0.09394384	0.488038	0.511962	3.89283
25476	-2597.527	-2807.198	209.6718	1.031397	0.09734705	0.492859	0.507141	4.00784
25482	-2600.238	-2810.113	209.8757	1.031397	0.09734705	0.572872	0.427128	3.891097
25488	-2596.084	-2805.39	209.3056	1.031397	0.0950276	0.646824	0.353176	4.221969
25494	-2583.398	-2792.501	209.1029	1.317115	0.0954575	0.516995	0.483005	4.173755
25500	-2595.194	-2803.598	208.4034	1.23134	0.09158427	0.638241	0.361759	4.626316
25506	-2584.426	-2792.941	208.5149	1.077245	0.101494	0.687337	0.312663	4.626316
25512	-2595.564	-2805.791	210.2272	0.9691324	0.08427832	0.687337	0.312663	3.757858
25518	-2603.686	-2814.058	210.372	0.9302495	0.1017592	0.442248	0.557752	3.652485
25524	-2583.4	-2789.753	206.3532	0.9834383	0.07344014	0.431205	0.568795	5.941869
25530	-2599.785	-2811.072	211.2876	1.492198	0.09265152	0.377572	0.622428	2.800494
25536	-2590.715	-2802.138	211.4237	1.3322	0.1745998	0.450814	0.549186	2.626947
25542	-2586.627	-2796.165	209.5377	1.01774	0.1091123	0.581941	0.418059	4.064031
25548	-2581.586	-2790.2	208.6145	1.107004	0.09301159	0.574379	0.425621	4.574158
25554	-2583.172	-2793.477	210.3049	1.14335	0.1196684	0.655121	0.344879	3.525406
25560	-2582.872	-2793.023	210.151	1.056297	0.0904754	0.461924	0.538076	3.73558
25566	-2581.042	-2790.042	208.9996	1.31688	0.08688735	0.597735	0.402265	4.253941
25572	-2601.228	-2811.725	210.4971	1.461423	0.08888114	0.592785	0.407215	3.301744
25578	-2593.759	-2802.537	208.778	1.060822	0.09017356	0.566531	0.433469	4.515266
25584	-2591.769	-2801.038	209.2696	1.332787	0.09436053	0.566531	0.433469	4.072738
25590	-2592.433	-2801.828	209.3948	1.359482	0.06162011	0.550435	0.449565	4.072738
25596	-2596.694	-2806.381	209.6875	1.022074	0.09562681	0.603851	0.396149	4.008435
25602	-2592.363	-2800.8	208.4375	1.080581	0.07830106	0.68268	0.31732	4.72524
25608	-2584.102	-2792.538	208.4363	1.248912	0.07632572	0.617298	0.382702	4.636788
25614	-2589.036	-2797.845	208.8088	1.030481	0.1145186	0.583779	0.416221	4.457361
25620	-2584.591	-2791.722	207.1312	1.030481	0.09571785	0.531802	0.468198	5.434333
25626	-2587.554	-2794.786	207.2325	1.058626	0.06745035	0.531802	0.468198	5.434333
25632	-2586.312	-2794.199	207.8876	0.9349636	0.06786822	0.545314	0.454686	5.139715
25638	-2587.875	-2794.646	206.7706	0.9318672	0.07170111	0.559552	0.440448	5.746344
25644	-2590.054	-2798.217	208.1627	0.835644	0.07314914	0.545728	0.454272	5.028215
25650	-2574.941	-2782.88	207.9383	1.06377	0.07236413	0.545728	0.454272	5.028215
25656	-2579.703	-2789.416	209.7127	1.184625	0.05836999	0.572897	0.427103	4.000285
25662	-2575.698	-2786.067	210.3693	1.393392	0.05187236	0.557332	0.442668	3.519853
25668	-2571.475	-2779.539	208.0636	1.053091	0.07665424	0.557332	0.442668	4.953332
25674	-2570.183	-2779.061	208.8782	1.045432	0.1101803	0.65737	0.34263	4.419715
25680	-2572.127	-2782.079	209.952	1.095975	0.1030805	0.518514	0.481486	3.796141
25686	-2572.399	-2782.634	210.2346	1.114656	0.1106188	0.608035	0.391965	3.603987
25692	-2572.039	-2780.592	208.5535	1.044831	0.08620253	0.639977	0.360023	4.660148
25698	-2566.966	-2778.054	211.0879	1.423051	0.08620253	0.405758	0.594242	2.980289
25704	-2567.706	-2778.535	210.8283	1.405974	0.06266664	0.708862	0.291138	3.211378
25710	-2576.511	-2786.142	209.6307	1.278363	0.08749469	0.640865	0.359135	3.914736
25716	-2586.896	-2794.018	207.1227	1.02835	0.0735693	0.668005	0.331995	5.495291
25722	-2575.294	-2782.457	207.1634	1.021829	0.0735693	0.550312	0.449688	5.476509
25728	-2584.13	-2791.176	207.0455	0.9869012	0.1082313	0.577197	0.422803	5.476509
25734	-2572.892	-2780.554	207.6618	0.9312703	0.08519076	0.538683	0.461317	5.221928
25740	-2576.759	-2784.779	208.0199	0.99637	0.09899081	0.650838	0.349162	4.953715
25746	-2565.119	-2773.649	208.5305	1.04411	0.05903194	0.732967	0.267033	4.745387
25752	-2566.067	-2774.302	208.235	1.04411	0.08037352	0.588717	0.411283	4.853284
25758	-2575.018	-2783.955	208.9371	1.04411	0.08037352	0.516186	0.483814	4.460007
25764	-2577.406	-2786.21	208.8044	1.04411	0.08438572	0.645034	0.354966	4.524342
25770	-2570.334	-2778.668	208.3336	1.07623	0.05417217	0.646421	0.353579	4.850902
25776	-2584.111	-2792.275	208.1641	1.200009	0.0633998	0.612175	0.387825	4.850902
25782	-2571.472	-2781.273	209.8014	1.048465	0.1030577	0.618482	0.381518	3.910064
25788	-2569.22	-2778.387	209.167	1.200226	0.07115483	0.567908	0.432092	4.266371
25794	-2577.658	-2785.498	207.8398	1.046164	0.09022313	0.445014	0.554986	5.047238
25800	-2574.298	-2783.157	208.8582	1.228526	0.08815889	0.522927	0.477073	4.38063
25806	-2574.271	-2783.731	209.4593	1.148792	0.04919942	0.49882	0.50118	4.191134
25812	-2572.864	-2780.916	208.0519	1.011818	0.07885118	0.49882	0.50118	4.977078
25818	-2577.08	-2786.791	209.7105	1.129251	0.08058445	0.627165	0.372835	3.972356
25824	-2602.891	-2812.596	209.7052	1.17868	0.07411258	0.577927	0.422073	3.964338
25830	-2596.419	-2805.671	209.2527	1.229444	0.05414464	0.583733	0.416267	4.248529
25836	-2592.352	-2801.925	209.5731	1.028425	0.0843371	0.704097	0.295903	4.09851
25842	-2579.277	-2788.759	209.4818	1.074505	0.09454147	0.530175	0.469825	4.09851
25848	-2590.373	-2799.705	209.3316	1.213312	0.0971858	0.490142	0.509858	4.09851
25854	-2590.669	-2800.151	209.4827	1.104488	0.0596414	0.438889	0.561111	4.1734
25860	-2579.266	-2787.271	208.0054	1.036509	0.0849032	0.472806	0.527194	4.97382
25866	-2580.778	-2788.721	207.9434	0.9677181	0.07121711	0.511976	0.488024	5.081706
25872	-2581.833	-2790.622	208.7894	0.9761755	0.08169044	0.535718	0.464282	4.577846
25878	-2596.474	-2806.747	210.2726	1.22399	0.08169044	0.647423	0.352577	3.590926
25884	-2593.063	-2802.413	209.3499	1.124834	0.09343458	0.486498	0.513502	4.147686
25890	-2592.98	-2803.24	210.2602	1.330006	0.06504687	0.506479	0.493521	3.582217
25896	-2609.891	-2821.859	211.9677	1.612662	0.06469646	0.526955	0.473045	2.384476
25902	-2601.855	-2813.081	211.2256	1.509655	0.05639274	0.653502	0.346498	2.930672
25908	-2596.133	-2807.102	210.9684	1.37043	0.08729218	0.698252	0.301748	3.080455
25914	-2590.112	-2799.846	209.7341	1.173968	0.09654512	0.552019	0.447981	3.892519
25920	-2594.514	-2803.154	208.6398	0.9291314	0.09654512	0.591576	0.408424	4.651119
25926	-2584.644	-2794.449	209.8055	1.057878	0.1114908	0.691848	0.308152	3.882365
25932	-2594.556	-2803.349	208.7931	0.8527973	0.09136328	0.682991	0.317009	4.620612
25938	-2580.413	-2789.696	209.2827	0.9873244	0.09341673	0.655661	0.344339	4.263901
25944	-2575.237	-2784.409	209.1726	1.056502	0.1029899	0.597549	0.402451	4.263901
25950	-2566.537	-2776.218	209.6812	1.118818	0.06955	0.42037	0.57963	4.024677
25956	-2581.23	-2789.877	208.6479	1.05988	0.12409	0.607628	0.392372	4.510242
25962	-2582.811	-2792.289	209.4781	1.04734	0.09561815	0.720433	0.279567	4.113434
25968	-2586.395	-2796.377	209.9823	1.120326	0.07938239	0.614699	0.385301	3.824738
25974	-2584.518	-2794.314	209.7954	1.322881	0.07602163	0.475879	0.524121	3.824738
25980	-2582.414	-2793.191	210.7771	1.443908	0.09267982	0.562334	0.437666	3.136433
25986	-2581.456	-2790.351	208.8942	1.148794	0.1179586	0.459684	0.540316	4.334713
25992	-2585.416	-2793.425	208.0093	1.090136	0.1168555	0.543709	0.456291	4.866529
25998	-2590.873	-2800.216	209.3427	1.216228	0.07605895	0.624883	0.375117	4.144453
26004	-2578.53	-2788.549	210.0191	1.290583	0.06886158	0.564646	0.435354	3.734
26010	-2578.393	-2786.093	207.6997	1.294132	0.06786678	0.528939	0.471061	5.044784
26016	-2565.846	-2774.663	208.8165	1.187255	0.09302886	0.59323	0.40677	4.415332
26022	-2586.057	-2793.839	207.7821	0.9451155	0.09592724	0.692904	0.307096	5.121451
26028	-2575.397	-2783.573	208.1759	1.189516	0.07422422	0.578685	0.421315	4.821138
26034	-2576.87	-2785.008	208.1387	0.9552644	0.06079361	0.547058	0.452942	5.008325
26040	-2580.452	-2787.91	207.458	0.9215263	0.1095152	0.609313	0.390687	5.28224
26046	-2576.637	-2784.69	208.0522	1.106704	0.08952007	0.64101	0.35899	4.897252
26052	-2576.417	-2785.228	208.8118	1.107042	0.08910523	0.677417	0.322583	4.472859
26058	-2577.065	-2786.806	209.7419	1.173331	0.1568314	0.500583	0.499417	3.755507
26064	-2582.091	-2791.34	209.2492	1.102897	0.06596555	0.671341	0.328659	4.289087
26070	-2589.199	-2797.804	208.6052	1.130922	0.07041227	0.472116	0.527884	4.623943
26076	-2580.339	-2788.342	208.0033	1.106236	0.09538281	0.641074	0.358926	4.910469
26082	-2579.737	-2789.07	209.3329	1.106236	0.07334212	0.570381	0.429619	4.219718
26088	-2584.147	-2792.996	208.8489	1.049231	0.06702004	0.499055	0.500945	4.542182
26094	-2577.364	-2785.478	208.1143	1.09849	0.06810536	0.705685	0.294315	4.922444
26100	-2573.391	-2783.01	209.6186	1.09849	0.09902051	0.537322	0.462678	3.99581
26106	-2578.134	-2786.659	208.5248	0.8697554	0.09662287	0.468907	0.531093	4.748515
26112	-2566.879	-2776.523	209.644	1.005173	0.06201958	0.574293	0.425707	4.131467
26118	-2592.898	-2799.934	207.0368	1.150138	0.07367819	0.630498	0.369502	5.475291
26124	-2592.571	-2799.855	207.2838	0.9922967	0.06366849	0.642357	0.357643	5.452707
26130	-2593.154	-2800.097	206.9435	0.7974857	0.07671849	0.528036	0.471964	5.712317
26136	-2583.451	-2790.82	207.3687	0.8948969	0.07671849	0.529053	0.470947	5.425197
26142	-2573.123	-2781.759	208.6354	1.006908	0.09443918	0.529053	0.470947	4.615097
26148	-2590.1	-2798.031	207.9312	1.006908	0.1041856	0.594887	0.405113	4.98503
26154	-2592.479	-2800.319	207.8398	0.9985292	0.07317048	0.594887	0.405113	5.116919
26160	-2586.476	-2793.805	207.3286	0.9676095	0.08922087	0.483902	0.516098	5.375898
26166	-2580.851	-2788.09	207.2382	1.023385	0.09714069	0.638343	0.361657	5.375898
26172	-2589	-2796.612	207.612	1.107762	0.09714069	0.676154	0.323846	5.122725
26178	-2585.046	-2793.196	208.1495	1.057195	0.08578464	0.690234	0.309766	4.879952
26184	-2606.105	-2814.382	208.2765	1.013814	0.0841538	0.513169	0.486831	4.837431
26190	-2588.88	-2798.055	209.1759	1.06588	0.06089492	0.625431	0.374569	4.365474
26196	-2582.364	-2793.065	210.7009	1.290896	0.0882143	0.618176	0.381824	3.283865
26202	-2587.232	-2797.211	209.979	1.15396	0.07832427	0.685782	0.314218	3.810115
26208	-2584.605	-2793.934	209.3292	1.254401	0.07860559	0.419537	0.580463	4.123647
26214	-2585.048	-2792.416	207.3682	1.248489	0.05789122	0.488058	0.511942	5.280639
26220	-2584.489	-2791.987	207.4982	1.034682	0.07520413	0.527743	0.472257	5.280639
26226	-2585.678	-2794.816	209.1381	0.9750946	0.1081854	0.494944	0.505056	4.317274
26232	-2581.092	-2790.101	209.0088	1.107058	0.1075376	0.607852	0.392148	4.317274
26238	-2577.138	-2786.263	209.1244	1.216329	0.05814074	0.582735	0.417265	4.317274
26244	-2555.182	-2765.052	209.8702	1.216329	0.07685828	0.499196	0.500804	3.840756
26250	-2581.587	-2789.928	208.3412	1.160412	0.08373501	0.591256	0.408744	4.720495
26256	-2591.939	-2799.414	207.475	1.184012	0.06039203	0.588679	0.411321	5.250405
26262	-2598.228	-2808.677	210.4492	1.184012	0.06039203	0.5099	0.4901	3.570521
26268	-2588.169	-2799.028	210.8589	1.348443	0.08798697	0.756633	0.243367	3.156906
26274	-2589.072	-2798.028	208.9552	1.348443	0.05132082	0.715695	0.284305	4.357524
26280	-2597.291	-2806.243	208.9527	1.273511	0.08313267	0.687285	0.312715	4.314584
26286	-2578.872	-2788.122	209.25	1.148789	0.06205689	0.552795	0.447205	4.273458
26292	-2583.28	-2793.494	210.2138	1.25761	0.05369219	0.571781	0.428219	3.683655
26298	-2596.628	-2806.708	210.0796	1.003411	0.09562122	0.548912	0.451088	3.794249
26304	-2583.321	-2792.479	209.158	0.947984	0.08625438	0.506946	0.493054	4.374562
26310	-2596.879	-2805.079	208.1997	0.7535046	0.08172827	0.472473	0.527527	5.031131
26316	-2579.602	-2787.826	208.2238	0.7794897	0.06868071	0.577004	0.422996	5.037343
26322	-2588.795	-2797.14	208.3454	0.8833943	0.04690055	0.555708	0.444292	4.97197
26328	-2584.535	-2792.002	207.4675	0.9591799	0.04767597	0.604211	0.395789	5.413645
26334	-2592.698	-2802.877	210.1786	1.411382	0.05362784	0.539606	0.460394	3.615169
26340	-2583.252	-2791.371	208.1193	0.9932422	0.04590905	0.466538	0.533462	5.039308
26346	-2582.213	-2792.631	210.4183	1.203833	0.07452754	0.509464	0.490536	3.537213
26352	-2577.079	-2786.833	209.7538	1.203833	0.08791912	0.727822	0.272178	3.88579
26358	-2578.836	-2789.564	210.7278	1.305345	0.05815407	0.575525	0.424475	3.343204
26364	-2587.617	-2795.56	207.9431	1.084577	0.08432515	0.536525	0.463475	4.983206
26370	-2571.18	-2779.322	208.1417	1.091209	0.08432515	0.587872	0.412128	4.868985
26376	-2581.594	-2790.86	209.2669	1.137878	0.1010399	0.457911	0.542089	4.168873
26382	-2580.172	-2789.342	209.1706	0.9977744	0.1010399	0.607745	0.392255	4.302881
26388	-2590.969	-2801.567	210.5977	1.130927	0.09243057	0.726201	0.273799	3.427561
26394	-2593.223	-2802.555	209.3319	1.042916	0.1054121	0.551891	0.448109	4.175484
26400	-2589.452	-2799.382	209.9308	1.282557	0.1349841	0.720893	0.279107	3.628018
26406	-2589.818	-2800.735	210.9171	1.43821	0.08527466	0.52418	0.47582	3.076039
26412	-2598.096	-2807.905	209.8085	1.405076	0.08527466	0.560157	0.439843	3.745316
26418	-2590.424	-2799.946	209.5223	1.098567	0.1400591	0.697575	0.302425	3.958602
26424	-2575.309	-2785.03	209.721	1.294202	0.07131104	0.523223	0.476777	3.896691
26430	-2568.832	-2778.092	209.2595	1.252781	0.06696668	0.622848	0.377152	4.195567
26436	-2584.492	-2794.78	210.2883	1.220023	0.08547182	0.659597	0.340403	3.574094
26442	-2574.922	-2783.009	208.0862	0.857275	0.07380041	0.574403	0.425597	5.05698
26448	-2583.914	-2793.533	209.6186	1.068786	0.1060269	0.594177	0.405823	3.995966
26454	-2588.156	-2796.779	208.6227	1.09137	0.0725618	0.566799	0.433201	4.630565
26460	-2592.628	-2801.183	208.5543	1.039863	0.09950152	0.604811	0.395189	4.6299
26466	-2589.298	-2798.506	209.2079	1.078861	0.08401571	0.604811	0.395189	4.278078
26472	-2586.006	-2793.644	207.6377	0.9126075	0.08998981	0.558818	0.441182	5.233729
26478	-2576.233	-2783.775	207.5418	0.978429	0.09956427	0.592039	0.407961	5.227416
26484	-2591.976	-2800.979	209.0027	1.093159	0.09831498	0.519023	0.480977	4.350469
26490	-2595.398	-2804.313	208.9154	0.9329689	0.1115569	0.570497	0.429503	4.458948
26496	-2597.118	-2804.26	207.1421	1.032579	0.07568929	0.60241	0.39759	5.476802
26502	-2593.288	-2802.978	209.6905	1.127546	0.0757251	0.631215	0.368785	3.997668
26508	-2589.566	-2798.276	208.7101	1.054669	0.09307259	0.526131	0.473869	4.549688
26514	-2588.521	-2796.845	208.3239	1.06676	0.09510262	0.483974	0.516026	4.754338
26520	-2599.462	-2810.69	211.2285	1.435361	0.1085358	0.808767	0.191233	2.830093
26526	-2588.973	-2798.185	209.2115	1.335389	0.07521932	0.574958	0.425042	4.153529
26532	-2588.655	-2797.544	208.8892	1.235789	0.08012558	0.561487	0.438513	4.379549
26538	-2589.829	-2799.073	209.2438	1.235789	0.1162968	0.665604	0.334396	4.090732
26544	-2600.134	-2808.866	208.7319	1.032729	0.08559239	0.500514	0.499486	4.568436
26550	-2602.392	-2810.975	208.5833	1.210003	0.1099088	0.658987	0.341013	4.493728
26556	-2598.991	-2807.684	208.6936	1.182236	0.09045414	0.658987	0.341013	4.493728
26562	-2595.81	-2805.656	209.8458	1.193229	0.1016227	0.537684	0.462316	3.80483
26568	-2606.87	-2815.998	209.1283	1.290669	0.06599333	0.64265	0.35735	4.25114
26574	-2590.1	-2799.188	209.0877	1.163014	0.07927201	0.663734	0.336266	4.310767
26580	-2600.381	-2809.772	209.3913	1.229026	0.0688602	0.483657	0.516343	4.128986
26586	-2591.756	-2800.804	209.0477	1.367195	0.0688602	0.646874	0.353126	4.245587
26592	-2592.688	-2800.422	207.7341	1.142779	0.07846224	0.683297	0.316703	5.081814
26598	-2578.177	-2786.773	208.596	1.08084	0.1138309	0.683297	0.316703	4.550313
26604	-2571.51	-2779.915	208.4049	1.015434	0.05170414	0.683297	0.316703	4.851914
26610	-2575.971	-2786.241	210.27	1.334278	0.08719112	0.683297	0.316703	3.513756
26616	-2582.993	-2793.676	210.6826	1.432984	0.05722007	0.619315	0.380685	3.297373
26622	-2578.734	-2789.006	210.2719	1.22374	0.08329254	0.505222	0.494778	3.587196
26628	-2580.174	-2789.735	209.5605	1.028488	0.1224329	0.563637	0.436363	4.014601
26634	-2579.702	-2789.247	209.5451	1.267902	0.08381666	0.563637	0.436363	3.97921
26640	-2581.708	-2791.909	210.201	1.267386	0.1117987	0.658297	0.341703	3.531947
26646	-2588.609	-2798.135	209.5258	1.189076	0.07091093	0.637946	0.362054	4.069536
26652	-2585.729	-2794.34	208.611	0.9338793	0.1098651	0.656232	0.343768	4.633304
26658	-2574.764	-2783.374	208.6105	1.080439	0.09616764	0.667176	0.332824	4.583642
26664	-2571.325	-2781.041	209.7156	1.080439	0.1035454	0.562832	0.437168	3.939736
26670	-2575.33	-2783.557	208.2268	1.012167	0.07727049	0.611315	0.388685	4.883672
26676	-2572.095	-2780.945	208.8501	0.9413546	0.08129891	0.622458	0.377542	4.564319
26682	-2583.265	-2791.392	208.1271	1.146023	0.05599742	0.580038	0.419962	4.921932
26688	-2579.973	-2788.82	208.847	1.03452	0.08679335	0.580038	0.419962	4.499673
26694	-2566.358	-2773.651	207.2935	1.03452	0.1013854	0.506782	0.493218	5.329306
26700	-2577.04	-2784.427	207.388	0.9912764	0.06469874	0.521104	0.478896	5.393133
26706	-2588.645	-2798.755	210.1108	1.124638	0.06469874	0.449078	0.550922	3.788458
26712	-2574.277	-2783.435	209.158	1.169075	0.1082104	0.578635	0.421365	4.196027
26718	-2579.387	-2789.39	210.0034	1.169075	0.1209938	0.482616	0.517384	3.682498
26724	-2577.702	-2787.823	210.1203	1.199957	0.08684151	0.429014	0.570986	3.679589
26730	-2599.183	-2809.923	210.7392	1.077488	0.07932015	0.546576	0.453424	3.410543
26736	-2598.913	-2808.552	209.6391	1.210499	0.0773349	0.564475	0.435525	3.975291
26742	-2586.131	-2795.494	209.3627	1.247052	0.08447429	0.598941	0.401059	4.093465
26748	-2584.974	-2793.533	208.5593	0.9943044	0.08835581	0.620054	0.379946	4.679796
26754	-2590.821	-2799.25	208.4285	1.029755	0.07601626	0.505011	0.494989	4.7646
26760	-2579.517	-2789.296	209.7797	1.072564	0.07245153	0.511911	0.488089	3.986917
26766	-2579.889	-2790.781	210.8917	1.128793	0.1218318	0.52342	0.47658	3.184165
26772	-2589.086	-2798.082	208.9959	1.073498	0.09616742	0.358106	0.641894	4.370615
26778	-2586.344	-2795.88	209.5352	1.089309	0.1378841	0.610483	0.389517	3.96102
26784	-2582.104	-2791.476	209.3714	1.214789	0.09848503	0.567355	0.432645	4.071817
26790	-2577.804	-2788.472	210.6685	1.24184	0.1248156	0.562445	0.437555	3.242582
26796	-2586.084	-2796.973	210.8894	1.255863	0.109638	0.629151	0.370849	3.138928
26802	-2586.755	-2796.346	209.5907	1.094585	0.1007201	0.619169	0.380831	4.009877
26808	-2574.478	-2783.727	209.2496	1.128264	0.08241935	0.532277	0.467723	4.230573
26814	-2584.372	-2792.717	208.3446	1.079136	0.09576479	0.455387	0.544613	4.734243
26820	-2594.249	-2802.008	207.7593	0.8174858	0.09747562	0.658509	0.341491	5.201086
26826	-2575.003	-2783.194	208.191	0.9957411	0.05828284	0.523899	0.476101	4.9637
26832	-2587.365	-2795.348	207.9837	1.154952	0.04534622	0.477806	0.522194	5.026359
26838	-2594.875	-2802.112	207.2374	1.209944	0.08648298	0.475784	0.524216	5.299246
26844	-2578.023	-2787.75	209.7271	1.210124	0.07030931	0.51284	0.48716	3.94415
26850	-2579.691	-2788.959	209.2679	1.209944	0.09968856	0.625067	0.374933	4.130572
26856	-2580.462	-2791.151	210.6885	1.402491	0.0736648	0.499825	0.500175	3.264765
26862	-2580.461	-2790.454	209.9936	1.293195	0.07075417	0.610947	0.389053	3.741957
26868	-2566.956	-2777.35	210.3942	1.310618	0.08838635	0.523305	0.476695	3.451953
26874	-2566.721	-2776.099	209.3775	1.242339	0.08838635	0.564823	0.435177	4.077749
26880	-2572.705	-2782.559	209.8533	1.137166	0.09660509	0.560055	0.439945	3.845078
26886	-2571.377	-2780.838	209.4602	1.246192	0.06568665	0.560055	0.439945	4.088677
26892	-2582.598	-2791.878	209.2802	1.296422	0.09383676	0.6074	0.3926	4.088677
26898	-2595.021	-2804.934	209.9132	1.187368	0.08017588	0.709751	0.290249	3.823825
26904	-2591.015	-2800.114	209.0992	1.169817	0.07841805	0.582438	0.417562	4.302654
26910	-2597.629	-2805.571	207.9414	1.138113	0.06834329	0.589766	0.410234	4.995904
26916	-2582.237	-2791.283	209.0455	1.138113	0.07202396	0.606364	0.393636	4.367901
26922	-2585.474	-2793.986	208.5127	1.017103	0.07768657	0.570741	0.429259	4.72024
26928	-2580.703	-2790.566	209.8627	1.286308	0.1074131	0.565473	0.434527	3.727541
26934	-2581.918	-2792.174	210.2564	1.124864	0.07287434	0.447126	0.552874	3.681592
26940	-2581.806	-2792.386	210.5801	1.285521	0.07931576	0.555063	0.444937	3.381837
26946	-2584.747	-2795.74	210.9929	1.285521	0.1176794	0.555063	0.444937	3.040213
26952	-2595.774	-2805.369	209.5954	1.330275	0.06318663	0.53363	0.46637	3.970478
26958	-2572.941	-2782.478	209.5365	1.077473	0.1204326	0.605788	0.394212	4.00482
26964	-2581.56	-2791.552	209.9912	1.178738	0.08640231	0.661	0.339	3.767569
26970	-2590.455	-2801.589	211.1332	1.26638	0.1089128	0.674561	0.325439	2.988714
26976	-2581.884	-2792.822	210.9381	1.314041	0.07800087	0.674561	0.325439	3.157321
26982	-2582.394	-2793.211	210.8167	1.360568	0.09466572	0.674561	0.325439	3.157321
26988	-2570.992	-2780.063	209.0705	1.153828	0.07503067	0.596993	0.403007	4.336828
26994	-2574.26	-2784.619	210.3584	1.193459	0.08702702	0.580083	0.419917	3.544745
27000	-2578.855	-2786.496	207.641	1.061056	0.06600643	0.685288	0.314712	5.211383
27006	-2576.952	-2786.012	209.0592	1.030162	0.06641224	0.586738	0.413262	4.436265
27012	-2577.156	-2786.391	209.2344	1.179871	0.06726268	0.602126	0.397874	4.250347
27018	-2574.045	-2784.45	210.4056	1.149116	0.08453432	0.648776	0.351224	3.549616
27024	-2571.096	-2780.795	209.6992	1.100407	0.08346914	0.701566	0.298434	3.987733
27030	-2591.193	-2800.837	209.6434	1.138337	0.09242786	0.659861	0.340139	3.975122
27036	-2585.632	-2794.87	209.2379	1.153953	0.08134295	0.618749	0.381251	4.225438
27042	-2582.255	-2792.253	209.9986	1.368973	0.05779562	0.557804	0.442196	3.731847
27048	-2581.296	-2790.622	209.326	1.129826	0.1160405	0.606107	0.393893	4.104853
27054	-2578.063	-2787.553	209.4897	1.196797	0.1086505	0.536829	0.463171	3.990298
27060	-2577.352	-2788.422	211.0697	1.212748	0.09122698	0.542896	0.457104	3.103644
27066	-2581.631	-2792.062	210.4303	1.212748	0.0918462	0.625816	0.374184	3.479097
27072	-2576.501	-2786.074	209.5735	1.212748	0.08257421	0.461845	0.538155	3.997735
27078	-2569.688	-2779.201	209.5139	1.212748	0.0960076	0.587593	0.412407	3.997735
27084	-2578.603	-2788.129	209.5258	1.31963	0.06990441	0.587593	0.412407	3.997735
27090	-2581.518	-2790.276	208.7578	1.340595	0.06575359	0.663664	0.336336	4.432951
27096	-2590.81	-2799.651	208.8408	1.000589	0.05021713	0.648155	0.351845	4.620735
27102	-2574.064	-2782.687	208.6228	0.9950657	0.07795717	0.502337	0.497663	4.670283
27108	-2581.292	-2789.944	208.6527	1.00352	0.100276	0.502337	0.497663	4.593272
27114	-2600.652	-2805.449	204.7967	1.146247	0.0569602	0.628387	0.371613	6.74199
27120	-2593.728	-2802.592	208.8639	1.267822	0.05508206	0.704768	0.295232	4.443868
27126	-2595.755	-2805.916	210.161	1.267822	0.1330033	0.663623	0.336377	3.507036
27132	-2586.444	-2796.343	209.8988	1.117073	0.09240338	0.588059	0.411941	3.84095
27138	-2593.308	-2804.648	211.3395	1.337916	0.1239416	0.514298	0.485702	2.784553
27144	-2585.982	-2796.662	210.6802	1.281587	0.09966273	0.615577	0.384423	3.27222
27150	-2589.862	-2799.177	209.3151	1.234306	0.07662113	0.752419	0.247581	4.148356
27156	-2594.439	-2805.368	210.9292	1.441583	0.08253257	0.577768	0.422232	3.074232
27162	-2585.397	-2796.64	211.2424	1.441583	0.07462344	0.612951	0.387049	2.908147
27168	-2593.578	-2802.148	208.5699	1.247014	0.07549801	0.549522	0.450478	4.565083
27174	-2574.139	-2782.836	208.6968	1.227598	0.05343945	0.549522	0.450478	4.565083
27180	-2572.173	-2783.133	210.9607	1.26924	0.1063414	0.509791	0.490209	3.096556
27186	-2591.565	-2803.189	211.6243	1.328313	0.09062675	0.700726	0.299274	2.700318
27192	-2593.519	-2803.376	209.8571	1.244628	0.05819113	0.485486	0.514514	3.883726
27198	-2582.453	-2792.787	210.3347	1.435282	0.05300613	0.466041	0.533959	3.512286
27204	-2586.689	-2796.632	209.9428	1.435282	0.04557384	0.558275	0.441725	3.761081
27210	-2587.513	-2795.68	208.1665	1.037598	0.07933537	0.511163	0.488837	4.897752
27216	-2580.194	-2788.93	208.7361	1.074677	0.07650449	0.607292	0.392708	4.56591
27222	-2586.084	-2794.696	208.6118	1.069494	0.1059079	0.629081	0.370919	4.56591
27228	-2583.512	-2792.423	208.9114	1.073414	0.08107632	0.426037	0.573963	4.456168
27234	-2580.06	-2789.935	209.8756	1.073414	0.1207908	0.523186	0.476814	3.811915
27240	-2581.005	-2790.193	209.1886	1.073414	0.0868214	0.550026	0.449974	4.284934
27246	-2574.537	-2783.903	209.3663	1.02007	0.08451208	0.708957	0.291043	4.220331
27252	-2568.561	-2779.188	210.6269	1.379932	0.05744812	0.590648	0.409352	3.360686
27258	-2581.734	-2792.3	210.5661	1.445809	0.07474829	0.604966	0.395034	3.308374
27264	-2591.792	-2799.648	207.8565	1.047375	0.07862243	0.604294	0.395706	5.06642
27270	-2583.417	-2792.176	208.7588	1.047495	0.09147335	0.676794	0.323206	4.53028
27276	-2595.938	-2804.704	208.7658	1.242697	0.06302827	0.432104	0.567896	4.491046
27282	-2591.006	-2800.517	209.5104	1.060129	0.06619652	0.451903	0.548097	4.164592
27288	-2592.595	-2802.252	209.6572	1.146838	0.05553786	0.640506	0.359494	4.061583
27294	-2585.179	-2794.029	208.85	0.8007108	0.08825203	0.606117	0.393883	4.625657
27300	-2583.728	-2793.403	209.6754	1.028134	0.09108101	0.571131	0.428869	4.02318
27306	-2587.447	-2797.821	210.374	1.172536	0.07134969	0.641088	0.358912	3.589967
27312	-2578.907	-2787.118	208.2106	0.9593478	0.08377636	0.490467	0.509533	4.905429
27318	-2582.624	-2790.967	208.3428	0.802725	0.08922847	0.568556	0.431444	4.905429
27324	-2585.351	-2793.633	208.2819	0.9143397	0.09744242	0.659136	0.340864	4.857204
27330	-2583.716	-2792.662	208.9466	1.044395	0.09744242	0.581725	0.418275	4.411754
27336	-2586.261	-2795.577	209.316	1.268439	0.062373	0.581725	0.418275	4.167299
27342	-2586.693	-2796.334	209.6406	1.175346	0.062373	0.603824	0.396176	4.035448
27348	-2592.598	-2801.984	209.386	1.121203	0.1343828	0.487615	0.512385	4.035448
27354	-2587.943	-2794.94	206.9962	0.9011405	0.1124545	0.487615	0.512385	5.541322
27360	-2577.986	-2785.667	207.6808	0.9011405	0.08547459	0.529845	0.470155	5.227392
27366	-2602.458	-2808.977	206.5189	0.7801478	0.09776743	0.605322	0.394678	5.902588
27372	-2594.339	-2805.109	210.77	1.374018	0.07254916	0.584801	0.415199	3.236567
27378	-2583.424	-2793.036	209.6121	1.193726	0.08438829	0.603049	0.396951	3.981799
27384	-2577.799	-2787.359	209.56	1.193726	0.09618121	0.60267	0.39733	3.981799
27390	-2587.777	-2798.227	210.4499	1.218513	0.08177471	0.589474	0.410526	3.490646
27396	-2600.352	-2809.814	209.4612	1.1248	0.1393894	0.511533	0.488467	3.979895
27402	-2590.849	-2799.492	208.6438	1.077404	0.08988658	0.511533	0.488467	4.582038
27408	-2585.742	-2795.188	209.4455	1.077404	0.1358523	0.511533	0.488467	4.023389
27414	-2581.599	-2789.759	208.1595	1.021309	0.106298	0.6735	0.3265	4.845038
27420	-2582.735	-2792.648	209.9136	1.152894	0.0596767	0.555367	0.444633	3.899723
27426	-2575.646	-2784.69	209.0446	1.083187	0.07684997	0.586841	0.413159	4.386577
27432	-2592.987	-2801.683	208.6959	1.00826	0.0954124	0.586841	0.413159	4.578007
27438	-2595.195	-2803.164	207.9693	0.7325027	0.08467913	0.49911	0.50089	5.163091
27444	-2589.209	-2797.156	207.9471	0.9138763	0.07664979	0.414954	0.585046	5.095345
27450	-2585.301	-2794.733	209.4328	1.016012	0.1609167	0.426863	0.573137	4.015199
27456	-2580.492	-2790.089	209.5966	0.9903288	0.09881459	0.415098	0.584902	4.070604
27462	-2572.509	-2782.87	210.3605	1.120076	0.09916808	0.629736	0.370264	3.555366
27468	-2565.36	-2775.813	210.4532	1.127421	0.0819678	0.501783	0.498217	3.541304
27474	-2572.493	-2780.602	208.1087	0.8989997	0.06856718	0.549168	0.450832	5.035199
27480	-2582.934	-2792.407	209.4734	1.053254	0.09383353	0.587144	0.412856	4.117137
27486	-2581.297	-2790.839	209.5417	1.066334	0.07582855	0.587144	0.412856	4.117137
27492	-2575.882	-2785.682	209.8004	1.066334	0.0857457	0.572138	0.427862	3.943448
27498	-2579.038	-2786.994	207.9561	1.158122	0.06856887	0.553518	0.446482	4.976018
27504	-2593.29	-2803.201	209.911	1.04425	0.09694044	0.521471	0.478529	3.864489
27510	-2578.533	-2786.37	207.8364	0.8837945	0.07927162	0.549332	0.450668	5.166571
27516	-2580.617	-2788.77	208.1525	0.9032158	0.09546279	0.434562	0.565438	4.940196
27522	-2578.079	-2786.146	208.0673	0.9884458	0.09546279	0.619888	0.380112	4.940196
27528	-2580.364	-2789.626	209.2622	0.9840443	0.09361889	0.619888	0.380112	4.27688
27534	-2574.723	-2783.719	208.996	1.085635	0.1345977	0.602315	0.397685	4.27688
27540	-2593.978	-2802.059	208.0813	0.9219294	0.09312373	0.631065	0.368935	4.975053
27546	-2579.639	-2787.578	207.9389	1.095855	0.08599566	0.664263	0.335737	4.975053
27552	-2586.687	-2796.161	209.4738	1.019264	0.09224298	0.570678	0.429322	4.140187
27558	-2581.177	-2790.217	209.0398	0.9808609	0.09224298	0.570678	0.429322	4.407745
27564	-2576.868	-2786.215	209.3465	1.224973	0.06016524	0.51243	0.48757	4.18082
27570	-2566.197	-2776.745	210.5482	1.224973	0.08796542	0.607497	0.392503	3.413066
27576	-2573.868	-2784.059	210.1906	1.065743	0.08796542	0.600509	0.399491	3.713646
27582	-2568.412	-2779.03	210.6176	1.235091	0.07843287	0.568913	0.431087	3.391866
27588	-2587.694	-2798.591	210.8973	1.100003	0.07525057	0.63188	0.36812	3.315605
27594	-2580.77	-2790.947	210.1766	1.185168	0.09634572	0.524618	0.475382	3.631406
27600	-2575.999	-2786.761	210.7612	1.185168	0.08037138	0.568505	0.431495	3.331559
27606	-2576.182	-2787.215	211.0327	1.183749	0.06399085	0.572647	0.427353	3.218063
27612	-2577.785	-2787.796	210.0113	1.137385	0.06317407	0.572647	0.427353	3.84264
27618	-2581.516	-2790.946	209.43	1.040484	0.0748001	0.436269	0.563731	4.198068
27624	-2578.722	-2787.389	208.6668	1.052822	0.05292202	0.480699	0.519301	4.681363
27630	-2591.831	-2798.242	206.4107	0.9710866	0.04957658	0.725722	0.274278	5.981165
27636	-2577.67	-2788.222	210.5516	1.201309	0.08274212	0.589481	0.410519	3.438717
27642	-2586.878	-2794.922	208.0434	1.167861	0.08038554	0.633258	0.366742	4.891043
27648	-2578.52	-2787.605	209.0845	1.111119	0.05697821	0.466835	0.533165	4.402523
27654	-2583.909	-2791.759	207.85	1.014337	0.06430829	0.69678	0.30322	5.126147
27660	-2586.327	-2795.837	209.5099	0.8937213	0.09473731	0.698744	0.301256	4.18485
27666	-2569.445	-2779.716	210.2707	1.087389	0.1027078	0.689069	0.310931	3.617827
27672	-2579.359	-2787.669	208.3106	0.9675187	0.08376581	0.504262	0.495738	4.845222
27678	-2582.112	-2789.002	206.8895	0.9778165	0.08548695	0.59789	0.40211	5.620969
27684	-2591.524	-2800.534	209.0101	0.9239806	0.09535453	0.625279	0.374721	4.4489
27690	-2586.276	-2796.089	209.8127	0.9632172	0.09833408	0.625279	0.374721	3.963844
27696	-2587.071	-2795.061	207.9907	1.138949	0.09194734	0.663607	0.336393	4.907566
27702	-2581.478	-2789.886	208.4086	1.113826	0.06621256	0.518457	0.481543	4.754891
27708	-2610.464	-2817.025	206.5612	1.066659	0.06982637	0.601764	0.398236	5.792094
27714	-2591.597	-2800.27	208.6728	1.066659	0.05393064	0.664531	0.335469	4.667421
27720	-2583.435	-2791.897	208.4613	0.9147773	0.06899279	0.664531	0.335469	4.829093
27726	-2592.511	-2801.591	209.0803	0.9632568	0.1014084	0.675279	0.324721	4.372586
27732	-2582.29	-2789.818	207.5284	1.069965	0.04680881	0.664631	0.335369	5.321385
27738	-2581.307	-2787.159	205.852	0.9944468	0.08485028	0.628896	0.371104	6.180273
27744	-2574.496	-2782.009	207.5133	0.9243489	0.1042606	0.597018	0.402982	5.262117
27750	-2572.132	-2782.043	209.9109	1.151263	0.06994599	0.581237	0.418763	3.873501
27756	-2587.905	-2797.421	209.5159	1.056589	0.05352637	0.474054	0.525946	4.199037
27762	-2583.905	-2793.539	209.6344	1.064025	0.06376846	0.594332	0.405668	4.098574
27768	-2599.838	-2808.565	208.7268	1.312758	0.05205371	0.594332	0.405668	4.504266
27774	-2587.195	-2797.616	210.4204	1.306342	0.1023662	0.572718	0.427282	3.403729
27780	-2581.231	-2791.329	210.098	1.204915	0.08019502	0.535815	0.464185	3.707074
27786	-2614.244	-2824.108	209.864	1.156224	0.06337932	0.737333	0.262667	3.915789
27792	-2583.596	-2793.073	209.4763	1.155678	0.09213905	0.68953	0.31047	4.061355
27798	-2587.395	-2795.943	208.5484	1.109201	0.09341791	0.684389	0.315611	4.608983
27804	-2590.56	-2800.182	209.6226	1.113388	0.07317578	0.705497	0.294503	4.051356
27810	-2587.584	-2796.183	208.5995	1.043536	0.08296447	0.500757	0.499243	4.643303
27816	-2578.351	-2785.793	207.4417	0.9520474	0.07979027	0.537183	0.462817	5.345653
27822	-2580.123	-2790.789	210.6655	1.294798	0.114627	0.609491	0.390509	3.236654
27828	-2577.341	-2786.794	209.4526	1.173716	0.09490251	0.656886	0.343114	4.057711
27834	-2599.046	-2808.076	209.0303	1.176921	0.07574959	0.514057	0.485943	4.344588
27840	-2586.772	-2794.549	207.7771	0.9975909	0.07574959	0.513319	0.486681	5.145471
27846	-2590.381	-2799.838	209.4572	1.088606	0.07574959	0.527566	0.472434	4.15273
27852	-2588.328	-2796.963	208.6352	1.071079	0.0761759	0.456873	0.543127	4.625425
27858	-2588.212	-2797.425	209.2126	1.220234	0.09692134	0.691952	0.308048	4.162926
27864	-2583.388	-2793.127	209.7392	1.075476	0.1091535	0.662013	0.337987	3.915744
27870	-2577.847	-2786.746	208.8992	1.209345	0.08731156	0.459953	0.540047	4.370438
27876	-2587.948	-2797.833	209.8847	1.149986	0.1216814	0.593071	0.406929	3.760556
27882	-2582.379	-2791.262	208.8829	1.03823	0.09284054	0.71378	0.28622	4.462308
27888	-2582.105	-2791.529	209.4239	1.03823	0.1059398	0.631224	0.368776	4.124617
27894	-2598.716	-2808.915	210.1992	1.068631	0.07542384	0.655338	0.344662	3.740152
27900	-2599.904	-2809.137	209.2329	1.122282	0.07251319	0.554863	0.445137	4.269538
27906	-2599.213	-2807.371	208.1574	0.9729877	0.09310428	0.635756	0.364244	4.904345
27912	-2590.459	-2799.761	209.3016	0.9171118	0.09113414	0.527418	0.472582	4.298587
27918	-2579.791	-2789.314	209.5226	0.9733413	0.0886316	0.527418	0.472582	4.147636
27924	-2585.687	-2793.829	208.1418	0.7929384	0.1034886	0.570447	0.429553	4.988513
27930	-2587.017	-2796.602	209.5857	1.027406	0.0875399	0.459373	0.540627	4.083709
27936	-2585.729	-2795.389	209.6596	1.170998	0.07698443	0.491788	0.508212	3.987096
27942	-2579.932	-2788.787	208.8547	0.986578	0.09507571	0.522639	0.477361	4.501817
27948	-2586.623	-2794.292	207.669	0.986578	0.1281092	0.606308	0.393692	5.089025
27954	-2574.953	-2783.977	209.0248	1.150845	0.0818672	0.606308	0.393692	4.346441
27960	-2595.059	-2804.125	209.0665	0.9284617	0.111747	0.503943	0.496057	4.375901
27966	-2590.148	-2799.741	209.5931	1.091068	0.07696976	0.445296	0.554704	4.07073
27972	-2593.338	-2803.038	209.7001	1.212321	0.1313054	0.525708	0.474292	3.809775
27978	-2591.699	-2800.673	208.974	1.103775	0.08543149	0.525708	0.474292	4.392559
27984	-2585.666	-2796.367	210.701	1.27021	0.09455339	0.511542	0.488458	3.279591
27990	-2593.514	-2803.981	210.467	1.245312	0.1221782	0.567922	0.432078	3.365247
27996	-2581.169	-2790.057	208.8882	1.242129	0.1105149	0.60319	0.39681	4.302234
28002	-2586.995	-2797.855	210.8597	1.339383	0.1172912	0.652258	0.347742	3.088494
28008	-2608.064	-2819.051	210.9871	1.274566	0.1019603	0.666218	0.333782	3.088494
28014	-2585.139	-2794.757	209.6185	1.112658	0.1318066	0.647784	0.352216	3.912841
28020	-2578.18	-2787.331	209.1508	1.040891	0.07909003	0.461818	0.538182	4.344598
28026	-2569.311	-2777.13	207.8194	0.974315	0.08092344	0.685512	0.314488	5.121657
28032	-2577.885	-2787.924	210.0394	1.291836	0.09412557	0.737367	0.262633	3.654619
28038	-2578.814	-2789.266	210.4518	1.306315	0.09854477	0.638693	0.361307	3.394816
28044	-2581.633	-2792.294	210.6606	1.306315	0.09212088	0.588916	0.411084	3.28837
28050	-2587.747	-2796.817	209.0693	1.17888	0.09362415	0.543028	0.456972	4.275727
28056	-2580.675	-2789.495	208.8196	1.208173	0.09947909	0.539315	0.460685	4.386066
28062	-2587.071	-2797.979	210.9077	1.405282	0.04673196	0.615132	0.384868	3.211796
28068	-2590.139	-2802.284	212.1455	1.58248	0.08226807	0.615132	0.384868	2.23736
28074	-2585.925	-2797.684	211.76	1.533962	0.09980596	0.619459	0.380541	2.463979
28080	-2590.815	-2801.732	210.9174	1.339579	0.09156339	0.658768	0.341232	3.117965
28086	-2585.24	-2794.359	209.1188	1.200378	0.09156339	0.552883	0.447117	4.240609
28092	-2578.224	-2789.661	211.4369	1.261519	0.09724948	0.579962	0.420038	2.837847
28098	-2586.524	-2796.787	210.2629	1.258663	0.1163948	0.579962	0.420038	3.4902
28104	-2591.271	-2803.125	211.8548	1.433854	0.08729763	0.630551	0.369449	2.501418
28110	-2586.022	-2797.754	211.7313	1.341011	0.08311022	0.503016	0.496984	2.647416
28116	-2593.938	-2802.998	209.0604	1.200944	0.07333132	0.409865	0.590135	4.320434
28122	-2591.162	-2800.398	209.2359	1.091872	0.05962101	0.526607	0.473393	4.320434
28128	-2595.405	-2804.376	208.9704	1.192403	0.09509721	0.660327	0.339673	4.320434
28134	-2598.783	-2809.262	210.4785	1.122693	0.1052405	0.660327	0.339673	3.470141
28140	-2588.36	-2798.149	209.7894	0.9767652	0.08444055	0.654942	0.345058	4.004369
28146	-2586.047	-2797.534	211.487	1.199348	0.09619752	0.627007	0.372993	2.847869
28152	-2574.625	-2785.81	211.1857	1.208659	0.1595386	0.55688	0.44312	2.878323
28158	-2575.873	-2785.47	209.597	1.039399	0.07562071	0.594137	0.405863	4.101516
28164	-2583.133	-2792.934	209.8002	1.076582	0.07533739	0.536058	0.463942	3.965103
28170	-2592.109	-2799.405	207.2954	0.8407546	0.1189302	0.527693	0.472307	5.395721
28176	-2587.152	-2794.655	207.5029	0.9485779	0.09304988	0.554674	0.445326	5.280931
28182	-2585.75	-2796.584	210.8336	1.210313	0.09304988	0.540915	0.459085	3.240499
28188	-2592.978	-2800.675	207.6968	0.9111753	0.09304988	0.540915	0.459085	5.194423
28194	-2583.95	-2793.298	209.3483	1.017043	0.08559958	0.566159	0.433841	4.229484
28200	-2590.717	-2799.416	208.6983	1.05883	0.05550337	0.593137	0.406863	4.653094
28206	-2587.387	-2796.186	208.7987	0.9471213	0.05778504	0.625545	0.374455	4.653094
28212	-2576.694	-2783.468	206.7735	0.9465118	0.07399211	0.618599	0.381401	5.730792
28218	-2579.655	-2789.212	209.5572	1.093263	0.06053722	0.63189	0.36811	4.134916
28224	-2588.525	-2799.087	210.5618	1.237792	0.08249256	0.696687	0.303313	3.411998
28230	-2590.557	-2798.803	208.2463	0.9019604	0.09778462	0.616022	0.383978	4.883143
28236	-2591.227	-2800.559	209.3327	1.107664	0.05507412	0.654226	0.345774	4.269521
28242	-2598.984	-2809.732	210.7484	1.363458	0.1309433	0.560334	0.439666	3.10913
28248	-2590.617	-2802.523	211.9063	1.572185	0.08243376	0.558527	0.441473	2.395943
28254	-2590.854	-2802.962	212.1079	1.572185	0.06025292	0.558527	0.441473	2.335071
28260	-2586.683	-2798.364	211.6811	1.572185	0.06025292	0.650315	0.349685	2.602741
28266	-2590.712	-2803.425	212.7126	1.528088	0.1103913	0.447016	0.552984	1.81607
28272	-2600.443	-2810.894	210.4507	1.263172	0.1115346	0.506327	0.493673	3.389094
28278	-2588.734	-2798.803	210.0698	1.263172	0.1036465	0.62868	0.37132	3.630091
28284	-2591.764	-2804.028	212.2641	1.560815	0.09679678	0.501287	0.498713	2.132762
28290	-2576.632	-2787.926	211.2941	1.396315	0.09679678	0.496664	0.503336	2.843889
28296	-2584.076	-2795.374	211.2976	1.396315	0.1025705	0.613343	0.386657	2.826874
28302	-2594.894	-2805.289	210.395	1.218114	0.07777147	0.508278	0.491722	3.53365
28308	-2596.104	-2804.637	208.5328	1.119677	0.1225528	0.599039	0.400961	4.544627
28314	-2598.188	-2808.726	210.5373	1.216538	0.09891792	0.57496	0.42504	3.396372
28320	-2584.763	-2795.328	210.5652	1.23442	0.08840549	0.723724	0.276276	3.396372
28326	-2590.143	-2799.547	209.4038	1.23442	0.07502174	0.723724	0.276276	4.102111
28332	-2585.216	-2793.355	208.1389	1.094825	0.08038031	0.637746	0.362254	4.878592
28338	-2584.651	-2792.886	208.2355	1.042142	0.1172668	0.610789	0.389211	4.766228
28344	-2581.984	-2790.232	208.2476	1.204719	0.07666247	0.609399	0.390601	4.766228
28350	-2583.024	-2792.616	209.5916	1.18922	0.08666154	0.619116	0.380884	3.990254
28356	-2587.732	-2795.437	207.7055	0.9840548	0.127677	0.506615	0.493385	5.07107
28362	-2578.767	-2786.265	207.4981	0.9025502	0.0874842	0.634366	0.365634	5.322551
28368	-2583.861	-2790.831	206.9692	1.118955	0.07410772	0.654844	0.345156	5.528508
28374	-2575.084	-2782.436	207.3511	1.08435	0.08920095	0.657395	0.342605	5.299128
28380	-2584.62	-2794.135	209.5149	1.0992	0.1273437	0.528814	0.471186	3.989494
28386	-2581.717	-2790.536	208.8193	1.166267	0.1493184	0.51405	0.48595	4.301199
28392	-2585.347	-2794.402	209.055	1.166267	0.08983856	0.51405	0.48595	4.300372
28398	-2574.733	-2783.805	209.0723	1.148988	0.08983856	0.51405	0.48595	4.300372
28404	-2579.62	-2788.532	208.9121	1.050491	0.1080589	0.595326	0.404674	4.402647
28410	-2582.748	-2790.926	208.1778	1.142123	0.07608431	0.421121	0.578879	4.841611
28416	-2587.709	-2795.272	207.5637	1.130225	0.0874173	0.534143	0.465857	5.16061
28422	-2600.185	-2808.637	208.4514	1.232041	0.09092682	0.574819	0.425181	4.600623
28428	-2597.022	-2806.673	209.6504	1.245094	0.1856784	0.386741	0.613259	3.712532
28434	-2592.967	-2803.013	210.0456	1.237538	0.08246173	0.580003	0.419997	3.712532
28440	-2604.294	-2815.199	210.9046	1.280648	0.1080099	0.569778	0.430222	3.119074
28446	-2586.551	-2795.443	208.8921	1.155264	0.09687009	0.551627	0.448373	4.381346
28452	-2574.901	-2784.777	209.8764	1.100418	0.07318172	0.576947	0.423053	3.913645
28458	-2580.612	-2788.705	208.0931	1.113434	0.05815743	0.569433	0.430567	4.953028
28464	-2589.078	-2796.595	207.517	1.037772	0.07758429	0.454503	0.545497	5.262362
28470	-2581.947	-2791.11	209.1637	1.082746	0.05273976	0.466981	0.533019	4.385771
28476	-2580.559	-2789.371	208.8121	1.157654	0.09312205	0.600669	0.399331	4.434228
28482	-2583.872	-2793.307	209.4355	1.146787	0.08398063	0.584638	0.415362	4.110403
28488	-2589.173	-2801.484	212.3105	1.333165	0.1267451	0.72367	0.27633	2.171775
28494	-2584.134	-2793.218	209.0841	1.151615	0.08416841	0.663837	0.336163	4.306564
28500	-2586.468	-2796.62	210.1523	1.235319	0.07975304	0.657085	0.342915	3.65927
28506	-2592.037	-2801.804	209.7665	1.291678	0.103219	0.475217	0.524783	3.789947
28512	-2579.927	-2788.304	208.3776	1.095183	0.1092188	0.572414	0.427586	4.675216
28518	-2576.811	-2785.221	208.4105	1.131585	0.1074567	0.575608	0.424392	4.640435
28524	-2589.834	-2799.584	209.7499	1.197141	0.08721717	0.575608	0.424392	3.893677
28530	-2604.232	-2813.374	209.1425	1.131508	0.09686069	0.473701	0.526299	4.253171
28536	-2597.499	-2805.968	208.4686	1.081688	0.06924075	0.571096	0.428904	4.731131
28542	-2595.805	-2805.336	209.5314	1.055571	0.1299414	0.604312	0.395688	3.999365
28548	-2608.587	-2817.111	208.5245	0.9590585	0.08850768	0.641065	0.358935	4.718577
28554	-2600.112	-2807.957	207.8442	0.9182483	0.1023043	0.666594	0.333406	5.086867
28560	-2596.175	-2805.202	209.0267	0.9286091	0.06819089	0.602593	0.397407	4.506848
28566	-2598.828	-2808.335	209.5069	1.105066	0.08379709	0.48424	0.51576	4.093976
28572	-2604.096	-2813.621	209.5248	1.144745	0.1013269	0.567266	0.432734	4.017371
28578	-2593.801	-2801.683	207.8817	0.934184	0.08633186	0.57087	0.42913	5.095744
28584	-2589.925	-2797.369	207.4442	0.9586023	0.0881777	0.556861	0.443139	5.319645
28590	-2594.35	-2802.097	207.7478	0.8671618	0.0881777	0.556861	0.443139	5.202424
28596	-2599.877	-2810.174	210.2964	1.093115	0.08990573	0.45373	0.54627	3.63159
28602	-2588.758	-2798.568	209.8102	1.060074	0.08483118	0.536982	0.463018	3.943775
28608	-2592.968	-2804.187	211.2191	1.31358	0.09258209	0.536982	0.463018	2.950206
28614	-2589.423	-2800.743	211.3193	1.517192	0.09735745	0.705831	0.294169	2.753488
28620	-2596.648	-2808.095	211.447	1.517192	0.05103882	0.729871	0.270129	2.808262
28626	-2588.268	-2797.613	209.3449	1.02378	0.1277943	0.670774	0.329226	4.128452
28632	-2579.578	-2788.789	209.2108	1.012649	0.08577166	0.61964	0.38036	4.309396
28638	-2585.651	-2794.498	208.8464	0.9019612	0.09687897	0.550266	0.449734	4.549679
28644	-2572.194	-2779.097	206.9032	0.9430774	0.0859749	0.574442	0.425558	5.631319
28650	-2592.564	-2801.782	209.2184	1.180848	0.05824452	0.627749	0.372251	4.28388
28656	-2578.705	-2788.287	209.5829	1.148472	0.05589989	0.62068	0.37932	4.101957
28662	-2577.648	-2787.114	209.4663	1.193142	0.1040804	0.616413	0.383587	4.016578
28668	-2587.764	-2797.703	209.9389	1.333947	0.108208	0.508477	0.491523	3.654032
28674	-2594.928	-2805.408	210.4794	1.333947	0.09976104	0.519701	0.480299	3.359364
28680	-2599.078	-2808.926	209.8476	1.171421	0.09136811	0.531848	0.468152	3.841736
28686	-2604.35	-2814.007	209.6571	1.171421	0.08075335	0.534291	0.465709	3.978344
28692	-2591.401	-2800.85	209.4489	1.04488	0.1213209	0.534291	0.465709	4.071434
28698	-2584.691	-2794.748	210.057	1.136752	0.08820037	0.586541	0.413459	3.749172
28704	-2581.37	-2790.231	208.8607	1.190696	0.06731176	0.659162	0.340838	4.455205
28710	-2583.159	-2793.479	210.3198	1.051985	0.1171111	0.621657	0.378343	3.575778
28716	-2595.992	-2805.652	209.6594	1.051985	0.1321276	0.587145	0.412855	3.923504
28722	-2601.521	-2811.74	210.219	1.104129	0.1155781	0.671044	0.328956	3.607543
28728	-2599.688	-2808.716	209.0278	1.172745	0.09243286	0.66739	0.33261	4.305638
28734	-2602.247	-2812.198	209.9509	1.020861	0.08522591	0.488235	0.511765	3.88457
28740	-2609.844	-2819.665	209.8214	1.564917	0.04591291	0.622139	0.377861	3.755363
28746	-2596.995	-2804.605	207.6102	0.9344176	0.06194578	0.536926	0.463074	5.309373
28752	-2596.558	-2804.081	207.5229	0.9885065	0.0687633	0.516638	0.483362	5.309373
28758	-2590.678	-2799.587	208.9083	1.170335	0.0581171	0.597596	0.402404	4.465244
28764	-2587.586	-2794.686	207.1	0.960739	0.08614768	0.49534	0.50466	5.513104
28770	-2582.718	-2790.993	208.2745	1.09507	0.07582919	0.582534	0.417466	4.814616
28776	-2590.801	-2797.596	206.795	0.9932522	0.05593388	0.591425	0.408575	5.741543
28782	-2581.872	-2791.291	209.419	1.08221	0.08906966	0.609125	0.390875	4.143535
28788	-2574.609	-2782.789	208.1792	1.197579	0.08906966	0.598245	0.401755	4.776889
28794	-2591.428	-2799.748	208.3202	1.208475	0.05693344	0.68294	0.31706	4.776889
28800	-2589.459	-2799.787	210.3276	1.176885	0.1294803	0.644133	0.355867	3.470594
28806	-2587.112	-2797.442	210.33	1.255257	0.06744946	0.614571	0.385429	3.578356
28812	-2588.506	-2798.388	209.8821	0.9959951	0.09293049	0.614571	0.385429	3.918691
28818	-2581.061	-2790.983	209.9216	1.010868	0.08456915	0.610856	0.389144	3.908849
28824	-2591.592	-2800.283	208.6911	1.003249	0.09025823	0.666061	0.333939	4.596164
28830	-2584.949	-2795.387	210.4376	1.198605	0.147109	0.504965	0.495035	3.355675
28836	-2594.83	-2804.977	210.1473	1.198605	0.06631299	0.546646	0.453354	3.720199
28842	-2583.823	-2793.419	209.5955	1.221632	0.1261803	0.544426	0.455574	3.875712
28848	-2583.22	-2792.829	209.6087	1.110007	0.1353198	0.544426	0.455574	3.912488
28854	-2574.639	-2784.54	209.9015	1.218272	0.09982031	0.527722	0.472278	3.762712
28860	-2578.792	-2788.165	209.3726	0.997651	0.1036457	0.510173	0.489827	4.182265
28866	-2586.972	-2796.075	209.103	1.107412	0.111982	0.470478	0.529522	4.25349
28872	-2584.37	-2795.437	211.0676	1.399861	0.08671322	0.677214	0.322786	3.005012
28878	-2594.175	-2804.459	210.2841	1.318613	0.07877788	0.677214	0.322786	3.536979
28884	-2583.969	-2794.364	210.395	1.273705	0.07172834	0.619874	0.380126	3.517802
28890	-2597.972	-2805.517	207.5452	0.9479598	0.08822172	0.643695	0.356305	5.269666
28896	-2592.083	-2799.599	207.5162	0.9479598	0.09480612	0.620865	0.379135	5.269666
28902	-2592.352	-2802.779	210.4269	1.148646	0.0801349	0.559088	0.440912	3.549153
28908	-2592.994	-2802.565	209.5716	0.9765767	0.1132473	0.659928	0.340072	4.05863
28914	-2590.488	-2800.206	209.7174	1.023228	0.06951369	0.577212	0.422788	4.05863
28920	-2583.774	-2792.624	208.8505	1.188134	0.07427483	0.669992	0.330008	4.44366
28926	-2591.142	-2798.904	207.7621	1.120407	0.05821794	0.50627	0.49373	5.132708
28932	-2602.205	-2810.643	208.4375	1.085974	0.06182506	0.520179	0.479821	4.766244
28938	-2604.441	-2812.933	208.4921	0.9996264	0.06834513	0.714491	0.285509	4.766244
28944	-2599.722	-2808.869	209.1463	1.063052	0.08787849	0.527605	0.472395	4.312041
28950	-2591.165	-2800.27	209.105	1.160847	0.07554091	0.523492	0.476508	4.312041
28956	-2596.334	-2805.436	209.1018	1.109154	0.08753156	0.620707	0.379293	4.312041
28962	-2589.116	-2799.093	209.9767	1.195802	0.08838097	0.72954	0.27046	3.761018
28968	-2598.706	-2808.454	209.7482	1.135027	0.09071937	0.643979	0.356021	3.921298
28974	-2596.076	-2807.285	211.2081	1.202059	0.07982407	0.612089	0.387911	3.058084
28980	-2589.489	-2800.63	211.1408	1.33307	0.08831198	0.52221	0.47779	2.996883
28986	-2585.854	-2797.15	211.2965	1.434012	0.05696862	0.545767	0.454233	2.931782
28992	-2568.153	-2778.713	210.56	1.31674	0.08078341	0.581503	0.418497	3.371376
28998	-2570.653	-2780.511	209.8581	1.327235	0.07132297	0.602323	0.397677	3.798907
29004	-2573.692	-2783.316	209.6242	1.278186	0.07026134	0.681472	0.318528	3.964213
29010	-2592.806	-2802.572	209.7661	1.529676	0.07089381	0.610516	0.389484	3.736402
29016	-2588.239	-2798.619	210.3802	1.405785	0.05932214	0.526165	0.473835	3.484568
29022	-2586.641	-2794.73	208.0883	1.070452	0.09262899	0.660325	0.339675	4.889726
29028	-2592.833	-2801.481	208.6482	1.24529	0.07887824	0.529634	0.470366	4.513256
29034	-2577.351	-2786.369	209.0174	1.111273	0.1010669	0.529634	0.470366	4.325319
29040	-2590.382	-2799.861	209.4793	0.9967656	0.1145779	0.552332	0.447668	4.096679
29046	-2596.582	-2808.498	211.9164	1.582775	0.08875003	0.485516	0.514484	2.36482
29052	-2588.544	-2800.509	211.9653	1.691565	0.06907759	0.563498	0.436502	2.322481
29058	-2597.901	-2810.188	212.2867	1.622105	0.07586436	0.481919	0.518081	2.139336
29064	-2591.582	-2803.058	211.4756	1.597659	0.0570993	0.629807	0.370193	2.72317
29070	-2590.693	-2798.957	208.2646	1.019055	0.09698685	0.635094	0.364906	4.809579
29076	-2589.696	-2796.383	206.6871	0.9897383	0.07987394	0.567141	0.432859	5.739454
29082	-2580.686	-2790.414	209.7278	1.164395	0.09513822	0.538909	0.461091	3.905137
29088	-2574.154	-2783.908	209.7537	1.167381	0.07207499	0.577323	0.422677	3.948558
29094	-2575.834	-2785.911	210.0774	1.313141	0.07306495	0.566443	0.433557	3.675685
29100	-2589.97	-2800.024	210.0548	1.434338	0.05290502	0.562179	0.437821	3.675685
29106	-2578.177	-2788.087	209.9097	1.244586	0.09284435	0.562179	0.437821	3.760143
29112	-2586.847	-2797.212	210.365	1.141142	0.1128749	0.449022	0.550978	3.507425
29118	-2579.901	-2789.828	209.9277	1.089107	0.09462266	0.689081	0.310919	3.834824
29124	-2596.488	-2805.513	209.0252	1.126017	0.1131001	0.501607	0.498393	4.284474
29130	-2590.02	-2798.799	208.779	0.9760345	0.115853	0.593965	0.406035	4.50178
29136	-2575.922	-2784.644	208.7218	1.081524	0.05874016	0.619528	0.380472	4.618174
29142	-2588.961	-2798.438	209.4771	1.261196	0.06094423	0.716824	0.283176	4.083731
29148	-2587.808	-2795.99	208.1813	1.385929	0.05578429	0.627976	0.372024	4.758543
29154	-2585.492	-2795.363	209.8712	1.385929	0.05578429	0.532248	0.467752	3.801315
29160	-2584.435	-2794.127	209.6917	1.385929	0.09404783	0.542946	0.457054	3.801315
29166	-2590.38	-2799.901	209.5209	1.080946	0.07550211	0.542946	0.457054	4.12151
29172	-2588.78	-2796.917	208.1368	0.9714143	0.118337	0.577388	0.422612	4.858387
29178	-2591.787	-2799.75	207.9631	1.070662	0.07576787	0.550287	0.449713	5.001738
29184	-2582.16	-2791.786	209.6258	1.188306	0.1102386	0.580237	0.419763	3.913536
29190	-2574.248	-2784.227	209.9789	1.188306	0.09938412	0.537991	0.462009	3.736441
29196	-2580.005	-2790.225	210.2207	1.500788	0.06444153	0.619397	0.380603	3.507543
29202	-2587.464	-2797.741	210.2769	1.483512	0.05655713	0.619397	0.380603	3.507543
29208	-2583.801	-2794.738	210.9369	1.423784	0.06300026	0.687227	0.312773	3.13536
29214	-2589.143	-2800.917	211.7735	1.599683	0.09392002	0.504419	0.495581	2.430061
29220	-2572.203	-2783.035	210.8324	1.607987	0.07314624	0.553091	0.446909	3.058681
29226	-2585.939	-2797.104	211.165	1.607987	0.07543904	0.629499	0.370501	2.852016
29232	-2568.191	-2778.485	210.2945	1.598337	0.0539829	0.600715	0.399285	3.437697
29238	-2577.598	-2787.906	210.3072	1.212052	0.07330688	0.650835	0.349165	3.600428
29244	-2580.268	-2789.318	209.0504	1.23273	0.07927643	0.478405	0.521595	4.292381
29250	-2573.203	-2782.359	209.1567	1.081926	0.08780376	0.473036	0.526964	4.295697
29256	-2571.866	-2781.348	209.4824	1.20768	0.08279884	0.618641	0.381359	4.052065
29262	-2579.378	-2787.63	208.2521	1.181214	0.1032812	0.47416	0.52584	4.711021
29268	-2581.15	-2790.069	208.9189	1.037295	0.1164894	0.41149	0.58851	4.387057
29274	-2580.019	-2788.849	208.8307	1.016479	0.06844822	0.525065	0.474935	4.566936
29280	-2574.959	-2783.977	209.0179	0.9887464	0.09473922	0.619134	0.380866	4.409503
29286	-2574.569	-2783.349	208.7803	1.06794	0.09473922	0.532594	0.467406	4.498689
29292	-2584.952	-2794.643	209.6908	1.319879	0.06181912	0.582896	0.417104	3.925641
29298	-2581.837	-2792.45	210.6129	1.330367	0.1003589	0.729318	0.270682	3.281376
29304	-2574.228	-2781.138	206.9091	0.9899966	0.09158218	0.493402	0.506598	5.58864
29310	-2570.01	-2777.468	207.4579	1.123622	0.09575226	0.603054	0.396946	5.202544
29316	-2563.16	-2771.542	208.3823	1.080317	0.09575226	0.622561	0.377439	4.71257
29322	-2566.108	-2774.834	208.7262	1.253159	0.08739131	0.56721	0.43279	4.443111
29328	-2573.675	-2782.911	209.2358	1.238626	0.08838174	0.619043	0.380957	4.160506
29334	-2573.521	-2782.931	209.4101	1.238626	0.09136511	0.611591	0.388409	4.053763
29340	-2579.08	-2789.211	210.1309	1.302112	0.07285186	0.458692	0.541308	3.651658
29346	-2578.867	-2788.353	209.486	1.223574	0.06798362	0.572184	0.427816	4.080565
29352	-2577.587	-2785.339	207.7521	0.9287126	0.08601561	0.718004	0.281996	5.171326
29358	-2571.527	-2779.729	208.2013	1.154329	0.07540166	0.531236	0.468764	4.823513
29364	-2570.046	-2779.597	209.5509	1.120655	0.07540166	0.54327	0.45673	4.082108
29370	-2585.326	-2794.279	208.9534	1.044955	0.1164336	0.431742	0.568258	4.363347
29376	-2584.371	-2791.743	207.3719	1.20969	0.06624383	0.687295	0.312705	5.277367
29382	-2569.291	-2778.75	209.4588	1.280036	0.07868805	0.613026	0.386974	4.034983
29388	-2586.371	-2796.199	209.8278	1.371218	0.08839952	0.648933	0.351067	3.745624
29394	-2576.48	-2785.866	209.3853	1.223202	0.1223723	0.548691	0.451309	4.003625
29400	-2576.179	-2786.209	210.0305	1.223202	0.07383609	0.517726	0.482274	3.752656
29406	-2575.925	-2786.748	210.8237	1.227223	0.1166959	0.458001	0.541999	3.178043
29412	-2585.996	-2795.72	209.7241	1.055459	0.0949707	0.598187	0.401813	3.970056
29418	-2583.011	-2791.268	208.2568	1.055459	0.113666	0.525465	0.474535	4.754874
29424	-2582.205	-2790.61	208.405	1.055459	0.07929534	0.525465	0.474535	4.754874
29430	-2576.536	-2784.85	208.3142	1.004345	0.1121235	0.653077	0.346923	4.754874
29436	-2583.192	-2792.221	209.0296	1.071097	0.09757801	0.460503	0.539497	4.349478
29442	-2577.878	-2786.461	208.5834	0.9729298	0.07165961	0.574776	0.425224	4.721296
29448	-2580.456	-2789.032	208.5759	1.057418	0.06567945	0.555509	0.444491	4.694336
29454	-2593.889	-2803.996	210.1069	1.372593	0.1287803	0.756769	0.243231	3.486733
29460	-2601.014	-2811.283	210.269	1.168749	0.1287803	0.446491	0.553509	3.51104
29466	-2583.045	-2792.254	209.2095	1.087774	0.07612134	0.580787	0.419213	4.292734
29472	-2584.623	-2794.976	210.3529	1.250071	0.07943833	0.543674	0.456326	3.535062
29478	-2577.221	-2787.016	209.7952	1.190248	0.08396954	0.604763	0.395237	3.880032
29484	-2589.901	-2799.424	209.5221	1.334206	0.09747278	0.613501	0.386499	3.919922
29490	-2588.777	-2798.519	209.7421	1.183711	0.08177106	0.557243	0.442757	3.919922
29496	-2577.916	-2787.697	209.782	1.153951	0.07845382	0.52413	0.47587	3.92291
29502	-2584.591	-2794.548	209.9568	1.208838	0.1007268	0.564818	0.435182	3.734047
29508	-2588.986	-2798.563	209.5769	1.246301	0.1007268	0.518415	0.481585	3.930967
29514	-2576.454	-2787.266	210.8123	1.245281	0.1015149	0.542661	0.457339	3.210917
29520	-2579.613	-2790.399	210.7863	1.359687	0.11248	0.551298	0.448702	3.131591
29526	-2586.091	-2797.291	211.2002	1.40859	0.09548931	0.609992	0.390008	2.896684
29532	-2584.31	-2794.769	210.4587	1.40859	0.09299439	0.58741	0.41259	3.344776
29538	-2583.148	-2793.916	210.7686	1.40859	0.09391888	0.503195	0.496805	3.159317
29544	-2593.578	-2804.362	210.7841	1.40859	0.0903799	0.647203	0.352797	3.159317
29550	-2584.738	-2791.975	207.2364	1.035178	0.08288473	0.536525	0.463475	5.405181
29556	-2577.852	-2786.467	208.6146	1.096022	0.09766453	0.525346	0.474654	4.568975
29562	-2581.634	-2790.14	208.5059	1.026959	0.05997551	0.674629	0.325371	4.766105
29568	-2586.525	-2796.939	210.4134	1.227708	0.07632284	0.570849	0.429151	3.521244
29574	-2585.401	-2795.854	210.4526	1.395398	0.07351067	0.627674	0.372326	3.408118
29580	-2578.75	-2790.208	211.4577	1.389042	0.110663	0.667664	0.332336	2.713174
29586	-2588.309	-2797.64	209.3306	1.203402	0.09656318	0.484642	0.515358	4.106232
29592	-2589.869	-2799.325	209.4563	1.234474	0.08037142	0.5877	0.4123	4.057967
29598	-2576.814	-2787.543	210.7291	1.451246	0.08037142	0.563996	0.436004	3.193419
29604	-2582.31	-2793.162	210.852	1.451246	0.083094	0.627463	0.372537	3.112946
29610	-2598.804	-2806.121	207.3168	0.9239734	0.1101033	0.520317	0.479683	5.357527
29616	-2593.459	-2801.058	207.599	0.7656066	0.08142988	0.461446	0.538554	5.357527
29622	-2595.981	-2806.234	210.2529	0.9845854	0.1459111	0.640347	0.359653	3.591051
29628	-2603.872	-2814.373	210.5015	0.9827541	0.1347952	0.602206	0.397794	3.470769
29634	-2582.488	-2792.905	210.4171	1.183241	0.1051843	0.602206	0.397794	3.470769
29640	-2589.204	-2799.664	210.4603	1.097543	0.1051843	0.603687	0.396313	3.495606
29646	-2583.528	-2793.146	209.6184	1.191843	0.1051843	0.607129	0.392871	3.927685
29652	-2579.039	-2789.129	210.0904	1.234026	0.1071434	0.554586	0.445414	3.626664
29658	-2588.419	-2798.194	209.775	1.321684	0.1009333	0.601497	0.398503	3.773312
29664	-2579.392	-2788.938	209.546	1.321684	0.06751225	0.697781	0.302219	3.991595
29670	-2584.381	-2793.827	209.4455	1.00398	0.04713217	0.553003	0.446997	4.286905
29676	-2581.896	-2791.158	209.2621	1.185362	0.04755162	0.607368	0.392632	4.286905
29682	-2572.897	-2782.767	209.8699	1.2346	0.05382426	0.578315	0.421685	3.894626
29688	-2585.552	-2795.732	210.1802	1.236453	0.08884131	0.612937	0.387063	3.61859
29694	-2574.262	-2783.141	208.8792	1.236453	0.05583197	0.612937	0.387063	4.450767
29700	-2575.763	-2786.38	210.6175	1.130923	0.1252096	0.629207	0.370793	3.337146
29706	-2580.639	-2789.894	209.2546	1.094067	0.1220586	0.631638	0.368362	4.152357
29712	-2592.974	-2802.82	209.8456	1.19281	0.07577831	0.56792	0.43208	3.871281
29718	-2589.807	-2799.039	209.2316	0.9936524	0.09845711	0.520938	0.479062	4.276938
29724	-2583.947	-2794.42	210.4726	1.323736	0.1241488	0.53707	0.46293	3.311349
29730	-2573.468	-2783.813	210.3448	1.252433	0.1061131	0.614051	0.385949	3.470333
29736	-2576.971	-2787.12	210.149	1.196084	0.06941978	0.614051	0.385949	3.712027
29742	-2578.812	-2789.382	210.5704	1.306045	0.07102	0.746755	0.253245	3.398356
29748	-2573.349	-2783.823	210.4735	1.42343	0.07102	0.701353	0.298647	3.386341
29754	-2579.214	-2789.33	210.1168	1.377598	0.08330479	0.629448	0.370552	3.587875
29760	-2592.72	-2801.501	208.7819	1.138804	0.09436364	0.541667	0.458333	4.458816
29766	-2570.875	-2778.835	207.9602	1.121434	0.09165408	0.475245	0.524755	4.935032
29772	-2570.678	-2780.223	209.545	1.230911	0.08418917	0.619428	0.380572	3.999431
29778	-2582.863	-2790.618	207.7544	1.075376	0.0854091	0.538797	0.461203	5.090319
29784	-2578.748	-2786.651	207.9032	1.116438	0.09476138	0.59349	0.40651	4.961957
29790	-2575.391	-2784.219	208.8276	1.027657	0.09620345	0.62625	0.37375	4.491178
29796	-2575.808	-2785.569	209.7608	1.157926	0.09965997	0.586649	0.413351	3.878759
29802	-2577.2	-2785.811	208.6109	1.205838	0.08113125	0.616103	0.383897	4.550558
29808	-2582.847	-2790.809	207.9625	1.26337	0.05287002	0.490829	0.509171	4.956929
29814	-2577.706	-2787.521	209.8156	1.189237	0.08574597	0.597028	0.402972	3.864289
29820	-2580.11	-2790.577	210.4664	1.189237	0.1086384	0.540723	0.459277	3.430114
29826	-2586.388	-2797.116	210.7275	1.222099	0.08555786	0.593469	0.406531	3.315744
29832	-2592	-2800.397	208.3972	1.154549	0.07169749	0.475317	0.524683	4.723759
29838	-2596.103	-2804.682	208.5795	1.08896	0.0449209	0.543778	0.456222	4.732426
29844	-2611.565	-2820.408	208.8427	1.17714	0.08068154	0.556492	0.443508	4.43742
29850	-2586.794	-2796.784	209.9904	1.116186	0.1035925	0.625635	0.374365	3.761141
29856	-2593.368	-2800.354	206.9861	1.10131	0.08205048	0.625635	0.374365	5.508638
29862	-2586.917	-2796.008	209.0907	1.10871	0.07793286	0.52859	0.47141	4.343269
29868	-2581.709	-2789.455	207.746	1.120189	0.06788774	0.565961	0.434039	5.115516
29874	-2586.665	-2794.94	208.275	1.000755	0.1156376	0.569005	0.430995	4.770894
29880	-2585.916	-2794.931	209.0142	1.249118	0.05746498	0.509752	0.490248	4.362941
29886	-2583.574	-2791.598	208.0242	1.160107	0.06705625	0.599248	0.400752	4.941076
29892	-2583.453	-2792.032	208.5789	1.265787	0.09229392	0.55245	0.44755	4.506691
29898	-2587.385	-2798.065	210.6791	1.467192	0.08238031	0.55245	0.44755	3.208099
29904	-2587.901	-2798.697	210.7953	1.300779	0.1345559	0.55245	0.44755	3.110511
29910	-2582.281	-2792.961	210.6795	1.360446	0.1345559	0.509876	0.490124	3.143921
29916	-2584.511	-2793.631	209.1204	1.43401	0.071618	0.676897	0.323103	4.158919
29922	-2583.297	-2792.114	208.8165	1.347301	0.08294516	0.632251	0.367749	4.350365
29928	-2588.278	-2798.855	210.5771	1.326501	0.07468844	0.592589	0.407411	3.372248
29934	-2587.646	-2796.511	208.8648	1.326501	0.1014964	0.592589	0.407411	4.288838
29940	-2584.15	-2795.058	210.9082	1.199934	0.09269116	0.436182	0.563818	3.203442
29946	-2582.361	-2790.822	208.4614	1.03421	0.1178231	0.543151	0.456849	4.643027
29952	-2578.863	-2787.763	208.8991	1.159265	0.08685844	0.646878	0.353122	4.399899
29958	-2586.077	-2794.236	208.1584	1.071632	0.1632333	0.509999	0.490001	4.699343
29964	-2576.58	-2786.137	209.5571	1.233132	0.08346711	0.507389	0.492611	3.9931
29970	-2577.762	-2786.902	209.1401	1.482405	0.0587218	0.507389	0.492611	4.155895
29976	-2593.162	-2805.191	212.0289	1.36596	0.08897316	0.414613	0.585387	2.430134
29982	-2577.601	-2785.621	208.0196	1.057225	0.09668691	0.598668	0.401332	4.925545
29988	-2584.357	-2791.129	206.7718	0.9968732	0.06283918	0.459732	0.540268	5.733574
29994	-2578.658	-2787.638	208.9796	1.222939	0.06255403	0.64306	0.35694	4.383022
30000	-2573.087	-2782.419	209.3316	1.13364	0.07113819	0.627916	0.372084	4.210895
30006	-2579.882	-2789.343	209.4611	1.124964	0.04664339	0.514506	0.485494	4.210895
30012	-2576.432	-2783.52	207.0878	1.044982	0.07973115	0.583463	0.416537	5.489512
30018	-2568.622	-2776.505	207.8829	1.097424	0.08992464	0.683303	0.316697	4.995578
30024	-2569.365	-2779.205	209.8404	1.134621	0.08102127	0.683303	0.316697	3.893711
30030	-2571.719	-2779.963	208.2434	1.134621	0.08427515	0.683303	0.316697	4.78818
30036	-2573.743	-2780.961	207.2175	1.20684	0.08427515	0.65047	0.34953	5.317458
30042	-2572.494	-2780.751	208.2566	1.146747	0.05732777	0.605406	0.394594	4.845712
30048	-2583.473	-2792.261	208.7873	1.146747	0.1042081	0.586291	0.413709	4.427703
30054	-2589.946	-2799.913	209.967	1.232747	0.106927	0.576401	0.423599	3.69939
30060	-2591.725	-2800.276	208.551	1.232747	0.09015423	0.527471	0.472529	4.54623
30066	-2592.653	-2802.846	210.1931	1.266442	0.08219194	0.589104	0.410896	3.611079
30072	-2593.669	-2803.937	210.2678	1.266442	0.06633372	0.615821	0.384179	3.611079
30078	-2589.047	-2798.58	209.5331	1.359279	0.07166643	0.615821	0.384179	3.966116
30084	-2595.967	-2805.735	209.7678	1.235797	0.0697678	0.615821	0.384179	3.907579
30090	-2597.488	-2808.137	210.6486	1.248322	0.08785468	0.509965	0.490035	3.340714
30096	-2599.618	-2810.751	211.1333	1.337013	0.09608573	0.4747	0.5253	2.978604
30102	-2579.242	-2790.508	211.266	1.514581	0.08152532	0.564018	0.435982	2.830274
30108	-2601.035	-2812.588	211.5533	1.514581	0.08504224	0.564018	0.435982	2.64474
30114	-2596.176	-2807.428	211.2524	1.42465	0.1040913	0.547974	0.452026	2.833235
30120	-2583.877	-2792.761	208.8847	1.164547	0.06386346	0.635258	0.364742	4.465856
30126	-2572.118	-2782.341	210.2233	1.222057	0.05025949	0.615303	0.384697	3.708726
30132	-2584.92	-2795.382	210.4627	1.551782	0.08322768	0.390367	0.609633	3.283772
30138	-2574.079	-2783.564	209.485	1.160493	0.1010995	0.613914	0.386086	4.03169
30144	-2578.17	-2787.03	208.8602	1.015784	0.09893509	0.613914	0.386086	4.472922
30150	-2592.043	-2801.739	209.6956	1.212141	0.08563557	0.491269	0.508731	3.920227
30156	-2580.543	-2790.382	209.8392	1.272054	0.06656955	0.617141	0.382859	3.854623
30162	-2582.292	-2792.301	210.0095	1.259958	0.08528449	0.613837	0.386163	3.713025
30168	-2577.419	-2787.289	209.8697	1.205125	0.09058284	0.700537	0.299463	3.811614
30174	-2578.108	-2787.96	209.8525	1.194001	0.07817058	0.580038	0.419962	3.860228
30180	-2572.112	-2780.788	208.6762	1.194001	0.07519573	0.532362	0.467638	4.535992
30186	-2571.498	-2782.055	210.5564	1.235307	0.06819665	0.45952	0.54048	3.455895
30192	-2580.1	-2790.73	210.6304	1.447285	0.07572944	0.576399	0.423601	3.266864
30198	-2590.437	-2799.765	209.3283	1.324395	0.06137348	0.623278	0.376722	4.131257
30204	-2578.799	-2788.113	209.3147	1.303677	0.06841863	0.642478	0.357522	4.131257
30210	-2600.746	-2811.746	210.9996	1.505202	0.08375839	0.76464	0.23536	2.990641
30216	-2598.766	-2809.247	210.4811	1.405471	0.04857318	0.702706	0.297294	3.457194
30222	-2591.803	-2800.262	208.4582	1.276243	0.08057855	0.709976	0.290024	4.598142
30228	-2598.535	-2807.081	208.5455	1.041369	0.1150124	0.5025	0.4975	4.598142
30234	-2588.757	-2798.063	209.3059	1.12358	0.08570509	0.5025	0.4975	4.192838
30240	-2589.012	-2797.67	208.6584	1.12358	0.1065334	0.549608	0.450392	4.507909
30246	-2587.415	-2796.763	209.3483	1.162822	0.09735942	0.537265	0.462735	4.117313
30252	-2589.437	-2798.52	209.0825	1.117148	0.1121703	0.534268	0.465732	4.259178
30258	-2587.992	-2798.508	210.5154	1.269881	0.09888682	0.537978	0.462022	3.378023
30264	-2591.674	-2799.321	207.6471	1.086604	0.07389001	0.641523	0.358477	5.172977
30270	-2601.591	-2811.195	209.604	1.289879	0.09683632	0.641523	0.358477	3.899918
30276	-2598.481	-2806.611	208.1296	0.9560138	0.09943145	0.578626	0.421374	4.914112
30282	-2593.862	-2802.19	208.3282	1.06372	0.08092143	0.648429	0.351571	4.78895
30288	-2595.32	-2802.774	207.4541	1.050924	0.07951332	0.552471	0.447529	5.284919
30294	-2600.205	-2810.527	210.3223	1.114049	0.1140298	0.806059	0.193941	3.545363
30300	-2590.578	-2799.632	209.0542	1.088594	0.1312284	0.687712	0.312288	4.249357
30306	-2584.767	-2794.312	209.5451	1.088594	0.07105184	0.600541	0.399459	4.115362
30312	-2575.706	-2785.243	209.5368	1.218476	0.08589936	0.459902	0.540098	4.006835
30318	-2569.871	-2779.99	210.1193	1.150502	0.07843284	0.679478	0.320522	3.730932
30324	-2580.937	-2790.47	209.533	1.150502	0.07843284	0.49552	0.50448	4.067225
30330	-2582.081	-2790.153	208.0723	1.0507	0.08596374	0.549866	0.450134	4.926093
30336	-2588.698	-2797.978	209.28	1.288245	0.08233095	0.707922	0.292078	4.122659
30342	-2583.814	-2794.537	210.7224	1.284722	0.1296436	0.589564	0.410436	3.174334
30348	-2577.54	-2787.495	209.9543	1.150438	0.1155409	0.589564	0.410436	3.734098
30354	-2580.772	-2788.234	207.4629	1.044296	0.09558752	0.684625	0.315375	5.244037
30360	-2586.395	-2795.462	209.0671	1.104298	0.07462799	0.637082	0.362918	4.367837
30366	-2584.342	-2792.631	208.2898	0.98921	0.08559822	0.696964	0.303036	4.840107
30372	-2584.193	-2795.355	211.1624	1.208678	0.1221733	0.577678	0.422322	2.974093
30378	-2592.337	-2802.839	210.5027	1.203173	0.09022304	0.65658	0.34342	3.446545
30384	-2583.557	-2794.001	210.4436	1.193398	0.1038892	0.539837	0.460163	3.452501
30390	-2583.998	-2794.803	210.805	1.183087	0.1126237	0.5699	0.4301	3.224931
30396	-2582.961	-2793.691	210.7292	1.493634	0.07933149	0.581375	0.418625	3.17102
30402	-2592.343	-2802.5	210.1564	1.184927	0.1182005	0.604483	0.395517	3.590997
30408	-2586.82	-2796.51	209.6902	1.224988	0.08312422	0.504188	0.495812	3.922514
30414	-2581.151	-2789.786	208.6351	1.024726	0.1163076	0.596008	0.403992	4.554271
30420	-2590.47	-2798.122	207.6525	1.079787	0.06595704	0.568137	0.431863	5.194801
30426	-2585.404	-2792.565	207.1615	1.110159	0.08361763	0.545738	0.454262	5.403288
30432	-2587.486	-2795.372	207.8856	1.009669	0.07652311	0.622904	0.377096	5.076648
30438	-2578.538	-2786.155	207.6168	0.8942333	0.06699023	0.617917	0.382083	5.314322
30444	-2580.681	-2789.012	208.3313	1.18017	0.06699023	0.457636	0.542364	4.758916
30450	-2570.178	-2778.424	208.2456	1.089017	0.07211364	0.680076	0.319924	4.84386
30456	-2583.183	-2791.684	208.5012	1.092136	0.0890074	0.525673	0.474327	4.655885
30462	-2574.784	-2784.472	209.6885	1.247622	0.08783077	0.599662	0.400338	3.898321
30468	-2578.008	-2787.268	209.26	1.24312	0.1047672	0.568501	0.431499	4.104031
30474	-2583.898	-2792.112	208.214	0.957983	0.07926184	0.667205	0.332795	4.915839
30480	-2587.164	-2795.112	207.948	1.256313	0.07235653	0.584648	0.415352	4.915839
30486	-2587.284	-2797.336	210.0521	1.182582	0.07916669	0.656861	0.343139	3.74925
30492	-2571.107	-2779.631	208.5247	1.224898	0.09506455	0.611876	0.388124	4.553361
30498	-2589.553	-2798.736	209.1834	1.01679	0.1010252	0.648059	0.351941	4.284929
30504	-2581.903	-2790.645	208.7416	1.26729	0.07479731	0.440452	0.559548	4.458988
30510	-2589.281	-2799.235	209.9537	1.199602	0.09082449	0.709343	0.290657	3.76581
30516	-2565.864	-2774.737	208.8723	1.199602	0.08673563	0.665535	0.334465	4.392571
30522	-2568.857	-2776.952	208.0957	0.998246	0.06897543	0.425214	0.574786	4.986205
30528	-2569.285	-2779.101	209.8159	1.132009	0.1352903	0.623947	0.376053	3.78085
30534	-2569.521	-2778.536	209.0152	1.076315	0.08181261	0.584126	0.415874	4.394108
30540	-2570.139	-2779.425	209.2856	1.190541	0.1003292	0.545478	0.454522	4.130027
30546	-2581.924	-2791.442	209.5178	1.25049	0.09239788	0.425511	0.574489	3.982881
30552	-2573.696	-2781.764	208.0679	1.223212	0.08622311	0.69754	0.30246	4.831798
30558	-2563.677	-2773.246	209.5687	1.324457	0.1104649	0.53704	0.46296	3.867658
30564	-2586.804	-2797.217	210.4133	1.137472	0.09148223	0.556648	0.443352	3.533869
30570	-2581.959	-2791.123	209.1635	1.327808	0.06824972	0.556648	0.443352	4.203954
30576	-2582.072	-2792.96	210.8884	1.327808	0.1016674	0.532309	0.467691	3.116376
30582	-2574.483	-2785.308	210.8251	1.446409	0.08888461	0.495164	0.504836	3.116376
30588	-2588.835	-2799.851	211.0152	1.296858	0.0594605	0.73882	0.26118	3.174635
30594	-2579.585	-2788.907	209.3221	1.320879	0.06360395	0.630807	0.369193	4.130593
30600	-2582.342	-2791.334	208.9921	1.018959	0.06530624	0.479869	0.520131	4.483362
30606	-2579.193	-2789.577	210.3835	1.345933	0.073946	0.56514	0.43486	3.476265
30612	-2579.387	-2788.816	209.4283	1.143508	0.1045289	0.583134	0.416866	4.065485
30618	-2577.506	-2788.841	211.3352	1.196407	0.08435497	0.583134	0.416866	2.972916
30624	-2566.943	-2777.897	210.9542	1.168061	0.1379307	0.59708	0.40292	3.087485
30630	-2572.907	-2783.625	210.7181	1.168061	0.1310822	0.569478	0.430522	3.242783
30636	-2581.357	-2790.914	209.5574	1.168061	0.07117166	0.632476	0.367524	4.062785
30642	-2582.319	-2791.65	209.3305	1.157213	0.08968463	0.624372	0.375628	4.149645
30648	-2573.329	-2782.987	209.658	1.21884	0.08523165	0.574976	0.425024	3.939011
30654	-2582.569	-2791.161	208.5928	1.123777	0.07114516	0.573126	0.426874	4.632927
30660	-2580.478	-2787.913	207.4345	1.223797	0.05936365	0.680578	0.319422	5.253603
30666	-2582.932	-2792.41	209.478	1.282877	0.05693323	0.680642	0.319358	4.082202
30672	-2565.93	-2776.886	210.9564	1.196857	0.08969064	0.710733	0.289267	3.184505
30678	-2583.209	-2793.519	210.31	1.268657	0.1285501	0.483236	0.516764	3.429249
30684	-2580.317	-2790.812	210.4943	1.250269	0.08816279	0.476637	0.523363	3.429249
30690	-2591.62	-2802.295	210.6753	1.152261	0.0759144	0.476637	0.523363	3.413427
30696	-2583.291	-2794.534	211.2437	1.316491	0.0741786	0.533824	0.466176	2.983954
30702	-2588.322	-2798.912	210.5909	1.233155	0.08639445	0.551586	0.448414	3.38736
30708	-2570.561	-2781.263	210.702	1.308453	0.08639445	0.572083	0.427917	3.277667
30714	-2583.362	-2794.607	211.2455	1.452747	0.07012825	0.572083	0.427917	2.912423
30720	-2590.838	-2800.214	209.3754	0.9914239	0.1150908	0.724964	0.275036	4.157659
30726	-2591.873	-2800.701	208.8286	1.140844	0.09104451	0.57491	0.42509	4.439562
30732	-2582.418	-2790.482	208.0639	0.9310842	0.09659967	0.671845	0.328155	4.971254
30738	-2584.937	-2792.852	207.9157	1.038314	0.0632863	0.671845	0.328155	5.079194
30744	-2586.781	-2794.28	207.4994	1.126386	0.0632863	0.588611	0.411389	5.260919
30750	-2589.503	-2798.932	209.4289	1.059313	0.1008097	0.624288	0.375712	4.121991
30756	-2592.179	-2802.175	209.9962	1.169266	0.1008097	0.602381	0.397619	3.733906
30762	-2587.42	-2794.558	207.1381	1.06391	0.1008056	0.513898	0.486102	5.400165
30768	-2592.798	-2800.469	207.6714	1.039132	0.159587	0.654518	0.345482	4.995863
30774	-2590.526	-2798.712	208.1861	1.048944	0.07687265	0.685222	0.314778	4.88688
30780	-2594.243	-2803.858	209.6154	1.048944	0.06727542	0.51233	0.48767	4.108255
30786	-2595.261	-2806.113	210.8522	1.048944	0.06343805	0.601023	0.398977	3.405379
30792	-2583.637	-2794.038	210.4005	1.421627	0.08004036	0.644696	0.355304	3.405379
30798	-2589.674	-2800.652	210.978	1.240129	0.09494321	0.64495	0.35505	3.132308
30804	-2597.274	-2806.619	209.3442	1.074495	0.1380114	0.592055	0.407945	4.078309
30810	-2591.32	-2801.013	209.6933	1.308888	0.08273432	0.639088	0.360912	3.873631
30816	-2603.35	-2813.457	210.1077	1.328504	0.07543167	0.670558	0.329442	3.642789
30822	-2606.624	-2816.044	209.4197	1.115579	0.06978009	0.479832	0.520168	4.174818
30828	-2588.245	-2797.997	209.7523	1.06736	0.0962519	0.608379	0.391621	3.943906
30834	-2588.081	-2798.466	210.3848	1.251256	0.08511208	0.695439	0.304561	3.500701
30840	-2592.272	-2800.406	208.1338	0.862708	0.06423809	0.549226	0.450774	5.05303
30846	-2583.577	-2791.819	208.2427	1.004034	0.08860748	0.659168	0.340832	4.850563
30852	-2594.865	-2806.177	211.3111	1.470416	0.08106218	0.645294	0.354706	2.830979
30858	-2600.489	-2812.239	211.7499	1.221941	0.1363557	0.645294	0.354706	2.574805
30864	-2600.851	-2811.934	211.083	1.339304	0.1616836	0.610891	0.389109	2.857013
30870	-2615.734	-2825.372	209.6381	1.105564	0.1079712	0.738275	0.261725	3.959174
30876	-2587.759	-2798.813	211.0544	1.427334	0.0713551	0.625947	0.374053	3.039064
30882	-2585.237	-2794.681	209.4439	1.229515	0.05539012	0.730841	0.269159	4.136398
30888	-2575.414	-2784.808	209.3939	1.266887	0.05791076	0.607449	0.392551	4.136398
30894	-2576.418	-2785.839	209.4212	1.219842	0.0619087	0.607449	0.392551	4.136398
30900	-2576.585	-2785.004	208.4188	0.8891075	0.08432249	0.49506	0.50494	4.827172
30906	-2586.018	-2794.893	208.8749	1.104471	0.1202342	0.439899	0.560101	4.365616
30912	-2591.785	-2801.69	209.9045	1.071472	0.07825326	0.67175	0.32825	3.900506
30918	-2573.363	-2783.464	210.1003	1.287491	0.0614511	0.636486	0.363514	3.70973
30924	-2578.109	-2787.905	209.796	1.331869	0.1283105	0.637609	0.362391	3.692009
30930	-2574.537	-2785.394	210.8572	1.305156	0.1011653	0.623056	0.376944	3.149644
30936	-2573.089	-2784.211	211.122	1.305156	0.06370736	0.562413	0.437587	3.0937
30942	-2581.166	-2792.534	211.3679	1.378184	0.06341232	0.523467	0.476533	2.903201
30948	-2584.556	-2793.164	208.6078	1.130298	0.03938391	0.424595	0.575405	4.708729
30954	-2596.659	-2805.446	208.787	1.024347	0.0671281	0.413156	0.586844	4.590637
30960	-2599.838	-2809.524	209.6866	1.178248	0.122043	0.691393	0.308607	3.857505
30966	-2593.353	-2802.176	208.823	1.191578	0.08202927	0.664594	0.335406	4.436905
30972	-2594.387	-2804.245	209.858	1.055272	0.07994139	0.619944	0.380056	3.931954
30978	-2574.211	-2782.807	208.5965	1.097193	0.07098909	0.512574	0.487426	4.646186
30984	-2591.786	-2800.794	209.0082	1.345824	0.07018023	0.582418	0.417582	4.276494
30990	-2582.885	-2792.217	209.3315	1.086312	0.05150034	0.648668	0.351332	4.292428
30996	-2591.267	-2797.117	205.85	0.7911458	0.08466483	0.648668	0.351332	6.292326
31002	-2588.426	-2797.529	209.1026	1.208171	0.09704561	0.583787	0.416213	4.231914
31008	-2591.954	-2801.129	209.1744	1.099194	0.09164809	0.731282	0.268718	4.266227
31014	-2590.703	-2799.432	208.7294	1.099194	0.09164809	0.468993	0.531007	4.517343
31020	-2571.148	-2780.016	208.8679	1.006894	0.09040266	0.473556	0.526444	4.494454
31026	-2566.896	-2777.666	210.7704	1.282201	0.09967914	0.573021	0.426979	3.21849
31032	-2578.33	-2786.47	208.1393	0.9797318	0.08959951	0.494092	0.505908	4.919247
31038	-2587.37	-2797.239	209.8686	1.00617	0.07732092	0.629249	0.370751	3.960913
31044	-2579.73	-2790.266	210.5363	1.285968	0.08560081	0.49778	0.50222	3.390463
31050	-2585.286	-2794.72	209.4342	1.147284	0.06722938	0.530321	0.469679	4.155535
31056	-2583.48	-2792.844	209.3643	1.147284	0.08207567	0.638838	0.361162	4.155535
31062	-2589.307	-2799.848	210.5409	1.147284	0.1023153	0.638838	0.361162	3.426441
31068	-2596.554	-2807.157	210.6031	1.147284	0.0879537	0.564789	0.435211	3.426441
31074	-2572.811	-2782.511	209.6998	1.168616	0.08311208	0.448243	0.551757	3.949307
31080	-2569.587	-2779.616	210.0288	1.296494	0.1008396	0.584765	0.415235	3.641403
31086	-2581.487	-2792.122	210.6352	1.296494	0.107258	0.572401	0.427599	3.271216
31092	-2564.478	-2773.641	209.1633	1.149552	0.09968715	0.612318	0.387682	4.224338
31098	-2574.481	-2784.639	210.1579	1.147719	0.09253977	0.719782	0.280218	3.673502
31104	-2592.62	-2802.391	209.7719	1.288489	0.06154653	0.452572	0.547428	3.897947
31110	-2573.268	-2783.272	210.0043	1.288489	0.110773	0.552738	0.447262	3.636372
31116	-2571.684	-2781.24	209.5567	1.130197	0.07360576	0.551608	0.448392	4.078167
31122	-2592.768	-2801.313	208.5452	0.9773814	0.1199276	0.68606	0.31394	4.623304
31128	-2588.921	-2797.696	208.7745	0.9350758	0.08549697	0.596696	0.403304	4.599565
31134	-2579.966	-2788.316	208.3495	1.128459	0.06303003	0.596696	0.403304	4.788361
31140	-2588.003	-2796.983	208.9798	1.291755	0.07179951	0.624669	0.375331	4.31879
31146	-2575.944	-2784.485	208.5405	1.061563	0.07502816	0.624669	0.375331	4.686803
31152	-2587.731	-2796.763	209.0313	1.043106	0.07583917	0.624669	0.375331	4.419365
31158	-2573.667	-2782.474	208.8074	1.044655	0.07583917	0.640564	0.359436	4.544496
31164	-2582.709	-2792.203	209.4939	1.220692	0.08500513	0.543757	0.456243	4.03235
31170	-2578.295	-2789.047	210.7513	1.27776	0.08492297	0.665898	0.334102	3.270589
31176	-2576.474	-2784.73	208.2563	1.026387	0.06907145	0.501092	0.498908	4.880923
31182	-2564.835	-2773.738	208.9031	1.026387	0.08651336	0.476711	0.523289	4.473383
31188	-2570.214	-2779.765	209.5516	1.212651	0.09896081	0.666307	0.333693	3.968968
31194	-2594.819	-2803.861	209.0416	1.10201	0.08718221	0.533183	0.466817	4.350966
31200	-2592.684	-2803.246	210.562	1.468289	0.06320539	0.568529	0.431471	3.330222
31206	-2586.728	-2794.535	207.8071	1.251447	0.07458	0.635671	0.364329	4.991051
31212	-2574.528	-2782.128	207.5997	1.244755	0.09814017	0.658876	0.341124	5.051214
31218	-2577.701	-2788.037	210.3361	1.345845	0.103896	0.653284	0.346716	3.426221
31224	-2580.082	-2791.387	211.3048	1.595498	0.0788652	0.461168	0.538832	2.764839
31230	-2573.555	-2783.86	210.3046	1.236742	0.06929847	0.598876	0.401124	3.598639
31236	-2569.316	-2779.118	209.8019	1.263373	0.08895093	0.557379	0.442621	3.82131
31242	-2583.593	-2791.969	208.3762	1.147331	0.08272538	0.525249	0.474751	4.710805
31248	-2594.45	-2801.751	207.3012	1.007048	0.08272538	0.42449	0.57551	5.385373
31254	-2575.964	-2785.649	209.685	1.086997	0.08730483	0.562982	0.437018	3.993678
31260	-2565.714	-2776.042	210.3287	1.183599	0.07821001	0.499584	0.500416	3.591111
31266	-2585.826	-2794.604	208.7787	0.9392993	0.06379602	0.591767	0.408233	4.652023
31272	-2573.742	-2782.406	208.6641	1.028866	0.06897586	0.745098	0.254902	4.652023
31278	-2578.324	-2788.536	210.2121	1.039822	0.06897586	0.62047	0.37953	3.766992
31284	-2585.548	-2794.978	209.4307	1.039822	0.08460993	0.502542	0.497458	4.17233
31290	-2582.052	-2791.505	209.4532	1.080933	0.1260987	0.57581	0.42419	4.037897
31296	-2578.419	-2786.899	208.4798	0.9485514	0.08453228	0.489688	0.510312	4.75941
31302	-2589.341	-2796.471	207.1304	0.988237	0.09383159	0.691764	0.308236	5.462514
31308	-2586.031	-2795.438	209.4071	1.010006	0.1093955	0.485254	0.514746	4.142134
31314	-2589.527	-2798.121	208.5944	1.027854	0.08705475	0.585884	0.414116	4.644602
31320	-2574.629	-2784.513	209.8837	1.064859	0.08919268	0.628421	0.371579	3.887709
31326	-2592.492	-2801.109	208.6168	1.015414	0.1591042	0.644038	0.355962	4.48153
31332	-2589.062	-2798.239	209.1771	1.073235	0.1080641	0.619103	0.380897	4.239927
31338	-2589.028	-2798.263	209.2351	1.215058	0.1227104	0.663647	0.336353	4.093209
31344	-2578.669	-2788.226	209.5575	1.215058	0.1034063	0.678469	0.321531	3.953482
31350	-2573.086	-2782.832	209.746	1.215058	0.08989692	0.579664	0.420336	3.878748
31356	-2583.09	-2792.895	209.8052	1.138044	0.08123559	0.507491	0.492509	3.911377
31362	-2591.663	-2798.893	207.2294	1.080481	0.06282545	0.531619	0.468381	5.43639
31368	-2585.673	-2794.549	208.8758	1.267833	0.07968522	0.626754	0.373246	4.370169
31374	-2581.797	-2790.337	208.5401	1.052771	0.09618746	0.665934	0.334066	4.638571
31380	-2590.926	-2799.732	208.8065	1.027474	0.1080546	0.587404	0.412596	4.475116
31386	-2591.662	-2801.474	209.812	1.137881	0.1103151	0.546809	0.453191	3.835434
31392	-2593.133	-2802.698	209.5651	1.053509	0.08699325	0.568496	0.431504	4.081988
31398	-2570.733	-2779.619	208.8859	1.133298	0.09121026	0.568496	0.431504	4.411104
31404	-2599.819	-2808.587	208.7681	1.189074	0.08510793	0.533535	0.466465	4.461376
31410	-2583.375	-2792.376	209.0002	1.073024	0.07382159	0.560215	0.439785	4.425326
31416	-2579.904	-2788.819	208.9142	1.153736	0.07494562	0.662752	0.337248	4.425326
31422	-2583.394	-2793.794	210.4008	1.075437	0.08497722	0.542802	0.457198	3.594039
31428	-2583.882	-2793.421	209.5388	1.27773	0.06940168	0.605002	0.394998	4.015659
31434	-2586.758	-2796.802	210.0445	1.27773	0.1076073	0.491927	0.508073	3.626789
31440	-2593.157	-2803.583	210.4266	1.348492	0.1044691	0.543876	0.456124	3.370215
31446	-2588.801	-2797.999	209.1976	1.376192	0.0506228	0.677116	0.322884	4.206562
31452	-2597.063	-2806.244	209.1808	1.376192	0.05819712	0.461496	0.538504	4.194581
31458	-2594.46	-2804.741	210.2802	1.407538	0.05475119	0.666208	0.333792	3.55508
31464	-2597.526	-2808.303	210.7768	1.195488	0.09232005	0.674106	0.325894	3.284672
31470	-2585.55	-2794.64	209.0893	1.163984	0.09232005	0.72164	0.27836	4.276073
31476	-2580.925	-2789.845	208.9205	0.9704906	0.08991676	0.552969	0.447031	4.48656
31482	-2590.092	-2800.144	210.0517	1.070935	0.08179878	0.601904	0.398096	3.806819
31488	-2586.147	-2795.048	208.9006	1.057887	0.1278238	0.601904	0.398096	4.360875
31494	-2593.351	-2802.19	208.8399	1.102601	0.07450409	0.778425	0.221575	4.497143
31500	-2587.252	-2795.96	208.7072	1.413062	0.04573214	0.425721	0.574279	4.476684
31506	-2595.686	-2806.606	210.9199	1.403189	0.05033684	0.544037	0.455963	3.195106
31512	-2584.197	-2792.608	208.4108	1.219345	0.05209195	0.544037	0.455963	4.733731
31518	-2591.884	-2800.351	208.4675	1.219345	0.04073489	0.525865	0.474135	4.733731
31524	-2574.886	-2783.38	208.4942	1.124713	0.05480045	0.500401	0.499599	4.732406
31530	-2585.48	-2794.434	208.954	1.058208	0.123427	0.60847	0.39153	4.340051
31536	-2584.241	-2792.733	208.4927	1.081346	0.123427	0.503797	0.496203	4.58676
31542	-2584.078	-2791.883	207.8055	1.100125	0.08968156	0.408692	0.591308	5.037659
31548	-2587.517	-2795.515	207.9979	0.9878657	0.07223279	0.540251	0.459749	5.037659
31554	-2597.442	-2805.095	207.6523	1.003602	0.05789226	0.783986	0.216014	5.258974
31560	-2603.64	-2812.546	208.9058	1.164781	0.08022082	0.674633	0.325367	4.410026
31566	-2617.488	-2827.753	210.2648	1.2748	0.06853837	0.849791	0.150209	3.601818
31572	-2615.188	-2827.369	212.1802	1.416637	0.05200288	0.432118	0.567882	2.413825
31578	-2610.453	-2821.982	211.5293	1.263774	0.1015449	0.696174	0.303826	2.769098
31584	-2590.347	-2801.755	211.4076	1.386098	0.1038147	0.699994	0.300006	2.762937
31590	-2597.361	-2807.664	210.3036	1.564128	0.08612894	0.652415	0.347585	3.36241
31596	-2585.486	-2795.32	209.8344	1.213726	0.08520607	0.665761	0.334239	3.840781
31602	-2595.481	-2805.693	210.2127	1.213726	0.08520607	0.513927	0.486073	3.622376
31608	-2587.213	-2798.296	211.0834	1.229299	0.05666265	0.513927	0.486073	3.18249
31614	-2585.183	-2794.793	209.6106	1.116355	0.0988369	0.537042	0.462958	3.990615
31620	-2586.105	-2795.856	209.7517	1.168593	0.09827092	0.627908	0.372092	3.881286
31626	-2581.677	-2790.242	208.5651	1.011214	0.07221059	0.557258	0.442742	4.708632
31632	-2583.413	-2792.283	208.8698	1.21668	0.05576418	0.47731	0.52269	4.467387
31638	-2576.005	-2783.456	207.4506	1.065274	0.07552178	0.586637	0.413363	5.289187
31644	-2591.655	-2799.323	207.668	0.9473834	0.09063139	0.604161	0.395839	5.19616
31650	-2587.431	-2795.445	208.0136	0.8963727	0.07848853	0.599817	0.400183	5.06338
31656	-2581.97	-2789.907	207.9362	0.9135767	0.09183502	0.629478	0.370522	5.06338
31662	-2587.97	-2795.921	207.9516	0.9758981	0.07474156	0.637593	0.362407	5.06338
31668	-2596.177	-2804.895	208.7186	0.9797467	0.1151711	0.51347	0.48653	4.535202
31674	-2604.102	-2811.505	207.4031	0.9108216	0.1317494	0.51347	0.48653	5.270501
31680	-2597.467	-2805.197	207.7294	0.8806269	0.1164179	0.612653	0.387347	5.139419
31686	-2583.599	-2791.24	207.6407	0.9190614	0.09341619	0.518117	0.481883	5.220189
31692	-2572.735	-2781.317	208.5815	1.015768	0.1021973	0.568755	0.431245	4.621781
31698	-2586.182	-2794.881	208.6989	1.023519	0.1202802	0.568755	0.431245	4.51031
31704	-2591.977	-2801.218	209.2411	1.157612	0.07824298	0.618133	0.381867	4.229645
31710	-2588.423	-2795.318	206.8952	0.8930585	0.07847656	0.510029	0.489971	5.681892
31716	-2588.562	-2796.718	208.1561	0.9845589	0.07847656	0.365709	0.634291	4.935268
31722	-2573.606	-2784.083	210.4763	1.431555	0.08089572	0.656905	0.343095	3.352763
31728	-2583.258	-2794.101	210.8421	1.322512	0.1148691	0.439375	0.560625	3.114784
31734	-2586.464	-2796.215	209.7516	1.233806	0.09264097	0.439375	0.560625	3.857836
31740	-2590.572	-2800.121	209.5488	1.19813	0.1540892	0.642923	0.357077	3.857836
31746	-2592.006	-2801.357	209.3512	1.11537	0.1020928	0.585138	0.414862	4.131216
31752	-2598.999	-2808.443	209.444	1.193496	0.06449283	0.589187	0.410813	4.131216
31758	-2600.184	-2809.319	209.1347	1.220057	0.09260208	0.510072	0.489928	4.217882
31764	-2589.635	-2799.494	209.8592	1.244106	0.1006571	0.592571	0.407429	3.770131
31770	-2587.467	-2796.49	209.0231	1.099071	0.08520777	0.68156	0.31844	4.368114
31776	-2581.352	-2788.982	207.6298	0.9408288	0.07664956	0.589185	0.410815	5.256045
31782	-2590.816	-2800.294	209.4779	1.197744	0.09972159	0.618494	0.381506	4.017756
31788	-2582.478	-2791.926	209.448	1.227681	0.09972159	0.557799	0.442201	4.017756
31794	-2602.328	-2812.687	210.3597	1.100987	0.1400968	0.502348	0.497652	3.473175
31800	-2577.846	-2787.55	209.7048	1.129625	0.1183046	0.502348	0.497652	3.883378
31806	-2587.644	-2798.649	211.0054	1.391543	0.09967012	0.498139	0.501861	3.013421
31812	-2577.462	-2788.341	210.8794	1.298503	0.08967941	0.565492	0.434508	3.169925
31818	-2593.225	-2803.738	210.512	1.298503	0.08547844	0.473376	0.526624	3.39769
31824	-2597.829	-2806.648	208.8193	1.148315	0.1085334	0.747561	0.252439	4.398709
31830	-2590.507	-2798.48	207.9735	1.036493	0.1085334	0.38663	0.61337	4.935018
31836	-2589.525	-2797.65	208.1244	1.001108	0.07410291	0.516162	0.483838	4.955064
31842	-2596.878	-2806.928	210.0507	1.04738	0.1317817	0.625109	0.374891	3.701705
31848	-2592.383	-2802.279	209.8956	1.135841	0.1501872	0.484951	0.515049	3.701705
31854	-2603.327	-2811.619	208.292	0.8564125	0.1048371	0.555924	0.444076	4.866457
31860	-2592.465	-2800.778	208.3132	1.014577	0.09543519	0.607197	0.392803	4.788661
31866	-2587.867	-2796.363	208.496	1.009267	0.08052765	0.393364	0.606636	4.726625
31872	-2590.954	-2801.209	210.2549	1.266859	0.09266743	0.476813	0.523187	3.547738
31878	-2601.68	-2812.661	210.9813	1.232794	0.09266743	0.660043	0.339957	3.140588
31884	-2580.599	-2790.173	209.5742	1.261764	0.08409485	0.593905	0.406095	3.965364
31890	-2581.277	-2790.973	209.6964	1.17903	0.07551974	0.579839	0.420161	3.965364
31896	-2584.609	-2794.208	209.5996	1.230668	0.1036548	0.446241	0.553759	3.919865
31902	-2602.71	-2811.084	208.3743	0.9254149	0.1027551	0.624143	0.375857	4.786917
31908	-2584.981	-2794.467	209.4861	0.9764604	0.08203282	0.59265	0.40735	4.183526
31914	-2589.386	-2796.71	207.3242	1.287495	0.06506824	0.59265	0.40735	5.263876
31920	-2582.663	-2791.357	208.6943	1.036384	0.1154887	0.640895	0.359105	4.516279
31926	-2578.952	-2786.124	207.1719	1.073015	0.08660656	0.640895	0.359105	5.410589
31932	-2585.115	-2795.659	210.5436	1.362317	0.09137869	0.646438	0.353562	3.326226
31938	-2569.716	-2780.101	210.3847	1.243541	0.1058549	0.550874	0.449126	3.45287
31944	-2593.082	-2801.817	208.7351	1.029239	0.07158345	0.580928	0.419072	4.604977
31950	-2589.6	-2796.492	206.892	1.023222	0.06583838	0.604298	0.395702	5.645185
31956	-2575.956	-2785.446	209.4906	1.176655	0.08251851	0.544608	0.455392	4.065772
31962	-2584.801	-2793.049	208.2487	1.259918	0.05706808	0.591459	0.408541	4.787723
31968	-2577.907	-2785.771	207.864	1.012863	0.06614803	0.591459	0.408541	5.114248
31974	-2577.732	-2788.189	210.4571	1.149834	0.08163597	0.534313	0.465687	3.526885
31980	-2565.607	-2775.152	209.5445	1.054285	0.07549817	0.558186	0.441814	4.123256
31986	-2572.596	-2782.303	209.707	1.496873	0.06016651	0.58492	0.41508	3.819423
31992	-2574.341	-2783.765	209.4242	1.198849	0.1148651	0.651932	0.348068	4.012204
31998	-2574.564	-2783.265	208.7008	1.155828	0.06466973	0.601236	0.398764	4.571919
32004	-2577.645	-2786.685	209.0403	1.147714	0.08148798	0.641468	0.358532	4.340445
32010	-2574.251	-2782.462	208.2106	1.267307	0.05921515	0.563806	0.436194	4.798913
32016	-2571.239	-2781.203	209.9637	1.143388	0.05921515	0.502333	0.497667	3.877757
32022	-2576.388	-2786.015	209.6269	1.167268	0.06645483	0.559742	0.440258	4.036536
32028	-2565.911	-2776.015	210.1039	1.231895	0.1165194	0.561385	0.438615	3.598019
32034	-2572.449	-2783.212	210.7629	1.30149	0.0958946	0.604955	0.395045	3.22107
32040	-2583.713	-2792.251	208.5383	1.242315	0.06714199	0.600392	0.399608	4.607824
32046	-2581.957	-2791.391	209.4342	1.242315	0.07370671	0.629666	0.370334	4.083821
32052	-2575.749	-2784.787	209.0381	1.320002	0.08150072	0.532919	0.467081	4.244175
32058	-2573.542	-2784.983	211.441	1.465733	0.08531956	0.522862	0.477138	2.742928
32064	-2579.354	-2789.419	210.0656	1.248065	0.08099088	0.639444	0.360556	3.698758
32070	-2579.755	-2788.216	208.4606	1.111154	0.07759631	0.535863	0.464137	4.697025
32076	-2591.448	-2799.618	208.1697	1.206356	0.08975635	0.642155	0.357845	4.775558
32082	-2578.604	-2788.077	209.4736	1.096497	0.07245233	0.626546	0.373454	4.147769
32088	-2583.908	-2794.347	210.4389	1.360688	0.08475738	0.571316	0.428684	3.406008
32094	-2590.541	-2801.164	210.6231	1.347756	0.1469379	0.405862	0.594138	3.158325
32100	-2582.812	-2793.488	210.6764	1.242289	0.1620615	0.491709	0.508291	3.158325
32106	-2576.134	-2787.097	210.9628	1.196301	0.09848756	0.604068	0.395932	3.158325
32112	-2570.131	-2781.719	211.5876	1.254316	0.05446601	0.601183	0.398817	2.872073
32118	-2584.223	-2792.899	208.676	1.191907	0.05446601	0.544209	0.455791	4.593895
32124	-2589.094	-2799.041	209.9469	1.303988	0.07090658	0.601496	0.398504	3.762262
32130	-2588.332	-2798.764	210.4319	1.106124	0.06268984	0.549936	0.450064	3.6192
32136	-2577.09	-2786.807	209.7173	1.041147	0.09289501	0.489358	0.510642	3.987273
32142	-2587.652	-2796.57	208.9179	1.083407	0.08777062	0.657907	0.342093	4.429805
32148	-2579.533	-2788.086	208.5528	1.102012	0.06496758	0.533471	0.466529	4.684228
32154	-2582.226	-2791.498	209.2722	1.152138	0.07816111	0.67451	0.32549	4.21532
32160	-2586.282	-2796.063	209.7804	1.201617	0.0784702	0.443961	0.556039	3.896429
32166	-2589.172	-2798.63	209.4582	1.218277	0.1207067	0.502306	0.497694	3.968462
32172	-2590.429	-2801.425	210.9956	1.459075	0.120182	0.632226	0.367774	2.928413
32178	-2595.758	-2806.751	210.9933	1.3371	0.141139	0.679139	0.320861	2.955813
32184	-2599.087	-2810.1	211.0131	1.422592	0.09754129	0.578529	0.421471	2.995647
32190	-2598.408	-2808.199	209.7911	1.422592	0.1034278	0.475618	0.524382	3.699679
32196	-2582.869	-2792.972	210.1033	1.244317	0.07336716	0.695621	0.304379	3.699679
32202	-2593.586	-2803.129	209.5427	1.163776	0.05433948	0.530198	0.469802	4.12056
32208	-2592.691	-2802.49	209.7988	1.3472	0.05433948	0.530198	0.469802	3.86936
32214	-2587.039	-2798.449	211.4102	1.349316	0.1270964	0.552234	0.447766	2.727047
32220	-2581.971	-2792.633	210.6617	1.349316	0.1166614	0.574417	0.425583	3.20181
32226	-2576.326	-2786.423	210.0974	1.271739	0.07825056	0.574417	0.425583	3.674011
32232	-2590.772	-2802.015	211.2434	1.379594	0.1027013	0.547106	0.452894	2.869513
32238	-2584.985	-2796.02	211.0354	1.352513	0.1001003	0.501306	0.498694	3.017707
32244	-2588.421	-2798.768	210.347	1.317706	0.08589734	0.599668	0.400332	3.481899
32250	-2576.798	-2786.781	209.9828	1.138604	0.1447272	0.599668	0.400332	3.66082
32256	-2568.758	-2778.858	210.1004	1.021019	0.1447272	0.586174	0.413826	3.66082
32262	-2583.109	-2791.541	208.432	1.028508	0.09649735	0.706906	0.293094	4.7119
32268	-2595.114	-2802.442	207.3271	1.092943	0.06195881	0.574734	0.425266	5.378061
32274	-2600.09	-2810.201	210.1108	1.049553	0.09076665	0.705008	0.294992	3.761901
32280	-2594.798	-2804.752	209.9536	1.104171	0.1152138	0.718145	0.281855	3.761901
32286	-2602.051	-2811.169	209.1176	1.118745	0.07545154	0.577416	0.422584	4.328969
32292	-2600.544	-2810.705	210.1614	1.138575	0.09260017	0.691484	0.308516	3.676615
32298	-2584.799	-2794.076	209.2766	1.138575	0.1196143	0.564246	0.435754	4.119969
32304	-2571.071	-2781.16	210.0892	1.182829	0.08226612	0.64077	0.35923	3.719448
32310	-2579.282	-2789.154	209.8727	1.347186	0.07967336	0.630835	0.369165	3.756419
32316	-2575.615	-2785.11	209.495	1.256411	0.08831289	0.544002	0.455998	4.002849
32322	-2581.022	-2789.835	208.8136	1.232416	0.08166343	0.573429	0.426571	4.420128
32328	-2587.427	-2794.544	207.1178	0.9273505	0.06386649	0.593407	0.406593	5.57916
32334	-2579.561	-2788.611	209.0499	0.9661831	0.08520988	0.552901	0.447099	4.427906
32340	-2593.392	-2802.988	209.5964	1.086573	0.09459164	0.603367	0.396633	4.026178
32346	-2579.212	-2789.234	210.0219	1.066378	0.08611767	0.509847	0.490153	3.815317
32352	-2607.943	-2816.709	208.7664	1.163665	0.08442442	0.578472	0.421528	4.47838
32358	-2605.137	-2813.807	208.6702	1.11467	0.08230222	0.532706	0.467294	4.565416
32364	-2598.171	-2807.222	209.0511	1.076731	0.0848546	0.521814	0.478186	4.365789
32370	-2591.79	-2802.058	210.268	1.076731	0.06671434	0.572291	0.427709	3.719742
32376	-2595.057	-2805.53	210.4733	1.110314	0.1230597	0.647151	0.352849	3.438651
32382	-2597.959	-2807.16	209.2009	1.053715	0.0840402	0.614933	0.385067	4.296205
32388	-2615.884	-2825.276	209.3918	1.263765	0.08895225	0.415596	0.584404	4.05592
32394	-2593.472	-2804.683	211.2101	1.41914	0.08480075	0.689968	0.310032	2.912903
32400	-2589.916	-2798.933	209.0167	1.329319	0.07411309	0.632989	0.367011	4.270466
32406	-2589.132	-2797.309	208.1774	1.113711	0.06595633	0.528134	0.471866	4.884609
32412	-2603.887	-2812.816	208.9288	1.228975	0.0816313	0.517499	0.482501	4.357135
32418	-2604.203	-2812.826	208.623	0.9452602	0.0701956	0.495326	0.504674	4.718533
32424	-2592.625	-2800.782	208.1563	0.9961935	0.1166169	0.61938	0.38062	4.837534
32430	-2578.805	-2786.797	207.9913	0.9830066	0.09325718	0.547566	0.452434	4.990812
32436	-2590.159	-2799.658	209.4983	0.9917198	0.08891971	0.627777	0.372223	4.150254
32442	-2594.72	-2802.552	207.8321	0.9503648	0.08523049	0.505705	0.494295	5.116989
32448	-2584.375	-2792.291	207.9162	0.9418783	0.0690192	0.639831	0.360169	5.116989
32454	-2594.705	-2803.774	209.0695	0.9498487	0.08648025	0.506185	0.493815	4.422882
32460	-2588.584	-2795.738	207.1538	1.07473	0.08648025	0.65381	0.34619	5.419937
32466	-2592.771	-2800.751	207.9802	0.9694931	0.1041529	0.655773	0.344227	4.978625
32472	-2588.758	-2796.873	208.1149	1.021551	0.07716587	0.646074	0.353926	4.941029
32478	-2592.171	-2801.509	209.3374	1.164087	0.08304171	0.671755	0.328245	4.158803
32484	-2588.372	-2798.115	209.7435	1.101015	0.09136199	0.568276	0.431724	3.941877
32490	-2593.565	-2802.878	209.3132	1.141398	0.1254644	0.541445	0.458555	4.084584
32496	-2575.084	-2784.088	209.0043	1.141398	0.07378249	0.628628	0.371372	4.384558
32502	-2576.644	-2785.518	208.8737	1.094234	0.05247315	0.655561	0.344439	4.543342
32508	-2579.67	-2789.582	209.9128	1.177755	0.1020521	0.644202	0.355798	3.77414
32514	-2583.914	-2794.044	210.1297	0.9976049	0.09763032	0.577749	0.422251	3.763731
32520	-2591.911	-2800.649	208.7371	1.069138	0.06350486	0.577749	0.422251	4.603378
32526	-2603.539	-2814.326	210.7872	1.148476	0.1312852	0.607457	0.392543	3.213033
32532	-2599.489	-2809.455	209.9663	1.033274	0.1128484	0.708039	0.291961	3.800923
32538	-2586.572	-2794.665	208.0935	1.011441	0.06224812	0.525408	0.474592	4.998243
32544	-2588.124	-2798.028	209.9042	1.007123	0.1111971	0.550283	0.449717	3.855502
32550	-2606.316	-2813.645	207.3284	1.019661	0.06641353	0.681575	0.318425	5.405741
32556	-2598.941	-2806.925	207.9842	0.9050719	0.08324387	0.572195	0.427805	5.062806
32562	-2604.354	-2814.286	209.9316	1.106689	0.06181745	0.640038	0.359962	3.909857
32568	-2590.042	-2798.169	208.1266	0.9716911	0.0685225	0.49264	0.50736	4.985002
32574	-2599.465	-2808.045	208.5798	1.158941	0.0731118	0.42746	0.57254	4.615275
32580	-2584.878	-2793.547	208.6697	1.06906	0.0731118	0.60502	0.39498	4.615275
32586	-2594.882	-2803.542	208.6597	0.9667141	0.09805796	0.537933	0.462067	4.615275
32592	-2578.521	-2787.099	208.5783	1.102336	0.09805796	0.491642	0.508358	4.584862
32598	-2575.25	-2782.525	207.2756	1.061596	0.09339958	0.541426	0.458574	5.343145
32604	-2588.952	-2795.903	206.9506	1.026614	0.0843137	0.496015	0.503985	5.563548
32610	-2585.635	-2793.692	208.0566	1.026614	0.06957497	0.476627	0.523373	4.990579
32616	-2580.444	-2788.53	208.0854	0.8985434	0.09114965	0.562894	0.437106	4.990579
32622	-2582.631	-2792.587	209.9564	0.9681346	0.09315498	0.534877	0.465123	3.891504
32628	-2579.072	-2788.323	209.2503	1.194842	0.0699047	0.623208	0.376792	4.225593
32634	-2580.277	-2790.433	210.1556	1.164721	0.08071415	0.616035	0.383965	3.695662
32640	-2574.883	-2783.592	208.7093	1.164721	0.08311505	0.632706	0.367294	4.513261
32646	-2581.128	-2790.759	209.6311	1.202725	0.09733008	0.559847	0.440153	3.933171
32652	-2596.981	-2806.853	209.872	1.050988	0.08698516	0.572063	0.427937	3.908026
32658	-2586.087	-2794.794	208.7072	0.9845968	0.08861341	0.614423	0.385577	4.60168
32664	-2592.459	-2800.987	208.5284	1.122045	0.09809782	0.606812	0.393188	4.60168
32670	-2590.03	-2799.374	209.3443	1.295397	0.06558856	0.766172	0.233828	4.126962
32676	-2593.99	-2802.889	208.899	0.9003528	0.09262671	0.439704	0.560296	4.531375
32682	-2595.787	-2804.386	208.5983	0.9142664	0.1026603	0.439704	0.560296	4.668105
32688	-2594.173	-2801.941	207.7674	0.9600141	0.0904484	0.587915	0.412085	5.134608
32694	-2590.215	-2801.498	211.2828	1.479844	0.09293763	0.492493	0.507507	2.810166
32700	-2593.898	-2805.11	211.2126	1.468034	0.1124687	0.515882	0.484118	2.810166
32706	-2606.01	-2816.23	210.22	1.321414	0.1111494	0.616258	0.383742	3.490887
32712	-2597.028	-2804.92	207.8926	1.106675	0.08441363	0.528086	0.471914	4.998762
32718	-2598.338	-2806.123	207.7848	1.076075	0.1171033	0.640849	0.359151	4.998762
32724	-2567.873	-2777.719	209.8461	1.259443	0.0643764	0.760023	0.239977	3.864033
32730	-2575.88	-2784.769	208.8885	1.12646	0.08993153	0.760023	0.239977	4.416661
32736	-2569.944	-2779.203	209.2591	1.090917	0.1064947	0.481896	0.518104	4.187035
32742	-2570.782	-2779.817	209.0352	1.209078	0.1143853	0.521819	0.478181	4.228803
32748	-2564.842	-2774.094	209.2521	1.108727	0.08687337	0.521819	0.478181	4.228803
32754	-2582.042	-2791.319	209.2769	1.213757	0.07813658	0.691401	0.308599	4.177728
32760	-2579.419	-2788.668	209.2489	1.288524	0.06825556	0.691401	0.308599	4.177728
32766	-2577.904	-2787.681	209.7771	1.3645	0.07055554	0.567678	0.432322	3.826206
32772	-2583.189	-2793.167	209.978	1.346212	0.08760398	0.429697	0.570303	3.675369
32778	-2583.247	-2793.361	210.1144	1.359448	0.05785751	0.576365	0.423635	3.670233
32784	-2597.466	-2806.795	209.3288	1.082067	0.08123288	0.595069	0.404931	4.214937
32790	-2589.658	-2798.905	209.2476	1.159036	0.08369799	0.479799	0.520201	4.21096
32796	-2589.139	-2797.748	208.6086	1.200269	0.08369799	0.715568	0.284432	4.548362
32802	-2589.492	-2799.56	210.0675	1.224809	0.08369799	0.777105	0.222895	3.703966
32808	-2601.487	-2808.725	207.2381	1.233933	0.1114596	0.661128	0.338872	5.226793
32814	-2594.674	-2801.935	207.2607	1.172691	0.1061402	0.471001	0.528999	5.260153
32820	-2591.799	-2800.929	209.1305	0.9692025	0.05826349	0.60193	0.39807	4.452986
32826	-2590.824	-2799.892	209.0685	1.041918	0.09281569	0.572884	0.427116	4.355656
32832	-2596.967	-2806.747	209.7793	1.131645	0.09319644	0.634661	0.365339	3.899211
32838	-2603.256	-2812.665	209.4094	1.087559	0.07342846	0.606766	0.393234	4.186707
32844	-2595.93	-2805.794	209.8636	1.150351	0.08925119	0.605233	0.394767	3.850044
32850	-2587.71	-2796.687	208.9766	1.101922	0.110515	0.605233	0.394767	4.331505
32856	-2590.664	-2800.732	210.0679	1.115358	0.08443511	0.532072	0.467928	3.765022
32862	-2581.202	-2791.192	209.9894	1.155377	0.1036064	0.619735	0.380265	3.739059
32868	-2587.964	-2798.097	210.1321	1.256089	0.08327821	0.763696	0.236304	3.649573
32874	-2588.42	-2798.726	210.3055	1.293735	0.1023925	0.574434	0.425566	3.478259
32880	-2593.071	-2803.013	209.9414	0.9646192	0.1023925	0.58518	0.41482	3.879408
32886	-2595.877	-2805.876	209.9994	1.114855	0.1175865	0.623437	0.376563	3.723899
32892	-2588.949	-2798.336	209.3871	1.114855	0.1206938	0.623437	0.376563	4.068138
32898	-2573.792	-2782.541	208.749	0.9917316	0.1545421	0.592311	0.407689	4.429175
32904	-2576.755	-2785.72	208.9653	0.9505509	0.1079768	0.603638	0.396362	4.429175
32910	-2590.976	-2799.968	208.9923	1.109963	0.06633523	0.581428	0.418572	4.429175
32916	-2589.283	-2797.7	208.4169	1.077677	0.0605277	0.499007	0.500993	4.785977
32922	-2585.705	-2795.132	209.4275	1.118851	0.1163783	0.470657	0.529343	4.052524
32928	-2582.82	-2791.528	208.7082	0.9910994	0.08385025	0.593065	0.406935	4.609465
32934	-2592.782	-2802.103	209.3215	0.9910994	0.1045115	0.620489	0.379511	4.212917
32940	-2583.491	-2791.511	208.0203	1.034995	0.08723596	0.579239	0.420761	4.960592
32946	-2579.304	-2787.905	208.6014	1.074729	0.1009666	0.579239	0.420761	4.580447
32952	-2578.499	-2787.179	208.6802	0.9944708	0.1047195	0.710243	0.289757	4.572442
32958	-2582.291	-2791.408	209.1171	1.214387	0.04875494	0.582156	0.417844	4.349075
32964	-2586.941	-2795.395	208.4542	1.140337	0.08059609	0.500793	0.499207	4.676518
32970	-2589.8	-2798.274	208.4741	1.188181	0.08197116	0.556058	0.443942	4.635052
32976	-2592	-2800.638	208.6379	1.087208	0.06858859	0.722006	0.277994	4.635052
32982	-2601.803	-2810.994	209.1907	1.136736	0.1105699	0.545816	0.454184	4.190375
32988	-2597.002	-2805.974	208.9727	1.202407	0.07104228	0.59979	0.40021	4.375317
32994	-2573.337	-2781.503	208.1656	0.9275313	0.08811246	0.483651	0.516349	4.937331
33000	-2598.843	-2808.962	210.1185	1.214992	0.09276706	0.732627	0.267373	3.656796
33006	-2598.582	-2807.868	209.286	0.9530748	0.09522478	0.585722	0.414278	4.276951
33012	-2586.874	-2796.927	210.0537	1.001063	0.05502937	0.483651	0.516349	3.919695
33018	-2583.902	-2793.285	209.3822	1.221353	0.0737013	0.495379	0.504621	4.125382
33024	-2586.848	-2795.609	208.7606	1.074082	0.1042125	0.523078	0.476922	4.483669
33030	-2587.449	-2795.723	208.2747	1.053812	0.07509985	0.500236	0.499764	4.839422
33036	-2597.441	-2805.806	208.3651	1.094713	0.09579222	0.475496	0.524504	4.714012
33042	-2605.984	-2814.669	208.6848	1.094713	0.110643	0.51357	0.48643	4.499831
33048	-2600.053	-2808.743	208.69	1.094713	0.08756809	0.526205	0.473795	4.552173
33054	-2607.33	-2816.847	209.5172	1.143145	0.06293295	0.56015	0.43985	4.122595
33060	-2609.587	-2818.535	208.9479	1.09259	0.1348007	0.547596	0.452404	4.299735
33066	-2607.224	-2817.256	210.0313	1.184926	0.0893241	0.598067	0.401933	3.733348
33072	-2600.905	-2809.881	208.976	1.135459	0.08481307	0.601594	0.398406	4.375139
33078	-2589.801	-2797.816	208.0144	0.9461021	0.06332021	0.633554	0.366446	5.075543
33084	-2583.666	-2793.038	209.3719	1.147873	0.07183243	0.563935	0.436065	4.178056
33090	-2587.225	-2795.535	208.3093	1.109185	0.1063904	0.47991	0.52009	4.712066
33096	-2585.936	-2794.844	208.908	1.149383	0.09430339	0.626675	0.373325	4.381938
33102	-2582.944	-2792.405	209.4609	1.057571	0.09739474	0.661319	0.338681	4.113036
33108	-2596.134	-2805.867	209.7329	0.9793504	0.1407512	0.518158	0.481842	3.904812
33114	-2589.409	-2798.772	209.3627	1.078095	0.0888829	0.540842	0.459158	4.178333
33120	-2585.305	-2793.786	208.4808	1.017266	0.1230958	0.543948	0.456052	4.630098
33126	-2581.3	-2789.948	208.6479	0.968821	0.1230958	0.543948	0.456052	4.563527
33132	-2581.194	-2790.033	208.8391	1.142937	0.06168543	0.64041	0.35959	4.509647
33138	-2581.354	-2791.029	209.6751	1.135751	0.1202144	0.561585	0.438415	3.892547
33144	-2569.725	-2779.819	210.0935	1.148657	0.0705246	0.638244	0.361756	3.768334
33150	-2590.995	-2799.751	208.7554	1.154964	0.1130131	0.627951	0.372049	4.420704
33156	-2591.774	-2801.241	209.4669	1.2385	0.08949919	0.542167	0.457833	4.026099
33162	-2588.745	-2797.748	209.0032	1.260761	0.06001779	0.58805	0.41195	4.355422
33168	-2571.647	-2781.275	209.6275	1.274122	0.1070208	0.613944	0.386056	3.870883
33174	-2586.129	-2794.41	208.2808	0.9172648	0.1014633	0.562599	0.437401	4.846647
33180	-2576.351	-2784.611	208.2595	1.02992	0.07827807	0.605659	0.394341	4.852917
33186	-2590.438	-2797.936	207.4981	1.02992	0.07716702	0.577827	0.422173	5.278217
33192	-2583.035	-2792.71	209.6745	0.9727609	0.09986891	0.597995	0.402005	4.033632
33198	-2580.215	-2789.503	209.2883	0.9733105	0.1072164	0.721246	0.278754	4.235503
33204	-2579.547	-2787.418	207.871	0.9811793	0.1099567	0.519516	0.480484	5.019519
33210	-2581.874	-2789.306	207.4324	1.14532	0.08206183	0.681202	0.318798	5.238311
33216	-2586.003	-2796.293	210.2904	1.121183	0.1470445	0.636832	0.363168	3.487307
33222	-2587.217	-2799.163	211.9461	1.386059	0.08926439	0.714174	0.285826	2.468729
33228	-2592.399	-2804.463	212.0643	1.439177	0.09842481	0.603444	0.396556	2.335361
33234	-2587.533	-2796.317	208.7836	1.133956	0.09968734	0.480585	0.519415	4.447723
33240	-2604.506	-2815.132	210.6264	1.126299	0.06193207	0.497136	0.502864	3.496491
33246	-2590.704	-2801.607	210.9032	1.272298	0.1100077	0.466163	0.533837	3.119994
33252	-2587.461	-2798.522	211.0616	1.143466	0.07908898	0.537377	0.462623	3.182256
33258	-2589.179	-2799.718	210.5391	1.211602	0.08011814	0.525517	0.474483	3.447003
33264	-2588.708	-2798.28	209.5723	1.380887	0.06991263	0.525517	0.474483	3.936069
33270	-2599.282	-2808.456	209.1748	1.251686	0.07006768	0.654132	0.345868	4.235753
33276	-2587.793	-2795.791	207.9979	1.085703	0.1037696	0.552475	0.447525	4.905022
33282	-2594.711	-2804.422	209.7106	1.051819	0.1004234	0.495466	0.504534	3.966467
33288	-2595.166	-2803.67	208.504	0.8687007	0.08070247	0.582736	0.417264	4.800225
33294	-2590.175	-2798.638	208.4627	0.9254669	0.08517666	0.60071	0.39929	4.780225
33300	-2599.258	-2807.155	207.8977	1.014915	0.09723611	0.654748	0.345252	5.015503
33306	-2578.616	-2786.582	207.966	0.9906759	0.08661772	0.521793	0.478207	5.016906
33312	-2576.213	-2785.388	209.1754	0.9930418	0.1095829	0.507556	0.492444	4.282783
33318	-2581.48	-2789.65	208.1695	0.9953008	0.09675819	0.427247	0.572753	4.876378
33324	-2589.879	-2799.126	209.2477	1.011321	0.1005572	0.721088	0.278912	4.252724
33330	-2581.571	-2790.803	209.2312	1.27998	0.05148939	0.56688	0.43312	4.239588
33336	-2564.907	-2775.589	210.6811	1.226047	0.07658017	0.56688	0.43312	3.36496
33342	-2574.991	-2785.466	210.4756	1.197833	0.1396191	0.56688	0.43312	3.349563
33348	-2593.307	-2804.111	210.8045	1.261559	0.1396191	0.645549	0.354451	3.117345
33354	-2595.514	-2803.724	208.2107	1.083157	0.09556328	0.436574	0.563426	4.807313
33360	-2576.933	-2784.923	207.9901	1.015629	0.07468691	0.623102	0.376898	5.020112
33366	-2587.881	-2796.179	208.2975	1.147279	0.07777045	0.499449	0.500551	4.767549
33372	-2576.889	-2786.269	209.3801	0.9750717	0.08434576	0.553039	0.446961	4.238489
33378	-2585.073	-2793.354	208.2811	1.100738	0.1130968	0.553039	0.446961	4.717293
33384	-2580.55	-2790.596	210.0457	1.137365	0.05437422	0.553039	0.446961	3.847982
33390	-2589.597	-2798.131	208.5336	1.282781	0.08199862	0.535131	0.464869	4.548512
33396	-2586.154	-2795.498	209.3436	1.141179	0.05837971	0.611097	0.388903	4.235029
33402	-2594.006	-2802.414	208.4082	0.9989673	0.09925845	0.552315	0.447685	4.735163
33408	-2591.359	-2800.98	209.6205	1.075212	0.09186194	0.552315	0.447685	4.025705
33414	-2594.997	-2802.746	207.7487	1.185421	0.0815893	0.567875	0.432125	5.042077
33420	-2600.725	-2808.839	208.1138	0.9556407	0.07504251	0.575137	0.424863	4.983793
33426	-2597.464	-2808.306	210.8418	1.194102	0.09093854	0.575137	0.424863	3.250745
33432	-2598.128	-2808.763	210.6346	1.295759	0.1161502	0.62446	0.37554	3.250745
33438	-2591.378	-2802.252	210.8747	1.153528	0.09267325	0.610571	0.389429	3.250745
33444	-2591.636	-2801.529	209.8928	1.153528	0.1086228	0.419851	0.580149	3.783885
33450	-2590.262	-2799.19	208.928	1.001038	0.04935364	0.433141	0.566859	4.573988
33456	-2593.064	-2802.152	209.0887	1.298945	0.05486805	0.620215	0.379785	4.299984
33462	-2600.881	-2811.519	210.6377	1.397958	0.0881964	0.467079	0.532921	3.25803
33468	-2592.656	-2800.749	208.0928	0.9290843	0.05225036	0.534953	0.465047	5.071968
33474	-2593.492	-2802.825	209.3323	1.103334	0.06350309	0.505952	0.494048	4.24857
33480	-2584.345	-2794.342	209.9968	1.091517	0.08482758	0.505952	0.494048	3.818638
33486	-2588.035	-2797.515	209.4799	1.316146	0.08109682	0.570329	0.429671	3.995993
33492	-2577.089	-2786.077	208.9879	1.184498	0.05701416	0.510848	0.489152	4.415491
33498	-2573.363	-2782.451	209.0872	1.034476	0.1267003	0.510848	0.489152	4.271051
33504	-2577.218	-2786.863	209.6447	1.124432	0.06121732	0.50191	0.49809	4.065399
33510	-2571.328	-2781.496	210.1675	1.159747	0.1142422	0.498027	0.501973	3.608285
33516	-2580.086	-2788.123	208.0369	1.047413	0.05391318	0.611309	0.388691	5.032701
33522	-2578.501	-2788.208	209.7076	1.021849	0.07177277	0.644985	0.355015	4.058886
33528	-2592.003	-2801.611	209.6079	1.177691	0.06020708	0.452834	0.547166	4.058886
33534	-2576.066	-2784.502	208.4363	1.195255	0.09943384	0.483929	0.516071	4.609107
33540	-2583.822	-2792.366	208.5444	1.137139	0.08131355	0.580402	0.419598	4.625954
33546	-2574.249	-2782.452	208.203	0.9505669	0.1145878	0.562485	0.437515	4.84144
33552	-2584.907	-2793.106	208.1985	1.01448	0.1001499	0.754718	0.245282	4.84144
33558	-2592.772	-2801.277	208.5056	1.086122	0.1238177	0.673185	0.326815	4.576005
33564	-2588.84	-2798.628	209.7875	1.359277	0.06839443	0.566206	0.433794	3.829189
33570	-2586.598	-2797.136	210.5376	1.311653	0.09532824	0.616747	0.383253	3.349411
33576	-2590.491	-2800.443	209.9519	1.164903	0.1244934	0.516105	0.483895	3.70684
33582	-2589.36	-2800.146	210.786	1.237022	0.1409363	0.730404	0.269596	3.140107
33588	-2597.439	-2808.482	211.0423	1.159709	0.06674164	0.694952	0.305048	3.218678
33594	-2594.718	-2803.642	208.9234	1.178365	0.1064989	0.701635	0.298365	4.327672
33600	-2590.313	-2799.461	209.1481	1.165397	0.07390047	0.460209	0.539791	4.289415
33606	-2582.872	-2792.058	209.1864	1.299039	0.08897875	0.531136	0.468864	4.152759
33612	-2579.607	-2788.946	209.3398	1.346733	0.04702437	0.599313	0.400687	4.152759
33618	-2578.665	-2788.956	210.2911	1.221026	0.08384378	0.523686	0.476314	3.576182
33624	-2576.442	-2787.134	210.6912	1.281458	0.0714774	0.711964	0.288036	3.340585
33630	-2586.282	-2797.488	211.206	1.328411	0.06806742	0.661436	0.338564	3.016961
33636	-2588.068	-2799.97	211.9016	1.370076	0.1126172	0.485797	0.514203	2.444677
33642	-2584.529	-2792.602	208.0733	1.15794	0.07329078	0.638364	0.361636	4.898366
33648	-2593.934	-2802.701	208.767	1.160391	0.06390136	0.528093	0.471907	4.534289
33654	-2581.615	-2788.787	207.1716	1.096689	0.0891195	0.513714	0.486286	5.391524
33660	-2581.439	-2790.991	209.5518	1.059548	0.0895405	0.663572	0.336428	4.079678
33666	-2584.167	-2793.514	209.3464	1.239723	0.09529708	0.663572	0.336428	4.079678
33672	-2585.235	-2795.07	209.8342	1.380017	0.07762408	0.459016	0.540984	3.765157
33678	-2572.74	-2782.128	209.3881	1.130919	0.08092027	0.646656	0.353344	4.154341
33684	-2577.035	-2785.901	208.8656	1.061047	0.08438255	0.587387	0.412613	4.480387
33690	-2577.262	-2786.627	209.3652	1.061047	0.05795778	0.669374	0.330626	4.269378
33696	-2569.311	-2777.772	208.4607	1.054675	0.06575919	0.544626	0.455374	4.760046
33702	-2569.976	-2779.21	209.2339	1.172154	0.08017747	0.548095	0.451905	4.220425
33708	-2575.855	-2785.536	209.6813	1.057884	0.07131657	0.713116	0.286884	4.054578
33714	-2591.206	-2801.309	210.1026	1.10136	0.1163703	0.713116	0.286884	3.67481
33720	-2578.789	-2788.884	210.0952	1.214402	0.107314	0.59649	0.40351	3.634814
33726	-2580.946	-2789.993	209.047	1.089187	0.1052976	0.601618	0.398382	4.311017
33732	-2580.253	-2789.393	209.1401	1.055262	0.09519719	0.613804	0.386196	4.30177
33738	-2576.495	-2784.632	208.137	1.055262	0.07261653	0.47616	0.52384	4.921859
33744	-2576.139	-2784.705	208.566	1.006936	0.07261653	0.621965	0.378035	4.709457
33750	-2604.211	-2811.34	207.1293	1.088062	0.0712067	0.65254	0.34746	5.464982
33756	-2596.259	-2803.449	207.1908	0.973873	0.08251396	0.477551	0.522449	5.464982
33762	-2587.451	-2796.933	209.4817	1.241695	0.05482499	0.616022	0.383978	4.109544
33768	-2587.286	-2798.043	210.7569	1.247319	0.13731	0.582017	0.417983	3.159142
33774	-2583.612	-2791.768	208.1557	1.10211	0.06470564	0.558672	0.441328	4.906564
33780	-2599.789	-2807.746	207.957	1.005927	0.1109985	0.53158	0.46842	4.955619
33786	-2592.068	-2801.471	209.4032	1.005927	0.09290752	0.571704	0.428296	4.186236
33792	-2578.132	-2787.332	209.2	1.047381	0.09290752	0.571564	0.428436	4.277946
33798	-2583.098	-2792.728	209.6295	1.143898	0.08935695	0.607775	0.392225	3.987628
33804	-2588.61	-2797.265	208.6546	0.9841689	0.1103916	0.610339	0.389661	4.579439
33810	-2590.927	-2800.502	209.575	1.072146	0.07922243	0.719202	0.280798	4.085857
33816	-2586.438	-2796.657	210.2185	1.125915	0.05554897	0.601618	0.398382	3.751702
33822	-2585.063	-2793.647	208.5848	1.343756	0.0888366	0.664106	0.335894	4.468112
33828	-2598.36	-2807.13	208.7699	1.226077	0.07409834	0.483705	0.516295	4.468112
33834	-2599.011	-2809.43	210.419	1.448529	0.07072419	0.615018	0.384982	3.404397
33840	-2586.988	-2797.148	210.1604	1.337937	0.07696938	0.676075	0.323925	3.602573
33846	-2585.438	-2794.018	208.5806	1.1065	0.0836275	0.609756	0.390244	4.616882
33852	-2588.277	-2797.79	209.5132	1.109416	0.07186357	0.465442	0.534558	4.119465
33858	-2590.013	-2797.527	207.5145	1.025829	0.1032387	0.409454	0.590546	5.207718
33864	-2601.917	-2809.681	207.7642	0.8367546	0.08918947	0.371759	0.628241	5.207718
33870	-2590.233	-2799.85	209.6171	1.196573	0.08371423	0.667741	0.332259	3.979101
33876	-2584.324	-2794.096	209.7723	1.232587	0.07440293	0.6018	0.3982	3.894214
33882	-2597.63	-2809.387	211.7573	1.450193	0.07961183	0.72071	0.27929	2.573711
33888	-2588.399	-2799.9	211.5006	1.456251	0.08913348	0.557048	0.442952	2.701737
33894	-2590.095	-2801.154	211.0584	1.134509	0.08067758	0.59938	0.40062	3.18511
33900	-2585.212	-2794.479	209.2679	1.133402	0.07483884	0.534534	0.465466	4.237213
33906	-2591.838	-2800.22	208.3818	1.284238	0.06003226	0.681619	0.318381	4.691514
33912	-2572.299	-2782.633	210.3346	1.275157	0.07164877	0.533837	0.466163	3.552393
33918	-2579.637	-2790.659	211.0216	1.399224	0.1093964	0.62237	0.37763	2.97474
33924	-2585.624	-2795.638	210.0136	1.399224	0.06501829	0.577363	0.422637	3.685172
33930	-2601.244	-2811.921	210.6769	1.457222	0.09545021	0.682026	0.317974	3.180886
33936	-2605.176	-2814.142	208.966	1.254949	0.05381801	0.617147	0.382853	4.397128
33942	-2600.221	-2809.714	209.4937	1.197761	0.05193014	0.617147	0.382853	4.136002
33948	-2602.6	-2812.052	209.452	1.073788	0.08653908	0.617147	0.382853	4.136002
33954	-2589.278	-2799.654	210.3765	1.347615	0.0768985	0.688339	0.311661	3.471302
33960	-2587.244	-2796.161	208.9168	1.010345	0.07878437	0.462831	0.537169	4.494566
33966	-2591.633	-2802.702	211.0688	1.243839	0.09477089	0.675005	0.324995	3.076405
33972	-2591.817	-2800.491	208.674	1.031458	0.07154833	0.470376	0.529624	4.6381
33978	-2598.794	-2806.902	208.1077	0.9274981	0.09173925	0.534326	0.465674	4.96064
33984	-2593.544	-2803.098	209.5544	1.221634	0.05374035	0.658133	0.341867	4.082637
33990	-2590.863	-2800.513	209.6496	1.243592	0.08623332	0.712747	0.287253	3.927029
33996	-2591.479	-2803.357	211.8779	1.286305	0.08623332	0.677085	0.322915	2.581851
34002	-2584.574	-2794.553	209.9797	1.281353	0.05030051	0.485439	0.514561	3.81484
34008	-2583.825	-2793.838	210.0129	1.310478	0.09076851	0.518449	0.481551	3.667721
34014	-2574.407	-2783.914	209.5073	1.058673	0.07516079	0.559717	0.440283	4.142844
34020	-2581.302	-2789.155	207.8532	1.159326	0.05893586	0.583048	0.416952	5.058651
34026	-2597.594	-2807.136	209.5425	1.250894	0.1169632	0.557551	0.442449	3.909903
34032	-2583.685	-2794.101	210.4163	1.232227	0.122653	0.609211	0.390789	3.4016
34038	-2577.941	-2787.769	209.8283	1.203734	0.08565037	0.493464	0.506536	3.848897
34044	-2592.461	-2802.848	210.387	1.415748	0.1305053	0.501887	0.498113	3.293283
34050	-2604.42	-2809.98	205.5598	1.053762	0.06059575	0.466038	0.533962	6.369206
34056	-2595.089	-2800.663	205.5745	1.028861	0.06266619	0.522236	0.477764	6.369206
34062	-2601.352	-2810.865	209.513	1.098637	0.1030438	0.522236	0.477764	4.046312
34068	-2584.057	-2792.172	208.1147	1.098637	0.1030438	0.479652	0.520348	4.834464
34074	-2586.609	-2794.501	207.8926	1.098637	0.09473882	0.519087	0.480913	4.977835
34080	-2591.972	-2799.83	207.8586	1.00367	0.09818475	0.54982	0.45018	5.041209
34086	-2580.662	-2790.009	209.3477	0.994168	0.06517032	0.54982	0.45018	4.297083
34092	-2585.327	-2792.437	207.1099	0.9582351	0.05622337	0.50936	0.49064	5.587301
34098	-2593.8	-2799.838	206.0379	0.9678654	0.06330351	0.618972	0.381028	6.148863
34104	-2591.887	-2801.065	209.1779	1.068657	0.07620897	0.501332	0.498668	4.321175
34110	-2592.5	-2802.376	209.8767	0.9293029	0.1331563	0.641085	0.358915	3.867003
34116	-2583.744	-2793.378	209.6348	1.081255	0.1331563	0.641085	0.358915	3.918598
34122	-2584.24	-2793.867	209.6269	1.164661	0.08859759	0.558036	0.441964	3.97917
34128	-2585.158	-2794.785	209.6269	1.123168	0.07018137	0.470027	0.529973	4.051457
34134	-2586.839	-2796.289	209.4507	1.173637	0.09791651	0.683147	0.316853	4.051457
34140	-2587.29	-2796.893	209.6028	1.069375	0.08700065	0.546489	0.453511	4.051457
34146	-2583.729	-2793.812	210.0824	1.150303	0.0962955	0.647522	0.352478	3.706235
34152	-2591.484	-2802.354	210.8702	1.360861	0.08264566	0.56316	0.43684	3.157141
34158	-2578.794	-2789.846	211.052	1.146964	0.08416256	0.525002	0.474998	3.172088
34164	-2580.006	-2789.679	209.6739	1.075059	0.0651472	0.615833	0.384167	4.065933
34170	-2578.72	-2788.179	209.4584	1.128944	0.07017201	0.664114	0.335886	4.14416
34176	-2586.694	-2795.723	209.0286	1.057941	0.08589777	0.600284	0.399716	4.386442
34182	-2573.862	-2784.124	210.2626	1.530802	0.05977522	0.608445	0.391555	3.478971
34188	-2566.661	-2777.357	210.6957	1.309122	0.07023082	0.546972	0.453028	3.325195
34194	-2581.133	-2790.456	209.3222	1.217841	0.05437668	0.64298	0.35702	4.214995
34200	-2580.434	-2789.966	209.5326	1.026571	0.09021911	0.524153	0.475847	4.107655
34206	-2583.636	-2792.369	208.7334	1.012372	0.09021911	0.493497	0.506503	4.567405
34212	-2577.805	-2787.112	209.3067	1.012372	0.06644044	0.546392	0.453608	4.306453
34218	-2587.102	-2798.248	211.1453	1.096079	0.1191354	0.673747	0.326253	3.058912
34224	-2588.03	-2798.015	209.9844	1.071761	0.1364865	0.606534	0.393466	3.715814
34230	-2588.268	-2796.594	208.326	1.033001	0.1079269	0.606534	0.393466	4.741795
34236	-2589.271	-2798.299	209.0277	1.024536	0.09208414	0.475583	0.524417	4.390299
34242	-2591.311	-2799.074	207.7633	1.11471	0.09208414	0.475583	0.524417	5.047135
34248	-2593.958	-2805.457	211.4988	1.232403	0.1051516	0.475583	0.524417	2.797601
34254	-2595.631	-2807.169	211.538	1.3835	0.133516	0.679577	0.320423	2.612471
34260	-2596.987	-2808.181	211.1939	1.284485	0.07893078	0.656546	0.343454	3.01972
34266	-2592.888	-2804.152	211.2637	1.264845	0.066923	0.656546	0.343454	3.023733
34272	-2583.664	-2792.892	209.2289	1.051784	0.09341932	0.496882	0.503118	4.257833
34278	-2584.489	-2792.278	207.7885	1.040019	0.05202163	0.606428	0.393572	5.179719
34284	-2586.25	-2795.332	209.0821	1.291348	0.08110885	0.574888	0.425112	4.236447
34290	-2583.367	-2792.259	208.892	1.191672	0.08461316	0.577199	0.422801	4.39134
34296	-2573.689	-2782.149	208.46	1.273275	0.05409749	0.569308	0.430692	4.670387
34302	-2571.808	-2781.669	209.8606	1.094298	0.09270871	0.561594	0.438406	3.875182
34308	-2578.906	-2788.336	209.4302	0.9927883	0.1126787	0.48577	0.51423	4.131225
34314	-2569.996	-2779.807	209.8108	1.05593	0.07225961	0.584287	0.415713	3.979176
34320	-2559.135	-2768.17	209.0352	1.005795	0.07918797	0.663041	0.336959	4.429389
34326	-2575.06	-2783.482	208.4219	1.027807	0.07408081	0.509671	0.490329	4.774463
34332	-2579.894	-2788.717	208.8234	1.009868	0.1524363	0.589449	0.410551	4.381103
34338	-2581.152	-2789.602	208.45	1.03621	0.09325002	0.715863	0.284137	4.70541
34344	-2584.321	-2793.67	209.3491	1.03621	0.07416091	0.70792	0.29208	4.248062
34350	-2567.203	-2775.804	208.6012	1.020546	0.09980582	0.704268	0.295732	4.613693
34356	-2570.733	-2779.782	209.0486	1.083983	0.09703354	0.686448	0.313552	4.332771
34362	-2575.268	-2784.536	209.2681	0.9939707	0.06861738	0.719637	0.280363	4.332771
34368	-2578.847	-2787.282	208.4355	0.9939707	0.08468504	0.719637	0.280363	4.758438
34374	-2582.217	-2789.162	206.9457	1.059165	0.06081942	0.639606	0.360394	5.609511
34380	-2571.29	-2779.253	207.9635	1.085131	0.08806713	0.589485	0.410515	4.962191
34386	-2578.835	-2787.785	208.95	1.143375	0.0902631	0.626475	0.373525	4.371628
34392	-2580.316	-2788.886	208.5704	1.279273	0.05894375	0.599304	0.400696	4.591597
34398	-2575.727	-2786.192	210.4651	1.476746	0.06766717	0.550658	0.449342	3.369433
34404	-2591.333	-2802.365	211.0322	1.440936	0.0738546	0.48219	0.51781	3.037069
34410	-2584.633	-2794.72	210.0875	1.30796	0.06189288	0.589958	0.410042	3.704014
34416	-2598.97	-2808.635	209.6649	1.317481	0.08739478	0.725428	0.274572	3.872889
34422	-2591.718	-2802.088	210.3701	1.284205	0.07698124	0.574829	0.425171	3.511787
34428	-2590.868	-2800.411	209.5426	1.284205	0.1121161	0.624283	0.375717	3.901903
34434	-2593.789	-2803.779	209.99	1.105742	0.1027037	0.479126	0.520874	3.769567
34440	-2580.604	-2789.605	209.0014	1.051169	0.08345953	0.575841	0.424159	4.411836
34446	-2596.251	-2805.358	209.1069	1.10891	0.09505955	0.583633	0.416367	4.290554
34452	-2589.992	-2797.905	207.9127	1.10891	0.06896949	0.583633	0.416367	5.026404
34458	-2588.583	-2795.903	207.3206	1.107807	0.06896949	0.583633	0.416367	5.354643
34464	-2586.488	-2795.866	209.3777	1.250013	0.09451771	0.612369	0.387631	4.057911
34470	-2577.583	-2787.772	210.1892	1.250013	0.1266094	0.598458	0.401542	3.515024
34476	-2573.319	-2782.97	209.6514	1.12209	0.07552431	0.598458	0.401542	4.023656
34482	-2583.543	-2791.835	208.2921	1.012878	0.09086684	0.591905	0.408095	4.812531
34488	-2586.915	-2797.078	210.1627	1.060555	0.07769934	0.617615	0.382385	3.759727
34494	-2591.264	-2799.991	208.7267	1.067983	0.07769934	0.47472	0.52528	4.571832
34500	-2579.274	-2789.215	209.9411	1.200562	0.1071994	0.545601	0.454399	3.732265
34506	-2580.983	-2789.064	208.0807	1.02542	0.0831547	0.642275	0.357725	4.942564
34512	-2576.112	-2784.514	208.4012	0.9203943	0.1035593	0.46595	0.53405	4.772844
34518	-2579.697	-2788.235	208.5375	0.8724025	0.06766769	0.574559	0.425441	4.813762
34524	-2582.99	-2791.163	208.173	1.118611	0.06632717	0.617133	0.382867	4.883354
34530	-2576.745	-2785.61	208.8641	1.096804	0.1315267	0.637721	0.362279	4.351636
34536	-2579.983	-2788.617	208.6339	1.096804	0.07902109	0.537665	0.462335	4.604301
34542	-2574.467	-2783.564	209.0969	1.203904	0.06955595	0.625539	0.374461	4.308284
34548	-2570.376	-2779.646	209.2701	1.28722	0.09784544	0.48455	0.51545	4.089829
34554	-2580.882	-2787.233	206.3512	0.9541305	0.07566756	0.568191	0.431809	5.953265
34560	-2567.456	-2777.304	209.8488	1.180128	0.0807427	0.564135	0.435865	3.863491
34566	-2574.014	-2782.704	208.6896	1.080387	0.08000771	0.564135	0.435865	4.579703
34572	-2575.204	-2783.416	208.2122	1.212353	0.08000771	0.788147	0.211853	4.773082
34578	-2571.25	-2779.09	207.84	1.113751	0.08000771	0.623579	0.376421	5.035189
34584	-2586.451	-2793.802	207.3505	1.113751	0.08684498	0.623579	0.376421	5.28902
34590	-2584.573	-2793.012	208.4382	1.036304	0.05908408	0.508998	0.491002	4.801155
34596	-2587.81	-2798.342	210.5318	1.069035	0.07222761	0.395859	0.604141	3.555943
34602	-2595.74	-2806.346	210.6069	1.160287	0.05499076	0.668029	0.331971	3.508152
34608	-2580.25	-2789.24	208.9901	1.160287	0.1011297	0.512878	0.487122	4.312864
34614	-2583.273	-2792.577	209.3044	1.013421	0.09799292	0.445652	0.554348	4.225589
34620	-2576.283	-2785.617	209.3341	1.04301	0.0845145	0.681337	0.318663	4.225589
34626	-2579.534	-2787.956	208.4219	1.212796	0.06978445	0.494621	0.505379	4.682474
34632	-2582.991	-2792.896	209.9056	1.155784	0.1153591	0.594035	0.405965	3.759494
34638	-2570.406	-2781.389	210.9833	1.13286	0.07478981	0.681153	0.318847	3.246752
34644	-2571.553	-2781.44	209.887	1.156794	0.08756817	0.502263	0.497737	3.83721
34650	-2573.698	-2784.078	210.3798	1.321129	0.07232422	0.548152	0.451848	3.497397
34656	-2585.526	-2796.176	210.6495	1.248795	0.05866178	0.507925	0.492075	3.420817
34662	-2576.319	-2786.642	210.3233	1.281902	0.07437128	0.507925	0.492075	3.547497
34668	-2589.317	-2800.708	211.3914	1.442462	0.1186376	0.568402	0.431598	2.701546
34674	-2594.668	-2804.559	209.8909	1.31862	0.1186376	0.685601	0.314399	3.666385
34680	-2584.099	-2794.172	210.0734	1.31862	0.09157128	0.476006	0.523994	3.625896
34686	-2575.55	-2786.195	210.6447	1.258728	0.07032463	0.667028	0.332972	3.384499
34692	-2587.063	-2795.592	208.5299	1.013133	0.09432287	0.567819	0.432181	4.671004
34698	-2585.847	-2794.372	208.5252	1.133885	0.06895866	0.626862	0.373138	4.671004
34704	-2577.159	-2787.701	210.542	1.24471	0.07390551	0.626862	0.373138	3.442898
34710	-2575.21	-2785.79	210.5796	1.207058	0.07390551	0.632134	0.367866	3.442898
34716	-2573.515	-2784.198	210.683	1.155007	0.06323864	0.725536	0.274464	3.442898
34722	-2581.565	-2792.065	210.5	1.24184	0.08359791	0.613303	0.386697	3.442898
34728	-2585.505	-2796.03	210.5245	1.209558	0.1008917	0.448028	0.551972	3.403078
34734	-2588.434	-2799.383	210.9492	1.13144	0.09760411	0.528488	0.471512	3.207116
34740	-2595.472	-2806.157	210.6841	1.292568	0.1231382	0.49024	0.50976	3.207116
34746	-2582.442	-2793.287	210.8457	1.294672	0.1262403	0.49024	0.50976	3.102773
34752	-2576.718	-2786.784	210.066	1.314632	0.0736802	0.619141	0.380859	3.679714
34758	-2576.834	-2787.193	210.3589	1.276638	0.08715959	0.43502	0.56498	3.495631
34764	-2587.429	-2797.787	210.3582	1.400348	0.07939625	0.47773	0.52227	3.444393
34770	-2595.211	-2805.12	209.909	1.262007	0.1007253	0.533133	0.466867	3.730929
34776	-2591.345	-2799.093	207.7477	1.09172	0.09876504	0.64226	0.35774	5.052492
34782	-2595.995	-2806.379	210.3838	1.405456	0.09536219	0.566535	0.433465	3.384552
34788	-2595.877	-2806.732	210.8546	1.376147	0.07774486	0.510873	0.489127	3.170721
34794	-2594.173	-2806.188	212.0146	1.376147	0.1155049	0.631689	0.368311	2.36221
34800	-2586.237	-2796.152	209.9149	1.442282	0.09411144	0.601974	0.398026	3.639636
34806	-2592.701	-2802.883	210.1824	1.401203	0.06640035	0.619251	0.380749	3.582219
34812	-2581.599	-2791.278	209.6787	1.313092	0.07362417	0.619251	0.380749	3.903855
34818	-2588.374	-2796.433	208.0595	1.176345	0.1038635	0.606025	0.393975	4.819973
34824	-2577.228	-2785.48	208.2514	1.157221	0.06564073	0.488372	0.511628	4.819973
34830	-2577.929	-2787.46	209.5315	1.281221	0.07495514	0.638249	0.361751	4.002764
34836	-2591.032	-2797.422	206.39	1.074709	0.05397917	0.521511	0.478489	5.923856
34842	-2591.593	-2800.034	208.4404	1.264374	0.05397917	0.584519	0.415481	4.686678
34848	-2589.081	-2798.082	209.0005	1.118797	0.07447398	0.533578	0.466422	4.397647
34854	-2594.542	-2804.144	209.6014	1.069893	0.076561	0.589726	0.410274	4.079172
34860	-2584.365	-2791.471	207.1061	1.017275	0.0619883	0.623176	0.376824	5.541227
34866	-2576.929	-2784.645	207.7168	0.9891467	0.08313644	0.593683	0.406317	5.164666
34872	-2602.729	-2810.19	207.4605	1.209079	0.0753158	0.730198	0.269802	5.204754
34878	-2595.461	-2803.808	208.3473	0.9973593	0.07815106	0.730198	0.269802	4.822448
34884	-2594.545	-2804.455	209.91	1.385412	0.0960661	0.700375	0.299625	3.670526
34890	-2598.066	-2808.363	210.297	1.10453	0.05427738	0.556648	0.443352	3.722394
34896	-2585.518	-2793.753	208.2353	1.042187	0.0818985	0.532444	0.467556	4.850316
34902	-2578.575	-2787.616	209.041	0.9524748	0.105951	0.546074	0.453926	4.390105
34908	-2574.967	-2785.05	210.083	1.337601	0.05715708	0.546074	0.453926	3.703063
34914	-2594.132	-2805.434	211.3021	1.386047	0.08723457	0.403711	0.596289	2.870641
34920	-2588.068	-2797.979	209.9112	1.341182	0.09113096	0.554032	0.445968	3.707856
34926	-2587.083	-2798.429	211.3458	1.36128	0.07888913	0.584286	0.415714	2.882191
34932	-2584.213	-2795.031	210.8179	1.36128	0.1125087	0.544617	0.455383	3.111763
34938	-2596.551	-2807.692	211.1411	1.247029	0.1076594	0.523713	0.476287	2.998671
34944	-2597.07	-2806.385	209.3149	1.238799	0.07719501	0.523713	0.476287	4.144405
34950	-2583.245	-2793.738	210.493	1.29419	0.1098852	0.523713	0.476287	3.34997
34956	-2592.175	-2802.661	210.4865	1.238824	0.1255401	0.612513	0.387487	3.34997
34962	-2591.419	-2799.603	208.1833	1.017638	0.07684717	0.470908	0.529092	4.905922
34968	-2589.196	-2797.204	208.0089	1.187039	0.07792293	0.668698	0.331302	4.905922
34974	-2587.527	-2796.268	208.7414	1.080066	0.1096982	0.519139	0.480861	4.478375
34980	-2581.411	-2789.955	208.5435	1.196138	0.08030281	0.605206	0.394794	4.595938
34986	-2585.158	-2794.26	209.1018	1.10152	0.1288246	0.563919	0.436081	4.220183
34992	-2588.064	-2796.187	208.1226	1.190336	0.08920972	0.563919	0.436081	4.81218
34998	-2578.039	-2787.18	209.1405	1.204065	0.1052392	0.526976	0.473024	4.1931
35004	-2585.915	-2794.984	209.0691	1.161151	0.1253376	0.54083	0.45917	4.212411
35010	-2566.601	-2776.803	210.2015	1.405904	0.08386672	0.624673	0.375327	3.520653
35016	-2589.849	-2799.115	209.2657	1.268675	0.06356311	0.620322	0.379678	4.192408
35022	-2572.249	-2781.797	209.5481	1.148544	0.07022101	0.620084	0.379916	4.081809
35028	-2566.602	-2774.567	207.9648	1.122455	0.0572959	0.515879	0.484121	5.021676
35034	-2577.8	-2786.552	208.7514	1.337173	0.07285785	0.609546	0.390454	4.41928
35040	-2572.375	-2782.701	210.3266	1.438289	0.07097799	0.652683	0.347317	3.463748
35046	-2577.246	-2786.539	209.2925	1.273495	0.07969087	0.684398	0.315602	4.130825
35052	-2573.834	-2783.455	209.6212	1.395167	0.06941272	0.684597	0.315403	3.90123
35058	-2598.082	-2808.022	209.9401	1.147691	0.07805606	0.508159	0.491841	3.836794
35064	-2594.536	-2802.89	208.3544	0.9765219	0.08924316	0.569573	0.430427	4.802047
35070	-2582.586	-2791.834	209.248	1.03827	0.07218183	0.569573	0.430427	4.309419
35076	-2581.529	-2792.245	210.7162	1.343109	0.08822701	0.640005	0.359995	3.24399
35082	-2584.327	-2795.122	210.795	1.343109	0.06355039	0.525914	0.474086	3.265649
35088	-2589.066	-2799.927	210.8611	1.276991	0.06355039	0.696404	0.303596	3.265649
35094	-2601.213	-2809.8	208.5877	1.382929	0.03959649	0.682588	0.317412	4.577898
35100	-2611.878	-2820.716	208.8388	1.132097	0.07278351	0.622299	0.377701	4.485775
35106	-2610.046	-2820.481	210.4349	1.081376	0.1392807	0.531239	0.468761	3.442461
35112	-2584.636	-2793.274	208.6386	1.181318	0.05349416	0.564405	0.435595	4.623543
35118	-2600.001	-2808.246	208.2446	1.04781	0.0709924	0.702372	0.297628	4.870376
35124	-2582.808	-2790.097	207.2888	0.9928523	0.07610576	0.702372	0.297628	5.416845
35130	-2586.979	-2795.293	208.3138	1.233204	0.111248	0.565776	0.434224	4.629003
35136	-2595.414	-2802.444	207.0305	1.235074	0.09250663	0.587514	0.412486	5.384825
35142	-2587.716	-2795.026	207.3094	0.986677	0.07821663	0.660076	0.339924	5.403489
35148	-2585.374	-2793.893	208.5194	1.085368	0.05892907	0.660076	0.339924	4.728844
35154	-2608.557	-2819.276	210.7189	1.147027	0.1116387	0.488635	0.511365	3.299437
35160	-2602.847	-2812.497	209.6498	1.10716	0.1014371	0.597031	0.402969	3.967138
35166	-2611.843	-2819.894	208.0505	1.10062	0.0896211	0.533394	0.466606	4.901353
35172	-2598.467	-2806.963	208.496	1.222648	0.1129964	0.542593	0.457407	4.528688
35178	-2598.706	-2807.228	208.5219	1.189353	0.08521531	0.670033	0.329967	4.599321
35184	-2583.58	-2793.767	210.1867	1.077759	0.08780706	0.576368	0.423632	3.709379
35190	-2590.021	-2797.508	207.4876	0.9999929	0.1004307	0.611404	0.388596	5.243408
35196	-2595.591	-2804.591	208.9995	1.136695	0.1523817	0.600503	0.399497	4.209781
35202	-2599.348	-2808.464	209.1168	1.192926	0.09217062	0.666839	0.333161	4.244504
35208	-2590.195	-2800.128	209.9329	1.224846	0.05504775	0.431288	0.568712	3.860596
35214	-2590.553	-2800.45	209.8973	1.284422	0.1457411	0.647211	0.352789	3.623773
35220	-2592.28	-2799.832	207.5518	1.135411	0.08031603	0.591535	0.408465	5.182168
35226	-2582.127	-2791.817	209.6896	1.061477	0.1224501	0.506979	0.493021	3.921858
35232	-2583.911	-2792.343	208.432	0.9985802	0.09200429	0.6387	0.3613	4.739554
35238	-2599.285	-2807.694	208.4087	1.052294	0.08518073	0.713572	0.286428	4.739554
35244	-2587.204	-2795.751	208.5462	0.9909064	0.0690688	0.435024	0.564976	4.738954
35250	-2581.871	-2790.914	209.0433	1.238778	0.09709628	0.550611	0.449389	4.248013
35256	-2581.822	-2790.479	208.6567	1.056017	0.07387277	0.742441	0.257559	4.62788
35262	-2581.573	-2790.437	208.8644	1.140246	0.07611889	0.613044	0.386956	4.457908
35268	-2580.497	-2788.8	208.3037	1.010584	0.07611889	0.692586	0.307414	4.844704
35274	-2586.815	-2795.929	209.1139	1.179853	0.07611889	0.536184	0.463816	4.294727
35280	-2577.787	-2785.575	207.7878	0.9784442	0.09457268	0.611377	0.388623	5.103079
35286	-2581.087	-2789.231	208.1437	1.206134	0.06719527	0.611377	0.388623	4.84853
35292	-2598.453	-2805.386	206.9334	1.060972	0.0520254	0.762134	0.237866	5.639302
35298	-2595.779	-2803.449	207.6695	1.007702	0.06874751	0.515799	0.484201	5.217804
35304	-2593.08	-2802.232	209.1525	0.8857903	0.06641535	0.530627	0.469373	4.464974
35310	-2587.234	-2795.87	208.6359	1.052023	0.09132135	0.528209	0.471791	4.597126
35316	-2590.695	-2801.776	211.0816	1.261539	0.1088049	0.566566	0.433434	3.022838
35322	-2601.961	-2811.291	209.3304	1.082704	0.1082225	0.656504	0.343496	4.147151
35328	-2595.022	-2804.402	209.3809	1.214397	0.06992942	0.579877	0.420123	4.140276
35334	-2607.129	-2816.626	209.4972	1.351122	0.07383712	0.708201	0.291799	3.985423
35340	-2597.398	-2807.693	210.2954	1.170377	0.1024909	0.454176	0.545824	3.555806
35346	-2590.924	-2801.054	210.1293	1.176335	0.1102676	0.454176	0.545824	3.630105
35352	-2584.289	-2792.367	208.0789	1.131792	0.08319566	0.617645	0.382355	4.884212
35358	-2589.354	-2797.716	208.3618	0.8671449	0.07921263	0.554653	0.445347	4.884212
35364	-2584.671	-2792.665	207.9945	0.8382245	0.07921263	0.686046	0.313954	5.10437
35370	-2580.089	-2788.095	208.0062	0.9428537	0.05512559	0.658347	0.341653	5.10437
35376	-2567.014	-2774.569	207.5546	1.073171	0.09426361	0.50092	0.49908	5.180506
35382	-2580.306	-2788.132	207.8264	1.212901	0.0433657	0.462551	0.537449	5.086959
35388	-2590.909	-2799.184	208.275	1.212901	0.03776615	0.589509	0.410491	4.852803
35394	-2604.338	-2813.708	209.3692	1.145185	0.09099041	0.589509	0.410491	4.131218
35400	-2601.079	-2810.04	208.9615	0.9977757	0.07142736	0.6022	0.3978	4.495892
35406	-2592.526	-2801.265	208.7385	0.9897498	0.06881445	0.569414	0.430586	4.632637
35412	-2582.975	-2790.474	207.4985	0.9737361	0.05049554	0.562014	0.437986	5.380759
35418	-2583.494	-2793.297	209.8028	1.395009	0.06654018	0.562014	0.437986	3.804931
35424	-2578.593	-2788.923	210.3294	1.19975	0.09778567	0.513238	0.486762	3.530516
35430	-2576.636	-2785.732	209.0956	1.19975	0.04535905	0.618951	0.381049	4.379068
35436	-2583.889	-2792.798	208.9084	1.214051	0.08087903	0.631215	0.368785	4.379068
35442	-2574.192	-2781.26	207.0679	0.9645783	0.05377099	0.743372	0.256628	5.613594
35448	-2583.31	-2791.744	208.4342	0.9725352	0.0829095	0.644656	0.355344	4.775601
35454	-2595.185	-2805.25	210.0649	1.155986	0.06837336	0.534188	0.465812	3.786559
35460	-2600.848	-2811.924	211.0766	1.61723	0.0519221	0.633595	0.366405	2.969069
35466	-2595.126	-2805.933	210.8078	1.351656	0.07922584	0.563842	0.436158	3.208898
35472	-2584.315	-2793.47	209.1552	1.230648	0.09502239	0.563842	0.436158	4.194233
35478	-2586.748	-2795.533	208.7847	1.253024	0.04916219	0.563842	0.436158	4.513458
35484	-2582.771	-2791.868	209.0964	1.168891	0.0804598	0.671003	0.328997	4.299398
35490	-2577.558	-2787.333	209.7754	1.174917	0.07442182	0.671003	0.328997	3.925483
35496	-2576.655	-2786.963	210.3085	1.442666	0.08133631	0.596594	0.403406	3.443489
35502	-2584.61	-2793.24	208.6298	1.295786	0.06407435	0.651335	0.348665	4.534827
35508	-2590.548	-2801.138	210.5904	1.46824	0.08475434	0.476997	0.523003	3.253616
35514	-2591.127	-2799.712	208.5852	1.198231	0.1395588	0.582168	0.417832	4.435036
35520	-2580.094	-2788.887	208.793	1.216653	0.08384645	0.54805	0.45195	4.435036
35526	-2579.654	-2786.754	207.1005	0.9809241	0.06902382	0.536659	0.463341	5.545505
35532	-2579.824	-2789.58	209.7559	1.214511	0.07997783	0.53697	0.46303	3.89911
35538	-2580.888	-2792.332	211.4435	1.265196	0.122442	0.598364	0.401636	2.769044
35544	-2579.009	-2789.905	210.8964	1.43248	0.0761913	0.633195	0.366805	3.116683
35550	-2575.439	-2786.47	211.0306	1.250503	0.08661141	0.65378	0.34622	3.116683
35556	-2575.779	-2785.849	210.0706	1.163427	0.06394274	0.589898	0.410102	3.7914
35562	-2583.171	-2794.041	210.8706	1.33655	0.06875754	0.668809	0.331191	3.209918
35568	-2586.86	-2796.824	209.9638	1.130111	0.09902326	0.623496	0.376504	3.779551
35574	-2585.189	-2794.62	209.4314	1.125938	0.1230569	0.450054	0.549946	4.031295
35580	-2588.543	-2795.837	207.294	0.8631484	0.1010172	0.528238	0.471762	5.424397
35586	-2577.962	-2785.288	207.3262	0.8788335	0.1023346	0.601376	0.398624	5.394905
35592	-2602.2	-2809.605	207.4051	1.115384	0.07162202	0.462115	0.537885	5.296833
35598	-2599.195	-2808.189	208.9933	0.9853768	0.0980535	0.519984	0.480016	4.417209
35604	-2585.897	-2795.03	209.1325	1.004332	0.08640918	0.589495	0.410505	4.356775
35610	-2573.831	-2782.942	209.1112	1.215624	0.05638371	0.541883	0.458117	4.330056
35616	-2584.327	-2793.301	208.9734	1.215624	0.1196071	0.541883	0.458117	4.248415
35622	-2577.376	-2787.114	209.738	1.202062	0.06575218	0.57687	0.42313	3.955113
35628	-2595.184	-2804.025	208.8409	1.015011	0.07843051	0.57687	0.42313	4.535545
35634	-2587.26	-2796.025	208.7654	1.015011	0.06181433	0.62044	0.37956	4.62249
35640	-2589.974	-2799.944	209.9696	1.111366	0.06039414	0.495642	0.504358	3.889405
35646	-2584.782	-2793.443	208.6611	1.03583	0.1136302	0.508171	0.491829	4.539464
35652	-2584.254	-2792.775	208.5216	1.104941	0.1136302	0.601186	0.398814	4.578958
35658	-2575.912	-2784.653	208.7414	0.919882	0.1051286	0.601186	0.398814	4.578958
35664	-2578.36	-2787.395	209.0343	1.135859	0.1237394	0.59381	0.40619	4.250009
35670	-2590.855	-2800.39	209.5351	0.9806412	0.07521928	0.482402	0.517598	4.171255
35676	-2585.799	-2795.156	209.3571	1.060126	0.08045372	0.562343	0.437657	4.213375
35682	-2576.734	-2784.012	207.2787	1.008067	0.06166018	0.587867	0.412133	5.452272
35688	-2567.744	-2775.905	208.1615	0.9557663	0.07688828	0.628569	0.371431	4.952375
35694	-2580.835	-2790.274	209.4386	1.049506	0.1132346	0.653649	0.346351	4.092903
35700	-2566.872	-2777.289	210.4176	1.255564	0.07348082	0.625806	0.374194	3.510398
35706	-2575.313	-2784.663	209.3499	1.18012	0.09615478	0.534055	0.465945	4.109541
35712	-2588.496	-2799.442	210.9457	1.24638	0.04913617	0.53915	0.46085	3.276161
35718	-2591.668	-2801.097	209.4291	1.032671	0.07856684	0.598327	0.401673	4.192995
35724	-2590.658	-2800.387	209.7293	1.032671	0.1051378	0.631099	0.368901	3.955417
35730	-2585.098	-2795.28	210.1827	1.149558	0.07660149	0.541578	0.458422	3.699765
35736	-2588.227	-2797.353	209.1265	1.108338	0.08370279	0.538092	0.461908	4.308259
35742	-2592.453	-2800.335	207.8821	1.119107	0.03722988	0.517313	0.482687	5.124732
35748	-2582.561	-2790.534	207.9726	0.8188785	0.07748369	0.654512	0.345488	5.131696
35754	-2587.778	-2797.015	209.237	0.9634586	0.06859836	0.521373	0.478627	4.367636
35760	-2582.15	-2791.061	208.9114	0.9784044	0.1153909	0.530244	0.469756	4.42693
35766	-2598.681	-2806.568	207.8875	0.9558165	0.1208593	0.494969	0.505031	5.000272
35772	-2593.941	-2801.986	208.0453	1.048462	0.06318581	0.615911	0.384089	5.001899
35778	-2604.991	-2810.803	205.8112	0.912346	0.08038222	0.64369	0.35631	6.258178
35784	-2595.624	-2803.731	208.1072	1.02816	0.09147314	0.662783	0.337217	4.905564
35790	-2586.212	-2795.263	209.0515	1.22425	0.07514054	0.509714	0.490286	4.307485
35796	-2585.683	-2793.964	208.2806	0.9727159	0.08781349	0.378198	0.621802	4.848899
35802	-2597.725	-2804.752	207.0273	0.8763766	0.08781349	0.593274	0.406726	5.595281
35808	-2601.734	-2809.832	208.0978	0.9300573	0.08781349	0.505799	0.494201	4.974393
35814	-2590.073	-2796.754	206.6803	0.9397457	0.1108389	0.64853	0.35147	5.697127
35820	-2590.153	-2797.306	207.1527	0.9855272	0.08062241	0.543696	0.456304	5.484266
35826	-2587.927	-2796.861	208.9331	1.075219	0.07376259	0.546466	0.453534	4.462081
35832	-2591.135	-2799.955	208.8207	1.04643	0.08246723	0.638646	0.361354	4.518773
35838	-2599.421	-2808.159	208.7383	1.04643	0.1012461	0.433187	0.566813	4.518773
35844	-2604.555	-2812.815	208.26	0.9484609	0.08144268	0.573868	0.426132	4.889914
35850	-2620.965	-2827.919	206.9534	0.9224228	0.07539237	0.604076	0.395924	5.641788
35856	-2596.394	-2803.795	207.4015	0.8977253	0.08309661	0.657011	0.342989	5.389417
35862	-2588.393	-2795.645	207.2527	0.9774683	0.09875437	0.495243	0.504757	5.389417
35868	-2592.096	-2802.149	210.0527	1.149178	0.1093872	0.610779	0.389221	3.692304
35874	-2592.338	-2800.832	208.4944	1.046793	0.08943002	0.523841	0.476159	4.684068
35880	-2591.319	-2800.302	208.9832	1.046793	0.1236269	0.586692	0.413308	4.329569
35886	-2594.627	-2803.589	208.9619	1.090505	0.0980403	0.70418	0.29582	4.375642
35892	-2597.08	-2805.378	208.2981	1.090898	0.07046153	0.493123	0.506877	4.817948
35898	-2600.381	-2806.861	206.4803	1.017904	0.09292065	0.585639	0.414361	5.805178
35904	-2592.996	-2801.258	208.2616	1.101577	0.0739948	0.594774	0.405226	4.822985
35910	-2590.707	-2799.932	209.2251	1.154373	0.08096561	0.689777	0.310223	4.23345
35916	-2583.025	-2791.645	208.6207	1.009698	0.08018708	0.689777	0.310223	4.65751
35922	-2584.132	-2792.874	208.7419	1.001713	0.0566446	0.560754	0.439246	4.65751
35928	-2581.994	-2791.326	209.3319	1.0384	0.06353177	0.560754	0.439246	4.285488
35934	-2596.23	-2803.963	207.7324	1.0384	0.07391222	0.77736	0.22264	5.152417
35940	-2587.225	-2793.721	206.4962	0.8150525	0.08397666	0.55982	0.44018	5.929079
35946	-2585.804	-2793.023	207.2186	0.8691635	0.1009503	0.415861	0.584139	5.462753
35952	-2584.455	-2793.264	208.8095	0.9626767	0.1009503	0.684909	0.315091	4.526529
35958	-2601.542	-2809.677	208.135	0.9968073	0.06429786	0.545396	0.454604	4.977734
35964	-2578.295	-2785.772	207.4767	1.183254	0.07348791	0.571614	0.428386	5.214858
35970	-2594.537	-2802.623	208.0859	1.156874	0.08720414	0.571614	0.428386	4.856294
35976	-2585.699	-2793.653	207.9541	1.108313	0.09906446	0.552269	0.447731	4.927902
35982	-2595.828	-2806.381	210.5529	1.064925	0.08596525	0.576478	0.423522	3.50906
35988	-2580.009	-2790.216	210.2062	1.21612	0.08701731	0.615114	0.384886	3.620003
35994	-2577.065	-2786.719	209.6541	1.253266	0.07990291	0.528641	0.471359	3.93542
36000	-2569.064	-2778.495	209.4305	1.253266	0.1242341	0.57338	0.42662	3.956437
36006	-2593.46	-2801.936	208.4761	1.234415	0.0753767	0.66381	0.33619	4.625149
36012	-2584.787	-2793.712	208.9258	1.234415	0.1055827	0.554481	0.445519	4.296787
36018	-2591.488	-2800.433	208.9456	1.234415	0.1067067	0.587898	0.412102	4.282911
36024	-2590.964	-2799.795	208.8307	1.262065	0.05708464	0.631771	0.368229	4.46017
36030	-2600.573	-2809.661	209.0874	0.9266813	0.06222015	0.748009	0.251991	4.490131
36036	-2596.903	-2805.111	208.2076	1.075917	0.089178	0.600672	0.399328	4.828657
36042	-2601.109	-2809.224	208.115	0.9889869	0.08916401	0.651738	0.348262	4.928711
36048	-2589.016	-2798.75	209.7346	1.130662	0.08916401	0.627267	0.372733	3.935575
36054	-2593.571	-2803.131	209.5602	1.130662	0.1319736	0.489229	0.510771	3.935575
36060	-2581.274	-2790.606	209.3313	1.020552	0.1319736	0.549758	0.450242	4.129091
36066	-2591.84	-2800.638	208.7983	1.020552	0.08725186	0.549758	0.450242	4.533788
36072	-2576.641	-2785.383	208.7414	1.05022	0.08725186	0.488302	0.511698	4.549077
36078	-2594.519	-2802.677	208.1577	0.9777839	0.08270118	0.711984	0.288016	4.927349
36084	-2582.75	-2790.137	207.3874	1.00899	0.06216406	0.656882	0.343118	5.390511
36090	-2583.39	-2792.305	208.9146	1.00899	0.06651623	0.656882	0.343118	4.52925
36096	-2590.675	-2799.897	209.2215	1.192782	0.06322584	0.645744	0.354256	4.261442
36102	-2593.549	-2801.574	208.0246	1.071283	0.06990903	0.490336	0.509664	4.982626
36108	-2589.769	-2798.228	208.4599	1.065248	0.09053666	0.67444	0.32556	4.690323
36114	-2580.611	-2787.67	207.0591	0.8936141	0.09968893	0.500723	0.499277	5.539968
36120	-2596.503	-2803.418	206.9155	1.055403	0.09543739	0.717751	0.282249	5.539968
36126	-2592.309	-2801.417	209.108	1.226112	0.1031868	0.654859	0.345141	4.203857
36132	-2602.082	-2811.385	209.3038	1.216959	0.09198792	0.654859	0.345141	4.125082
36138	-2593.961	-2803.288	209.327	1.043965	0.1089044	0.654859	0.345141	4.169521
36144	-2588.314	-2799.455	211.1405	1.255579	0.08013237	0.619544	0.380456	3.065661
36150	-2577.898	-2788.977	211.0786	1.296081	0.06894881	0.65487	0.34513	3.10984
36156	-2583.194	-2795.145	211.9512	1.427527	0.09407589	0.65487	0.34513	2.42619
36162	-2581.04	-2791.286	210.2467	1.114185	0.06227831	0.559246	0.440754	3.72292
36168	-2582.179	-2791.054	208.8752	1.077443	0.06227831	0.536205	0.463795	4.524519
36174	-2589.157	-2798.679	209.5218	1.046037	0.103563	0.62296	0.37704	4.070069
36180	-2582.638	-2791.585	208.9468	1.057521	0.0764813	0.472188	0.527812	4.457109
36186	-2587.87	-2796.024	208.1537	1.045	0.07479539	0.472188	0.527812	4.912526
36192	-2585.445	-2794.266	208.8209	1.06954	0.07747472	0.524936	0.475064	4.518608
36198	-2591.532	-2800.549	209.017	1.06954	0.07797434	0.534146	0.465854	4.406884
36204	-2595.508	-2803.558	208.0497	0.9961462	0.06294669	0.652171	0.347829	5.029188
36210	-2583.801	-2795.019	211.218	1.191824	0.1064657	0.685235	0.314765	2.988575
36216	-2580.426	-2790.117	209.6909	1.198737	0.08871844	0.47537	0.52463	3.922738
36222	-2580.036	-2790.103	210.0677	1.157233	0.0896374	0.54378	0.45622	3.727532
36228	-2585.224	-2795.365	210.1405	1.132346	0.07904334	0.538814	0.461186	3.727532
36234	-2581.776	-2791.913	210.1368	1.127271	0.08828941	0.497535	0.502465	3.708383
36240	-2581.785	-2792.09	210.3045	1.206787	0.1354381	0.491827	0.508173	3.453588
36246	-2591.283	-2802.707	211.4237	1.356903	0.08708336	0.353556	0.646444	2.814972
36252	-2580.669	-2791.606	210.9366	1.356903	0.08504632	0.440649	0.559351	3.113476
36258	-2593.117	-2803.199	210.0821	1.141118	0.08504632	0.697913	0.302087	3.740327
36264	-2585.205	-2795.849	210.6447	1.186605	0.07625029	0.697913	0.302087	3.410364
36270	-2582.986	-2791.484	208.4971	1.190986	0.1004342	0.620836	0.379164	4.575
36276	-2586.763	-2795.724	208.9606	0.9075103	0.06121008	0.636126	0.363874	4.575
36282	-2589.429	-2797.943	208.5135	0.9075103	0.1016208	0.628465	0.371535	4.721794
36288	-2594.999	-2803.47	208.4719	0.9075103	0.1113469	0.549749	0.450251	4.722621
36294	-2588.155	-2796.677	208.5219	1.10798	0.05611446	0.676462	0.323538	4.722621
36300	-2590.226	-2798.304	208.0785	1.120617	0.09043265	0.516701	0.483299	4.872623
36306	-2580.4	-2789.956	209.5561	1.120617	0.07708904	0.638165	0.361835	4.074687
36312	-2580.354	-2789.816	209.4625	1.24433	0.05248331	0.559102	0.440898	4.125662
36318	-2574.005	-2784.23	210.2245	1.252444	0.07649959	0.559102	0.440898	3.616229
36324	-2579.873	-2787.879	208.0061	1.047246	0.08406139	0.559102	0.440898	4.969611
36330	-2598.824	-2810.742	211.9176	1.456077	0.05719604	0.455273	0.544727	2.537407
36336	-2589.74	-2801.384	211.6434	1.563994	0.09261579	0.501204	0.498796	2.537407
36342	-2586.607	-2797.711	211.1043	1.438102	0.07816509	0.655878	0.344122	2.983494
36348	-2591.365	-2802.334	210.9687	1.438102	0.09722529	0.659494	0.340506	3.013779
36354	-2588.541	-2799.488	210.9467	1.391036	0.06546518	0.743402	0.256598	3.141872
36360	-2598.426	-2807.857	209.4317	1.149988	0.1538552	0.537569	0.462431	3.953043
36366	-2580.212	-2790.163	209.9511	1.149988	0.1094078	0.60132	0.39868	3.750481
36372	-2585.31	-2794.803	209.4927	1.113607	0.09526879	0.57978	0.42022	4.068236
36378	-2580.314	-2788.741	208.4269	1.09913	0.09526879	0.57978	0.42022	4.678228
36384	-2582.08	-2792.145	210.0656	1.327533	0.08167448	0.507183	0.492817	3.650961
36390	-2587.646	-2799.024	211.3778	1.329845	0.08167448	0.647549	0.352451	2.87409
36396	-2587.013	-2797.841	210.8282	1.342258	0.159725	0.474322	0.525678	3.012798
36402	-2576.752	-2786.945	210.193	1.16177	0.0665318	0.70669	0.29331	3.714449
36408	-2580.433	-2789.784	209.3509	1.172207	0.09474932	0.507151	0.492849	4.116888
36414	-2586.74	-2795.962	209.2227	1.115505	0.1415225	0.599908	0.400092	4.116888
36420	-2580.458	-2790.127	209.6692	1.209865	0.06785728	0.589989	0.410011	3.984165
36426	-2571.56	-2780.368	208.808	1.08231	0.05214929	0.633055	0.366945	4.587823
36432	-2572.685	-2781.148	208.4634	1.218516	0.06025149	0.633111	0.366889	4.681995
36438	-2581.108	-2790.359	209.2511	0.9351106	0.07772884	0.648051	0.351949	4.351252
36444	-2586.029	-2795.111	209.0823	1.175198	0.0737511	0.582386	0.417614	4.321515
36450	-2589.114	-2798.315	209.2009	1.175198	0.07842796	0.582386	0.417614	4.241998
36456	-2577.797	-2787.922	210.1251	1.355531	0.09402697	0.582386	0.417614	3.568214
36462	-2582.831	-2793.169	210.3373	1.230078	0.1238255	0.4798	0.5202	3.446455
36468	-2580.208	-2790.564	210.3553	1.184703	0.1107539	0.768184	0.231816	3.492676
36474	-2586.058	-2794.584	208.5257	1.209567	0.0858094	0.718111	0.281889	4.584332
36480	-2592.75	-2801.299	208.5488	1.136449	0.06771278	0.664375	0.335625	4.659736
36486	-2596.429	-2805.595	209.1663	1.12395	0.1280261	0.484763	0.515237	4.172569
36492	-2584.452	-2792.778	208.3262	1.12395	0.08612892	0.43016	0.56984	4.743213
36498	-2574.691	-2784.4	209.7095	1.12395	0.1036251	0.544117	0.455883	3.918102
36504	-2591.684	-2799.509	207.8245	1.197354	0.1017517	0.544117	0.455883	4.944096
36510	-2572.705	-2780.415	207.7101	1.000968	0.08771129	0.617166	0.382834	5.150391
36516	-2573.624	-2782.597	208.9737	1.129787	0.05984654	0.549232	0.450768	4.446424
36522	-2577.225	-2786.322	209.097	1.232921	0.05952969	0.611901	0.388099	4.319504
36528	-2577.976	-2785.92	207.9444	1.077231	0.07166074	0.548188	0.451812	5.019237
36534	-2578.614	-2786.905	208.2915	1.077231	0.08618092	0.555685	0.444315	4.788576
36540	-2577.547	-2785.773	208.2255	0.9062463	0.06262993	0.589365	0.410635	4.982331
36546	-2585.737	-2793.505	207.7681	1.104165	0.07219515	0.518594	0.481406	5.100698
36552	-2592.196	-2799.336	207.1399	0.7976112	0.08730805	0.652487	0.347513	5.577934
36558	-2590.003	-2797.104	207.1006	0.8465777	0.08516962	0.652487	0.347513	5.577934
36564	-2588.947	-2797.314	208.3674	0.9736574	0.07407454	0.509126	0.490874	4.835098
36570	-2593.906	-2802.973	209.0666	0.9547167	0.1354689	0.701577	0.298423	4.309219
36576	-2616.477	-2824.585	208.1076	1.002896	0.08441767	0.505857	0.494143	4.936931
36582	-2594.087	-2802.52	208.4331	0.9461244	0.09458097	0.575846	0.424154	4.762023
36588	-2593.108	-2801.127	208.0193	0.9303382	0.1039244	0.497814	0.502186	4.979196
36594	-2595.176	-2804.512	209.3362	1.005403	0.08936617	0.514588	0.485412	4.233388
36600	-2590.378	-2798.159	207.7806	1.11586	0.07535655	0.605932	0.394068	5.078979
36606	-2576.672	-2785.35	208.6781	1.112142	0.09358915	0.590163	0.409837	4.534125
36612	-2584.468	-2792.515	208.0469	1.020696	0.1195679	0.482211	0.517789	4.878318
36618	-2599.603	-2807.495	207.8919	1.03157	0.1727432	0.596658	0.403342	4.853051
36624	-2586.405	-2795.432	209.0266	1.109915	0.1033398	0.532032	0.467968	4.315453
36630	-2583.588	-2791.226	207.6379	0.9661879	0.1109728	0.61417	0.38583	5.154807
36636	-2590.593	-2798.986	208.3926	1.043672	0.1047564	0.510488	0.489512	4.705931
36642	-2586.201	-2794.946	208.7451	1.024327	0.1104457	0.612034	0.387966	4.505957
36648	-2592.59	-2801.91	209.3201	1.151057	0.09414211	0.50618	0.49382	4.147985
36654	-2599.335	-2809.551	210.2156	1.151045	0.09414211	0.50618	0.49382	3.634077
36660	-2587.663	-2796.377	208.7131	1.04457	0.1206759	0.50618	0.49382	4.489613
36666	-2597.545	-2808.359	210.8142	1.168899	0.130366	0.541852	0.458148	3.186958
36672	-2582.417	-2790.51	208.0926	1.144403	0.0626653	0.368844	0.631156	4.923671
36678	-2583.876	-2792.224	208.348	0.8639465	0.06781243	0.500388	0.499612	4.923671
36684	-2580.444	-2789.548	209.1044	1.269362	0.05195893	0.499248	0.500752	4.316058
36690	-2595.469	-2803.57	208.1008	1.143204	0.1056367	0.592564	0.407436	4.811316
36696	-2580.614	-2789.395	208.7807	0.9651048	0.07531957	0.666523	0.333477	4.605491
36702	-2589.223	-2797.473	208.2498	1.052709	0.0918005	0.606362	0.393638	4.811607
36708	-2589.48	-2798.561	209.0807	1.089014	0.06484994	0.655832	0.344168	4.395245
36714	-2579.908	-2789.342	209.4334	1.208564	0.06355845	0.531266	0.468734	4.131265
36720	-2574.785	-2784.949	210.1645	1.119448	0.09023076	0.576556	0.423444	3.691884
36726	-2574.018	-2783.904	209.8859	1.25669	0.08386225	0.426116	0.573884	3.789942
36732	-2593.469	-2801.913	208.444	1.033319	0.09273922	0.635935	0.364065	4.711633
36738	-2594.047	-2802.733	208.6856	1.018055	0.07654199	0.613977	0.386023	4.625904
36744	-2581.49	-2790.351	208.8606	1.007607	0.08386127	0.564693	0.435307	4.514619
36750	-2609.325	-2819.686	210.3607	1.14949	0.06714333	0.63939	0.36061	3.622765
36756	-2611.353	-2820.14	208.7866	1.224833	0.08528518	0.683406	0.316594	4.430363
36762	-2585.058	-2794.33	209.2723	1.084132	0.1177119	0.506127	0.493873	4.157636
36768	-2579.742	-2789.02	209.2783	1.151235	0.07194539	0.598812	0.401188	4.22894
36774	-2583.752	-2793.097	209.3454	1.080853	0.07263919	0.627271	0.372729	4.22894
36780	-2590.89	-2800.063	209.1736	1.330632	0.06942081	0.5746	0.4254	4.193427
36786	-2590.075	-2799.104	209.0291	1.063126	0.06942081	0.5746	0.4254	4.426436
36792	-2582.445	-2791.648	209.2031	1.219239	0.09806688	0.705011	0.294989	4.166099
36798	-2577.377	-2785.071	207.6942	0.9974692	0.07493006	0.43389	0.56611	5.193527
36804	-2576.458	-2785.039	208.5805	1.115379	0.07376404	0.547856	0.452144	4.637573
36810	-2580.519	-2790.316	209.7969	1.115379	0.07376404	0.554242	0.445758	3.949005
36816	-2581.425	-2790.344	208.9193	1.170622	0.09738842	0.475703	0.524297	4.356041
36822	-2577.27	-2785.808	208.5382	1.006933	0.06741982	0.648111	0.351889	4.738912
36828	-2573.427	-2783.507	210.08	1.163792	0.07335013	0.501166	0.498834	3.759692
36834	-2575.292	-2784.898	209.6063	1.13376	0.07335013	0.647345	0.352655	4.048576
36840	-2576.995	-2786.543	209.5479	1.262521	0.05883426	0.647345	0.352655	4.048576
36846	-2587.581	-2796.72	209.139	1.030213	0.1058823	0.440325	0.559675	4.290972
36852	-2582.424	-2790.527	208.1032	0.9883054	0.07057398	0.613887	0.386113	4.983303
36858	-2581.692	-2792.768	211.0756	1.095115	0.1165382	0.601857	0.398143	3.107224
36864	-2585.162	-2794.201	209.0394	1.136568	0.08934889	0.621251	0.378749	4.327254
36870	-2570.594	-2778.606	208.012	1.186398	0.06830095	0.631835	0.368165	4.929939
36876	-2587.266	-2796.745	209.4788	1.171371	0.08026655	0.5503	0.4497	4.081403
36882	-2584.879	-2794.263	209.3841	1.227385	0.08882079	0.518019	0.481981	4.081403
36888	-2571.78	-2781.87	210.0904	1.161747	0.09739277	0.581644	0.418356	3.692275
36894	-2575.958	-2786.154	210.1959	1.13693	0.07926478	0.631028	0.368972	3.692275
36900	-2592.095	-2801.923	209.8282	1.063989	0.1134302	0.434602	0.565398	3.861302
36906	-2595.003	-2805.357	210.3538	1.169126	0.1011354	0.670419	0.329581	3.525848
36912	-2589.158	-2796.706	207.5485	1.169126	0.06692671	0.670419	0.329581	5.200332
36918	-2588.166	-2796.884	208.7179	1.078895	0.09960573	0.737097	0.262903	4.515876
36924	-2585.399	-2793.407	208.0078	1.078895	0.08123374	0.646815	0.353185	4.958242
36930	-2568.224	-2776.605	208.3803	1.082995	0.06563028	0.51854	0.48146	4.789476
36936	-2563.703	-2771.628	207.9247	0.902073	0.0598032	0.553326	0.446674	5.159229
36942	-2562.65	-2772.088	209.4373	1.085739	0.07606752	0.584394	0.415606	4.164838
36948	-2560.063	-2768.469	208.4063	1.074691	0.08312684	0.529696	0.470304	4.733557
36954	-2575.716	-2786.079	210.3632	1.078695	0.1203434	0.529696	0.470304	3.527542
36960	-2582.39	-2790.4	208.0098	1.064716	0.07926726	0.616334	0.383666	4.970019
36966	-2590.692	-2799.04	208.3476	1.065539	0.1061927	0.588734	0.411266	4.715546
36972	-2585.082	-2794.968	209.8867	1.174879	0.07934806	0.631921	0.368079	3.848401
36978	-2584.773	-2793.158	208.3842	1.081515	0.0842917	0.560171	0.439829	4.739128
36984	-2599.669	-2807.861	208.1915	0.9720796	0.1688819	0.560171	0.439829	4.726079
36990	-2591.918	-2803.016	211.0988	1.116511	0.1115588	0.624738	0.375262	3.092548
36996	-2602.704	-2812.768	210.0632	1.107924	0.1333351	0.752611	0.247389	3.656052
37002	-2607.175	-2816.756	209.5807	1.093671	0.09259087	0.434367	0.565633	4.036083
37008	-2599.722	-2809.727	210.0048	1.239389	0.07682812	0.490865	0.509135	3.750018
37014	-2574.093	-2783.242	209.1488	1.019953	0.07592412	0.565052	0.434948	4.365884
37020	-2586.569	-2795.591	209.0218	1.251164	0.05447128	0.609217	0.390783	4.365884
37026	-2580.401	-2789.415	209.0135	1.356881	0.03471066	0.513388	0.486612	4.365884
37032	-2586.018	-2793.249	207.2309	1.29153	0.04928206	0.586123	0.413877	5.356398
37038	-2585.874	-2794.297	208.4226	1.007151	0.08845357	0.465524	0.534476	4.748806
37044	-2601.656	-2811.436	209.7803	1.147714	0.08434369	0.587609	0.412391	3.911962
37050	-2578.008	-2787.51	209.5017	1.014952	0.07016911	0.491491	0.508509	4.18433
37056	-2571.221	-2779.681	208.4605	1.014952	0.0752359	0.627605	0.372395	4.75706
37062	-2577.878	-2786.032	208.1543	0.8721503	0.07528837	0.503984	0.496016	5.007041
37068	-2576.384	-2785.334	208.95	1.0834	0.09243759	0.653977	0.346023	4.40007
37074	-2576.741	-2787.126	210.3847	1.261802	0.09556725	0.680872	0.319128	3.467597
37080	-2585.455	-2795.633	210.1779	1.311675	0.08350127	0.479879	0.520121	3.59019
37086	-2580.531	-2790.505	209.9742	1.336762	0.07702492	0.544748	0.455252	3.710944
37092	-2580.258	-2790.726	210.4676	1.317186	0.1009542	0.622414	0.377586	3.373132
37098	-2584.035	-2795.249	211.2135	1.317186	0.0761622	0.622414	0.377586	2.996127
37104	-2587.107	-2797.189	210.0814	1.093149	0.08498186	0.487297	0.512703	3.76858
37110	-2583.22	-2791.431	208.2102	1.060252	0.1336002	0.511492	0.488508	4.735206
37116	-2575.973	-2784.47	208.4967	1.062508	0.06588617	0.511492	0.488508	4.735206
37122	-2579.752	-2789.744	209.9925	1.001282	0.06601852	0.511492	0.488508	3.923577
37128	-2579.18	-2787.753	208.5729	1.084478	0.07861878	0.591976	0.408024	4.646426
37134	-2565.485	-2772.553	207.0682	1.011118	0.08089199	0.61669	0.38331	5.515997
37140	-2578.638	-2788.634	209.9956	1.213602	0.09201072	0.42477	0.57523	3.730569
37146	-2579.73	-2789.059	209.3291	1.033589	0.08294997	0.751966	0.248034	4.237821
37152	-2583.344	-2791.97	208.626	1.039645	0.0942567	0.67501	0.32499	4.602455
37158	-2578.934	-2788.698	209.7638	1.144831	0.08911621	0.554131	0.445869	3.910806
37164	-2582.297	-2791.85	209.5527	1.123565	0.1478862	0.51953	0.48047	3.910806
37170	-2578.34	-2788.184	209.8438	1.076461	0.08651339	0.51953	0.48047	3.910806
37176	-2580.802	-2790.081	209.2785	0.8581428	0.0883751	0.583335	0.416665	4.351883
37182	-2578.45	-2787.483	209.0329	1.02252	0.1021027	0.571836	0.428164	4.364239
37188	-2582.117	-2791.07	208.9529	0.9238651	0.1097675	0.547637	0.452363	4.447061
37194	-2573.173	-2783.486	210.3138	1.234973	0.0880617	0.568707	0.431293	3.543834
37200	-2567.363	-2777.563	210.1996	1.311649	0.09263128	0.516704	0.483296	3.553895
37206	-2577.677	-2788.017	210.3394	1.248313	0.06148139	0.516704	0.483296	3.593835
37212	-2578.569	-2788.572	210.0035	1.282177	0.05089139	0.516704	0.483296	3.798969
37218	-2570.937	-2780.735	209.7975	1.038045	0.06660413	0.601053	0.398947	4.012506
37224	-2579.441	-2786.595	207.1538	0.9307585	0.05675772	0.562694	0.437306	5.576804
37230	-2581.318	-2790.168	208.8496	1.140568	0.0888658	0.455347	0.544653	4.433289
37236	-2584.182	-2793.593	209.4114	1.125206	0.07159806	0.529105	0.470895	4.169086
37242	-2575.736	-2785.902	210.1664	1.320125	0.07159806	0.477246	0.522754	3.624121
37248	-2581.37	-2791.542	210.1721	1.337083	0.06686356	0.42397	0.57603	3.624121
37254	-2588.062	-2797.749	209.6864	1.364075	0.06540136	0.620695	0.379305	3.892796
37260	-2580.905	-2790.808	209.9033	1.353397	0.05119601	0.580817	0.419183	3.814783
37266	-2605.331	-2816.863	211.5318	1.395817	0.1445185	0.554699	0.445301	2.583886
37272	-2583.369	-2795.059	211.6901	1.395817	0.07711644	0.612566	0.387434	2.655996
37278	-2592.133	-2802.966	210.8324	1.258469	0.1243113	0.558627	0.441373	3.136634
37284	-2591.172	-2801.293	210.1206	1.242691	0.08648926	0.590797	0.409203	3.655596
37290	-2590.256	-2801.64	211.3836	1.36605	0.08834305	0.619342	0.380658	2.830378
37296	-2595.224	-2806.38	211.1561	1.331389	0.0860202	0.561092	0.438908	2.994909
37302	-2581.261	-2791.874	210.6128	1.20751	0.1183663	0.469431	0.530569	3.310501
37308	-2596.559	-2805.389	208.8306	1.085418	0.08547103	0.700658	0.299342	4.483643
37314	-2579.878	-2789.465	209.5875	1.090247	0.08683354	0.539055	0.460945	4.048655
37320	-2588.582	-2798.204	209.6217	1.090247	0.07467357	0.495241	0.504759	4.060999
37326	-2569.153	-2778.717	209.5642	1.221398	0.05483104	0.607247	0.392753	4.074114
37332	-2593.678	-2802.604	208.926	1.146782	0.1051062	0.631109	0.368891	4.347298
37338	-2583.894	-2790.91	207.0163	0.9140317	0.08309145	0.604692	0.395308	5.592309
37344	-2589.477	-2798.976	209.4992	1.012079	0.123446	0.470511	0.529489	4.056731
37350	-2602.311	-2812.837	210.5254	1.005558	0.08752791	0.659297	0.340703	3.555612
37356	-2589.987	-2799.631	209.6443	1.128519	0.05607849	0.3612	0.6388	4.077823
37362	-2596.168	-2805.477	209.3086	1.154986	0.08144633	0.756057	0.243943	4.184442
37368	-2587.341	-2797.772	210.4309	1.151617	0.07969203	0.542916	0.457084	3.546285
37374	-2598.018	-2806.612	208.5942	1.132034	0.1148027	0.582635	0.417365	4.52036
37380	-2582.128	-2791.165	209.0371	1.132854	0.09918699	0.631805	0.368195	4.306481
37386	-2596.575	-2807.142	210.5674	1.295918	0.07866342	0.403248	0.596752	3.384985
37392	-2604.159	-2810.889	206.7292	1.118024	0.06714269	0.560791	0.439209	5.67904
37398	-2590.893	-2799.824	208.9302	1.12982	0.06977685	0.590888	0.409112	4.443632
37404	-2602.398	-2811.576	209.1782	1.098292	0.0897509	0.622139	0.377861	4.269331
37410	-2597.929	-2806.207	208.2774	1.126331	0.1019052	0.668928	0.331072	4.730803
37416	-2582.915	-2792.99	210.0754	1.147838	0.1014465	0.552559	0.447441	3.698977
37422	-2593.529	-2803.045	209.5158	1.281053	0.061024	0.464807	0.535193	4.050123
37428	-2581.535	-2790.159	208.624	1.043301	0.06837079	0.60139	0.39861	4.668025
37434	-2586.922	-2794.297	207.3748	1.081766	0.07561258	0.578185	0.421815	5.321704
37440	-2578.099	-2785.594	207.4947	0.9911083	0.06944978	0.580652	0.419348	5.321704
37446	-2587.637	-2795.011	207.3745	1.169362	0.06944978	0.444657	0.555343	5.289658
37452	-2586.882	-2796.723	209.8404	1.153805	0.1129418	0.538449	0.461551	3.803798
37458	-2580.163	-2789.098	208.9349	1.091106	0.07382781	0.641684	0.358316	4.451962
37464	-2604.051	-2814.626	210.575	1.196128	0.1214968	0.641684	0.358316	3.332214
37470	-2593.215	-2803.572	210.3571	1.290844	0.1101269	0.633999	0.366001	3.431088
37476	-2584.823	-2796.313	211.489	1.493429	0.1101269	0.548437	0.451563	2.631052
37482	-2583.325	-2794.377	211.0523	1.397387	0.0869014	0.541863	0.458137	3.015184
37488	-2592.942	-2803.76	210.8176	1.406449	0.1541321	0.721879	0.278121	2.99212
37494	-2590.891	-2800.129	209.2388	1.103724	0.0601869	0.567538	0.432462	4.310517
37500	-2590.785	-2800.042	209.2574	1.019736	0.1022401	0.567538	0.432462	4.238457
37506	-2571.566	-2780.92	209.3533	1.080729	0.06749906	0.552424	0.447576	4.238457
37512	-2574.504	-2782.322	207.8174	0.9483133	0.07844902	0.564497	0.435503	5.143452
37518	-2596.599	-2804.359	207.7599	0.8940823	0.1038275	0.564497	0.435503	5.143452
37524	-2593.899	-2802.406	208.5063	1.123755	0.08933685	0.605495	0.394505	4.634511
37530	-2595.555	-2803.551	207.9959	0.9485293	0.0851068	0.599653	0.400347	5.027476
37536	-2586.418	-2794.414	207.9961	0.9979568	0.07434342	0.559584	0.440416	5.027476
37542	-2580.46	-2791.001	210.5408	1.39596	0.09349834	0.564358	0.435642	3.302607
37548	-2583.738	-2792.836	209.0979	1.100579	0.09349834	0.581838	0.418162	4.304159
37554	-2589.839	-2798.487	208.6479	1.094104	0.09349834	0.551395	0.448605	4.561424
37560	-2600.36	-2807.339	206.9788	0.9915805	0.07980054	0.438492	0.561508	5.578622
37566	-2596.039	-2806.1	210.0605	1.13977	0.05964694	0.673324	0.326676	3.822965
37572	-2574.902	-2783.399	208.4969	1.129369	0.09783236	0.527466	0.472534	4.615903
37578	-2584.307	-2793.816	209.5092	0.9550553	0.09082107	0.573596	0.426404	4.160162
37584	-2587.231	-2794.579	207.3479	1.089868	0.0916737	0.573596	0.426404	5.291828
37590	-2579.261	-2787.483	208.2215	1.141613	0.09715187	0.479735	0.520265	4.764801
37596	-2569.43	-2777.808	208.3779	1.003164	0.09299406	0.522742	0.477258	4.764801
37602	-2585.244	-2793.57	208.3254	1.175597	0.06696498	0.439956	0.560044	4.764801
37608	-2587.098	-2795.997	208.8989	1.395623	0.06991573	0.568662	0.431338	4.310903
37614	-2580.335	-2789.916	209.5807	1.147377	0.09698558	0.615136	0.384864	3.994492
37620	-2572.043	-2781.678	209.6355	1.072883	0.1085599	0.576822	0.423178	3.978018
37626	-2585.646	-2794.875	209.229	1.186	0.06688725	0.576822	0.423178	4.250956
37632	-2583.396	-2791.49	208.0938	1.089399	0.1162776	0.653137	0.346863	4.821107
37638	-2577.603	-2786.622	209.0189	1.089399	0.06675652	0.552619	0.447381	4.424617
37644	-2578.191	-2788.345	210.1536	1.156305	0.0827986	0.629315	0.370685	3.696195
37650	-2601.67	-2810.73	209.0599	1.074781	0.1034082	0.615101	0.384899	4.31635
37656	-2587.88	-2797.408	209.5275	0.9768978	0.1200287	0.507713	0.492287	4.06821
37662	-2592.737	-2799.872	207.1353	0.8748504	0.09041509	0.681048	0.318952	5.530455
37668	-2585.369	-2792.559	207.1899	0.8202668	0.09041509	0.631397	0.368603	5.530455
37674	-2578.271	-2786.074	207.8028	0.9518425	0.09778447	0.477969	0.522031	5.101828
37680	-2587.094	-2794.371	207.2763	0.8599062	0.07723847	0.588852	0.411148	5.493985
37686	-2594.784	-2802.514	207.7302	1.048983	0.08678268	0.59085	0.40915	5.114965
37692	-2585.645	-2793.982	208.3375	1.045363	0.0722925	0.465951	0.534049	4.816499
37698	-2588.731	-2797.83	209.0985	0.9629041	0.07414237	0.432152	0.567848	4.431141
37704	-2593.514	-2804.383	210.8692	1.044628	0.104776	0.595415	0.404585	3.287796
37710	-2587.147	-2795.923	208.776	0.8618923	0.1002013	0.514425	0.485575	4.603695
37716	-2577.509	-2786.669	209.1598	0.9520233	0.1175149	0.560043	0.439957	4.296791
37722	-2599.667	-2808.175	208.5073	0.9739937	0.1075719	0.608197	0.391803	4.674193
37728	-2598.433	-2806.084	207.6514	0.9080356	0.08726857	0.608197	0.391803	5.235382
37734	-2589.533	-2796.943	207.4092	1.086973	0.08176964	0.608197	0.391803	5.284074
37740	-2587.36	-2796.323	208.9625	1.146336	0.1019443	0.608197	0.391803	4.334423
37746	-2600.936	-2811.321	210.3847	1.322468	0.09488289	0.559584	0.440416	3.433893
37752	-2594.659	-2804.892	210.2323	1.237442	0.09081312	0.600074	0.399926	3.582716
37758	-2584.573	-2794.329	209.7555	1.169086	0.08787559	0.600074	0.399926	3.904851
37764	-2591.309	-2800.612	209.3032	1.024482	0.0876187	0.519641	0.480359	4.245694
37770	-2586.809	-2795.287	208.4782	1.21442	0.07687774	0.495918	0.504082	4.631202
37776	-2575.867	-2785.371	209.5035	1.21442	0.08931398	0.521747	0.478253	4.019414
37782	-2584.425	-2792.833	208.4083	1.004996	0.07771911	0.53059	0.46941	4.785297
37788	-2580.717	-2790.427	209.7103	1.197318	0.05996057	0.53059	0.46941	3.989899
37794	-2591.653	-2801.938	210.2852	1.25868	0.09053139	0.646076	0.353924	3.540314
37800	-2585.497	-2794.946	209.4493	1.285227	0.05681989	0.638648	0.361352	4.097565
37806	-2585.381	-2795.378	209.9967	1.141949	0.09751887	0.476971	0.523029	3.757496
37812	-2575.437	-2785.072	209.6356	1.267284	0.09935491	0.624508	0.375492	3.888586
37818	-2577.953	-2787.298	209.3451	1.328407	0.09105944	0.680207	0.319793	4.040384
37824	-2577.186	-2786.679	209.4928	1.240852	0.07807907	0.545559	0.454441	4.03957
37830	-2583.922	-2794.276	210.3536	1.354424	0.1166023	0.492241	0.507759	3.380616
37836	-2579.811	-2790.368	210.5568	1.212228	0.1016743	0.600639	0.399361	3.380616
37842	-2574.6	-2784.805	210.205	1.212228	0.1122165	0.600639	0.399361	3.560739
37848	-2582.505	-2792.199	209.694	1.305236	0.07521327	0.600639	0.399361	3.895249
37854	-2568.667	-2779.307	210.6401	1.345621	0.07028182	0.512601	0.487399	3.336271
37860	-2572.377	-2782.454	210.0771	1.345621	0.07028182	0.572449	0.427551	3.664728
37866	-2581.299	-2792.596	211.2976	1.365149	0.1263944	0.677622	0.322378	2.787747
37872	-2577.637	-2788.458	210.8215	1.342835	0.08344009	0.546633	0.453367	3.194597
37878	-2572.979	-2783.74	210.7618	1.246079	0.1510832	0.57247	0.42753	3.127619
37884	-2578.63	-2787.586	208.9557	1.137888	0.07294414	0.637698	0.362302	4.416192
37890	-2587.119	-2796.986	209.8672	1.162503	0.1102828	0.617778	0.382222	3.789527
37896	-2578.208	-2786.844	208.6364	1.079072	0.08923561	0.731448	0.268552	4.586846
37902	-2603.264	-2813.885	210.6218	1.538476	0.07914067	0.510741	0.489259	3.20867
37908	-2603.77	-2814.126	210.3558	1.40928	0.08703666	0.474185	0.525815	3.420231
37914	-2582.494	-2791.738	209.2443	1.163223	0.09677711	0.53558	0.46442	4.17766
37920	-2586.405	-2795.534	209.1287	1.163223	0.08514456	0.652576	0.347424	4.272286
37926	-2580.148	-2790.044	209.8958	1.252535	0.08514456	0.539663	0.460337	3.783303
37932	-2588.465	-2797.93	209.4647	1.156241	0.07806657	0.5352	0.4648	4.103867
37938	-2593.065	-2803.844	210.7788	1.184801	0.09428539	0.510475	0.489525	3.284765
37944	-2586.611	-2797.114	210.503	1.403005	0.08914936	0.510475	0.489525	3.331981
37950	-2582.459	-2792.218	209.7599	1.136333	0.07480326	0.594373	0.405627	3.955403
37956	-2586.512	-2796.218	209.7056	1.180097	0.07704476	0.494646	0.505354	3.955403
37962	-2571.78	-2782.082	210.3022	1.220151	0.08502043	0.584586	0.415414	3.567163
37968	-2585.978	-2796.231	210.2533	1.423171	0.1271534	0.446046	0.553954	3.37504
37974	-2580.454	-2791.418	210.9643	1.356629	0.08152311	0.48	0.52	3.10667
37980	-2583.021	-2793.461	210.4399	1.371676	0.1146514	0.505235	0.494765	3.32431
37986	-2582.997	-2793.618	210.621	1.71105	0.06097129	0.460943	0.539057	3.15832
37992	-2587.549	-2798.507	210.9582	1.341354	0.09969888	0.641581	0.358419	3.07164
37998	-2582.914	-2793.844	210.9305	1.342292	0.0857619	0.530112	0.469888	3.123906
38004	-2593.045	-2804.38	211.335	1.300433	0.1256233	0.595468	0.404532	2.806205
38010	-2593.72	-2805.363	211.6429	1.529679	0.07205718	0.580547	0.419453	2.617221
38016	-2587.237	-2797.682	210.445	1.320817	0.07096903	0.458661	0.541339	3.463239
38022	-2578.366	-2788.116	209.7507	1.320817	0.06341011	0.653649	0.346351	3.88632
38028	-2585.996	-2795.712	209.7161	1.320817	0.07297093	0.456803	0.543197	3.879704
38034	-2595.77	-2805.521	209.7505	1.364363	0.05695652	0.591862	0.408138	3.879704
38040	-2590.282	-2800.77	210.4882	1.497914	0.07665433	0.539173	0.460827	3.318293
38046	-2580.218	-2790.662	210.4439	1.283335	0.08528851	0.524844	0.475156	3.446949
38052	-2592.786	-2801.133	208.3473	1.02797	0.1055956	0.669213	0.330787	4.738105
38058	-2586.392	-2794.17	207.7782	1.018622	0.1123424	0.573324	0.426676	5.044879
38064	-2575.314	-2784.07	208.7565	1.018622	0.06704762	0.629633	0.370367	4.611161
38070	-2573.452	-2782.753	209.3007	1.121642	0.09907373	0.578061	0.421939	4.163655
38076	-2576.244	-2784.533	208.2886	1.080524	0.06610043	0.648643	0.351357	4.840732
38082	-2586.076	-2793.385	207.309	1.243734	0.09831047	0.648643	0.351357	5.21241
38088	-2579.47	-2790.797	211.3265	1.243734	0.07107133	0.607023	0.392977	2.986818
38094	-2587.983	-2798.863	210.8794	1.209449	0.0847477	0.476982	0.523018	3.235769
38100	-2590.989	-2802.209	211.2202	1.344658	0.09860155	0.606173	0.393827	2.91513
38106	-2587.47	-2798.681	211.2109	1.398168	0.08846496	0.609325	0.390675	2.91513
38112	-2573.177	-2780.171	206.9939	1.014477	0.04951994	0.572781	0.427219	5.638529
38118	-2569.981	-2779.025	209.0439	1.044685	0.06574162	0.572781	0.427219	4.438507
38124	-2561.883	-2772.039	210.1562	1.117445	0.07967309	0.614818	0.385182	3.72538
38130	-2588.733	-2797.566	208.8327	1.057491	0.1241531	0.551401	0.448599	4.40737
38136	-2587.902	-2798.696	210.7942	1.322537	0.09401322	0.699845	0.300155	3.194912
38142	-2578.102	-2787.35	209.2479	1.299785	0.07267106	0.562188	0.437812	4.15991
38148	-2570.472	-2781.08	210.6083	1.440143	0.06048508	0.496256	0.503744	3.327415
38154	-2573.439	-2783.156	209.7171	1.268248	0.09146671	0.61245	0.38755	3.860871
38160	-2580.494	-2789.327	208.8327	1.151539	0.09402069	0.529741	0.470259	4.423892
38166	-2581.738	-2790.628	208.8901	1.229317	0.06473029	0.607523	0.392477	4.423892
38172	-2572.981	-2782.362	209.3808	1.092898	0.1160483	0.550514	0.449486	4.094705
38178	-2593.278	-2803.189	209.9102	1.303139	0.07816053	0.629542	0.370458	3.764259
38184	-2581.711	-2791.671	209.9599	1.215225	0.1299889	0.629542	0.370458	3.661021
38190	-2578.638	-2787.121	208.4824	0.969042	0.06754443	0.638822	0.361178	4.790945
38196	-2582.727	-2791.2	208.4728	0.969042	0.06952881	0.653117	0.346883	4.790945
38202	-2586.051	-2794.343	208.2917	1.135763	0.07395634	0.503018	0.496982	4.787219
38208	-2580.005	-2788.558	208.5527	1.076976	0.06009365	0.707727	0.292273	4.711656
38214	-2581.139	-2792.582	211.4424	1.329747	0.09418494	0.504501	0.495499	2.801079
38220	-2581.886	-2790.711	208.825	1.20859	0.06331516	0.600681	0.399319	4.476174
38226	-2579.821	-2788.212	208.3911	1.038751	0.06654531	0.681455	0.318545	4.80566
38232	-2586.885	-2794.906	208.0206	1.038751	0.0758997	0.622889	0.377111	4.987171
38238	-2587.838	-2796.416	208.5779	1.088038	0.125689	0.428569	0.571431	4.530277
38244	-2577.217	-2785.058	207.841	1.256998	0.0559929	0.760576	0.239424	5.019312
38250	-2573.533	-2782.392	208.8598	1.020358	0.0559929	0.576276	0.423724	4.582736
38256	-2576.909	-2785.554	208.6453	1.105728	0.08295622	0.526825	0.473175	4.582736
38262	-2576.975	-2786.595	209.6206	1.089717	0.09605054	0.532476	0.467524	4.00696
38268	-2570.272	-2781.022	210.7505	1.411257	0.05376929	0.613924	0.386076	3.280354
38274	-2587.873	-2798.314	210.4408	1.32294	0.05710215	0.628056	0.371944	3.503988
38280	-2584.803	-2796.117	211.3133	1.364473	0.08704875	0.593764	0.406236	2.877437
38286	-2583.684	-2794.062	210.3779	1.295095	0.1032368	0.593764	0.406236	3.433041
38292	-2580.196	-2788.157	207.9607	0.9994846	0.1059687	0.581616	0.418384	4.968603
38298	-2585.306	-2792.839	207.5326	0.9779882	0.0804424	0.595712	0.404288	5.279508
38304	-2587.685	-2795.959	208.2738	1.152456	0.07545627	0.63064	0.36936	4.783932
38310	-2588.381	-2799.769	211.3876	1.411712	0.08096533	0.525064	0.474936	2.820436
38316	-2589.978	-2800.518	210.5395	1.385232	0.04996899	0.525064	0.474936	3.430778
38322	-2584.607	-2795.42	210.8122	1.425459	0.08194191	0.704726	0.295274	3.155077
38328	-2576.07	-2786.772	210.7024	1.240646	0.08628632	0.51896	0.48104	3.317719
38334	-2576.514	-2786.262	209.7485	1.173535	0.1093603	0.472424	0.527576	3.853668
38340	-2579.069	-2788.075	209.0056	1.129787	0.09473896	0.582086	0.417914	4.336833
38346	-2589.804	-2798.603	208.7993	1.056398	0.06008558	0.559496	0.440504	4.585077
38352	-2588.393	-2797.951	209.5573	0.9949275	0.0958776	0.451968	0.548032	4.097535
38358	-2586.626	-2795.492	208.866	1.00201	0.08014851	0.684582	0.315418	4.524284
38364	-2589.728	-2797.955	208.227	1.004384	0.07355853	0.651523	0.348477	4.897582
38370	-2579.912	-2789.5	209.5881	1.107912	0.08633259	0.614082	0.385918	4.039523
38376	-2580.825	-2789.305	208.4796	1.10972	0.07602264	0.614082	0.385918	4.691299
38382	-2572.927	-2782.017	209.0903	1.031049	0.07539462	0.536293	0.463707	4.394026
38388	-2579.029	-2785.943	206.9141	0.9847305	0.09805677	0.541965	0.458035	5.573376
38394	-2588.472	-2796.791	208.3198	1.082462	0.06965048	0.529422	0.470578	4.812734
38400	-2594.765	-2802.895	208.1307	1.005942	0.0721332	0.591412	0.408588	4.954075
38406	-2594.093	-2803.02	208.927	1.161408	0.1239398	0.63287	0.36713	4.295856
38412	-2587.58	-2795.772	208.1919	1.161408	0.08246165	0.606846	0.393154	4.806571
38418	-2579.753	-2788.041	208.2886	1.092914	0.07636376	0.500564	0.499436	4.806571
38424	-2585.146	-2793.125	207.9784	0.9823278	0.09886137	0.500564	0.499436	4.984888
38430	-2588.276	-2798.132	209.856	1.158816	0.07874094	0.604571	0.395429	3.876905
38436	-2586.985	-2796.356	209.3712	1.125858	0.06560005	0.486597	0.513403	4.207943
38442	-2589.182	-2798.959	209.7767	1.259305	0.09525429	0.587214	0.412786	3.822254
38448	-2581.602	-2790.015	208.4128	1.226577	0.07246122	0.703994	0.296006	4.672708
38454	-2571.321	-2780.184	208.8633	1.124159	0.1124871	0.664004	0.335996	4.378411
38460	-2574.153	-2781.462	207.3091	1.065515	0.07304492	0.542736	0.457264	5.373551
38466	-2568.377	-2777.026	208.6497	1.065307	0.120539	0.610022	0.389978	4.513922
38472	-2573.267	-2782.186	208.9193	1.154545	0.07508397	0.61996	0.38004	4.42167
38478	-2579.887	-2786.93	207.0428	1.082827	0.09579671	0.604582	0.395418	5.454027
38484	-2576.46	-2785.856	209.3959	1.171091	0.07066917	0.544754	0.455246	4.154335
38490	-2558.709	-2767.756	209.0466	1.069734	0.07788324	0.57556	0.42444	4.390298
38496	-2559.316	-2768.691	209.3749	1.241622	0.07545977	0.587843	0.412157	4.1133
38502	-2575.35	-2784.534	209.1841	1.240318	0.08473007	0.475344	0.524656	4.198219
38508	-2588.408	-2798.785	210.3761	1.209996	0.1187051	0.53205	0.46795	3.44714
38514	-2594.413	-2801.178	206.7652	1.018692	0.06100891	0.44279	0.55721	5.730138
38520	-2585.846	-2793.882	208.0362	0.925939	0.0902488	0.606894	0.393106	5.004872
38526	-2587.877	-2795.838	207.9614	0.9431754	0.1036435	0.606894	0.393106	5.004872
38532	-2591.484	-2798.806	207.3219	1.137855	0.09219445	0.459064	0.540936	5.278432
38538	-2599.248	-2807.199	207.9517	0.9976481	0.1128519	0.455524	0.544476	4.958993
38544	-2594.985	-2804.849	209.864	1.234511	0.100668	0.520533	0.479467	3.772879
38550	-2589.811	-2798.193	208.3821	1.165388	0.09032106	0.469345	0.530655	4.678326
38556	-2598.132	-2807.155	209.0225	1.087963	0.09262415	0.640851	0.359149	4.356075
38562	-2588.524	-2798.638	210.114	1.087963	0.09900299	0.641191	0.358809	3.717291
38568	-2599.374	-2808.343	208.9691	1.137891	0.09376628	0.53659	0.46341	4.355238
38574	-2595.337	-2804.674	209.3375	1.037535	0.1090018	0.659756	0.340244	4.166998
38580	-2586.503	-2795.137	208.6334	1.037535	0.08334109	0.624139	0.375861	4.626705
38586	-2590.595	-2799.304	208.7088	1.06542	0.09555001	0.540382	0.459618	4.538335
38592	-2594.183	-2803.156	208.9731	1.139114	0.1091072	0.559831	0.440169	4.315683
38598	-2581.924	-2788.996	207.0722	1.012424	0.1193041	0.68875	0.31125	5.42329
38604	-2579.789	-2789.68	209.8905	1.049822	0.1193041	0.659558	0.340442	3.820247
38610	-2579.667	-2789.876	210.2098	1.167806	0.09275508	0.515708	0.484292	3.631222
38616	-2577.251	-2786.948	209.6969	1.117614	0.1278024	0.58551	0.41449	3.873704
38622	-2585.932	-2794.726	208.7942	1.117614	0.07653137	0.513292	0.486708	4.509053
38628	-2585.917	-2795.176	209.2588	1.24063	0.0976344	0.653263	0.346737	4.123296
38634	-2598.805	-2807.76	208.9548	1.125372	0.1206506	0.62103	0.37897	4.307739
38640	-2593.406	-2802.983	209.5763	1.133758	0.1159031	0.779593	0.220407	3.960048
38646	-2584.982	-2793.991	209.0094	1.065526	0.1101152	0.67201	0.32799	4.334432
38652	-2579.068	-2788.377	209.3087	1.075085	0.09141091	0.672995	0.327005	4.204356
38658	-2578.353	-2787.204	208.8512	1.060249	0.07675426	0.578683	0.421317	4.508682
38664	-2588.926	-2797.532	208.6064	0.9977271	0.1157951	0.585829	0.414171	4.586687
38670	-2581.041	-2791.172	210.1317	1.082556	0.1086065	0.585829	0.414171	3.686967
38676	-2584.437	-2792.601	208.164	1.033764	0.09403544	0.585829	0.414171	4.864557
38682	-2585.339	-2795.241	209.9017	1.030016	0.1039311	0.585829	0.414171	3.860949
38688	-2586.623	-2795.372	208.7493	1.056159	0.09761653	0.585829	0.414171	4.515795
38694	-2579.031	-2789.294	210.2628	1.139094	0.09761653	0.585829	0.414171	3.60495
38700	-2582.233	-2791.748	209.5144	1.139094	0.07607465	0.485029	0.514971	4.0906
38706	-2576.088	-2785.51	209.4221	1.189827	0.08510973	0.485029	0.514971	4.0906
38712	-2585.263	-2795.469	210.206	1.260857	0.06559392	0.590661	0.409339	3.652276
38718	-2592.738	-2803.126	210.3881	1.260857	0.06186295	0.590661	0.409339	3.557155
38724	-2589.482	-2799.479	209.9974	1.227483	0.09598818	0.484206	0.515794	3.711532
38730	-2590.845	-2799.696	208.8511	1.19039	0.08674115	0.599405	0.400595	4.409726
38736	-2587.705	-2795.829	208.1236	1.113823	0.0735042	0.599405	0.400595	4.894383
38742	-2582.165	-2791.624	209.4588	1.233229	0.072187	0.597178	0.402822	4.079092
38748	-2594.293	-2805.086	210.7931	1.366856	0.1201844	0.597178	0.402822	3.105063
38754	-2594.833	-2805.592	210.7594	1.490697	0.08198131	0.597178	0.402822	3.147611
38760	-2600.312	-2808.612	208.2999	1.039868	0.05402693	0.523924	0.476076	4.890359
38766	-2582.417	-2791.711	209.2936	1.027015	0.05797147	0.547113	0.452887	4.329108
38772	-2576.288	-2784.606	208.3181	1.038271	0.1182158	0.622602	0.377398	4.720112
38778	-2589.883	-2798.842	208.9589	0.9861775	0.08652765	0.708786	0.291214	4.464615
38784	-2588.392	-2798.659	210.2675	1.281748	0.07925586	0.555317	0.444683	3.566798
38790	-2579.151	-2789.564	210.4123	1.429032	0.05186932	0.541925	0.458075	3.473975
38796	-2583.783	-2791.665	207.8824	1.173486	0.07878924	0.686261	0.313739	4.98161
38802	-2585.517	-2794.199	208.6816	1.173486	0.0813809	0.581643	0.418357	4.52832
38808	-2582.247	-2790.313	208.0659	1.249952	0.08344033	0.594568	0.405432	4.825011
38814	-2584.897	-2795.238	210.341	1.285282	0.1029165	0.535273	0.464727	3.461185
38820	-2580.151	-2789.264	209.1133	1.183353	0.08255352	0.625126	0.374874	4.276252
38826	-2584.609	-2794.275	209.6655	1.128216	0.09017975	0.700348	0.299652	3.973948
38832	-2597.586	-2805.947	208.3617	1.143525	0.1066443	0.58276	0.41724	4.662938
38838	-2591.443	-2799.803	208.3604	1.084858	0.121616	0.650954	0.349046	4.662938
38844	-2600.235	-2809.539	209.3044	1.284893	0.0584793	0.635557	0.364443	4.175462
38850	-2582.512	-2791.512	209.0002	1.151156	0.1119921	0.543914	0.456086	4.286907
38856	-2579.578	-2789.956	210.3778	1.469716	0.0870693	0.54359	0.45641	3.371804
38862	-2588.888	-2799.357	210.4682	1.274654	0.1028932	0.548101	0.451899	3.392962
38868	-2589.471	-2799.226	209.7548	1.024202	0.1116795	0.551554	0.448446	3.93033
38874	-2575.722	-2785.081	209.3585	1.045103	0.1116795	0.555703	0.444297	4.144566
38880	-2578.045	-2787.972	209.9269	1.302199	0.06237693	0.609893	0.390107	3.798622
38886	-2574.731	-2784.505	209.774	1.2705	0.06405108	0.508188	0.491812	3.900009
38892	-2580.817	-2792.156	211.3391	1.377043	0.09526987	0.672956	0.327044	2.832242
38898	-2594.441	-2804.849	210.4084	1.086286	0.1507675	0.62781	0.37219	3.431098
38904	-2591.203	-2801.03	209.827	1.077457	0.1100406	0.62781	0.37219	3.862166
38910	-2598.068	-2806.959	208.8917	1.115444	0.07282579	0.42919	0.57081	4.46522
38916	-2590.158	-2798.851	208.6929	1.144283	0.07642838	0.596212	0.403788	4.551257
38922	-2587.169	-2797.529	210.3599	1.144283	0.1072109	0.631501	0.368499	3.521982
38928	-2584.774	-2794.613	209.8396	1.309342	0.07009507	0.55807	0.44193	3.823233
38934	-2588.151	-2798.725	210.5742	1.241329	0.1230157	0.56684	0.43316	3.302599
38940	-2583.959	-2793.205	209.2456	1.173797	0.07943413	0.417783	0.582217	4.21479
38946	-2569.707	-2779.694	209.9871	1.135091	0.06622316	0.58112	0.41888	3.84932
38952	-2585.833	-2795.877	210.0442	1.289704	0.06712553	0.553026	0.446974	3.724842
38958	-2582.729	-2792.305	209.5767	1.077314	0.06925833	0.620319	0.379681	4.1087
38964	-2592.877	-2801.696	208.8192	1.244265	0.0686085	0.620319	0.379681	4.444873
38970	-2585.688	-2795.41	209.7219	1.244265	0.0686085	0.567435	0.432565	3.932225
38976	-2581.553	-2790.267	208.7132	1.261579	0.07674528	0.579832	0.420168	4.473074
38982	-2588.26	-2796.152	207.8919	1.159332	0.08361715	0.490397	0.509603	4.971893
38988	-2578.298	-2786.241	207.9431	1.038894	0.09935849	0.602538	0.397462	4.971893
38994	-2574.977	-2783.238	208.2609	0.9874189	0.07076509	0.557735	0.442265	4.895528
39000	-2582.081	-2790.303	208.2223	1.06244	0.06067988	0.557735	0.442265	4.90255
39006	-2585.02	-2793.945	208.925	1.122543	0.07423541	0.670461	0.329539	4.438749
39012	-2578.459	-2788.366	209.9063	1.201613	0.111608	0.591961	0.408039	3.741388
39018	-2601.241	-2811.238	209.9967	1.249826	0.07955524	0.709964	0.290036	3.741388
39024	-2567.787	-2778.394	210.6067	1.183144	0.05878531	0.498306	0.501694	3.483899
39030	-2582.771	-2791.269	208.4977	1.033342	0.08146601	0.418936	0.581064	4.70984
39036	-2582.16	-2787.865	205.7058	1.077	0.05237951	0.551835	0.448165	6.299569
39042	-2589.871	-2798.201	208.3299	1.083801	0.06151988	0.40909	0.59091	4.828404
39048	-2593.727	-2803.477	209.7502	0.9808555	0.1207039	0.61726	0.38274	3.937211
39054	-2595.362	-2805.575	210.2132	1.141901	0.1138838	0.440176	0.559824	3.592959
39060	-2599.674	-2810.06	210.3865	1.002329	0.09953265	0.575441	0.424559	3.607795
39066	-2607.523	-2816.888	209.365	1.276384	0.08641557	0.575441	0.424559	4.0705
39072	-2585.991	-2794.058	208.0671	0.9797312	0.1086705	0.575349	0.424651	4.914231
39078	-2594.34	-2803.024	208.6841	0.9428347	0.0871361	0.575349	0.424651	4.641749
39084	-2585.059	-2792.888	207.829	0.9781566	0.1083962	0.562002	0.437998	5.048065
39090	-2577.366	-2784.804	207.4385	0.9781566	0.07152976	0.690972	0.309028	5.354372
39096	-2580.817	-2787.792	206.975	1.086948	0.0784078	0.551753	0.448247	5.531853
39102	-2585.868	-2796.404	210.536	1.14935	0.1113667	0.642951	0.357049	3.406207
39108	-2598.613	-2808.33	209.717	1.13544	0.1860726	0.642951	0.357049	3.736675
39114	-2588.065	-2797.222	209.1576	1.164876	0.1023369	0.642951	0.357049	4.212515
39120	-2603.877	-2812.683	208.8061	1.166424	0.09097243	0.528611	0.471389	4.438019
39126	-2593.85	-2802.53	208.6801	1.046869	0.09097243	0.491804	0.508196	4.5761
39132	-2588.501	-2798.227	209.7258	1.11888	0.09978031	0.50782	0.49218	3.920953
39138	-2596.931	-2805.138	208.2073	1.010012	0.109708	0.50782	0.49218	4.816869
39144	-2600.822	-2811.287	210.465	1.313088	0.05444318	0.539952	0.460048	3.503387
39150	-2585.893	-2795.747	209.854	1.116659	0.06679361	0.519034	0.480966	3.934687
39156	-2589.25	-2799.775	210.5246	1.171872	0.07641474	0.492326	0.507674	3.488733
39162	-2587.004	-2797.519	210.5146	1.178893	0.08990288	0.472541	0.527459	3.454651
39168	-2588.732	-2798.842	210.1098	1.178893	0.1360796	0.521372	0.478628	3.581968
39174	-2582.839	-2791.567	208.7288	1.013013	0.1780252	0.658608	0.341392	4.38463
39180	-2574.288	-2783.102	208.8144	1.091235	0.1306841	0.658608	0.341392	4.38463
39186	-2584.344	-2795.702	211.3585	1.294549	0.0954323	0.538913	0.461087	2.870089
39192	-2594.425	-2805.475	211.0494	1.247772	0.1094024	0.513214	0.486786	3.048875
39198	-2594.91	-2804.652	209.7419	1.105255	0.127967	0.664419	0.335581	3.854593
39204	-2586.146	-2796.648	210.502	1.364755	0.1048501	0.545551	0.454449	3.315345
39210	-2592.085	-2803.195	211.1099	1.3042	0.1048501	0.607195	0.392805	2.990044
39216	-2593.122	-2800.513	207.3906	1.023875	0.07393926	0.50241	0.49759	5.349229
39222	-2583.689	-2792.093	208.4042	1.03575	0.06443851	0.647339	0.352661	4.805752
39228	-2588.245	-2796.354	208.1094	0.9673481	0.1523514	0.619895	0.380105	4.805752
39234	-2585.962	-2794.247	208.2853	0.891189	0.1250609	0.603269	0.396731	4.805752
39240	-2578.141	-2786.444	208.3028	1.088937	0.07449665	0.488331	0.511669	4.805752
39246	-2581.743	-2790.14	208.3963	1.114726	0.08534833	0.555696	0.444304	4.711139
39252	-2586.775	-2795.205	208.43	1.014703	0.07715306	0.555696	0.444304	4.7692
39258	-2584.709	-2792.776	208.0667	1.095107	0.08638107	0.570373	0.429627	4.903455
39264	-2588.434	-2797.676	209.2418	1.176817	0.07523383	0.543289	0.456711	4.226315
39270	-2590.231	-2799.141	208.91	0.9197966	0.09620877	0.467508	0.532492	4.505509
39276	-2593.81	-2801.958	208.148	0.8633054	0.08334419	0.528167	0.471833	4.994768
39282	-2592.907	-2797.594	204.6866	0.9236261	0.05942077	0.565655	0.434345	6.914856
39288	-2585.123	-2793.611	208.4882	0.956401	0.05662725	0.628283	0.371717	4.824659
39294	-2583.218	-2793.423	210.2045	1.140984	0.1003369	0.701026	0.298974	3.630953
39300	-2579.15	-2789.735	210.585	1.113989	0.1119749	0.616874	0.383126	3.396785
39306	-2573.186	-2784.585	211.3993	1.3721	0.1014064	0.589872	0.410128	2.78265
39312	-2579.438	-2790.524	211.0864	1.3721	0.113602	0.583688	0.416312	2.941843
39318	-2568.594	-2779.431	210.8368	1.27234	0.09601075	0.658183	0.341817	3.194323
39324	-2576.989	-2788.376	211.3869	1.332462	0.06940172	0.585397	0.414603	2.901799
39330	-2582.675	-2792.719	210.0439	1.332462	0.080742	0.631792	0.368208	3.66313
39336	-2580.53	-2792.78	212.2494	1.456593	0.06892255	0.619659	0.380341	2.291557
39342	-2585.784	-2796.238	210.4545	1.267034	0.06857599	0.45105	0.54895	3.495812
39348	-2575.847	-2785.928	210.0815	1.010779	0.09173855	0.546459	0.453541	3.798637
39354	-2576.681	-2784.729	208.0479	0.8503512	0.1357244	0.475993	0.524007	4.938377
39360	-2579.944	-2789.784	209.8396	1.185757	0.06401943	0.739909	0.260091	3.911071
39366	-2580.642	-2789.397	208.7558	1.020072	0.06112241	0.495507	0.504493	4.626968
39372	-2593.486	-2803.295	209.8085	1.233265	0.1534365	0.412951	0.587049	3.689158
39378	-2587.969	-2797.219	209.2508	1.231517	0.07490094	0.412951	0.587049	4.191047
39384	-2579.046	-2788.004	208.9582	0.9425151	0.09563257	0.569419	0.430581	4.467023
39390	-2574.165	-2784.235	210.07	1.300613	0.1014308	0.488164	0.511836	3.613686
39396	-2583.791	-2791.154	207.3636	1.05307	0.06563307	0.501105	0.498895	5.369986
39402	-2592.66	-2802.212	209.5515	1.175971	0.09056705	0.535251	0.464749	4.010799
39408	-2592.954	-2802.943	209.9887	0.9474835	0.06692252	0.601451	0.398549	3.954067
39414	-2596.612	-2804.943	208.331	1.034888	0.07167	0.730977	0.269023	4.827598
39420	-2611.045	-2819.561	208.516	1.112175	0.1243683	0.569388	0.430612	4.554363
39426	-2603.986	-2813.065	209.0792	0.9657092	0.1163092	0.60086	0.39914	4.337362
39432	-2598.126	-2806.638	208.512	1.00482	0.09329296	0.615063	0.384937	4.688178
39438	-2600.882	-2812.14	211.2576	1.097366	0.1082643	0.615063	0.384937	3.017052
39444	-2592.28	-2803.356	211.0767	1.160425	0.1387377	0.616994	0.383006	3.017052
39450	-2586.1	-2796.709	210.6086	1.284254	0.1207892	0.616994	0.383006	3.262129
39456	-2584.746	-2795.613	210.8675	1.302047	0.05810208	0.553939	0.446061	3.262964
39462	-2581.918	-2789.438	207.5205	0.9949345	0.1051275	0.644716	0.355284	5.217164
39468	-2579.426	-2790.401	210.9746	1.155999	0.08112278	0.441567	0.558433	3.220831
39474	-2591.247	-2800.147	208.9005	1.138499	0.06831647	0.672069	0.327931	4.459416
39480	-2605.807	-2816.503	210.696	1.062498	0.1445446	0.579069	0.420931	3.289033
39486	-2598.845	-2809.32	210.4745	1.077219	0.0826909	0.641711	0.358289	3.556204
39492	-2592.886	-2802.92	210.0341	0.9766238	0.1297238	0.598007	0.401993	3.756621
39498	-2586.772	-2796.585	209.8125	1.087976	0.09540021	0.551468	0.448532	3.899722
39504	-2604.759	-2814.297	209.5375	1.127668	0.09540021	0.717831	0.282169	4.03436
39510	-2598.28	-2808.14	209.8601	1.07604	0.07352129	0.465176	0.534824	3.935992
39516	-2596.042	-2806.04	209.9981	1.130045	0.1036083	0.465176	0.534824	3.748692
39522	-2590.688	-2799.057	208.3687	1.14615	0.1081656	0.506829	0.493171	4.654077
39528	-2584.676	-2796.035	211.359	1.339221	0.08860412	0.553106	0.446894	2.860875
39534	-2587.652	-2796.026	208.374	1.188687	0.05466147	0.522355	0.477645	4.764227
39540	-2583.761	-2793.533	209.772	1.054196	0.08529732	0.434431	0.565569	3.967791
39546	-2587.773	-2797.176	209.4028	0.9240026	0.09977509	0.456945	0.543055	4.216196
39552	-2587.605	-2794.646	207.0407	0.9701865	0.06483914	0.54112	0.45888	5.595387
39558	-2600.004	-2808.171	208.167	0.8665352	0.07148122	0.576956	0.423044	5.013105
39564	-2601.245	-2808.588	207.3435	0.8258552	0.07148122	0.601938	0.398062	5.49069
39570	-2602.002	-2812.975	210.9729	1.246502	0.1064663	0.513145	0.486855	3.102533
39576	-2604.383	-2813.887	209.5035	1.006408	0.08185287	0.535709	0.464291	4.157057
39582	-2604.564	-2812.904	208.3401	1.006408	0.08597677	0.550514	0.449486	4.801479
39588	-2596.988	-2806.184	209.1965	1.000732	0.1094152	0.508411	0.491589	4.266861
39594	-2587.697	-2797.517	209.82	1.264566	0.09164545	0.568363	0.431637	3.803352
39600	-2593.583	-2803.528	209.9454	1.27153	0.06319636	0.504369	0.495631	3.803352
39606	-2599.733	-2810.624	210.8902	1.352909	0.09967589	0.504369	0.495631	3.105338
39612	-2593.476	-2804.33	210.8544	1.3381	0.1052106	0.630408	0.369592	3.121634
39618	-2593.41	-2804.718	211.308	1.374622	0.1052106	0.487217	0.512783	2.827016
39624	-2592.634	-2804.079	211.4443	1.313422	0.07525576	0.516626	0.483374	2.861776
39630	-2603.345	-2812.538	209.1924	1.06372	0.09727393	0.552596	0.447404	4.262321
39636	-2602.681	-2811.53	208.849	1.073787	0.09574658	0.630083	0.369917	4.454283
39642	-2591.027	-2798.746	207.719	0.8567688	0.06045496	0.544304	0.455696	5.296208
39648	-2582.644	-2791.439	208.7952	0.9695392	0.08619483	0.558127	0.441873	4.566812
39654	-2574.273	-2781.986	207.7132	1.199424	0.04551305	0.621445	0.378555	5.15125
39660	-2583.557	-2795.143	211.5857	1.352231	0.0970362	0.636649	0.363351	2.692176
39666	-2583.574	-2791.066	207.4919	1.015871	0.05692873	0.61594	0.38406	5.343405
39672	-2586.874	-2795.332	208.4577	1.082748	0.09745427	0.662531	0.337469	4.664888
39678	-2579.582	-2788.026	208.4437	1.117393	0.1084301	0.513741	0.486259	4.627527
39684	-2582.573	-2792.757	210.1843	1.131567	0.07730016	0.556705	0.443295	3.707346
39690	-2588.942	-2797.346	208.4035	0.9787494	0.08274073	0.401885	0.598115	4.789686
39696	-2584.595	-2793.933	209.3383	0.9787494	0.1183661	0.540208	0.459792	4.178567
39702	-2593.872	-2801.312	207.4399	1.01165	0.1004106	0.584516	0.415484	5.263379
39708	-2594.55	-2802.162	207.6119	0.988748	0.06753008	0.487287	0.512713	5.263379
39714	-2589.118	-2799.961	210.8429	1.338915	0.05614591	0.697733	0.302267	3.261502
39720	-2601.47	-2812.281	210.811	1.329	0.06747611	0.496297	0.503703	3.253281
39726	-2588.026	-2796.922	208.8958	1.032695	0.06074106	0.552061	0.447939	4.542359
39732	-2587.887	-2798.945	211.0576	1.192556	0.1200973	0.739218	0.260782	3.051407
39738	-2581.89	-2791.369	209.4788	1.202849	0.1067891	0.52815	0.47185	3.997427
39744	-2586.07	-2796.269	210.199	1.118775	0.09725786	0.52815	0.47185	3.654578
39750	-2573.993	-2781.773	207.7794	0.8473316	0.07446034	0.580815	0.419185	5.230692
39756	-2602.17	-2811.753	209.5832	1.111841	0.1587245	0.6098	0.3902	3.878481
39762	-2593.488	-2803.093	209.6055	0.9483128	0.09866306	0.581139	0.418861	4.089864
39768	-2587.384	-2796.134	208.75	0.8087257	0.095138	0.646718	0.353282	4.660264
39774	-2595.602	-2804.073	208.4705	0.9963019	0.1173386	0.558114	0.441886	4.660264
39780	-2583.083	-2792.493	209.41	1.173826	0.09441147	0.597958	0.402042	4.083157
39786	-2585.582	-2793.24	207.6583	1.020197	0.1121805	0.599873	0.400127	5.110856
39792	-2583.702	-2791.476	207.7738	0.9450661	0.1023842	0.599873	0.400127	5.110856
39798	-2573.381	-2781.933	208.5514	0.9322258	0.112448	0.61335	0.38665	4.661802
39804	-2586.092	-2794.735	208.6428	0.9729996	0.08807377	0.512932	0.487068	4.645644
39810	-2590.261	-2798.695	208.4346	1.036336	0.09585435	0.513667	0.486333	4.707668
39816	-2590.686	-2799.855	209.1694	0.9899505	0.09240255	0.66905	0.33095	4.32899
39822	-2598.614	-2807.928	209.3132	1.118489	0.08596923	0.553765	0.446235	4.190928
39828	-2591.628	-2800.941	209.3129	1.363624	0.06595492	0.672722	0.327278	4.104967
39834	-2600.743	-2810.684	209.9412	1.037906	0.05944637	0.638833	0.361167	3.950438
39840	-2585.335	-2793.951	208.6155	1.053805	0.09545128	0.569797	0.430203	4.597505
39846	-2586.724	-2796.136	209.4124	1.132947	0.09545128	0.569797	0.430203	4.10251
39852	-2583.469	-2792.536	209.0673	1.208952	0.08002002	0.671178	0.328822	4.294355
39858	-2589.886	-2800.043	210.1566	1.220639	0.08801721	0.57566	0.42434	3.643556
39864	-2589.361	-2798.579	209.2182	1.16845	0.06180583	0.458885	0.541115	4.28104
39870	-2596.098	-2805.396	209.2977	0.9775219	0.08540622	0.541825	0.458175	4.28104
39876	-2603.721	-2814.255	210.5342	1.233593	0.08236543	0.560862	0.439138	3.430965
39882	-2599.583	-2807.661	208.0775	1.182287	0.07775159	0.526012	0.473988	4.870831
39888	-2580.68	-2789.261	208.5812	1.042177	0.06679826	0.551251	0.448749	4.696834
39894	-2594.298	-2802.949	208.6515	0.965365	0.06815223	0.598172	0.401828	4.696834
39900	-2587.507	-2796.378	208.8711	1.002694	0.08732866	0.599629	0.400371	4.502683
39906	-2584.188	-2792.967	208.7796	1.121205	0.0813618	0.641282	0.358718	4.502683
39912	-2608.507	-2816.629	208.1223	1.130499	0.08267147	0.492792	0.507208	4.86212
39918	-2595.346	-2806.152	210.8061	1.27448	0.1056269	0.580158	0.419842	3.187101
39924	-2601.943	-2812.473	210.5298	1.305112	0.07684375	0.501036	0.498964	3.406572
39930	-2597.371	-2807.513	210.1414	1.150446	0.08526067	0.496165	0.503835	3.70016
39936	-2597.238	-2807.311	210.0726	0.9982834	0.1398595	0.671248	0.328752	3.70016
39942	-2603.356	-2812.014	208.658	0.9827145	0.1089791	0.536915	0.463085	4.581607
39948	-2596.193	-2805.164	208.9706	1.021243	0.08330121	0.536915	0.463085	4.446447
39954	-2594.081	-2803.103	209.0226	1.171219	0.08330121	0.574501	0.425499	4.332514
39960	-2582.331	-2791.8	209.4693	1.156632	0.06013822	0.569581	0.430419	4.149975
39966	-2590.234	-2799.608	209.3744	1.029647	0.1039132	0.622298	0.377702	4.162415
39972	-2586.28	-2794.455	208.1759	0.9555889	0.08429736	0.648997	0.351003	4.925558
39978	-2583.01	-2791.098	208.0876	0.9728957	0.06830402	0.679449	0.320551	5.006561
39984	-2593.495	-2803.745	210.2506	1.139165	0.09137731	0.568022	0.431978	3.627684
39990	-2584.155	-2794.426	210.2704	1.215706	0.1063984	0.568022	0.431978	3.53445
39996	-2577.867	-2788.835	210.9674	1.277635	0.09587239	0.568022	0.431978	3.11389
40002	-2576.702	-2786.895	210.1933	1.325551	0.1004266	0.602688	0.397312	3.529933
40008	-2603.111	-2810.986	207.8748	0.9774524	0.06497632	0.668219	0.331781	5.131017
40014	-2590.754	-2799.878	209.1242	1.020472	0.06538429	0.532787	0.467213	4.407865
40020	-2592.115	-2800.078	207.9627	0.9988637	0.09431616	0.435685	0.564315	4.995324
40026	-2581.412	-2788.856	207.4445	0.9465162	0.06084278	0.623789	0.376211	5.397081
40032	-2583.091	-2791.549	208.4583	0.9689889	0.09056586	0.564901	0.435099	4.744957
40038	-2582.076	-2791.333	209.257	1.16285	0.09926513	0.453712	0.546288	4.164599
40044	-2587.639	-2796.518	208.8792	1.041224	0.08456292	0.453712	0.546288	4.483431
40050	-2605.539	-2813.399	207.8604	1.108902	0.09269186	0.645787	0.354213	4.994944
40056	-2602.075	-2810.886	208.8111	1.108902	0.09559291	0.669184	0.330816	4.45623
40062	-2600.498	-2808.643	208.145	1.108902	0.09965365	0.478233	0.521767	4.819798
40068	-2604.799	-2814.301	209.5017	1.240865	0.0733876	0.597831	0.402169	4.047044
40074	-2600.95	-2810.963	210.0128	1.133194	0.1040803	0.526526	0.473474	3.737231
40080	-2589.029	-2799.383	210.3538	1.127555	0.1056644	0.565431	0.434569	3.538985
40086	-2587.85	-2797.398	209.548	1.167935	0.07776089	0.447442	0.552558	4.050527
40092	-2580.405	-2789.734	209.3299	1.152703	0.1011983	0.609621	0.390379	4.124241
40098	-2580.793	-2788.84	208.0475	1.092039	0.0801138	0.525327	0.474673	4.931672
40104	-2583.755	-2793.945	210.19	1.370177	0.07673287	0.648429	0.351571	3.567285
40110	-2586.759	-2796.146	209.3876	1.184641	0.1169448	0.655317	0.344683	4.036462
40116	-2592.518	-2801.612	209.094	0.9831645	0.08538593	0.495251	0.504749	4.393051
40122	-2587.62	-2796.104	208.4831	1.065412	0.09237415	0.641216	0.358784	4.672675
40128	-2595.516	-2804.025	208.5091	0.9812275	0.09822654	0.56662	0.43338	4.691091
40134	-2591.335	-2802.226	210.8905	1.119437	0.1022625	0.555012	0.444988	3.237267
40140	-2589.928	-2800.726	210.7987	1.231473	0.1203593	0.544193	0.455807	3.181851
40146	-2580.733	-2790.513	209.78	1.231473	0.1188712	0.594633	0.405367	3.780275
40152	-2591.68	-2801.125	209.4454	1.041262	0.1137486	0.600008	0.399992	4.09255
40158	-2577.582	-2787.301	209.7186	1.115291	0.08463814	0.68468	0.31532	3.965129
40164	-2591.623	-2800.915	209.2923	1.332703	0.06510663	0.436296	0.563704	4.136635
40170	-2580.398	-2790.779	210.3816	1.268196	0.07232217	0.52894	0.47106	3.52719
40176	-2584.043	-2794.469	210.4256	1.375829	0.0976648	0.52894	0.47106	3.371587
40182	-2591.974	-2803.871	211.8966	1.502601	0.08331088	0.5428	0.4572	2.443421
40188	-2579.3	-2790.458	211.1576	1.502601	0.05309771	0.654316	0.345684	2.985738
40194	-2586.166	-2795.66	209.4945	1.357682	0.08597515	0.544738	0.455262	3.951191
40200	-2579.238	-2787.294	208.0556	0.9725943	0.09139021	0.582826	0.417174	4.965403
40206	-2574.46	-2784.565	210.1045	0.9923306	0.1202071	0.664515	0.335485	3.727976
40212	-2572.279	-2781.182	208.9028	1.163092	0.09468716	0.702243	0.297757	4.376209
40218	-2571.949	-2782.107	210.1578	1.272143	0.08406398	0.578261	0.421739	3.623338
40224	-2581.099	-2792.108	211.0085	1.4411	0.09203486	0.595112	0.404888	3.001581
40230	-2589.268	-2800.307	211.0389	1.563984	0.05930969	0.595112	0.404888	3.001581
40236	-2581.861	-2791.739	209.8775	1.333826	0.05930969	0.60476	0.39524	3.81755
40242	-2583.289	-2793.346	210.0568	1.08179	0.07435034	0.621303	0.378697	3.81755
40248	-2579.832	-2790.604	210.7726	1.382136	0.0849147	0.600079	0.399921	3.196298
40254	-2583.866	-2792.526	208.66	1.056716	0.08745058	0.64197	0.35803	4.590647
40260	-2597.543	-2808.015	210.4721	1.188555	0.05081915	0.583058	0.416942	3.582283
40266	-2603.86	-2812.617	208.7568	1.119832	0.0644287	0.508152	0.491848	4.561355
40272	-2593.772	-2801.537	207.7651	1.066313	0.1120662	0.694617	0.305383	5.026311
40278	-2591.979	-2800.313	208.3339	0.8731469	0.1120662	0.694617	0.305383	4.817252
40284	-2576.945	-2785.165	208.2205	1.081481	0.08963323	0.506348	0.493652	4.817252
40290	-2590.576	-2800.283	209.7063	1.140704	0.1121858	0.621848	0.378152	3.89014
40296	-2584.055	-2793.162	209.1072	0.9746894	0.1064319	0.621848	0.378152	4.339052
40302	-2588.871	-2796.719	207.848	0.9746894	0.102299	0.646874	0.353126	5.053481
40308	-2585.475	-2793.079	207.6033	0.8509046	0.09778832	0.637919	0.362081	5.268069
40314	-2587.953	-2795.693	207.7405	0.8811474	0.07855483	0.461673	0.538327	5.222933
40320	-2596.392	-2803.99	207.5983	1.01831	0.1016616	0.571841	0.428159	5.169174
40326	-2595.553	-2803.892	208.3392	1.01831	0.1506278	0.494309	0.505691	4.652173
40332	-2577.035	-2786.661	209.626	1.046684	0.1159123	0.571888	0.428112	3.981411
40338	-2587.771	-2795.801	208.0296	1.096522	0.09565659	0.604592	0.395408	4.900557
40344	-2586.552	-2793.848	207.2962	1.07582	0.09022789	0.738542	0.261458	5.331634
40350	-2592.462	-2804.675	212.2136	1.451517	0.112118	0.608287	0.391713	2.195138
40356	-2583.702	-2792.953	209.2507	1.160003	0.09459584	0.58268	0.41732	4.181213
40362	-2585.724	-2794.885	209.1611	1.286957	0.08612856	0.520497	0.479503	4.181213
40368	-2601.84	-2811.755	209.9145	1.240518	0.1046002	0.520497	0.479503	3.730789
40374	-2607.744	-2817.172	209.4286	0.9612797	0.0988705	0.578958	0.421042	4.182597
40380	-2598.918	-2806.229	207.3111	1.06013	0.0988705	0.487684	0.512316	5.311352
40386	-2599.299	-2806.76	207.4609	1.01843	0.07475447	0.639483	0.360517	5.311352
40392	-2609.44	-2818.063	208.6226	1.009512	0.08767956	0.480344	0.519656	4.63748
40398	-2607.381	-2816.832	209.4512	0.9901168	0.1196804	0.430874	0.569126	4.104971
40404	-2605.62	-2813.823	208.2029	0.9412504	0.1052569	0.588826	0.411174	4.867837
40410	-2584.199	-2792.62	208.4212	0.9777163	0.08753063	0.575041	0.424959	4.768352
40416	-2589.465	-2797.082	207.617	1.171321	0.07642419	0.56464	0.43536	5.136169
40422	-2586.263	-2797.029	210.766	1.363109	0.09171271	0.484596	0.515404	3.193536
40428	-2585.404	-2796.233	210.8289	1.285256	0.07588398	0.520719	0.479281	3.244879
40434	-2575.862	-2786.235	210.3728	1.27811	0.0877896	0.570345	0.429655	3.484987
40440	-2570.938	-2781.403	210.4644	1.241486	0.07976252	0.570345	0.429655	3.474188
40446	-2570.182	-2778.773	208.5908	1.204752	0.0813477	0.541018	0.458982	4.56187
40452	-2582.902	-2791.637	208.7353	1.160213	0.06039318	0.541018	0.458982	4.56187
40458	-2574.904	-2785.118	210.2142	1.126025	0.08911331	0.469785	0.530215	3.662164
40464	-2565.471	-2775.934	210.4633	1.243491	0.08911331	0.469785	0.530215	3.448934
40470	-2582.149	-2793.283	211.1331	1.184044	0.07642525	0.647845	0.352155	3.122989
40476	-2584.294	-2795.192	210.8982	1.181358	0.104648	0.589887	0.410113	3.190124
40482	-2586.198	-2797.111	210.9131	1.181358	0.1011061	0.646061	0.353939	3.190124
40488	-2591.609	-2802.156	210.5464	1.259155	0.1011061	0.603092	0.396908	3.360569
40494	-2595.378	-2806.276	210.8988	1.212205	0.08379893	0.658155	0.341845	3.2252
40500	-2588.304	-2798.805	210.5009	1.276096	0.07887806	0.545832	0.454168	3.435004
40506	-2582.883	-2791.836	208.9538	1.334792	0.05669349	0.545832	0.454168	4.350823
40512	-2579.287	-2790.197	210.9095	1.307951	0.07772889	0.505138	0.494862	3.178618
40518	-2593.236	-2803.066	209.8305	1.328686	0.08071232	0.591263	0.408737	3.788675
40524	-2593.289	-2802.529	209.2406	1.208319	0.1084218	0.612572	0.387428	4.126323
40530	-2574.035	-2783.964	209.9286	1.088265	0.1221748	0.60951	0.39049	3.769694
40536	-2583.649	-2792.451	208.8022	0.8593693	0.07844168	0.60951	0.39049	4.644545
40542	-2572.564	-2780.734	208.17	1.013859	0.08250566	0.60951	0.39049	4.900944
40548	-2581.509	-2791.001	209.4917	1.126122	0.08250566	0.603414	0.396586	4.093986
40554	-2579.387	-2787.508	208.121	1.211074	0.06025957	0.630014	0.369986	4.877324
40560	-2567.052	-2777.208	210.1558	1.117103	0.06570514	0.69659	0.30341	3.764044
40566	-2576.486	-2786.589	210.1026	1.059347	0.08957638	0.534527	0.465473	3.764044
40572	-2588.871	-2795.5	206.629	0.8894324	0.101967	0.610605	0.389395	5.772871
40578	-2595.45	-2805.173	209.7227	1.097878	0.06054767	0.60327	0.39673	4.037932
40584	-2591.875	-2801.376	209.5011	1.231973	0.07882713	0.358302	0.641698	4.037932
40590	-2590.054	-2799.387	209.3333	1.113972	0.106044	0.669788	0.330212	4.132809
40596	-2596.955	-2805.349	208.3936	0.8963197	0.09383505	0.598829	0.401171	4.813645
40602	-2593.559	-2801.641	208.0814	1.124055	0.04947109	0.666223	0.333777	4.977769
40608	-2604.075	-2812.847	208.7716	1.124055	0.0797449	0.521691	0.478309	4.50975
40614	-2601.322	-2811.894	210.5717	1.150416	0.08864492	0.507634	0.492366	3.441174
40620	-2588.97	-2799.87	210.8996	1.292143	0.1216463	0.605415	0.394585	3.082683
40626	-2588.454	-2797.601	209.1463	1.164617	0.07781757	0.501385	0.498615	4.280487
40632	-2582.025	-2791.405	209.3801	1.087653	0.0896608	0.501385	0.498615	4.161048
40638	-2593.973	-2803.17	209.1965	1.217267	0.0740527	0.560565	0.439435	4.232219
40644	-2584.021	-2793.366	209.3457	1.211785	0.08596635	0.648324	0.351676	4.119397
40650	-2580.203	-2790.396	210.1927	1.558433	0.05677124	0.607121	0.392879	3.512323
40656	-2591.435	-2800.998	209.5625	1.237514	0.07658157	0.485566	0.514434	4.005645
40662	-2588.696	-2798.022	209.3253	1.237514	0.1002189	0.643827	0.356173	4.080965
40668	-2602.858	-2812.861	210.0031	1.38458	0.06360397	0.404305	0.595695	3.703659
40674	-2595.993	-2806.794	210.8012	1.167369	0.06360397	0.581497	0.418503	3.36536
40680	-2596.518	-2804.104	207.5854	1.205776	0.1143514	0.663718	0.336282	5.043543
40686	-2585.514	-2794.915	209.4009	1.061345	0.1241695	0.482875	0.517125	4.083094
40692	-2593.371	-2801.059	207.6886	1.150456	0.06552453	0.370971	0.629029	5.136861
40698	-2593.863	-2802.331	208.4684	1.124677	0.08439608	0.370971	0.629029	4.667651
40704	-2599.987	-2808.69	208.7028	0.9573845	0.08439608	0.543825	0.456175	4.630025
40710	-2587.827	-2794.554	206.7264	1.024715	0.0749041	0.521895	0.478105	5.711402
40716	-2594.523	-2803.784	209.2613	0.9418468	0.05812532	0.492343	0.507657	4.39505
40722	-2596.526	-2806.731	210.2045	1.369919	0.1199747	0.558893	0.441107	3.451072
40728	-2594.354	-2803.816	209.4628	1.261097	0.03618368	0.588406	0.411594	4.161778
40734	-2603.524	-2814.099	210.5754	1.149054	0.0734298	0.611437	0.388563	3.480595
40740	-2589.328	-2798.376	209.0483	1.353081	0.03863981	0.539008	0.460992	4.337893
40746	-2591.209	-2800.07	208.861	1.117648	0.05445608	0.558977	0.441023	4.531759
40752	-2591.867	-2800.726	208.8581	0.8820551	0.1028154	0.577223	0.422777	4.540083
40758	-2584.272	-2791.075	206.8026	0.9630121	0.0454791	0.565105	0.434895	5.782622
40764	-2601.218	-2810.246	209.0286	1.268106	0.07408981	0.436766	0.563234	4.298422
40770	-2591.429	-2801.722	210.2924	1.160604	0.09421056	0.459417	0.540583	3.583801
40776	-2585.357	-2795.995	210.6372	1.107073	0.09421056	0.540071	0.459929	3.413863
40782	-2583.211	-2794.425	211.2142	1.313462	0.08731646	0.533629	0.466371	2.967276
40788	-2588.241	-2796.21	207.9687	1.101196	0.07014013	0.533629	0.466371	4.996459
40794	-2581.532	-2790.143	208.6119	1.185855	0.06323862	0.581601	0.418399	4.608862
40800	-2570.047	-2778.854	208.8068	1.156464	0.07564485	0.623281	0.376719	4.482461
40806	-2581.972	-2791.321	209.3492	1.347872	0.04801859	0.528891	0.471109	4.143979
40812	-2569.43	-2779.916	210.4864	1.125423	0.09452736	0.554811	0.445189	3.490482
40818	-2576.688	-2785.776	209.0877	1.050008	0.08038432	0.554811	0.445189	4.371726
40824	-2577.41	-2786.766	209.3559	1.276934	0.08038432	0.479514	0.520486	4.09096
40830	-2595.494	-2804.767	209.2726	1.193533	0.05982167	0.521989	0.478011	4.241538
40836	-2590.386	-2800.134	209.7479	1.148924	0.100715	0.565532	0.434468	3.888776
40842	-2582.56	-2792.085	209.5245	1.124745	0.09512605	0.511907	0.488093	4.044091
40848	-2585.847	-2795.566	209.7188	1.10377	0.1411219	0.533829	0.466171	3.840696
40854	-2573.977	-2784.861	210.8838	1.445397	0.07320224	0.576717	0.423283	3.124824
40860	-2601.262	-2810.536	209.274	1.371775	0.05621459	0.501664	0.498336	4.149743
40866	-2596.701	-2806.785	210.0841	1.259696	0.04334146	0.501664	0.498336	3.787301
40872	-2582.334	-2793.483	211.1485	1.390667	0.06430531	0.631472	0.368528	3.02504
40878	-2584.411	-2793.479	209.0679	1.390667	0.05105035	0.531555	0.468445	4.270646
40884	-2582.331	-2790.877	208.5456	1.189931	0.07324664	0.595259	0.404741	4.616714
40890	-2578.591	-2787.126	208.5354	1.178133	0.07795171	0.578424	0.421576	4.616714
40896	-2580.502	-2790.755	210.2529	1.220335	0.07795171	0.70905	0.29095	3.614457
40902	-2583.763	-2793.276	209.5134	1.099585	0.07766197	0.587171	0.412829	4.109429
40908	-2591.19	-2802.542	211.3524	1.267722	0.09726485	0.596991	0.403009	2.885231
40914	-2577.634	-2786.905	209.2706	1.196441	0.06860279	0.422748	0.577252	4.216723
40920	-2584.063	-2793.337	209.274	1.106344	0.08728235	0.693287	0.306713	4.216723
40926	-2584.266	-2794.688	210.4218	1.184512	0.07357004	0.503336	0.496664	3.549082
40932	-2602.533	-2812.291	209.7581	1.090686	0.06220856	0.416433	0.583567	4.017198
40938	-2583.629	-2793.886	210.2572	1.090686	0.09331162	0.526993	0.473007	3.647078
40944	-2580.261	-2789.363	209.1027	1.098152	0.1357437	0.476517	0.523483	4.206903
40950	-2576.059	-2786.198	210.1394	1.29628	0.08991833	0.476517	0.523483	3.604763
40956	-2582.713	-2792.95	210.2375	1.29628	0.08593503	0.434608	0.565392	3.558117
40962	-2572.472	-2783.214	210.7426	1.346509	0.0713884	0.626809	0.373191	3.272248
40968	-2575.155	-2786.294	211.1397	1.419019	0.1123469	0.500317	0.499683	2.88442
40974	-2575.436	-2786.352	210.9159	1.351326	0.08293746	0.597068	0.402932	3.1348
40980	-2598.77	-2810.035	211.2651	1.351326	0.06937871	0.635421	0.364579	2.963911
40986	-2590.799	-2801.085	210.2856	1.246562	0.09905597	0.581435	0.418565	3.525614
40992	-2589.661	-2799.064	209.4035	1.118537	0.07964076	0.54156	0.45844	4.155977
40998	-2584.77	-2795.326	210.5565	1.083297	0.08828422	0.560056	0.439944	3.490206
41004	-2582.24	-2792.72	210.4799	1.073907	0.05810622	0.591349	0.408651	3.623201
41010	-2585.935	-2796.119	210.1844	1.443523	0.04328694	0.56173	0.43827	3.623201
41016	-2593.721	-2803.171	209.4499	1.296898	0.08560488	0.614561	0.385439	4.012427
41022	-2594.705	-2804.217	209.5119	1.20217	0.06394669	0.606815	0.393185	4.08916
41028	-2582.49	-2792.964	210.4746	1.272296	0.08088254	0.589626	0.410374	3.447153
41034	-2598.602	-2808.052	209.4509	1.272296	0.07833792	0.590863	0.409137	4.044864
41040	-2592.212	-2803.054	210.8429	1.068324	0.08781182	0.718486	0.281514	3.332419
41046	-2586.568	-2796.138	209.5703	1.182038	0.06526427	0.632573	0.367427	4.063677
41052	-2577.462	-2787.002	209.5395	1.191456	0.06968304	0.393777	0.606223	4.063677
41058	-2583.661	-2791.534	207.8727	1.05811	0.09819455	0.491467	0.508533	5.003143
41064	-2579.117	-2789.654	210.5366	1.39264	0.0699663	0.580937	0.419063	3.370355
41070	-2582.249	-2790.795	208.5461	1.242071	0.05141381	0.600401	0.399599	4.647166
41076	-2584.159	-2792.972	208.8132	1.292501	0.05901659	0.690723	0.309277	4.447493
41082	-2586.667	-2797.847	211.1796	1.303146	0.05983913	0.584138	0.415862	3.071884
41088	-2572.709	-2783.243	210.5346	1.3563	0.07586867	0.594619	0.405381	3.376462
41094	-2585.398	-2795.537	210.1386	1.148838	0.06969627	0.481571	0.518429	3.744524
41100	-2592.897	-2802.221	209.3232	1.046618	0.06300099	0.417334	0.582666	4.287253
41106	-2578.219	-2787.433	209.2142	1.180968	0.04732046	0.571565	0.428435	4.317116
41112	-2588.251	-2798.443	210.1918	1.19506	0.100463	0.562086	0.437914	3.606609
41118	-2587.076	-2798.21	211.1342	1.31852	0.07593001	0.640711	0.359289	3.043485
41124	-2589.408	-2800.691	211.2826	1.308556	0.07975408	0.526491	0.473509	2.949715
41130	-2577.95	-2789.571	211.6208	1.394569	0.07495214	0.564835	0.435165	2.705588
41136	-2587.642	-2799.288	211.6462	1.358937	0.08344213	0.538202	0.461798	2.687804
41142	-2586.993	-2797.796	210.8029	1.316074	0.08344213	0.538202	0.461798	3.221457
41148	-2589.185	-2797.151	207.9667	1.10603	0.0699667	0.685117	0.314883	4.995348
41154	-2587.572	-2797.902	210.3295	1.178986	0.1271703	0.565856	0.434144	3.473376
41160	-2578.346	-2788.299	209.9521	1.178986	0.09159156	0.630774	0.369226	3.776658
41166	-2571.276	-2781.09	209.8133	1.178986	0.07045494	0.546935	0.453065	3.912208
41172	-2571.602	-2781.671	210.0698	1.008134	0.1415518	0.652079	0.347921	3.692573
41178	-2574.675	-2784.918	210.2422	1.024677	0.08981355	0.56199	0.43801	3.702827
41184	-2582.01	-2789.756	207.7466	1.104068	0.07420446	0.56199	0.43801	5.107406
41190	-2587.178	-2796.466	209.2886	0.9522926	0.100063	0.569142	0.430858	4.264204
41196	-2597.499	-2806.45	208.9507	0.9672051	0.1384959	0.569142	0.430858	4.361383
41202	-2601.707	-2810.394	208.6869	1.006272	0.1306456	0.461041	0.538959	4.504406
41208	-2605.394	-2815.265	209.871	1.052033	0.05213762	0.671331	0.328669	4.003368
41214	-2584.154	-2795.012	210.8579	1.189357	0.07145471	0.671331	0.328669	3.296714
41220	-2595.907	-2806.682	210.7749	1.255608	0.06632163	0.641067	0.358933	3.321113
41226	-2585.774	-2796.229	210.4553	1.2238	0.05638239	0.457895	0.542105	3.555361
41232	-2586.276	-2795.32	209.044	1.044089	0.05638239	0.520883	0.479117	4.464769
41238	-2589.014	-2797.127	208.113	1.044089	0.09711711	0.61643	0.38357	4.879825
41244	-2571.996	-2781.259	209.2633	1.044089	0.09544235	0.450703	0.549297	4.237731
41250	-2583.225	-2790.539	207.3149	1.044089	0.06250123	0.57914	0.42086	5.410236
41256	-2584.313	-2793.421	209.1077	1.030935	0.07123784	0.581602	0.418398	4.395392
41262	-2603.763	-2815.683	211.9199	1.515977	0.1093535	0.491842	0.508158	2.349296
41268	-2574.954	-2786.312	211.3583	1.34026	0.08628738	0.64608	0.35392	2.866911
41274	-2573.768	-2785.178	211.4095	1.359261	0.07113786	0.570691	0.429309	2.866911
41280	-2582.418	-2792.844	210.4255	1.125685	0.06585185	0.612189	0.387811	3.602614
41286	-2579.182	-2789.45	210.2682	1.089907	0.06415898	0.56321	0.43679	3.719194
41292	-2581.682	-2790.882	209.1994	0.9679108	0.06113981	0.588527	0.411473	4.406829
41298	-2577.534	-2786.733	209.1996	1.121265	0.09164818	0.473483	0.526517	4.239445
41304	-2578.657	-2788.734	210.0764	1.352387	0.07241273	0.575604	0.424396	3.655343
41310	-2592.439	-2802.939	210.5005	1.444631	0.08740554	0.51773	0.48227	3.31353
41316	-2586.446	-2796.122	209.6764	1.106805	0.08046932	0.51773	0.48227	4.004954
41322	-2582.659	-2791.243	208.5845	1.026071	0.09028791	0.514559	0.485441	4.643072
41328	-2579.088	-2787.677	208.5888	1.114925	0.07005588	0.514559	0.485441	4.643072
41334	-2581.225	-2789.751	208.5262	1.187	0.06807324	0.540449	0.459551	4.643072
41340	-2581.009	-2789.096	208.087	1.113697	0.08230163	0.553089	0.446911	4.892037
41346	-2591.407	-2801.868	210.4604	1.221273	0.06691752	0.537012	0.462988	3.523716
41352	-2598.479	-2805.794	207.3144	0.9171139	0.1402213	0.534077	0.465923	5.298755
41358	-2594.155	-2802.93	208.775	1.098896	0.1024522	0.520127	0.479873	4.465734
41364	-2581.224	-2792.259	211.0357	1.37804	0.1228636	0.510707	0.489293	2.946815
41370	-2583.651	-2794.16	210.5096	1.37804	0.05304889	0.576862	0.423138	3.443464
41376	-2567.528	-2777.986	210.4572	1.222926	0.08954462	0.551275	0.448725	3.463382
41382	-2568.945	-2776.801	207.8564	1.092517	0.1477985	0.565854	0.434146	4.885955
41388	-2576.569	-2783.157	206.5881	1.014683	0.06319533	0.566938	0.433062	5.823433
41394	-2577.178	-2785.739	208.5607	1.097108	0.07103954	0.512935	0.487065	4.666171
41400	-2575.695	-2783.231	207.5354	1.180001	0.07103954	0.512935	0.487065	5.190597
41406	-2572.136	-2779.527	207.3908	1.149232	0.04892937	0.472564	0.527436	5.347691
41412	-2577.802	-2786.804	209.0019	0.9639594	0.1065336	0.572944	0.427056	4.404347
41418	-2586.796	-2795.994	209.1983	1.08567	0.1298106	0.419289	0.580711	4.172287
41424	-2579.605	-2789.081	209.476	1.08567	0.06522147	0.605813	0.394187	4.172287
41430	-2578.649	-2786.824	208.175	1.08567	0.09262282	0.761501	0.238499	4.832943
41436	-2577.955	-2788.873	210.918	1.382406	0.06271255	0.653676	0.346324	3.172027
41442	-2577.12	-2788.11	210.9903	1.588591	0.05451742	0.63419	0.36581	3.030215
41448	-2584.93	-2795.396	210.4663	1.402481	0.08318891	0.58956	0.41044	3.369577
41454	-2570.02	-2779.523	209.5038	1.267206	0.08318891	0.570532	0.429468	4.004838
41460	-2583.206	-2793.013	209.8065	1.21846	0.07260246	0.595457	0.404543	3.887596
41466	-2587.365	-2797.897	210.5324	1.137678	0.1003575	0.473112	0.526888	3.441862
41472	-2583.486	-2794.755	211.2696	1.334747	0.07902872	0.542684	0.457316	2.943787
41478	-2574.279	-2784.317	210.0379	1.309484	0.05678005	0.541084	0.458916	3.746406
41484	-2577.715	-2787.574	209.8595	1.13932	0.05678005	0.623635	0.376365	3.946726
41490	-2571.901	-2781.295	209.3939	1.121653	0.08504294	0.568149	0.431851	4.14561
41496	-2593.654	-2802.351	208.6977	1.087981	0.07662151	0.710574	0.289426	4.579676
41502	-2587.59	-2797.097	209.5066	1.104952	0.09369858	0.491761	0.508239	4.069158
41508	-2605.79	-2816.543	210.7533	1.104952	0.1442325	0.444275	0.555725	3.230803
41514	-2592.551	-2801.939	209.388	1.104952	0.08765209	0.524101	0.475899	4.151807
41520	-2578.293	-2788.085	209.7918	1.117065	0.1155963	0.6434	0.3566	3.846782
41526	-2581.203	-2791.634	210.4315	1.214788	0.06896691	0.63954	0.36046	3.538579
41532	-2593.037	-2802.146	209.1089	0.972211	0.09116956	0.643705	0.356295	4.376265
41538	-2569.672	-2779.314	209.6424	1.1449	0.07320749	0.522892	0.477108	4.021969
41544	-2580.677	-2790.626	209.9494	1.124876	0.07986508	0.632723	0.367277	3.839764
41550	-2577.71	-2787.606	209.8957	1.139091	0.08858239	0.60923	0.39077	3.839764
41556	-2591.701	-2801.254	209.5532	1.091958	0.07381056	0.555078	0.444922	4.101406
41562	-2577.699	-2787.437	209.7374	1.251413	0.05707499	0.545977	0.454023	3.951664
41568	-2595.306	-2804.783	209.4773	0.9644864	0.1211116	0.550107	0.449893	4.101471
41574	-2577.818	-2787.621	209.8024	1.243725	0.06878527	0.487428	0.512572	3.885896
41580	-2587.332	-2795.576	208.2432	1.134634	0.05260114	0.685041	0.314959	4.873094
41586	-2583.777	-2792.503	208.7265	1.196364	0.09693232	0.548239	0.451761	4.451397
41592	-2585.357	-2794.836	209.4787	1.119278	0.1584228	0.611722	0.388278	3.934701
41598	-2589.881	-2799.56	209.6789	1.119278	0.1051326	0.611722	0.388278	3.934701
41604	-2590.637	-2800.61	209.9728	0.9917411	0.06805501	0.611722	0.388278	3.934701
41610	-2592.886	-2801.8	208.9142	0.943087	0.08325282	0.524255	0.475745	4.522299
41616	-2592.68	-2800.437	207.7575	0.8970623	0.08548543	0.556073	0.443927	5.187184
41622	-2579.526	-2786.515	206.9885	0.9442096	0.08548543	0.656265	0.343735	5.585091
41628	-2584.929	-2791.865	206.9362	0.918076	0.09727282	0.646655	0.353345	5.59967
41634	-2585.169	-2791.97	206.8016	0.9351988	0.08783765	0.59874	0.40126	5.68681
41640	-2581.948	-2791.973	210.0248	1.019987	0.05669144	0.559596	0.440404	3.920654
41646	-2578.315	-2788.539	210.2238	1.274212	0.08307842	0.579733	0.420267	3.586377
41652	-2583.07	-2795.403	212.3332	1.52925	0.1130962	0.693086	0.306914	2.063556
41658	-2573.013	-2782.276	209.263	1.178541	0.0688995	0.560558	0.439442	4.23039
41664	-2580.032	-2789.993	209.961	1.131086	0.05460156	0.608174	0.391826	3.899563
41670	-2578.845	-2787.45	208.6045	1.009752	0.05725378	0.62339	0.37661	4.728171
41676	-2586.786	-2794.822	208.035	0.906222	0.1075025	0.498458	0.501542	4.975614
41682	-2584.828	-2794.625	209.7964	1.275524	0.07468342	0.642975	0.357025	3.854967
41688	-2583.246	-2791.008	207.7619	1.08147	0.128301	0.525975	0.474025	4.984353
41694	-2580.157	-2786.369	206.2121	1.129467	0.07894906	0.694161	0.305839	5.925149
41700	-2571.132	-2780.249	209.1166	1.112046	0.1005956	0.616925	0.383075	4.269866
41706	-2573.116	-2782.609	209.4932	1.175817	0.1079246	0.616925	0.383075	4.002008
41712	-2587.547	-2796.427	208.8798	0.9755804	0.09633963	0.574298	0.425702	4.490784
41718	-2585.532	-2794.413	208.8806	0.9759858	0.09607634	0.6208	0.3792	4.490784
41724	-2573.75	-2782.041	208.2907	1.022851	0.07999643	0.507469	0.492531	4.83507
41730	-2578.252	-2787.865	209.6124	1.123521	0.06552284	0.621003	0.378997	4.072351
41736	-2568.302	-2777.494	209.1924	1.212913	0.1200269	0.551226	0.448774	4.124683
41742	-2573.926	-2782.836	208.9103	1.02069	0.08607695	0.551226	0.448774	4.473645
41748	-2575.712	-2783.774	208.0614	0.9598852	0.06697919	0.479066	0.520934	5.031878
41754	-2570.208	-2778.459	208.2518	1.090306	0.06808826	0.551305	0.448695	4.850427
41760	-2576.221	-2785.301	209.0801	1.18234	0.09920618	0.546515	0.453485	4.254076
41766	-2576.874	-2786.028	209.154	1.009327	0.09920618	0.54021	0.45979	4.310155
41772	-2588.461	-2797.575	209.1142	1.01184	0.06205054	0.509298	0.490702	4.427559
41778	-2605.1	-2814.732	209.6318	1.194467	0.1364579	0.652672	0.347328	3.84837
41784	-2574.177	-2783.155	208.9781	1.025183	0.106451	0.625747	0.374253	4.38341
41790	-2577.74	-2786.601	208.8612	1.025183	0.0659602	0.638678	0.361322	4.551663
41796	-2581.051	-2789.254	208.2022	1.10005	0.1233278	0.536853	0.463147	4.739206
41802	-2572.736	-2781.762	209.0264	1.329368	0.06752894	0.51375	0.48625	4.282752
41808	-2573.327	-2781.831	208.5042	1.028805	0.05631033	0.576228	0.423772	4.776218
41814	-2571.425	-2778.29	206.866	1.039966	0.0613942	0.527541	0.472459	5.662232
41820	-2578.619	-2787.33	208.7105	1.034044	0.08203725	0.603936	0.396064	4.588724
41826	-2574.072	-2783.292	209.22	1.0937	0.0928156	0.547249	0.452751	4.240615
41832	-2576.966	-2785.91	208.9442	1.245496	0.06084499	0.465899	0.534101	4.395011
41838	-2579.373	-2789.689	210.3165	1.26207	0.07587967	0.611303	0.388697	3.558869
41844	-2591.123	-2802.301	211.1784	1.223706	0.08861409	0.611303	0.388697	3.039137
41850	-2583.931	-2794.987	211.0556	1.223706	0.1178989	0.593552	0.406448	3.039137
41856	-2587.861	-2798.887	211.0262	1.170065	0.1266538	0.555833	0.444167	3.068482
41862	-2590.688	-2801.469	210.7809	1.136571	0.109453	0.553738	0.446262	3.274267
41868	-2581.094	-2792.223	211.1295	1.27824	0.1358958	0.613941	0.386059	2.920716
41874	-2577.68	-2788.196	210.5167	1.27824	0.126207	0.678104	0.321896	3.30751
41880	-2588.892	-2797.629	208.7371	1.034677	0.1058919	0.620842	0.379158	4.515128
41886	-2596.251	-2805.114	208.8629	1.004012	0.08393417	0.583851	0.416149	4.515128
41892	-2602.888	-2812.497	209.6088	1.109329	0.0705924	0.545215	0.454785	4.068539
41898	-2593.754	-2803.215	209.4614	1.235379	0.07509235	0.687206	0.312794	4.068539
41904	-2586.751	-2797.807	211.0557	1.251582	0.09273141	0.547642	0.452358	3.084902
41910	-2605.524	-2816.469	210.9452	1.223103	0.1088954	0.568409	0.431591	3.126993
41916	-2584.066	-2795.949	211.8829	1.49884	0.09813458	0.55357	0.44643	2.41326
41922	-2594.695	-2801.774	207.0783	1.132416	0.06104612	0.536162	0.463838	5.495798
41928	-2579.128	-2789.177	210.0497	1.159202	0.06636129	0.536162	0.463838	3.799044
41934	-2579.73	-2789.587	209.8573	1.294314	0.08094724	0.732217	0.267783	3.792409
41940	-2592.912	-2801.843	208.9303	1.283091	0.07597262	0.537693	0.462307	4.34056
41946	-2603.142	-2814.449	211.307	1.43422	0.06583885	0.50366	0.49634	2.899008
41952	-2575.931	-2785.589	209.6581	1.097798	0.09223976	0.633563	0.366437	3.990361
41958	-2577.307	-2786.781	209.4736	1.082892	0.08269335	0.439006	0.560994	4.128428
41964	-2600.369	-2809.75	209.381	1.035662	0.1154817	0.398468	0.601532	4.128428
41970	-2602.512	-2813.737	211.225	1.293845	0.07250071	0.726632	0.273368	3.013535
41976	-2592.63	-2803.761	211.1311	1.32882	0.08523211	0.663472	0.336528	3.013535
41982	-2589.326	-2798.79	209.4638	1.117135	0.08898206	0.568255	0.431745	4.098378
41988	-2579.32	-2788.729	209.4092	1.282432	0.05126889	0.546167	0.453833	4.137768
41994	-2579.203	-2787.779	208.5763	1.110557	0.05674064	0.586042	0.413958	4.689014
42000	-2579.785	-2788.262	208.4771	1.047221	0.07204417	0.390833	0.609167	4.738172
42006	-2583.174	-2792.437	209.2632	1.047221	0.06593366	0.390833	0.609167	4.312769
42012	-2585.061	-2794.876	209.8148	0.9863333	0.08144001	0.613553	0.386447	3.992187
42018	-2572.311	-2779.965	207.654	0.9639977	0.08144001	0.583414	0.416586	5.21761
42024	-2587.654	-2797.122	209.4681	1.11811	0.1058825	0.597293	0.402707	4.054056
42030	-2588.224	-2797.669	209.4456	1.172557	0.08050571	0.591033	0.408967	4.099027
42036	-2582.728	-2793.125	210.3974	1.202153	0.1102661	0.591033	0.408967	3.459017
42042	-2590.537	-2799.346	208.8094	1.120683	0.06254681	0.509453	0.490547	4.536473
42048	-2572.973	-2782.006	209.0324	1.225486	0.0491827	0.535481	0.464519	4.389408
42054	-2581.839	-2791.14	209.3009	1.106772	0.04693695	0.535481	0.464519	4.311143
42060	-2591.197	-2799.624	208.4264	1.150622	0.04746694	0.575085	0.424915	4.776376
42066	-2589.396	-2797.833	208.4375	0.885789	0.1016398	0.575085	0.424915	4.776376
42072	-2588.266	-2796.71	208.4436	0.9673295	0.08168447	0.439881	0.560119	4.776376
42078	-2581.094	-2789.846	208.7525	1.07354	0.08996025	0.588883	0.411117	4.522951
42084	-2589.405	-2799.414	210.0094	1.165632	0.06952539	0.50461	0.49539	3.809761
42090	-2593.251	-2801.415	208.1635	1.326322	0.06745743	0.468759	0.531241	4.769711
42096	-2584.851	-2791.324	206.4734	1.183564	0.05916544	0.526544	0.473456	5.804624
42102	-2593.007	-2802.12	209.1131	1.089891	0.07609316	0.468697	0.531303	4.346106
42108	-2569.94	-2778.735	208.7947	1.027154	0.07351044	0.576241	0.423759	4.56759
42114	-2567.176	-2775.921	208.745	1.052634	0.06795259	0.598784	0.401216	4.596086
42120	-2581.64	-2789.355	207.7149	1.017796	0.05889179	0.38786	0.61214	5.213747
42126	-2575.241	-2783.053	207.8122	0.9391392	0.05514954	0.471114	0.528886	5.213747
42132	-2579.664	-2788.281	208.6169	0.90091	0.1051145	0.694063	0.305937	4.659439
42138	-2579.174	-2788.814	209.6399	1.137364	0.05829711	0.479366	0.520634	4.068982
42144	-2594.536	-2803.861	209.3253	1.082012	0.07322254	0.642974	0.357026	4.238134
42150	-2580.776	-2790.226	209.4503	1.195722	0.08167781	0.544996	0.455004	4.080059
42156	-2579.989	-2789.375	209.3863	1.312382	0.08167781	0.632611	0.367389	4.050072
42162	-2579.585	-2788.831	209.2459	1.528743	0.0762298	0.477644	0.522356	4.021076
42168	-2581.281	-2787.948	206.6672	1.300451	0.07970285	0.531491	0.468509	5.580364
42174	-2584.894	-2793.709	208.8149	1.155465	0.09154639	0.456168	0.543832	4.43779
42180	-2584.417	-2794.556	210.1389	1.397508	0.05195858	0.452819	0.547181	3.651062
42186	-2585.09	-2793.878	208.7882	1.168132	0.07696095	0.452819	0.547181	4.482889
42192	-2603.629	-2813.641	210.0128	1.184475	0.08590615	0.566553	0.433447	3.753063
42198	-2581.284	-2789.288	208.0036	1.4396	0.06303204	0.713799	0.286201	4.80779
42204	-2610.636	-2821.003	210.3667	1.518601	0.04804033	0.585235	0.414765	3.45952
42210	-2571.31	-2782.242	210.9317	1.247785	0.1117533	0.698191	0.301809	3.113418
42216	-2591.864	-2800.835	208.971	1.088705	0.08764623	0.621313	0.378687	4.39715
42222	-2580.019	-2787.624	207.6052	1.042321	0.05823821	0.595096	0.404904	5.262637
42228	-2577.109	-2786.334	209.2253	1.053671	0.06058232	0.580266	0.419734	4.345361
42234	-2586.093	-2794.449	208.356	1.365732	0.07427067	0.650764	0.349236	4.621755
42240	-2587.651	-2795.653	208.0023	1.027116	0.09978241	0.606094	0.393906	4.944545
42246	-2585.571	-2793.67	208.0993	0.9225166	0.09740435	0.545795	0.454205	4.954422
42252	-2579.259	-2789.407	210.148	1.378432	0.09440612	0.617464	0.382536	3.540597
42258	-2566.596	-2775.673	209.0769	0.9911367	0.09746791	0.573689	0.426311	4.368219
42264	-2588.339	-2797.446	209.1075	1.100257	0.07910271	0.510932	0.489068	4.33549
42270	-2575.451	-2786.373	210.9219	1.250213	0.08704823	0.613171	0.386829	3.180299
42276	-2573.188	-2782.154	208.966	1.098423	0.06474045	0.629455	0.370545	4.454882
42282	-2582.514	-2792.426	209.9119	1.212641	0.07327462	0.562231	0.437769	3.828552
42288	-2578.264	-2787.526	209.2618	1.125245	0.07681272	0.657401	0.342599	4.240015
42294	-2570.741	-2781.039	210.2979	1.228593	0.07700111	0.574932	0.425068	3.586093
42300	-2577.354	-2787.522	210.168	1.228593	0.0761038	0.574932	0.425068	3.663876
42306	-2576.883	-2786.628	209.7451	1.210351	0.07314935	0.548722	0.451278	3.925967
42312	-2602.827	-2811.631	208.8039	1.110362	0.09292714	0.684961	0.315039	4.465992
42318	-2590.327	-2801.443	211.1164	1.438619	0.08374213	0.616606	0.383394	2.960507
42324	-2593.003	-2803.818	210.8151	1.378915	0.06063053	0.43697	0.56303	3.2411
42330	-2573.012	-2783.725	210.7133	1.378915	0.08946404	0.557271	0.442729	3.221248
42336	-2588.952	-2799.148	210.1957	1.378915	0.0540742	0.528783	0.471217	3.622777
42342	-2589.761	-2800.193	210.4321	1.413542	0.0540742	0.526922	0.473078	3.464981
42348	-2595.98	-2806.003	210.0229	1.325139	0.05494486	0.426665	0.573335	3.751358
42354	-2595.814	-2802.535	206.7216	0.8195681	0.06333022	0.542542	0.457458	5.856757
42360	-2584.469	-2791.062	206.593	1.05385	0.04664753	0.542542	0.457458	5.844437
42366	-2587.702	-2797.538	209.8361	1.084457	0.04664753	0.542542	0.457458	4.020524
42372	-2587.214	-2795.996	208.7819	1.084457	0.08078964	0.528799	0.471201	4.523531
42378	-2587.674	-2797.229	209.5556	1.404041	0.06953863	0.51404	0.48596	3.933418
42384	-2596.086	-2804.716	208.63	1.199494	0.07103095	0.641759	0.358241	4.569936
42390	-2583.656	-2792.649	208.9931	1.309618	0.06295841	0.644029	0.355971	4.325308
42396	-2581.993	-2791.103	209.1106	1.046905	0.0943374	0.699502	0.300498	4.325308
42402	-2582.708	-2791.349	208.6418	1.040978	0.08818659	0.679547	0.320453	4.607795
42408	-2585.881	-2795.244	209.3624	1.117265	0.07569985	0.679547	0.320453	4.190446
42414	-2598.649	-2805.465	206.8161	0.9537318	0.05068215	0.565392	0.434608	5.76604
42420	-2578.319	-2786.208	207.8892	0.9148396	0.06940335	0.565392	0.434608	5.145883
42426	-2588.779	-2796.724	207.9448	1.074328	0.070317	0.602745	0.397255	5.024187
42432	-2582.251	-2790.774	208.5239	1.037463	0.0897017	0.513752	0.486248	4.672069
42438	-2583.467	-2793.603	210.1357	1.108048	0.0784797	0.677733	0.322267	3.745856
42444	-2587.693	-2797.414	209.7208	1.142809	0.07306136	0.590313	0.409687	3.978759
42450	-2586.378	-2795.999	209.6209	1.190859	0.08425318	0.590313	0.409687	3.978759
42456	-2588.396	-2799.201	210.8046	1.170856	0.08479859	0.429629	0.570371	3.302579
42462	-2585.845	-2797.407	211.5617	1.456703	0.08479859	0.501488	0.498512	2.675884
42468	-2579.21	-2789.542	210.3322	1.322102	0.1093494	0.535227	0.464773	3.429172
42474	-2575.078	-2783.575	208.4966	1.206859	0.06391757	0.526048	0.473952	4.659879
42480	-2604.406	-2814.486	210.0797	1.428532	0.05729167	0.616238	0.383762	3.651978
42486	-2605.778	-2815.193	209.4147	1.233069	0.07718376	0.542063	0.457937	4.090878
42492	-2593.398	-2801.118	207.7206	1.180599	0.04516573	0.624712	0.375288	5.158523
42498	-2585.852	-2796.673	210.8211	1.422309	0.07449263	0.667017	0.332983	3.172203
42504	-2581.531	-2792.97	211.4382	1.392215	0.08761961	0.506529	0.493471	2.783216
42510	-2576.335	-2786.515	210.1796	1.317011	0.04771783	0.530566	0.469434	3.686421
42516	-2582.125	-2790.464	208.3384	1.243879	0.04415477	0.525247	0.474753	4.782703
42522	-2575.014	-2783.61	208.5959	1.304063	0.08421487	0.52916	0.47084	4.495829
42528	-2585.909	-2794.799	208.8902	1.147114	0.09692097	0.53141	0.46859	4.386848
42534	-2580.303	-2789.281	208.9778	1.140597	0.06869717	0.703112	0.296888	4.413667
42540	-2564.753	-2774.412	209.6582	1.207566	0.09182528	0.667553	0.332447	3.928524
42546	-2570.025	-2779.561	209.5352	1.111579	0.06944135	0.592294	0.407706	4.112312
42552	-2570.834	-2780.331	209.4973	1.126991	0.07417693	0.552673	0.447327	4.112312
42558	-2588.95	-2795.514	206.5644	0.9810622	0.1080683	0.602091	0.397909	5.744183
42564	-2591.813	-2802.579	210.7656	1.451574	0.05460348	0.53623	0.46377	3.245122
42570	-2591.897	-2803.004	211.107	1.542438	0.09732267	0.665934	0.334066	2.867315
42576	-2583.062	-2794.568	211.5056	1.313821	0.1238782	0.54558	0.45442	2.697842
42582	-2581.802	-2792.607	210.8051	1.373933	0.1020279	0.465569	0.534431	3.137545
42588	-2593.718	-2803.701	209.983	1.293589	0.08587159	0.445429	0.554571	3.707382
42594	-2589.502	-2799.068	209.5661	1.015341	0.07617429	0.437281	0.562719	4.131363
42600	-2597.773	-2805.925	208.1514	0.9790153	0.07617429	0.575987	0.424013	4.946932
42606	-2588.824	-2798.226	209.4017	1.103165	0.08754697	0.58155	0.41845	4.145289
42612	-2596.4	-2804.179	207.7789	0.9489961	0.1076737	0.714543	0.285457	5.093691
42618	-2606.691	-2814.68	207.9895	0.9759674	0.1292229	0.385693	0.614307	4.914527
42624	-2582.271	-2791.112	208.8409	1.187389	0.09832832	0.590671	0.409329	4.388539
42630	-2585.529	-2794.457	208.9275	1.215177	0.0729424	0.509848	0.490152	4.388539
42636	-2596.847	-2807.009	210.1621	1.270495	0.09018623	0.413765	0.586235	3.6059
42642	-2589.062	-2796.074	207.0118	0.8143375	0.05522004	0.693182	0.306818	5.722776
42648	-2566.805	-2776.153	209.3481	1.05353	0.09379998	0.541872	0.458128	4.188297
42654	-2579.555	-2789.061	209.506	1.121097	0.07142751	0.541872	0.458128	4.118109
42660	-2579.415	-2789.006	209.5916	1.158266	0.08123615	0.565206	0.434794	4.022012
42666	-2571.748	-2781.744	209.9962	1.213721	0.07506868	0.562621	0.437379	3.774557
42672	-2586.942	-2795.739	208.7973	1.077213	0.1061207	0.438865	0.561135	4.456767
42678	-2578.32	-2788.238	209.9185	1.31294	0.09015689	0.582757	0.417243	3.722404
42684	-2582.264	-2792.986	210.722	1.43708	0.06418671	0.623683	0.376317	3.251425
42690	-2577.558	-2787.835	210.2769	1.312805	0.05964379	0.623683	0.376317	3.597942
42696	-2574.888	-2785.027	210.1388	1.342248	0.08244034	0.599536	0.400464	3.597942
42702	-2568.774	-2779.209	210.4355	1.336741	0.07823727	0.60878	0.39122	3.43952
42708	-2575.68	-2783.535	207.8543	1.087278	0.08995253	0.60878	0.39122	5.017049
42714	-2569.119	-2780.074	210.9553	1.319507	0.1017296	0.518976	0.481024	3.081233
42720	-2583.519	-2792.607	209.0879	1.234533	0.086483	0.508848	0.491152	4.251562
42726	-2580.368	-2788.848	208.4793	0.9706232	0.06594014	0.508848	0.491152	4.796087
42732	-2585.581	-2793.847	208.2659	1.102431	0.07412178	0.705234	0.294766	4.819777
42738	-2581.253	-2791.499	210.2467	1.141133	0.07394558	0.617507	0.382493	3.674841
42744	-2584.137	-2794.845	210.7085	1.190608	0.08777812	0.59384	0.40616	3.339594
42750	-2573.219	-2783.477	210.2581	1.249305	0.08930884	0.474668	0.525332	3.564655
42756	-2578.193	-2788.883	210.6904	1.147762	0.09632616	0.488231	0.511769	3.353434
42762	-2589.995	-2799.212	209.2168	1.081776	0.1006969	0.451328	0.548672	4.229984
42768	-2582.352	-2792.214	209.8622	1.072572	0.08104285	0.529935	0.470065	3.91672
42774	-2597.26	-2806.031	208.7719	1.150803	0.04993172	0.530927	0.469073	4.575937
42780	-2574.287	-2782.365	208.0781	1.027348	0.09295984	0.517533	0.482467	4.918603
42786	-2571.661	-2780.774	209.113	1.249484	0.04588996	0.549285	0.450715	4.339679
42792	-2583.636	-2794.278	210.6419	1.269194	0.09472954	0.465121	0.534879	3.314596
42798	-2572.952	-2781.856	208.9038	1.269194	0.06103786	0.509795	0.490205	4.403887
42804	-2565.119	-2775.717	210.5978	1.289378	0.06762441	0.403779	0.596221	3.401618
42810	-2589.122	-2796.571	207.4491	1.157676	0.0817148	0.659228	0.340772	5.223106
42816	-2580.572	-2789.901	209.3288	1.087058	0.09806278	0.579626	0.420374	4.169772
42822	-2595.96	-2805.241	209.2808	0.8691356	0.1209966	0.559057	0.440943	4.267484
42828	-2590.313	-2799.544	209.231	1.11469	0.103643	0.561649	0.438351	4.196231
42834	-2586.004	-2795.859	209.8552	1.11469	0.08181486	0.682609	0.317391	3.894567
42840	-2580.668	-2791.429	210.7605	1.263941	0.09840022	0.509722	0.490278	3.238382
42846	-2575.039	-2783.479	208.4399	1.132063	0.08807386	0.610787	0.389213	4.670229
42852	-2581.238	-2789.954	208.716	1.136921	0.09776921	0.49629	0.50371	4.488751
42858	-2582.941	-2791.448	208.5071	1.136921	0.09776921	0.49629	0.50371	4.606075
42864	-2580.992	-2789.486	208.4938	1.136921	0.1009	0.50839	0.49161	4.606075
42870	-2586.247	-2795.983	209.7356	1.168856	0.09670432	0.615462	0.384538	3.894213
42876	-2586.654	-2797.719	211.0649	1.264435	0.0774635	0.720486	0.279514	3.112836
42882	-2580.892	-2790.444	209.5518	1.126131	0.08751216	0.604034	0.395966	4.046858
42888	-2589.399	-2799.618	210.2195	1.184473	0.1052525	0.460089	0.539911	3.58503
42894	-2594.362	-2805.078	210.7164	1.103969	0.1084572	0.616794	0.383206	3.333903
42900	-2595.68	-2804.77	209.0902	1.113101	0.1002107	0.487365	0.512635	4.285123
42906	-2589.968	-2799.084	209.1167	1.086628	0.1002107	0.487365	0.512635	4.285123
42912	-2589.797	-2798.775	208.978	1.231352	0.09878064	0.619136	0.380864	4.285123
42918	-2584.596	-2794.72	210.1247	1.324146	0.0977438	0.515109	0.484891	3.577352
42924	-2585.094	-2795.507	210.4134	1.233586	0.05108855	0.69823	0.30177	3.589441
42930	-2578.328	-2788.567	210.2391	1.328547	0.067144	0.624015	0.375985	3.589441
42936	-2593.756	-2804.073	210.3168	1.046452	0.1133489	0.610365	0.389635	3.589441
42942	-2576.115	-2785.225	209.1098	1.203578	0.08710143	0.541058	0.458942	4.255155
42948	-2580.325	-2788.882	208.5568	1.185804	0.0594446	0.541058	0.458942	4.650282
42954	-2588.745	-2799.645	210.9003	1.224802	0.119472	0.519726	0.480274	3.127491
42960	-2606.609	-2817.734	211.1253	1.405565	0.09268796	0.577631	0.422369	2.951061
42966	-2608.005	-2819.48	211.475	1.31674	0.09268796	0.54668	0.45332	2.793111
42972	-2592.628	-2801.424	208.7963	1.041347	0.09268796	0.641196	0.358804	4.509682
42978	-2607.091	-2816.695	209.6039	1.066067	0.08037354	0.59088	0.40912	4.069815
42984	-2576.018	-2783.913	207.8952	1.317112	0.05287342	0.61386	0.38614	4.964457
42990	-2576.924	-2787.316	210.3917	1.317112	0.0712917	0.645108	0.354892	3.495643
42996	-2579.362	-2787.995	208.6335	1.108148	0.113438	0.654165	0.345835	4.514759
43002	-2568.479	-2777.35	208.8707	1.157521	0.07043716	0.563572	0.436428	4.459771
43008	-2585.56	-2794.401	208.8413	1.11828	0.07932206	0.616556	0.383444	4.474912
43014	-2564.553	-2773.679	209.1261	1.196562	0.06976948	0.616556	0.383444	4.295356
43020	-2564.154	-2773.726	209.5711	1.03566	0.1004945	0.581742	0.418258	4.05524
43026	-2565.465	-2775.036	209.5713	1.167453	0.0711662	0.471229	0.528771	4.05524
43032	-2581.552	-2791.22	209.6688	0.9803224	0.0906837	0.476752	0.523248	4.05524
43038	-2588.611	-2796.619	208.008	0.8296821	0.0906837	0.403321	0.596679	5.072934
43044	-2601.04	-2809.256	208.2156	1.09588	0.07155449	0.502172	0.497828	4.858246
43050	-2596.712	-2807.046	210.3339	1.272019	0.0667874	0.652165	0.347835	3.56819
43056	-2578.624	-2788.974	210.3499	1.109274	0.1050011	0.534356	0.465644	3.553513
43062	-2608.696	-2817.702	209.0062	0.994922	0.08787661	0.495632	0.504368	4.429631
43068	-2605.863	-2814.714	208.8508	1.07176	0.1061467	0.544607	0.455393	4.429631
43074	-2607.036	-2816.069	209.0325	1.065065	0.08892105	0.548969	0.451031	4.372583
43080	-2583.617	-2790.085	206.4672	1.005776	0.1541538	0.555435	0.444565	5.688909
43086	-2578.625	-2788.152	209.5265	1.14566	0.0643732	0.667629	0.332371	4.111822
43092	-2594.082	-2803.375	209.2932	1.169305	0.1113294	0.544001	0.455999	4.111822
43098	-2590.277	-2798.814	208.5367	1.192725	0.07714835	0.465404	0.534596	4.609883
43104	-2598.808	-2805.832	207.0241	1.184666	0.09150718	0.657941	0.342059	5.418487
43110	-2584.854	-2792.589	207.7345	0.9328341	0.09150718	0.624002	0.375998	5.165307
43116	-2580.426	-2788.659	208.233	1.24834	0.05314766	0.672343	0.327657	4.8139
43122	-2582.386	-2792.458	210.0725	1.293756	0.06400622	0.590232	0.409768	3.714933
43128	-2578.239	-2787.468	209.2294	1.339424	0.09642528	0.590441	0.409559	4.08677
43134	-2572.901	-2784.96	212.0586	1.452988	0.09620847	0.5667	0.4333	2.336233
43140	-2607.922	-2817.159	209.2373	1.116249	0.08910469	0.704961	0.295039	4.227292
43146	-2587.53	-2797.499	209.9688	1.13807	0.09404945	0.602723	0.397277	3.784468
43152	-2585.381	-2794.505	209.1239	1.189959	0.06690315	0.685451	0.314549	4.308137
43158	-2591.995	-2802.072	210.0772	1.232639	0.1001544	0.455527	0.544473	3.652056
43164	-2584.263	-2794.533	210.27	1.242365	0.1175185	0.455527	0.544473	3.492986
43170	-2581.23	-2791.867	210.6361	1.315891	0.09945341	0.617935	0.382065	3.278482
43176	-2580.178	-2790.44	210.2624	1.351063	0.08934489	0.575006	0.424994	3.502798
43182	-2583.861	-2792.051	208.1904	0.9756453	0.07157349	0.575006	0.424994	4.939204
43188	-2592.991	-2799.756	206.7645	0.9342568	0.07112215	0.67881	0.32119	5.749904
43194	-2596.851	-2805.562	208.7113	0.9096908	0.1091735	0.664311	0.335689	4.592205
43200	-2595.92	-2804.534	208.6138	1.160963	0.07418755	0.528011	0.471989	4.592205
43206	-2595.959	-2805.288	209.3295	1.160963	0.07338157	0.547517	0.452483	4.19051
43212	-2588.269	-2797.405	209.136	1.160963	0.08808157	0.585212	0.414788	4.261928
43218	-2581.122	-2791.141	210.0189	1.310248	0.08808157	0.565916	0.434084	3.671263
43224	-2582.902	-2791.494	208.5919	1.103839	0.06587221	0.469234	0.530766	4.658839
43230	-2580.079	-2788.611	208.5322	1.103839	0.1201147	0.649346	0.350654	4.559239
43236	-2584.579	-2791.281	206.7028	1.088598	0.07868248	0.543692	0.456308	5.679658
43242	-2584.864	-2793.651	208.787	1.209236	0.07330866	0.607834	0.392166	4.470102
43248	-2573.019	-2782.284	209.265	1.232933	0.0656935	0.618312	0.381688	4.207194
43254	-2588.838	-2796.462	207.6244	1.117034	0.08736358	0.766717	0.233283	5.134455
43260	-2592.404	-2800.562	208.1588	1.131604	0.06394308	0.463441	0.536559	4.890492
43266	-2581.867	-2791.423	209.5553	1.232378	0.05167421	0.592926	0.407074	4.081921
43272	-2587.159	-2796.022	208.8629	1.202843	0.05636016	0.592926	0.407074	4.477391
43278	-2588.461	-2798.557	210.0956	1.202843	0.132564	0.592926	0.407074	3.583865
43284	-2587.972	-2798.696	210.7235	1.426012	0.06909262	0.643789	0.356211	3.243051
43290	-2573.081	-2783.462	210.3811	1.528083	0.0716392	0.566789	0.433211	3.377447
43296	-2576.038	-2786.191	210.153	1.318216	0.08312174	0.623665	0.376335	3.601852
43302	-2582.223	-2791.839	209.6164	1.393642	0.07338583	0.672919	0.327081	3.894004
43308	-2601.635	-2810.63	208.9959	1.239023	0.1213984	0.573136	0.426864	4.218418
43314	-2594.62	-2803.866	209.2457	1.239023	0.06434469	0.530455	0.469545	4.218418
43320	-2602.523	-2811.323	208.8001	1.109468	0.08344033	0.530455	0.469545	4.492424
43326	-2598.472	-2804.811	206.3392	0.8471884	0.08487679	0.530455	0.469545	5.995042
43332	-2592.251	-2801.242	208.992	1.097073	0.08633388	0.496521	0.503479	4.383929
43338	-2590.513	-2799.57	209.057	1.166035	0.0769564	0.601295	0.398705	4.332485
43344	-2596.749	-2806.8	210.0513	1.247189	0.08275129	0.649836	0.350164	3.702914
43350	-2595.767	-2805.294	209.5267	1.257481	0.05681865	0.675146	0.324854	4.069236
43356	-2598.029	-2807.228	209.1993	1.04417	0.0954278	0.634397	0.365603	4.273991
43362	-2588.715	-2798.843	210.1277	1.011022	0.08770527	0.631198	0.368802	3.782189
43368	-2593.714	-2804.294	210.5804	1.29928	0.1137322	0.509454	0.490546	3.286357
43374	-2590.853	-2801.442	210.5894	1.238777	0.06822818	0.564972	0.435028	3.434498
43380	-2594.291	-2805.582	211.2909	1.238777	0.1082396	0.617247	0.382753	2.912058
43386	-2595.246	-2806.801	211.5553	1.243002	0.1115491	0.618585	0.381415	2.740673
43392	-2583.976	-2792.517	208.5405	1.10966	0.05651823	0.52266	0.47734	4.710168
43398	-2584.824	-2792.059	207.2357	0.9551807	0.08829704	0.52266	0.47734	5.436192
43404	-2577.13	-2784.459	207.3289	0.9634176	0.0664886	0.475095	0.524905	5.436192
43410	-2571.473	-2780.821	209.3481	1.08575	0.07474808	0.521326	0.478674	4.218986
43416	-2573.432	-2784.804	211.3721	1.226026	0.08903829	0.675926	0.324074	2.92018
43422	-2584.533	-2794.632	210.0991	1.13619	0.08712657	0.747891	0.252109	3.728006
43428	-2581.351	-2789.429	208.0783	1.13619	0.09364041	0.624269	0.375731	4.856208
43434	-2588.362	-2797.605	209.2426	1.047159	0.08184705	0.579497	0.420503	4.281966
43440	-2586.611	-2795.267	208.6567	0.8672154	0.09949324	0.625088	0.374912	4.669255
43446	-2577.253	-2786.335	209.0816	1.29785	0.04306073	0.519508	0.480492	4.338021
43452	-2583.074	-2792.56	209.4857	0.997852	0.07173673	0.60372	0.39628	4.198838
43458	-2582.099	-2790.362	208.2625	0.9552585	0.06110882	0.519192	0.480808	4.938633
43464	-2582.996	-2791.27	208.2738	0.9280229	0.06435959	0.612369	0.387631	4.938633
43470	-2578.699	-2786.931	208.2319	0.9393519	0.07068445	0.612369	0.387631	4.938633
43476	-2591.271	-2799.723	208.4517	0.9393519	0.07297169	0.457328	0.542672	4.810144
43482	-2584.087	-2792.655	208.5673	0.9066645	0.07962201	0.535833	0.464167	4.746479
43488	-2592.146	-2801.099	208.9524	1.062981	0.08867029	0.681865	0.318135	4.419564
43494	-2593.704	-2803.803	210.0993	1.121478	0.06807116	0.579409	0.420591	3.787459
43500	-2593.54	-2803.56	210.02	1.2337	0.06131405	0.616778	0.383222	3.787459
43506	-2577.183	-2786.792	209.6092	1.087355	0.07200064	0.514546	0.485454	4.076984
43512	-2572.978	-2783.113	210.1354	1.257364	0.06318015	0.628971	0.371029	3.701942
43518	-2580.837	-2790.772	209.935	1.190524	0.07242057	0.465616	0.534384	3.830292
43524	-2591.99	-2800.096	208.1063	1.078211	0.08442042	0.425812	0.574188	4.895723
43530	-2608.477	-2816.748	208.2709	1.027122	0.06046484	0.598767	0.401233	4.895723
43536	-2597.567	-2806.595	209.0286	0.9606495	0.0889449	0.658122	0.341878	4.43361
43542	-2587.641	-2797.077	209.4361	0.9606495	0.08030018	0.500907	0.499093	4.225366
43548	-2601.596	-2810.895	209.2991	1.039624	0.0932365	0.500907	0.499093	4.225366
43554	-2583.645	-2792.622	208.9762	0.9810863	0.09339056	0.537727	0.462273	4.440597
43560	-2584.714	-2794.924	210.2097	1.060387	0.09466208	0.645055	0.354945	3.688671
43566	-2585.535	-2793.117	207.5819	0.8011889	0.07385064	0.645055	0.354945	5.366808
43572	-2606.145	-2812.561	206.4161	1.027121	0.1091886	0.645041	0.354959	5.797643
43578	-2594.459	-2800.331	205.8725	0.9543765	0.08364571	0.522343	0.477657	6.193886
43584	-2591.341	-2798.242	206.9008	0.9110743	0.09326943	0.662047	0.337953	5.63245
43590	-2599.93	-2809.393	209.4626	1.236737	0.09104747	0.540598	0.459402	4.025664
43596	-2596.837	-2806.643	209.8057	1.337107	0.09802133	0.565865	0.434135	3.753861
43602	-2600.679	-2810.809	210.1304	1.325209	0.06329894	0.557337	0.442663	3.665264
43608	-2600.292	-2809.677	209.3847	1.209592	0.08044496	0.605025	0.394975	4.112751
43614	-2580.449	-2789.765	209.3162	1.241432	0.07019855	0.561102	0.438898	4.160955
43620	-2577.51	-2786.885	209.3745	1.18947	0.06887483	0.506633	0.493367	4.160955
43626	-2589.912	-2799.067	209.1555	1.205606	0.07369366	0.506633	0.493367	4.263053
43632	-2581.272	-2790.348	209.0763	1.139917	0.07789857	0.628942	0.371058	4.333844
43638	-2575.742	-2785.789	210.0475	1.270512	0.1323613	0.579684	0.420316	3.572962
43644	-2577.946	-2787.941	209.9952	1.270512	0.108553	0.579684	0.420316	3.6573
43650	-2583.877	-2792.872	208.9957	1.280674	0.07423782	0.579684	0.420316	4.309532
43656	-2575.583	-2785.246	209.6621	1.280674	0.07436005	0.555554	0.444446	3.929935
43662	-2577.7	-2786.772	209.0724	1.266762	0.0663021	0.573478	0.426522	4.295503
43668	-2572.67	-2782.329	209.6584	1.321571	0.07094093	0.586913	0.413087	3.917899
43674	-2575.084	-2782.695	207.6109	1.169495	0.06800002	0.618186	0.381814	5.162714
43680	-2591.166	-2800.029	208.8627	1.206557	0.1117412	0.396675	0.603325	4.33395
43686	-2583.364	-2792.345	208.9815	1.206557	0.08400282	0.645418	0.354582	4.33395
43692	-2581.82	-2789.904	208.0843	0.9356077	0.1131775	0.555164	0.444836	4.919039
43698	-2583.137	-2791.495	208.3581	0.9356077	0.1109105	0.555164	0.444836	4.771462
43704	-2586.987	-2795.397	208.4106	0.9834721	0.08736897	0.542398	0.457602	4.771462
43710	-2585.478	-2794.944	209.4661	0.9821685	0.07928778	0.531323	0.468677	4.198799
43716	-2589.749	-2799.174	209.4252	1.076881	0.06788546	0.503967	0.496033	4.198799
43722	-2587.586	-2797.413	209.8271	1.144678	0.08177205	0.692795	0.307205	3.893596
43728	-2590.872	-2800.888	210.016	1.257328	0.08177205	0.459506	0.540494	3.720003
43734	-2582.133	-2791.811	209.678	1.303065	0.09161578	0.701742	0.298258	3.862929
43740	-2585.155	-2795.051	209.8959	1.162132	0.10978	0.621051	0.378949	3.774407
43746	-2599.448	-2808.787	209.339	1.052909	0.112924	0.471848	0.528152	4.148341
43752	-2593.246	-2802.373	209.1273	1.279872	0.05570906	0.657086	0.342914	4.286518
43758	-2581.072	-2790.843	209.7715	1.279872	0.06731637	0.657086	0.342914	3.886963
43764	-2587.804	-2798.062	210.258	1.290022	0.07423775	0.601781	0.398219	3.581122
43770	-2591.319	-2800.807	209.4879	1.182765	0.06299426	0.610834	0.389166	4.116505
43776	-2589.761	-2799.076	209.3153	1.139724	0.1111515	0.610834	0.389166	4.116505
43782	-2592.924	-2802.861	209.9365	1.126739	0.09086963	0.563635	0.436365	3.817576
43788	-2589.437	-2797.26	207.8226	1.174616	0.06675393	0.627536	0.372464	5.045887
43794	-2575.811	-2785.101	209.2906	1.175086	0.08914834	0.571539	0.428461	4.16354
43800	-2580.627	-2788.786	208.1587	1.111394	0.08960676	0.667503	0.332497	4.835062
43806	-2574.316	-2783.104	208.7888	1.031437	0.06423011	0.523486	0.476514	4.593551
43812	-2583.203	-2793.695	210.4918	1.196263	0.084892	0.728073	0.271927	3.470927
43818	-2585.565	-2795.842	210.2768	1.432247	0.08028555	0.622117	0.377883	3.470927
43824	-2590.938	-2802.337	211.3994	1.333748	0.07349517	0.57062	0.42938	2.881688
43830	-2582.14	-2791.675	209.5345	1.100057	0.08849927	0.550229	0.449771	4.069059
43836	-2578.325	-2786.995	208.6704	1.097229	0.08405436	0.547469	0.452531	4.570617
43842	-2576.626	-2785.743	209.1171	1.097229	0.07946385	0.574244	0.425756	4.330848
43848	-2583.341	-2792.804	209.4629	1.039665	0.08259954	0.455156	0.544844	4.159319
43854	-2591.184	-2800.802	209.6181	1.029146	0.1140782	0.565611	0.434389	4.000172
43860	-2594.422	-2804.593	210.1709	1.129716	0.07504951	0.558588	0.441412	3.722241
43866	-2592.874	-2802.971	210.0975	1.189505	0.07796445	0.573191	0.426809	3.722241
43872	-2587.617	-2798.54	210.923	1.426966	0.06856385	0.525743	0.474257	3.125686
43878	-2583.063	-2793.698	210.6357	1.239766	0.1070207	0.570292	0.429708	3.304965
43884	-2579.028	-2787.934	208.9063	1.145483	0.08734695	0.65137	0.34863	4.402408
43890	-2582.927	-2792.606	209.6791	1.138279	0.08734695	0.536595	0.463405	3.967618
43896	-2577.918	-2786.756	208.8379	1.238275	0.1009159	0.595163	0.404837	4.3553
43902	-2579.827	-2788.959	209.1314	1.210948	0.07881157	0.525369	0.474631	4.260085
43908	-2586.722	-2796.076	209.3544	1.135221	0.0485775	0.525947	0.474053	4.260085
43914	-2581.222	-2790.591	209.3687	1.097994	0.07845327	0.58707	0.41293	4.190531
43920	-2586.602	-2796.258	209.6562	1.272957	0.05944719	0.473509	0.526491	3.979042
43926	-2596.727	-2805.834	209.1066	1.231631	0.04873972	0.473509	0.526491	4.345295
43932	-2572.011	-2779.531	207.5195	1.05764	0.09084972	0.66959	0.33041	5.216809
43938	-2576.901	-2785.61	208.7084	0.9023736	0.09837271	0.524623	0.475377	4.623304
43944	-2589.224	-2797.523	208.2993	1.343525	0.05333795	0.540103	0.459897	4.723117
43950	-2586.308	-2794.799	208.4915	0.9991881	0.08512119	0.600492	0.399508	4.723117
43956	-2583.323	-2793.746	210.4234	1.159791	0.08310287	0.563729	0.436271	3.536777
43962	-2582.394	-2792.41	210.0161	1.233231	0.06707646	0.604167	0.395833	3.773801
43968	-2588.815	-2798.389	209.5739	1.195266	0.1320022	0.527236	0.472764	3.890596
43974	-2578.691	-2789.318	210.627	1.248016	0.09918746	0.647503	0.352497	3.324504
43980	-2592.703	-2804.521	211.8186	1.384223	0.09918746	0.546642	0.453358	2.522604
43986	-2578.12	-2788.905	210.7851	1.285565	0.1067876	0.612626	0.387374	3.190148
43992	-2586.056	-2794.942	208.8862	1.117554	0.0912821	0.539992	0.460008	4.419612
43998	-2576.533	-2786.014	209.4804	1.106231	0.08062185	0.655845	0.344155	4.116669
44004	-2574.87	-2784.017	209.1467	1.04271	0.09435544	0.502927	0.497073	4.307176
44010	-2599.108	-2809.05	209.9422	1.176573	0.1043532	0.607812	0.392188	3.752272
44016	-2599.07	-2809.404	210.334	1.282455	0.08307228	0.607812	0.392188	3.517492
44022	-2595.064	-2805.609	210.5453	1.351791	0.06355932	0.53826	0.46174	3.407396
44028	-2593.094	-2803.759	210.6646	1.45199	0.05373433	0.677804	0.322196	3.307044
44034	-2604.204	-2814.297	210.0925	1.45199	0.05373433	0.509475	0.490525	3.641216
44040	-2591.896	-2801.943	210.0464	1.285192	0.1065934	0.383722	0.616278	3.623837
44046	-2589.863	-2799.924	210.0609	1.176852	0.1202081	0.460293	0.539707	3.646459
44052	-2585.965	-2796.099	210.1338	1.071916	0.1285357	0.632157	0.367843	3.646459
44058	-2588.448	-2796.651	208.2029	1.165898	0.05499153	0.555521	0.444479	4.871498
44064	-2580.48	-2787.793	207.3125	0.9101173	0.09243068	0.619972	0.380028	5.408651
44070	-2578.432	-2788.26	209.8277	1.248575	0.08338839	0.70138	0.29862	3.829335
44076	-2582.929	-2793.019	210.0903	1.26929	0.07544955	0.618987	0.381013	3.687094
44082	-2582.653	-2793.677	211.0244	1.126215	0.07879355	0.552445	0.447555	3.215298
44088	-2571.959	-2782.087	210.1273	1.331923	0.08797495	0.645233	0.354767	3.596116
44094	-2563.85	-2771.868	208.0187	1.086812	0.07145653	0.482742	0.517258	4.97318
44100	-2574.29	-2783.13	208.8397	1.067477	0.0953504	0.484447	0.515553	4.464066
44106	-2566.919	-2775.352	208.4325	1.145511	0.0953504	0.454964	0.545036	4.648896
44112	-2579.666	-2788.708	209.0417	1.249985	0.0953504	0.583193	0.416807	4.246835
44118	-2574.517	-2785.546	211.0299	1.439674	0.07607808	0.569461	0.430539	3.032992
44124	-2584.998	-2794.096	209.0976	1.201945	0.1368698	0.634984	0.365016	4.148478
44130	-2576.227	-2785.207	208.9799	1.161156	0.06924365	0.63095	0.36905	4.399415
44136	-2583.899	-2793.787	209.8874	1.195109	0.09463534	0.66627	0.33373	3.797011
44142	-2585.034	-2794.637	209.6037	1.195884	0.1009649	0.581751	0.418249	3.943899
44148	-2604.36	-2813.211	208.8508	1.12691	0.06902684	0.581751	0.418249	4.491996
44154	-2589.794	-2799.446	209.6526	1.20637	0.09027682	0.55347	0.44653	3.936339
44160	-2599.136	-2809.061	209.9252	1.012665	0.1130963	0.662971	0.337029	3.835867
44166	-2602.551	-2811.177	208.626	1.132102	0.08400334	0.551415	0.448585	4.576083
44172	-2591.66	-2801.275	209.6155	1.059073	0.08616754	0.659898	0.340102	4.052174
44178	-2587.829	-2797.276	209.4462	1.176673	0.1025246	0.704502	0.295498	4.041171
44184	-2589.225	-2798.033	208.8075	1.203324	0.08835511	0.695802	0.304198	4.422957
44190	-2591.335	-2800.069	208.7333	0.9888871	0.1027763	0.602699	0.397301	4.550273
44196	-2586.786	-2793.652	206.8666	1.166233	0.08263414	0.685976	0.314024	5.537185
44202	-2580.851	-2790.029	209.1784	1.089853	0.06212285	0.617239	0.382761	4.347128
44208	-2575.506	-2785.011	209.5048	1.189724	0.09971039	0.647383	0.352617	4.007029
44214	-2576.631	-2786.983	210.3525	1.140197	0.09971039	0.647383	0.352617	3.546958
44220	-2588.519	-2798.04	209.5218	1.21562	0.09971039	0.517151	0.482849	3.982533
44226	-2567.809	-2775.666	207.857	1.064611	0.082786	0.55133	0.44867	5.045975
44232	-2585.64	-2794.701	209.0605	1.244408	0.06373404	0.564328	0.435672	4.321936
44238	-2571.547	-2782.136	210.5895	1.230526	0.09948425	0.524138	0.475862	3.356146
44244	-2585.182	-2795.437	210.2546	1.230526	0.1559197	0.364311	0.635689	3.426246
44250	-2590.153	-2801.515	211.3619	1.448105	0.1236346	0.505119	0.494881	2.704233
44256	-2576.517	-2787.383	210.8659	1.254863	0.1236346	0.557966	0.442034	3.120401
44262	-2589.536	-2798.149	208.613	1.120154	0.1047098	0.575797	0.424203	4.539576
44268	-2581.289	-2790.979	209.6894	1.210591	0.07786751	0.537511	0.462489	3.945028
44274	-2581.347	-2792.032	210.6852	1.460097	0.05435202	0.518702	0.481298	3.288338
44280	-2587.916	-2796.581	208.6651	1.399769	0.05315183	0.576102	0.423898	4.486955
44286	-2579.966	-2789.929	209.9631	1.411316	0.05315183	0.576102	0.423898	3.741273
44292	-2584.886	-2795.109	210.2225	1.414332	0.06510357	0.504462	0.495538	3.55495
44298	-2595.434	-2805.87	210.4355	1.576118	0.0619415	0.548685	0.451315	3.344862
44304	-2566.899	-2777.552	210.653	1.237	0.07837227	0.596739	0.403261	3.370113
44310	-2571.115	-2782.112	210.9968	1.479091	0.0654125	0.635648	0.364352	3.059653
44316	-2577.124	-2787.626	210.5026	1.258897	0.1351895	0.635648	0.364352	3.307313
44322	-2579.301	-2789.908	210.6073	1.28802	0.1012864	0.611373	0.388627	3.307313
44328	-2575.391	-2786.27	210.8796	1.325053	0.1012864	0.60718	0.39282	3.124212
44334	-2581.035	-2791.995	210.9602	1.512185	0.09141643	0.699032	0.300968	2.989566
44340	-2583.793	-2794.858	211.0653	1.436995	0.1124483	0.605705	0.394295	2.918208
44346	-2581.277	-2793.214	211.9371	1.485214	0.09084733	0.624094	0.375906	2.407582
44352	-2590.445	-2800.277	209.8323	1.275978	0.1066849	0.565921	0.434079	3.752768
44358	-2594.113	-2802.493	208.3796	1.022289	0.06060759	0.607911	0.392089	4.837454
44364	-2585.192	-2793.578	208.3863	0.8742698	0.08571657	0.601417	0.398583	4.850061
44370	-2585.734	-2793.336	207.602	1.122685	0.08758893	0.56241	0.43759	5.143177
44376	-2579.116	-2788.173	209.0569	1.004365	0.08758893	0.467003	0.532997	4.396438
44382	-2582.038	-2790.406	208.3674	0.9635194	0.0806677	0.558032	0.441968	4.823677
44388	-2589.35	-2798.808	209.4577	1.184054	0.080132	0.566511	0.433489	4.086534
44394	-2590.437	-2800.391	209.9539	1.220942	0.06146942	0.627375	0.372625	3.832398
44400	-2604.94	-2816.116	211.1758	1.400145	0.09861963	0.361946	0.638054	2.908412
44406	-2582.289	-2793.509	211.2199	1.432533	0.08132735	0.533018	0.466982	2.908412
44412	-2590.85	-2800.805	209.9555	1.456474	0.0846511	0.533018	0.466982	3.632206
44418	-2585.861	-2795.539	209.6787	1.256172	0.06488411	0.432638	0.567362	3.960476
44424	-2583.755	-2792.002	208.2469	0.971136	0.1326622	0.534257	0.465743	4.766471
44430	-2597.548	-2806.505	208.9574	0.950865	0.1583296	0.559051	0.440949	4.327295
44436	-2597.009	-2805.947	208.9374	0.9733693	0.128797	0.454398	0.545602	4.385735
44442	-2606.965	-2816.718	209.7527	1.180762	0.09516855	0.506598	0.493402	3.881342
44448	-2603.602	-2814.563	210.9611	1.279077	0.0913719	0.486623	0.513377	3.128467
44454	-2603.617	-2811.783	208.1662	0.9874431	0.1125305	0.613103	0.386897	4.845995
44460	-2611.65	-2819.806	208.1558	1.023331	0.08723098	0.550912	0.449088	4.891692
44466	-2604.941	-2814.019	209.0783	1.292495	0.06429637	0.505976	0.494024	4.283115
44472	-2597.824	-2809.284	211.4604	1.328903	0.1123339	0.560012	0.439988	2.744241
44478	-2601.111	-2809.42	208.3094	1.310114	0.07916601	0.586932	0.413068	4.66624
44484	-2588.869	-2799.648	210.7789	1.276694	0.08831767	0.596948	0.403052	3.245919
44490	-2597.907	-2806.92	209.0128	0.9205121	0.08478353	0.426347	0.573653	4.475649
44496	-2618.871	-2829.099	210.2281	1.051074	0.06228811	0.402747	0.597253	3.770028
44502	-2586.892	-2798.407	211.5151	1.360521	0.1266594	0.562058	0.437942	2.656742
44508	-2603.053	-2814.16	211.1071	1.360521	0.08069518	0.500218	0.499782	3.021335
44514	-2597.97	-2808.838	210.868	1.368123	0.09607057	0.598363	0.401637	3.118715
44520	-2615.431	-2823.089	207.6574	0.9524117	0.08847001	0.602277	0.397723	5.204566
44526	-2613.18	-2822.89	209.7104	0.9838181	0.1109411	0.519603	0.480397	3.980551
44532	-2614.455	-2825.598	211.1429	1.1845	0.1079152	0.542652	0.457348	3.034446
44538	-2605.8	-2815.494	209.6933	1.193411	0.1084414	0.440698	0.559302	3.87611
44544	-2590.462	-2800.187	209.7252	1.112027	0.09365255	0.440698	0.559302	3.940323
44550	-2581.087	-2790.383	209.2955	1.212975	0.08125357	0.716815	0.283185	4.159469
44556	-2594.3	-2803.632	209.3314	1.26555	0.05248916	0.521643	0.478357	4.188067
44562	-2593.961	-2804.437	210.4762	1.350628	0.1142809	0.555776	0.444224	3.316201
44568	-2593.646	-2804.744	211.0984	1.327048	0.08801109	0.56326	0.43674	3.026727
44574	-2584.909	-2795.537	210.628	1.381196	0.05392331	0.620722	0.379278	3.369671
44580	-2590.958	-2800.913	209.9551	1.38897	0.07256838	0.492913	0.507087	3.703925
44586	-2593.927	-2803.447	209.5208	1.38897	0.03844473	0.601497	0.398503	4.049794
44592	-2598.373	-2805.596	207.2228	1.021438	0.09605713	0.526068	0.473932	5.388053
44598	-2596.607	-2805.476	208.8689	1.04467	0.08236425	0.531853	0.468147	4.492919
44604	-2582.68	-2790.736	208.0566	0.967902	0.08625941	0.622882	0.377118	4.980143
44610	-2580.414	-2788.998	208.5844	1.081892	0.09028769	0.622882	0.377118	4.611836
44616	-2579.937	-2790.815	210.8779	1.096365	0.09009504	0.622882	0.377118	3.289302
44622	-2587.298	-2796.411	209.1139	1.33272	0.06257632	0.677538	0.322462	4.244915
44628	-2582.522	-2792.897	210.3748	1.33272	0.1089895	0.586739	0.413261	3.398858
44634	-2591.688	-2801.303	209.6145	1.303781	0.07516526	0.423123	0.576877	3.941818
44640	-2585.064	-2796.545	211.481	1.319574	0.07861838	0.512257	0.487743	2.826272
44646	-2585.686	-2795.61	209.9238	1.324976	0.1373611	0.471865	0.528135	3.602403
44652	-2578.679	-2788.685	210.0052	1.185993	0.07493839	0.575052	0.424948	3.785647
44658	-2595.597	-2806.601	211.0042	1.299154	0.0809736	0.575052	0.424948	3.118643
44664	-2608.66	-2819.018	210.3574	1.323072	0.08313678	0.559314	0.440686	3.479949
44670	-2594.702	-2801.915	207.2137	1.082336	0.1208097	0.531452	0.468548	5.303474
44676	-2590.199	-2798.139	207.94	1.009396	0.0868091	0.508482	0.491518	5.020502
44682	-2589.092	-2798.93	209.8376	1.14321	0.06982846	0.581403	0.418597	3.920487
44688	-2591.03	-2800.553	209.5228	1.20901	0.06982846	0.740593	0.259407	4.062844
44694	-2582.421	-2791.92	209.4992	1.135753	0.1370904	0.639313	0.360687	3.956745
44700	-2585.507	-2794.435	208.9278	1.12153	0.09416525	0.639313	0.360687	4.386791
44706	-2592.016	-2801.083	209.0673	0.9816301	0.09998115	0.5541	0.4459	4.37295
44712	-2587.455	-2796.531	209.076	1.082093	0.07552676	0.589041	0.410959	4.37295
44718	-2607.918	-2816.216	208.2983	1.082093	0.105768	0.589041	0.410959	4.734838
44724	-2595.708	-2804.032	208.3233	0.9692833	0.06517246	0.573811	0.426189	4.885915
44730	-2592.841	-2801.551	208.7102	0.9692833	0.07812944	0.522171	0.477829	4.635327
44736	-2593.981	-2801.997	208.0162	1.023767	0.09517511	0.50197	0.49803	4.949687
44742	-2589.892	-2797.622	207.7301	0.9586625	0.09016149	0.630836	0.369164	5.156742
44748	-2595.613	-2803.759	208.1459	1.209965	0.07574757	0.561887	0.438113	4.822445
44754	-2596.655	-2807.054	210.3988	1.269817	0.08677194	0.574517	0.425483	3.477315
44760	-2598.878	-2809.632	210.754	1.36031	0.05144844	0.634811	0.365189	3.315133
44766	-2597.179	-2807.14	209.9606	1.450616	0.05414499	0.73393	0.26607	3.717193
44772	-2593.274	-2802.723	209.449	1.172152	0.0879802	0.567548	0.432452	4.078033
44778	-2590.51	-2801.037	210.5274	1.337704	0.05546049	0.511066	0.488934	3.44956
44784	-2597.641	-2804.294	206.6531	1.025692	0.07524606	0.597588	0.402412	5.750131
44790	-2598.748	-2808.963	210.2143	1.150832	0.1539712	0.438725	0.561275	3.500285
44796	-2609.635	-2819.474	209.8384	1.074779	0.1169241	0.61264	0.38736	3.84127
44802	-2597.563	-2807.544	209.9812	1.098486	0.09131883	0.61264	0.38736	3.806972
44808	-2583.917	-2791.301	207.384	1.044795	0.09464433	0.61264	0.38736	5.289596
44814	-2598.437	-2808.066	209.6286	0.9434109	0.1018224	0.416039	0.583961	4.071814
44820	-2593.812	-2803.241	209.4295	1.162347	0.09717173	0.428545	0.571455	4.071814
44826	-2600.452	-2811.588	211.1359	1.162347	0.09182281	0.589536	0.410464	3.092701
44832	-2603.393	-2812.62	209.2266	0.9204523	0.1073047	0.541827	0.458173	4.300161
44838	-2591.157	-2799.208	208.0509	1.019558	0.1005647	0.664614	0.335386	4.919861
44844	-2596.86	-2804.725	207.8649	1.076654	0.06699436	0.540507	0.459493	5.07613
44850	-2594.521	-2803.14	208.6187	0.9796345	0.07959902	0.448678	0.551322	4.676985
44856	-2579.949	-2787.377	207.4276	0.9534382	0.0809361	0.699428	0.300572	5.349727
44862	-2581.508	-2791.399	209.8909	1.078381	0.08268681	0.618578	0.381422	3.892607
44868	-2573.824	-2781.979	208.1549	1.086948	0.08903987	0.688987	0.311013	4.852244
44874	-2575.723	-2784.399	208.6768	1.016937	0.06712003	0.475896	0.524104	4.656575
44880	-2573.91	-2781.925	208.0145	1.05888	0.07339807	0.669091	0.330909	4.985902
44886	-2583.812	-2792.42	208.6088	1.089068	0.08784598	0.673179	0.326821	4.600199
44892	-2582.425	-2792.167	209.7423	1.043469	0.1038772	0.571287	0.428713	3.944784
44898	-2592.689	-2801.002	208.3123	0.9789797	0.1072854	0.513243	0.486757	4.781097
44904	-2577.128	-2786.087	208.9583	1.012537	0.1241341	0.586354	0.413646	4.361888
44910	-2581.749	-2791.113	209.3637	1.177462	0.08659783	0.501315	0.498685	4.127095
44916	-2587.275	-2796.393	209.1185	1.123498	0.07853889	0.473699	0.526301	4.317629
44922	-2588.283	-2796.128	207.8446	1.100047	0.06120505	0.57726	0.42274	5.090096
44928	-2572.552	-2779.24	206.6881	1.060606	0.08400407	0.718007	0.281993	5.689728
44934	-2573.605	-2781.61	208.0056	1.080813	0.09764845	0.622819	0.377181	4.917918
44940	-2579.728	-2786.745	207.0162	1.002464	0.0776907	0.622819	0.377181	5.557463
44946	-2581.573	-2788.743	207.1703	1.018842	0.05110935	0.42528	0.57472	5.534884
44952	-2584.207	-2792.695	208.4884	0.8980452	0.1130744	0.623427	0.376573	4.714758
44958	-2579.225	-2786.694	207.4685	0.9034083	0.09332989	0.612333	0.387667	5.324163
44964	-2598.717	-2806.754	208.0372	1.051361	0.1038173	0.65716	0.34284	4.902166
44970	-2587.856	-2795.814	207.9578	1.057265	0.0932049	0.669172	0.330828	4.96828
44976	-2580.187	-2788.41	208.2236	0.9546806	0.09256351	0.625946	0.374054	4.879021
44982	-2580.085	-2789.992	209.9065	1.105732	0.06671764	0.492044	0.507956	3.91107
44988	-2583.13	-2793.331	210.2003	1.063821	0.08471775	0.629033	0.370967	3.717622
44994	-2583.265	-2793.117	209.8512	1.324429	0.1051275	0.678726	0.321274	3.717622
45000	-2576.816	-2787.042	210.2261	1.08291	0.07497881	0.652155	0.347845	3.717622
45006	-2580.321	-2789.412	209.0906	1.068712	0.1009986	0.431673	0.568327	4.308101
45012	-2586.422	-2796.34	209.9185	1.19134	0.06684425	0.498388	0.501612	3.854723
45018	-2586.284	-2795.988	209.7045	1.228121	0.07218907	0.666009	0.333991	3.941662
45024	-2587.453	-2795.37	207.9168	1.172356	0.06744746	0.653953	0.346047	4.992936
45030	-2591.983	-2801.82	209.8369	1.1384	0.07985834	0.560801	0.439199	3.896638
45036	-2585.842	-2795.818	209.9761	1.142674	0.1031766	0.735532	0.264468	3.755107
45042	-2608.373	-2816.705	208.3324	0.9819141	0.1259619	0.537119	0.462881	4.72684
45048	-2586.865	-2796.705	209.8404	1.159238	0.1302595	0.54591	0.45409	3.761826
45054	-2583.771	-2793.887	210.1158	1.325181	0.07127185	0.610378	0.389622	3.651389
45060	-2581.604	-2790.932	209.3277	1.292778	0.08418843	0.463219	0.536781	4.088137
45066	-2566.655	-2775.757	209.1018	1.211749	0.09930387	0.561777	0.438223	4.224832
45072	-2567.815	-2778.578	210.763	1.32865	0.0716151	0.561777	0.438223	3.270085
45078	-2571.079	-2779.993	208.9137	1.227255	0.0716151	0.561777	0.438223	4.393081
45084	-2586.288	-2794.831	208.5423	1.071356	0.08420143	0.634329	0.365671	4.656576
45090	-2575.474	-2785.289	209.8152	1.151132	0.09350967	0.591533	0.408467	3.866641
45096	-2568.857	-2778.2	209.3433	1.276103	0.06803583	0.583624	0.416376	4.131723
45102	-2576.211	-2786.742	210.5308	1.280267	0.09887602	0.561152	0.438848	3.362929
45108	-2590.782	-2801.586	210.804	1.334719	0.05849323	0.41287	0.58713	3.280005
45114	-2582.514	-2789.603	207.0886	0.96278	0.07446425	0.595535	0.404465	5.54776
45120	-2593.407	-2802.147	208.7402	1.256563	0.08372809	0.491085	0.508915	4.442598
45126	-2587.182	-2796.005	208.8232	1.094918	0.09567847	0.725287	0.274713	4.457092
45132	-2573.31	-2782.112	208.8016	1.039125	0.07996228	0.626827	0.373173	4.540059
45138	-2586.749	-2794.778	208.0289	1.025866	0.07249626	0.656151	0.343849	4.998599
45144	-2593.639	-2801.481	207.8427	0.9535487	0.08820675	0.65282	0.34718	5.101996
45150	-2590.484	-2798.301	207.8174	0.9726722	0.08958622	0.449085	0.550915	5.101996
45156	-2579.265	-2787.563	208.2978	0.9271136	0.1060853	0.680329	0.319671	4.820903
45162	-2583.753	-2790.828	207.0755	0.9206049	0.1109825	0.706313	0.293687	5.490285
45168	-2586.881	-2795.117	208.2359	1.151835	0.1223291	0.499958	0.500042	4.693579
45174	-2581.381	-2789.934	208.5529	1.078894	0.1112393	0.499958	0.500042	4.58144
45180	-2564.252	-2773.884	209.6318	1.003342	0.1152513	0.562529	0.437471	4.00442
45186	-2577.439	-2786.969	209.5302	1.269352	0.08311358	0.562529	0.437471	3.988729
45192	-2579.31	-2788.777	209.467	1.094899	0.07443275	0.515156	0.484844	4.147113
45198	-2585.658	-2796.062	210.4033	1.129701	0.07552965	0.52391	0.47609	3.586327
45204	-2588.442	-2797.225	208.7833	1.129701	0.06458813	0.545286	0.454714	4.540473
45210	-2580.386	-2789.702	209.3163	1.280849	0.07330468	0.683655	0.316345	4.130108
45216	-2593.265	-2803.263	209.9981	1.280849	0.04736449	0.558466	0.441534	3.813024
45222	-2572.197	-2783.135	210.9375	1.164724	0.1055173	0.487618	0.512382	3.174521
45228	-2571.752	-2783.294	211.542	1.379924	0.08903016	0.602292	0.397708	2.72346
45234	-2589.381	-2798.197	208.8154	1.271329	0.1017868	0.527468	0.472532	4.347254
45240	-2582.795	-2792.134	209.3385	1.106483	0.05914652	0.488424	0.511576	4.255438
45246	-2583.256	-2792.538	209.2824	1.076417	0.07704547	0.424032	0.575968	4.255438
45252	-2576.356	-2785.551	209.195	1.15111	0.09438737	0.51455	0.48545	4.218374
45258	-2577.261	-2786.726	209.465	1.15111	0.08816512	0.714198	0.285802	4.080418
45264	-2585.342	-2793.138	207.796	1.082698	0.08816512	0.590906	0.409094	5.056352
45270	-2577.114	-2787.051	209.9373	1.244044	0.07775483	0.542601	0.457399	3.783763
45276	-2590.631	-2800.429	209.7978	1.340128	0.07536432	0.517936	0.482064	3.815175
45282	-2584.379	-2792.923	208.5435	1.090504	0.07536432	0.517936	0.482064	4.668047
45288	-2580.864	-2790.728	209.8631	1.305598	0.07308508	0.652213	0.347787	3.803671
45294	-2566.158	-2774.656	208.4981	1.08264	0.07350525	0.629955	0.370045	4.702717
45300	-2595.635	-2802.243	206.6077	0.9624383	0.1065975	0.60795	0.39205	5.733978
45306	-2579.663	-2788.633	208.9699	1.093144	0.07545625	0.60795	0.39205	4.426765
45312	-2583.867	-2791.27	207.4029	1.032114	0.1301338	0.569214	0.430786	5.206892
45318	-2571.809	-2781.04	209.2314	1.059464	0.07014856	0.651241	0.348759	4.312335
45324	-2575.198	-2784.128	208.9298	1.336062	0.07541494	0.619659	0.380341	4.312335
45330	-2583.996	-2791.791	207.7952	0.9645636	0.1009583	0.544305	0.455695	5.091511
45336	-2589.07	-2796.453	207.383	1.054733	0.06236571	0.544305	0.455695	5.367203
45342	-2598.675	-2805.87	207.1951	0.9114387	0.0749506	0.57119	0.42881	5.516192
45348	-2582.354	-2790.905	208.5514	0.9340909	0.1075278	0.520739	0.479261	4.671982
45354	-2586.867	-2796.394	209.5277	1.312308	0.08342416	0.484648	0.515352	3.964795
45360	-2584.82	-2793.52	208.7006	1.176069	0.1177481	0.513543	0.486457	4.429049
45366	-2578.008	-2787.187	209.1794	1.176069	0.1110599	0.588811	0.411189	4.173305
45372	-2589.355	-2797.877	208.5217	1.255362	0.07502927	0.635173	0.364827	4.588728
45378	-2584.12	-2791.987	207.867	1.140062	0.07786616	0.512579	0.487421	5.01112
45384	-2597.796	-2805.18	207.3836	1.022307	0.09318951	0.71297	0.28703	5.305755
45390	-2587.096	-2797.906	210.8107	1.190019	0.0769427	0.535234	0.464766	3.308899
45396	-2589.478	-2798.881	209.4026	1.072549	0.05413292	0.488122	0.511878	4.252496
45402	-2575.764	-2784.718	208.9542	1.367749	0.05413292	0.488299	0.511701	4.339193
45408	-2577.415	-2786.022	208.6065	1.22433	0.09125119	0.680552	0.319448	4.517063
45414	-2597.067	-2806.497	209.4304	1.193143	0.09371991	0.642126	0.357874	4.062255
45420	-2585.335	-2794.914	209.5787	1.124512	0.07607862	0.605292	0.394708	4.062255
45426	-2591.948	-2800.986	209.0381	1.071051	0.06085245	0.544781	0.455219	4.440442
45432	-2574.923	-2783.842	208.9195	1.002859	0.1016022	0.645078	0.354922	4.440442
45438	-2573.483	-2782.318	208.8349	0.9267121	0.07791809	0.603569	0.396431	4.589803
45444	-2588.244	-2796.993	208.7484	1.002865	0.08016038	0.489488	0.510512	4.589803
45450	-2590.375	-2799.719	209.3446	1.239679	0.09097836	0.651078	0.348922	4.091433
45456	-2581.302	-2790.787	209.4859	1.327276	0.1017818	0.557593	0.442407	3.934155
45462	-2581.851	-2790.348	208.4966	0.9962878	0.08285743	0.604933	0.395067	4.727618
45468	-2580.149	-2789.392	209.2428	0.9737459	0.1324788	0.523538	0.476462	4.204871
45474	-2591.435	-2801.699	210.2636	1.08472	0.09487117	0.529952	0.470048	3.64288
45480	-2591.903	-2801.106	209.2036	1.104508	0.0641117	0.713363	0.286637	4.319088
45486	-2584.052	-2794.076	210.0239	1.080134	0.06509625	0.443072	0.556928	3.862911
45492	-2586.903	-2797.772	210.869	1.168561	0.1021007	0.584009	0.415991	3.221312
45498	-2577.508	-2788.745	211.2369	1.207005	0.09183297	0.584009	0.415991	3.005526
45504	-2572.702	-2784.105	211.4034	1.330792	0.1180804	0.610221	0.389779	2.763896
45510	-2589.374	-2801.833	212.4585	1.332178	0.09879244	0.619773	0.380227	2.149524
45516	-2578.564	-2789.934	211.3698	1.415059	0.116904	0.671375	0.328625	2.735731
45522	-2571.549	-2781.873	210.3242	1.009576	0.07781467	0.661254	0.338746	3.695608
45528	-2572.451	-2782.606	210.1553	1.214793	0.07462059	0.543135	0.456865	3.683252
45534	-2594.314	-2802.442	208.1286	1.060386	0.08223473	0.52915	0.47085	4.898748
45540	-2593.152	-2801.736	208.5844	1.171025	0.07201221	0.472145	0.527855	4.608842
45546	-2600.577	-2809.063	208.4861	1.125754	0.074753	0.428398	0.571602	4.682028
45552	-2599.791	-2807.871	208.0808	1.244776	0.06387057	0.58944	0.41056	4.871085
45558	-2583.697	-2793.621	209.9241	1.078141	0.1020061	0.578513	0.421487	3.825074
45564	-2591.254	-2800.833	209.5783	1.33351	0.09524197	0.555705	0.444295	3.893628
45570	-2592.11	-2800.971	208.8604	1.147484	0.06266858	0.558839	0.441161	4.492399
45576	-2586.906	-2795.462	208.5563	1.093663	0.06459937	0.448319	0.551681	4.687926
45582	-2586.323	-2794.751	208.428	1.053754	0.08537353	0.642611	0.357389	4.72746
45588	-2590.774	-2799.365	208.5913	0.9207812	0.08226716	0.663557	0.336443	4.718384
45594	-2600.108	-2808.82	208.7121	1.006453	0.05322895	0.336068	0.663932	4.68109
45600	-2607.718	-2816.205	208.4862	1.005573	0.07365524	0.589672	0.410328	4.752079
45606	-2594.894	-2805.012	210.1176	1.130166	0.08645805	0.482637	0.517363	3.722517
45612	-2609.221	-2818.655	209.4345	1.146777	0.08645805	0.556292	0.443708	4.104611
45618	-2588.7	-2797.628	208.9279	1.121907	0.0703573	0.529001	0.470999	4.447831
45624	-2589.504	-2798.661	209.1568	1.225036	0.07724525	0.463643	0.536357	4.241868
45630	-2582.522	-2791.718	209.1961	1.202227	0.07372022	0.646609	0.353391	4.241868
45636	-2582.377	-2790.974	208.5975	1.294413	0.07846441	0.646609	0.353391	4.515208
45642	-2572.409	-2780.686	208.2764	1.025045	0.06077118	0.559044	0.440956	4.892982
45648	-2571.243	-2781.08	209.8366	1.069571	0.0581665	0.606391	0.393609	3.995814
45654	-2569.182	-2776.813	207.6301	1.069571	0.1008224	0.46792	0.53208	5.125177
45660	-2577.209	-2786.473	209.264	1.187901	0.06832001	0.46792	0.53208	4.226099
45666	-2578.78	-2787.245	208.4655	1.160793	0.06718782	0.692748	0.307252	4.694146
45672	-2573.193	-2781.82	208.6269	1.039729	0.05895287	0.58286	0.41714	4.694146
45678	-2583.84	-2791.574	207.7343	1.081406	0.1218319	0.647949	0.352051	5.013523
45684	-2582.508	-2791.85	209.3424	1.085918	0.07986193	0.552935	0.447065	4.208611
45690	-2586.32	-2795.923	209.6025	1.245843	0.08137969	0.552935	0.447065	3.96535
45696	-2588.636	-2799.225	210.5886	1.214439	0.0816274	0.552935	0.447065	3.412309
45702	-2592.273	-2802.431	210.1573	1.078908	0.07923044	0.601307	0.398693	3.748212
45708	-2591.629	-2801.779	210.1495	1.243806	0.07923044	0.662484	0.337516	3.657359
45714	-2582.244	-2792.424	210.1793	1.194835	0.08343	0.662484	0.337516	3.657359
45720	-2582.047	-2794.41	212.3629	1.55041	0.08605883	0.588285	0.411715	2.105793
45726	-2588.137	-2800.316	212.179	1.55041	0.08645113	0.548602	0.451398	2.224213
45732	-2588.024	-2800.285	212.2611	1.55041	0.1254564	0.69024	0.30976	2.065178
45738	-2594.005	-2805.808	211.8022	1.47834	0.07661436	0.720126	0.279874	2.536916
45744	-2592.185	-2803.479	211.2937	1.56839	0.062527	0.596786	0.403214	2.83557
45750	-2591.634	-2801.229	209.5943	0.935374	0.1188588	0.574107	0.425893	4.056422
45756	-2601.813	-2812.551	210.7374	1.093086	0.0861531	0.641259	0.358741	3.384187
45762	-2597.679	-2807.335	209.6559	0.9675067	0.1158612	0.653347	0.346653	4.009693
45768	-2598.811	-2807.804	208.9936	1.0412	0.1059173	0.606334	0.393666	4.366886
45774	-2594.707	-2806.225	211.5183	1.469675	0.08741229	0.575224	0.424776	2.687374
45780	-2574.213	-2785.686	211.4726	1.490679	0.07847187	0.575224	0.424776	2.727454
45786	-2574.092	-2783.969	209.8768	1.402925	0.07315226	0.575224	0.424776	3.739482
45792	-2571.634	-2782.005	210.3711	1.288007	0.07322787	0.607354	0.392646	3.519291
45798	-2582.977	-2794.407	211.4302	1.446676	0.05030698	0.54027	0.45973	2.86351
45804	-2583.112	-2793.727	210.6154	1.080574	0.1028021	0.551868	0.448132	3.42067
45810	-2574.708	-2784.213	209.5053	1.146948	0.08442384	0.619868	0.380132	4.069423
45816	-2577.617	-2787.802	210.1851	1.269788	0.07026167	0.541485	0.458515	3.646115
45822	-2583.515	-2794.056	210.5412	1.409662	0.09020419	0.541485	0.458515	3.302803
45828	-2586.012	-2795.052	209.0401	1.307668	0.04707024	0.624035	0.375965	4.344644
45834	-2589.503	-2799.789	210.2862	1.228642	0.07386017	0.624035	0.375965	3.60143
45840	-2579.345	-2789.585	210.2397	1.315113	0.06553393	0.500912	0.499088	3.60143
45846	-2590.163	-2800.857	210.6944	1.315113	0.05351956	0.655543	0.344457	3.370672
45852	-2595.541	-2807.126	211.5849	1.631642	0.08312732	0.655543	0.344457	2.558078
45858	-2592.154	-2803.926	211.7723	1.445257	0.08291521	0.584832	0.415168	2.558078
45864	-2595.734	-2804.889	209.1544	1.161756	0.06606782	0.588647	0.411353	4.309119
45870	-2599.477	-2807.605	208.1281	1.09938	0.08999547	0.557443	0.442557	4.857866
45876	-2577.312	-2786.753	209.4401	1.132573	0.07366207	0.521581	0.478419	4.143054
45882	-2573.977	-2783.596	209.619	1.127563	0.1184157	0.50593	0.49407	3.933474
45888	-2583.69	-2794.019	210.3293	1.228083	0.1069574	0.55353	0.44647	3.491597
45894	-2576.765	-2786.175	209.4099	1.126522	0.07472233	0.642079	0.357921	4.160834
45900	-2582.614	-2791.668	209.0537	1.126522	0.04760506	0.642079	0.357921	4.437646
45906	-2585.476	-2793.329	207.8537	1.126522	0.05716463	0.575582	0.424418	5.081459
45912	-2581.602	-2792.17	210.568	1.309114	0.06491284	0.601321	0.398679	3.415239
45918	-2568.912	-2779.404	210.492	1.231097	0.08317167	0.583684	0.416316	3.454972
45924	-2558.029	-2766.075	208.0458	0.9697313	0.06507142	0.58748	0.41252	5.040256
45930	-2569.909	-2778.991	209.0819	1.015163	0.1212171	0.52499	0.47501	4.296932
45936	-2586.46	-2795	208.5392	0.9512774	0.08017551	0.652505	0.347495	4.735827
45942	-2587.102	-2796.741	209.6392	1.218403	0.1043234	0.491493	0.508507	3.902566
45948	-2581.994	-2791.898	209.9046	1.405942	0.1043234	0.573322	0.426678	3.641477
45954	-2597.596	-2806.088	208.4923	1.270214	0.08382771	0.573322	0.426678	4.574069
45960	-2585.809	-2796.339	210.5301	1.169883	0.07876615	0.540493	0.459507	3.480274
45966	-2586.281	-2795.793	209.5118	1.138331	0.09572628	0.513107	0.486893	4.042111
45972	-2580.985	-2789.798	208.8127	1.10691	0.09572628	0.664828	0.335172	4.456147
45978	-2581.504	-2791.544	210.0401	1.088873	0.08788776	0.61608	0.38392	3.787331
45984	-2587.751	-2796.196	208.4448	1.04419	0.06869415	0.498173	0.501827	4.766865
45990	-2585.267	-2794.535	209.2675	1.117591	0.1105716	0.681475	0.318525	4.157645
45996	-2584.106	-2793.728	209.6228	1.029902	0.08016199	0.560115	0.439885	4.080237
46002	-2581.907	-2791.765	209.8579	1.000809	0.09635202	0.704391	0.295609	3.921323
46008	-2585.548	-2795.614	210.0661	1.098425	0.08220067	0.459397	0.540603	3.781633
46014	-2581.015	-2790.349	209.3335	1.109817	0.07511937	0.534948	0.465052	4.212605
46020	-2584.911	-2794.186	209.2754	0.9530448	0.1204638	0.626124	0.373876	4.224193
46026	-2571.589	-2781.266	209.6773	0.9884868	0.09907074	0.630732	0.369268	4.025006
46032	-2580.499	-2790.034	209.535	1.015985	0.1098433	0.609366	0.390634	4.06489
46038	-2573.289	-2781.039	207.7505	0.9748932	0.06939847	0.508034	0.491966	5.189411
46044	-2592.924	-2803.661	210.7372	1.273886	0.1023628	0.591468	0.408532	3.23634
46050	-2585.465	-2795.462	209.9974	1.155663	0.1012275	0.556378	0.443622	3.74008
46056	-2603.689	-2813.09	209.4004	1.05697	0.1012275	0.588852	0.411148	4.138563
46062	-2584.208	-2792.312	208.1045	1.182825	0.09107307	0.588852	0.411148	4.821882
46068	-2582.966	-2790.055	207.0895	1.069075	0.05912684	0.53628	0.46372	5.529654
46074	-2592.886	-2802.533	209.6474	1.028059	0.1064504	0.620575	0.379425	4.001759
46080	-2589.591	-2798.645	209.054	1.02695	0.09038911	0.560458	0.439542	4.37831
46086	-2596.692	-2804.94	208.2477	0.9895473	0.08164025	0.627884	0.372116	4.873372
46092	-2582.811	-2792.455	209.6436	0.9321852	0.1300315	0.539123	0.460877	4.005571
46098	-2573.989	-2783.089	209.1001	1.183516	0.07350736	0.539123	0.460877	4.307416
46104	-2581.467	-2790.686	209.2185	1.065039	0.07350736	0.591419	0.408581	4.307416
46110	-2585.586	-2795.39	209.8041	1.229461	0.09177764	0.483981	0.516019	3.832349
46116	-2586.277	-2796.908	210.6312	1.229461	0.09002491	0.651491	0.348509	3.356373
46122	-2593.378	-2804.922	211.5442	1.230552	0.1174093	0.489346	0.510654	2.740701
46128	-2587.941	-2798.423	210.4823	1.241288	0.09024073	0.520438	0.479562	3.43615
46134	-2581.813	-2789.969	208.1558	1.072119	0.08838288	0.520438	0.479562	4.861611
46140	-2589.468	-2797.664	208.1963	1.096348	0.09780395	0.650933	0.349067	4.802561
46146	-2593.051	-2802.108	209.0571	1.084459	0.1068084	0.558971	0.441029	4.304426
46152	-2590.216	-2798.373	208.1566	1.143272	0.1068084	0.495084	0.504916	4.77741
46158	-2587.751	-2796.032	208.281	1.107279	0.08627332	0.495084	0.504916	4.77741
46164	-2589.674	-2798.059	208.3854	1.008806	0.08497218	0.515272	0.484728	4.77741
46170	-2588.937	-2797.582	208.645	0.9809542	0.09738864	0.582231	0.417769	4.617132
46176	-2589.406	-2798	208.594	1.062302	0.09040451	0.607484	0.392516	4.617132
46182	-2584.206	-2791.934	207.7278	1.035423	0.09727627	0.607484	0.392516	5.098316
46188	-2574.342	-2782.324	207.982	0.873125	0.07675237	0.623565	0.376435	5.098316
46194	-2576.441	-2784.884	208.4434	1.05798	0.07485014	0.623565	0.376435	4.743548
46200	-2577.814	-2785.912	208.0985	1.007542	0.09866713	0.571787	0.428213	4.904554
46206	-2583.566	-2792.367	208.8015	0.9593259	0.0628789	0.480458	0.519542	4.630578
46212	-2588.002	-2796.983	208.9804	1.126824	0.08739527	0.491778	0.508222	4.370959
46218	-2595.501	-2806.823	211.3222	1.130887	0.1177251	0.577156	0.422844	2.935194
46224	-2586.893	-2795.537	208.6446	1.012253	0.1055899	0.539719	0.460281	4.580367
46230	-2600.658	-2810.938	210.2802	1.545961	0.04897975	0.567122	0.432878	3.491286
46236	-2582.187	-2791.525	209.3379	1.105531	0.10311	0.546964	0.453036	4.141936
46242	-2602.545	-2813.158	210.6124	1.152193	0.06485693	0.583468	0.416532	3.481193
46248	-2592.879	-2802.863	209.9839	1.06733	0.1104994	0.630832	0.369168	3.776639
46254	-2594.4	-2804.534	210.1345	1.233452	0.07832839	0.510363	0.489637	3.674456
46260	-2592.66	-2801.409	208.7489	1.157985	0.1104192	0.502904	0.497096	4.428587
46266	-2600.216	-2809.31	209.0942	0.9156603	0.08634096	0.545316	0.454684	4.428587
46272	-2592.652	-2801.391	208.7396	0.9072369	0.10938	0.511919	0.488081	4.577259
46278	-2597.618	-2805.387	207.7693	1.020319	0.09294679	0.508228	0.491772	5.094039
46284	-2590.929	-2799.396	208.467	1.024213	0.08976747	0.637571	0.362429	4.711172
46290	-2584.331	-2792.887	208.5563	1.030498	0.08562946	0.567804	0.432196	4.668034
46296	-2592.65	-2801.316	208.6665	0.9145111	0.08691005	0.63098	0.36902	4.668034
46302	-2599.303	-2809.31	210.0068	1.036061	0.1255928	0.697224	0.302776	3.747123
46308	-2589.891	-2799.834	209.9432	1.024729	0.09360563	0.697224	0.302776	3.865486
46314	-2588.596	-2798.786	210.1899	1.195382	0.1149182	0.547747	0.452253	3.573
46320	-2577.035	-2787.872	210.8369	1.195382	0.08693219	0.588536	0.411464	3.263383
46326	-2576.262	-2784.513	208.2518	1.037321	0.08693219	0.578034	0.421966	4.831114
46332	-2585.557	-2793.633	208.0753	1.016314	0.09804556	0.5255	0.4745	4.914029
46338	-2584.254	-2794.032	209.778	1.200106	0.09839551	0.459436	0.540564	3.84777
46344	-2579.831	-2789.208	209.3771	1.163809	0.1029194	0.684707	0.315293	4.086936
46350	-2576.248	-2785.488	209.2392	1.117211	0.09528636	0.590989	0.409011	4.210325
46356	-2584.264	-2792.807	208.5434	1.117211	0.1378444	0.590989	0.409011	4.507689
46362	-2581.912	-2791.853	209.9409	1.263485	0.1221985	0.593312	0.406688	3.661319
46368	-2574.124	-2783.044	208.9204	1.187339	0.06436238	0.593312	0.406688	4.431528
46374	-2570.607	-2777.124	206.5172	0.9621788	0.05820788	0.601753	0.398247	5.904293
46380	-2592.248	-2801.617	209.3689	1.081595	0.1222968	0.573998	0.426002	4.09391
46386	-2591.351	-2800.806	209.4552	1.107884	0.05055588	0.56826	0.43174	4.2128
46392	-2596.588	-2806.39	209.8018	1.10296	0.07013516	0.636546	0.363454	3.963208
46398	-2591.108	-2800.84	209.7324	1.339429	0.05832074	0.643805	0.356195	3.900551
46404	-2591.098	-2801.924	210.8258	1.339429	0.08858212	0.643805	0.356195	3.180315
46410	-2588.112	-2799.225	211.1137	1.329716	0.08995734	0.662895	0.337105	3.010817
46416	-2589.06	-2797.794	208.7349	1.054979	0.08157327	0.595948	0.404052	4.564503
46422	-2596.935	-2804.24	207.3044	1.190255	0.1189688	0.77588	0.22412	5.197696
46428	-2596.932	-2805.742	208.8097	1.12229	0.09025411	0.740659	0.259341	4.462644
46434	-2582.621	-2792.179	209.5578	1.164673	0.06805859	0.582975	0.417025	4.072988
46440	-2596.128	-2805.178	209.05	1.342849	0.09345123	0.64425	0.35575	4.194181
46446	-2581.532	-2791.785	210.2531	1.333157	0.08839641	0.531152	0.468848	3.521138
46452	-2590.254	-2800.581	210.3273	1.205516	0.1007065	0.672417	0.327583	3.521138
46458	-2577.141	-2787.468	210.327	1.255623	0.08921905	0.672417	0.327583	3.521138
46464	-2570.136	-2780.356	210.2194	1.37528	0.08651358	0.608911	0.391089	3.521138
46470	-2577.227	-2786.028	208.8011	0.9971486	0.1013721	0.661363	0.338637	4.51086
46476	-2589.735	-2797.987	208.2516	1.15421	0.1013721	0.51257	0.48743	4.730886
46482	-2584.414	-2792.72	208.3062	1.178646	0.08228963	0.600443	0.399557	4.733521
46488	-2579.914	-2789.008	209.0939	1.115136	0.114759	0.584875	0.415125	4.247941
46494	-2585.816	-2795.013	209.1972	1.157518	0.09217514	0.535235	0.464765	4.218939
46500	-2597.768	-2806.083	208.3144	1.227856	0.12416	0.512843	0.487157	4.603052
46506	-2593.415	-2800.764	207.3492	0.9843663	0.08017592	0.618129	0.381871	5.377848
46512	-2585.863	-2795	209.1373	1.138205	0.065446	0.595077	0.404923	4.333821
46518	-2593.207	-2802.218	209.0104	1.148754	0.0825447	0.595077	0.404923	4.354015
46524	-2576.512	-2785.459	208.9469	1.167786	0.0925003	0.634406	0.365594	4.354015
46530	-2587.363	-2796.86	209.4979	1.171845	0.1344055	0.563432	0.436568	3.942452
46536	-2586.088	-2795.88	209.7915	1.015406	0.09984286	0.563432	0.436568	3.942452
46542	-2579.398	-2787.407	208.009	0.9452841	0.06585621	0.563432	0.436568	5.072092
46548	-2580.893	-2788.925	208.0322	0.9631424	0.08375527	0.690087	0.309913	5.002599
46554	-2588.806	-2796.866	208.0598	0.8657429	0.09965076	0.706413	0.293587	5.002599
46560	-2572.454	-2781.167	208.7132	1.229981	0.07133743	0.613983	0.386017	4.505204
46566	-2579.458	-2788.349	208.8913	1.107865	0.05982028	0.644451	0.355549	4.505204
46572	-2566.12	-2774.857	208.7376	1.262625	0.08742888	0.517429	0.482571	4.431229
46578	-2567.123	-2776.13	209.0072	1.177864	0.07509229	0.573486	0.426514	4.358856
46584	-2578.797	-2789.662	210.8652	1.226378	0.06075252	0.601536	0.398464	3.301236
46590	-2584.333	-2793.88	209.5472	1.536045	0.05041803	0.53583	0.46417	3.916635
46596	-2574.777	-2784.366	209.5892	1.288109	0.09393978	0.704177	0.295823	3.916635
46602	-2571.968	-2782.239	210.2708	1.165236	0.09498533	0.607278	0.392722	3.591682
46608	-2577.848	-2786.563	208.7152	1.209192	0.08602951	0.44934	0.55066	4.477519
46614	-2575.054	-2782.285	207.2308	1.09407	0.06257154	0.552555	0.447445	5.428812
46620	-2585.864	-2795.943	210.0788	1.160924	0.08666323	0.552555	0.447445	3.72662
46626	-2581.012	-2790.81	209.7982	1.160924	0.08666323	0.63749	0.36251	3.888144
46632	-2578.517	-2789.231	210.7138	1.260706	0.1433149	0.506379	0.493621	3.163863
46638	-2572.578	-2782.988	210.4095	1.260706	0.06771594	0.525136	0.474864	3.528162
46644	-2572.06	-2781.229	209.1687	1.081226	0.06756186	0.474824	0.525176	4.342498
46650	-2577.213	-2787.253	210.0398	1.254709	0.06794046	0.640391	0.359609	3.745314
46656	-2580.405	-2789.219	208.8143	1.276302	0.0844467	0.571028	0.428972	4.387822
46662	-2574.439	-2784.676	210.2372	1.276302	0.0844467	0.54306	0.45694	3.573767
46668	-2587.416	-2795.358	207.9418	1.124989	0.08412679	0.651276	0.348724	4.961938
46674	-2599.113	-2807.511	208.3984	1.134115	0.06967557	0.597174	0.402826	4.739919
46680	-2583.992	-2793.267	209.2753	1.177011	0.06630514	0.59158	0.40842	4.231401
46686	-2581.017	-2790.469	209.4522	1.105523	0.08026235	0.578807	0.421193	4.134071
46692	-2586.843	-2796.509	209.6658	1.046026	0.07589	0.554677	0.445323	4.057836
46698	-2582.786	-2792.362	209.5759	1.055681	0.1062338	0.613921	0.386079	4.027324
46704	-2579.787	-2788.493	208.7054	0.9994699	0.07510426	0.512996	0.487004	4.629026
46710	-2580.65	-2790.758	210.1083	1.288325	0.0631273	0.400533	0.599467	3.699872
46716	-2577.917	-2788.881	210.9639	1.238338	0.1038853	0.493348	0.506652	3.119108
46722	-2577.447	-2788.526	211.0792	1.217647	0.08224282	0.532984	0.467016	3.119108
46728	-2590.576	-2799.51	208.9341	1.044119	0.1007217	0.415973	0.584027	4.411082
46734	-2585.875	-2794.946	209.0704	1.044119	0.06224085	0.511392	0.488608	4.433561
46740	-2583.66	-2793.4	209.7395	1.005141	0.0677302	0.492245	0.507755	4.061262
46746	-2582.574	-2792.616	210.0421	1.096515	0.0677302	0.507265	0.492735	3.835706
46752	-2584.563	-2793.33	208.7672	1.095626	0.09062018	0.507265	0.492735	4.500632
46758	-2584.23	-2794.476	210.2461	1.243985	0.1170249	0.490865	0.509135	3.507089
46764	-2581.926	-2792.813	210.8874	1.166276	0.1158556	0.575866	0.424134	3.178432
46770	-2575.364	-2784.064	208.6999	1.038982	0.1014377	0.580029	0.419971	4.544081
46776	-2588.968	-2797.216	208.2476	1.038982	0.0602388	0.580029	0.419971	4.902714
46782	-2591.759	-2800.835	209.0759	1.160125	0.05494765	0.541365	0.458635	4.385413
46788	-2582.857	-2791.965	209.1081	1.180542	0.06577043	0.661971	0.338029	4.325501
46794	-2579.124	-2786.695	207.5708	1.127888	0.0583619	0.647143	0.352857	5.234014
46800	-2572.525	-2781.144	208.6191	1.154757	0.0835292	0.698272	0.301728	4.568486
46806	-2574.339	-2785.317	210.9782	1.343745	0.09253822	0.558106	0.441894	3.076653
46812	-2577.245	-2786.988	209.7422	1.253833	0.0552356	0.54753	0.45247	3.952746
46818	-2579.24	-2788.849	209.6083	1.383443	0.0552356	0.570069	0.429931	3.955193
46824	-2572.509	-2783.025	210.516	1.447428	0.06403326	0.556479	0.443521	3.36714
46830	-2589.189	-2800.384	211.1944	1.367397	0.07075738	0.683342	0.316658	2.992776
46836	-2592.539	-2801.206	208.6667	1.145353	0.09194391	0.508	0.492	4.525928
46842	-2593.75	-2802.811	209.0606	0.9561626	0.1110518	0.567152	0.432848	4.36515
46848	-2583.917	-2793.831	209.9142	1.237346	0.05546827	0.566688	0.433312	3.862906
46854	-2604.786	-2813.763	208.9769	1.308122	0.08991592	0.488871	0.511129	4.264082
46860	-2588.055	-2797.232	209.177	1.130036	0.08500208	0.463105	0.536895	4.264082
46866	-2581.278	-2791.336	210.0578	1.213161	0.09283343	0.616989	0.383011	3.6928
46872	-2592.377	-2801.25	208.8731	1.016263	0.1352255	0.589069	0.410931	4.384256
46878	-2579.464	-2788.364	208.8999	1.035904	0.1200202	0.543051	0.456949	4.390681
46884	-2582.543	-2791.491	208.9482	1.105257	0.0916519	0.535378	0.464622	4.390681
46890	-2594.455	-2803.723	209.2677	0.9573725	0.08908491	0.564994	0.435006	4.300123
46896	-2594.286	-2804.046	209.7596	1.037022	0.1139904	0.617813	0.382187	3.91489
46902	-2586.329	-2794.536	208.2069	1.155034	0.0734239	0.620693	0.379307	4.825166
46908	-2590.65	-2799.672	209.0219	1.155034	0.07632915	0.547253	0.452747	4.3602
46914	-2583.43	-2792.161	208.7311	1.094059	0.06152085	0.547253	0.452747	4.598234
46920	-2591.93	-2801.488	209.5586	1.094059	0.09721768	0.540992	0.459008	4.036998
46926	-2591.944	-2802.638	210.6937	1.281913	0.08193788	0.617075	0.382925	3.3101
46932	-2591.163	-2801.329	210.1657	1.271374	0.05949557	0.617075	0.382925	3.686816
46938	-2588.816	-2798.212	209.3952	1.120825	0.1369658	0.553293	0.446707	4.024952
46944	-2590.433	-2799.462	209.0293	1.126619	0.09410038	0.540744	0.459256	4.326785
46950	-2587.732	-2796.044	208.3119	0.9048862	0.05867595	0.711798	0.288202	4.94586
46956	-2579.239	-2787.404	208.1653	1.071557	0.06682831	0.578186	0.421814	4.912481
46962	-2580.774	-2789.754	208.9798	0.9755047	0.1015107	0.50321	0.49679	4.422098
46968	-2576.749	-2784.751	208.0017	1.041799	0.06032816	0.584889	0.415111	5.037621
46974	-2588.457	-2797.24	208.783	1.035189	0.08442427	0.666759	0.333241	4.541292
46980	-2599.078	-2808.696	209.6182	1.003588	0.06471106	0.477349	0.522651	4.139569
46986	-2587.118	-2795.746	208.6281	1.056228	0.1012855	0.50843	0.49157	4.575102
46992	-2571.43	-2780.069	208.6388	1.141144	0.07962524	0.712702	0.287298	4.575102
46998	-2578.346	-2787.499	209.1533	1.199743	0.06753893	0.484541	0.515459	4.284259
47004	-2580.113	-2789.075	208.9615	1.413299	0.08877742	0.499096	0.500904	4.216046
47010	-2573.36	-2783.244	209.8837	1.117438	0.07640347	0.555632	0.444368	3.891014
47016	-2577.886	-2787.422	209.5353	1.28127	0.06350932	0.422289	0.577711	4.031956
47022	-2582.11	-2791.052	208.9413	1.28127	0.1062608	0.422289	0.577711	4.259856
47028	-2588.453	-2798.074	209.621	1.144087	0.1130235	0.695564	0.304436	3.935182
47034	-2596.826	-2808.232	211.4052	1.492313	0.09515301	0.479732	0.520268	2.721936
47040	-2582.072	-2792.988	210.9162	1.319463	0.06769	0.572899	0.427101	3.196032
47046	-2584.195	-2794.906	210.7109	1.268466	0.09578578	0.572899	0.427101	3.271634
47052	-2586.572	-2794.779	208.2072	1.223971	0.08065186	0.656523	0.343477	4.767747
47058	-2587.244	-2795.527	208.2829	0.9555796	0.09091865	0.586615	0.413385	4.84946
47064	-2599.593	-2807.331	207.7377	0.9555796	0.09910594	0.470469	0.529531	5.132702
47070	-2588.651	-2796.334	207.6825	1.110067	0.07686433	0.654435	0.345565	5.132702
47076	-2586.563	-2796.293	209.7291	1.267539	0.07514612	0.479463	0.520537	3.896932
47082	-2590.201	-2798.094	207.893	0.9036888	0.08639296	0.406749	0.593251	5.106244
47088	-2591.054	-2798.868	207.8132	0.9313522	0.1301225	0.342636	0.657364	5.035445
47094	-2586.865	-2794.361	207.4958	1.132486	0.09965851	0.532622	0.467378	5.167416
47100	-2588.104	-2796.713	208.6092	1.209462	0.1147612	0.624737	0.375263	4.468421
47106	-2594.966	-2803.971	209.005	1.066881	0.1147612	0.624737	0.375263	4.325592
47112	-2602.317	-2812.121	209.8043	1.219472	0.08376715	0.518329	0.481671	3.858549
47118	-2606.519	-2817.236	210.7167	1.219472	0.08376715	0.640008	0.359992	3.328418
47124	-2584.132	-2793.973	209.8407	0.9501191	0.1413497	0.575186	0.424814	3.858458
47130	-2592.546	-2802.272	209.7253	1.018867	0.09568311	0.575186	0.424814	3.988507
47136	-2596.961	-2805.689	208.7278	0.9973098	0.07161453	0.540008	0.459992	4.626894
47142	-2592.863	-2802.841	209.9772	1.036246	0.07411241	0.655514	0.344486	3.890106
47148	-2590.935	-2799.047	208.112	1.077635	0.1040726	0.591414	0.408586	4.845252
47154	-2600.688	-2809.53	208.8418	0.9933957	0.08376322	0.60979	0.39021	4.5334
47160	-2589.88	-2798.683	208.8033	1.066017	0.08235699	0.546404	0.453596	4.517826
47166	-2593.65	-2803.103	209.4524	1.130816	0.05901948	0.637822	0.362178	4.17739
47172	-2589.718	-2799.7	209.9812	1.132878	0.06853711	0.601797	0.398203	3.847548
47178	-2587.817	-2796.905	209.0885	1.002746	0.1046674	0.601797	0.398203	4.337922
47184	-2598.438	-2809.916	211.4783	1.255535	0.07092495	0.513035	0.486965	2.888664
47190	-2590.377	-2800.321	209.944	1.471834	0.05637914	0.763461	0.236539	3.708057
47196	-2575.557	-2785.608	210.0512	1.2322	0.08410628	0.546445	0.453555	3.708057
47202	-2575.552	-2785.54	209.9882	1.29517	0.08410628	0.679356	0.320644	3.708057
47208	-2569.236	-2779.09	209.8541	1.097898	0.09162866	0.623116	0.376884	3.879572
47214	-2582.439	-2790.938	208.4988	0.8961157	0.1208542	0.576359	0.423641	4.692749
47220	-2578.646	-2785.839	207.1927	0.9489169	0.1094434	0.633872	0.366128	5.413643
47226	-2589.131	-2796.91	207.7788	1.001303	0.1094434	0.558297	0.441703	5.06068
47232	-2611.316	-2819.35	208.0336	0.8535266	0.09652367	0.532906	0.467094	5.031361
47238	-2582.989	-2790.266	207.2772	0.9934898	0.07878426	0.574954	0.425046	5.416049
47244	-2582.393	-2789.845	207.4518	0.9589534	0.1078312	0.574954	0.425046	5.268837
47250	-2597.3	-2805.995	208.6953	0.9356329	0.06274413	0.554186	0.445814	4.703669
47256	-2605.484	-2811.879	206.3952	0.9101722	0.07933249	0.688035	0.311965	5.943909
47262	-2585.233	-2794.532	209.2994	1.214042	0.07799538	0.673731	0.326269	4.16515
47268	-2593.007	-2800.982	207.9747	1.116096	0.08284513	0.682517	0.317483	4.951849
47274	-2582.5	-2790.535	208.035	0.9591165	0.07958069	0.671116	0.328884	5.013897
47280	-2586.145	-2793.739	207.594	1.000702	0.09123757	0.4601	0.5399	5.206137
47286	-2591.92	-2800.697	208.7771	1.055267	0.1062691	0.575845	0.424155	4.480143
47292	-2595.99	-2804.464	208.4738	1.09113	0.1271496	0.561246	0.438754	4.583898
47298	-2590.686	-2798.057	207.371	0.9120724	0.1271496	0.577156	0.422844	5.297128
47304	-2588.649	-2796.85	208.2008	0.8971275	0.09729891	0.540299	0.459701	4.912295
47310	-2603.615	-2812.562	208.9467	1.039793	0.1046993	0.729588	0.270412	4.396962
47316	-2594.332	-2803.215	208.8825	0.9207389	0.08567519	0.623949	0.376051	4.546512
47322	-2594.722	-2804.36	209.6382	1.068895	0.07255459	0.64267	0.35733	4.069517
47328	-2591.598	-2800.739	209.1405	1.201987	0.0688608	0.446164	0.553836	4.286589
47334	-2585.228	-2795.971	210.7437	1.202728	0.09327208	0.609162	0.390838	3.297489
47340	-2587.002	-2796.365	209.363	1.315192	0.05133834	0.670465	0.329535	4.145227
47346	-2596.246	-2807.245	210.9996	1.200343	0.1218289	0.56559	0.43441	3.077413
47352	-2585.073	-2795.599	210.5259	1.200343	0.124787	0.56559	0.43441	3.351119
47358	-2586.592	-2795.802	209.2096	1.352945	0.09595021	0.540783	0.459217	4.091469
47364	-2587.556	-2797.072	209.5162	1.111611	0.08128665	0.560491	0.439509	4.091469
47370	-2595.289	-2803.81	208.5214	0.9591688	0.1179775	0.663476	0.336524	4.651116
47376	-2602.611	-2811.958	209.3468	1.173414	0.1342747	0.435431	0.564569	4.028231
47382	-2592.668	-2802.774	210.106	1.157747	0.1611059	0.511486	0.488514	3.545142
47388	-2586.811	-2795.402	208.5904	1.026539	0.05811517	0.635834	0.364166	4.724276
47394	-2599.257	-2808.067	208.8095	1.015059	0.1187177	0.541533	0.458467	4.456257
47400	-2585.829	-2794.015	208.1861	1.137228	0.08197987	0.636988	0.363012	4.824556
47406	-2591.157	-2800.376	209.2185	1.053096	0.09565542	0.568875	0.431125	4.257511
47412	-2594.902	-2803.212	208.3098	1.029533	0.09565542	0.574189	0.425811	4.781653
47418	-2589.017	-2799.221	210.2048	1.31331	0.06379468	0.602216	0.397784	3.627642
47424	-2582.703	-2792.67	209.967	1.19168	0.07640157	0.506748	0.493252	3.800442
47430	-2587.385	-2795.634	208.2491	0.9865118	0.08278151	0.483161	0.516839	4.871396
47436	-2586.969	-2796.699	209.7301	1.200066	0.062257	0.70049	0.29951	3.970506
47442	-2596.276	-2804.841	208.5649	0.9882493	0.08338103	0.575946	0.424054	4.692533
47448	-2602.621	-2811.151	208.5302	0.9882493	0.09115581	0.574558	0.425442	4.692533
47454	-2590.956	-2800.304	209.3475	0.9337223	0.07972765	0.665874	0.334126	4.292335
47460	-2584.972	-2792.483	207.5107	0.8941087	0.1013315	0.514772	0.485228	5.287076
47466	-2583.025	-2791.554	208.5287	0.9901462	0.07775465	0.63896	0.36104	4.726228
47472	-2583.763	-2792.342	208.5787	1.030999	0.05887175	0.612533	0.387467	4.726228
47478	-2588.266	-2797.687	209.4205	1.013314	0.1011784	0.620243	0.379757	4.152038
47484	-2565.476	-2774.702	209.2264	1.092658	0.05724865	0.620243	0.379757	4.332049
47490	-2583.03	-2790.866	207.8353	1.277642	0.06119299	0.479357	0.520643	4.996719
47496	-2592.188	-2801.07	208.8814	0.9650031	0.07878784	0.545285	0.454715	4.539956
47502	-2585.136	-2794.396	209.2606	1.346359	0.1091913	0.532507	0.467493	4.034441
47508	-2583.536	-2794.349	210.8125	1.386776	0.1131577	0.604783	0.395217	3.098249
47514	-2592.596	-2802.373	209.7778	1.226073	0.09925899	0.58948	0.41052	3.830828
47520	-2587.366	-2795.947	208.5815	0.9397943	0.09925899	0.656884	0.343116	4.671318
47526	-2582.615	-2791.702	209.0865	0.9047978	0.08827821	0.693494	0.306506	4.434175
47532	-2581.197	-2787.688	206.4909	1.027788	0.08417389	0.535016	0.464984	5.815254
47538	-2583.492	-2790.571	207.0794	1.062511	0.07358673	0.679562	0.320438	5.500273
47544	-2586.332	-2793.406	207.0732	0.9444802	0.1013947	0.53125	0.46875	5.500273
47550	-2590.156	-2797.701	207.5443	0.9471799	0.06644129	0.511621	0.488379	5.326571
47556	-2593.348	-2801.103	207.7549	1.050217	0.1168322	0.601681	0.398319	5.030315
47562	-2581.991	-2791.637	209.6459	1.109097	0.06945345	0.545823	0.454177	4.05063
47568	-2576.155	-2785.925	209.7699	1.213248	0.07239296	0.527164	0.472836	3.912135
47574	-2584.96	-2792.607	207.6465	1.114246	0.06467779	0.658418	0.341582	5.182526
47580	-2575.739	-2784.656	208.9167	1.124601	0.06054786	0.667784	0.332216	4.479472
47586	-2577.081	-2786.176	209.0948	1.149462	0.09366402	0.616743	0.383257	4.277837
47592	-2578.758	-2789.047	210.2891	1.40338	0.06282915	0.582249	0.417751	3.529029
47598	-2579.102	-2790.434	211.3321	1.40338	0.1048066	0.641824	0.358176	2.795884
47604	-2574.411	-2784.832	210.4203	1.400439	0.08108422	0.504086	0.495914	3.403386
47610	-2591.683	-2800.661	208.978	1.046151	0.07300123	0.607777	0.392223	4.455195
47616	-2592.528	-2798.798	206.2702	0.9961262	0.05461953	0.628445	0.371555	6.030356
47622	-2607.137	-2817.687	210.5501	1.206829	0.09172134	0.547782	0.452218	3.412831
47628	-2589.114	-2798.583	209.4689	1.201202	0.1363723	0.44516	0.55484	3.938096
47634	-2585.377	-2793.312	207.9344	1.049763	0.05679745	0.696866	0.303134	5.080272
47640	-2588.449	-2797.227	208.7772	0.9751806	0.05554381	0.562661	0.437339	4.655646
47646	-2588.627	-2796.181	207.5539	0.8792874	0.1172512	0.579081	0.420919	5.235444
47652	-2586.353	-2794.206	207.8524	1.002252	0.07756291	0.57369	0.42631	5.096478
47658	-2576.319	-2785.382	209.0634	1.002252	0.1214624	0.63743	0.36257	4.314182
47664	-2563.275	-2772.436	209.1604	1.175496	0.08616071	0.63743	0.36257	4.244753
47670	-2565.902	-2773.655	207.7527	0.9406529	0.0614215	0.523914	0.476086	5.228622
47676	-2570.634	-2778.508	207.8735	0.9569585	0.1060905	0.683362	0.316638	5.04039
47682	-2580.616	-2789.326	208.7103	1.028325	0.116904	0.609451	0.390549	4.508645
47688	-2586.219	-2794.141	207.9219	1.028382	0.05361821	0.621759	0.378241	5.107888
47694	-2584.121	-2794.78	210.6581	1.04959	0.09284468	0.458477	0.541523	3.438752
47700	-2580.848	-2789.864	209.0158	1.063215	0.09654724	0.605214	0.394786	4.364251
47706	-2584.754	-2794.223	209.4685	0.9939215	0.1077017	0.605214	0.394786	4.120319
47712	-2584.275	-2793.978	209.7028	1.089621	0.1018885	0.512198	0.487802	3.945767
47718	-2573.279	-2782.905	209.6267	1.177656	0.1312622	0.637129	0.362871	3.872042
47724	-2576.182	-2784.845	208.6629	1.07664	0.08776059	0.560882	0.439118	4.577043
47730	-2585.377	-2794.343	208.966	1.383759	0.1291847	0.560882	0.439118	4.136229
47736	-2582.118	-2792.304	210.1862	1.435989	0.08785506	0.560882	0.439118	3.501602
47742	-2576.312	-2785.196	208.8841	1.078387	0.1504635	0.628609	0.371391	4.311976
47748	-2593.469	-2805.106	211.6365	1.274268	0.1436067	0.636132	0.363868	2.596319
47754	-2581.744	-2793.022	211.2785	1.314701	0.08970843	0.635508	0.364492	2.921365
47760	-2588.62	-2799.689	211.0695	1.222339	0.09035778	0.635508	0.364492	3.10037
47766	-2578.281	-2788.652	210.3712	1.167016	0.09385492	0.691007	0.308993	3.535111
47772	-2585.177	-2795.814	210.6365	1.217934	0.07975085	0.486395	0.513605	3.387243
47778	-2597.101	-2806.044	208.9432	1.217934	0.07732858	0.486395	0.513605	4.36647
47784	-2584.256	-2793.292	209.0359	1.230519	0.04261322	0.620262	0.379738	4.403091
47790	-2586.909	-2796.211	209.3023	1.347574	0.05895752	0.542092	0.457908	4.139668
47796	-2583.817	-2793.065	209.2483	1.16893	0.1104329	0.584472	0.415528	4.139668
47802	-2591.958	-2801.11	209.1515	1.314303	0.07203327	0.545784	0.454216	4.208108
47808	-2582.749	-2792.23	209.4803	1.309821	0.08124713	0.502739	0.497261	3.998971
47814	-2593.731	-2802.645	208.914	1.082467	0.07308768	0.423993	0.576007	4.470554
47820	-2590.099	-2798.088	207.9892	1.125122	0.07308768	0.612014	0.387986	4.963945
47826	-2593.012	-2803.296	210.2838	1.197775	0.08152186	0.57686	0.42314	3.600077
47832	-2595.245	-2805.385	210.1399	1.249288	0.07714018	0.674846	0.325154	3.665379
47838	-2592.735	-2803.648	210.9133	1.258141	0.1240236	0.647874	0.352126	3.089336
47844	-2599.748	-2808.957	209.2098	1.274929	0.09289838	0.620293	0.379707	4.14335
47850	-2585.411	-2794.112	208.7009	1.115018	0.05995243	0.524605	0.475395	4.607757
47856	-2586.518	-2796.447	209.9292	1.239362	0.06389105	0.483642	0.516358	3.829219
47862	-2596.215	-2805.574	209.3596	1.339031	0.06452782	0.456043	0.543957	4.096352
47868	-2600.733	-2811.7	210.9675	1.377874	0.06262121	0.603693	0.396307	3.145605
47874	-2591.368	-2802.241	210.8735	1.251733	0.05991359	0.5605	0.4395	3.283827
47880	-2591.198	-2800.259	209.0607	1.137825	0.07703152	0.682679	0.317321	4.346139
47886	-2574.988	-2783.952	208.9643	1.097018	0.1083816	0.576212	0.423788	4.346139
47892	-2576.715	-2785.003	208.2882	1.2017	0.1113799	0.521711	0.478289	4.660666
47898	-2588.17	-2796.886	208.7156	1.089658	0.08509268	0.498553	0.501447	4.546835
47904	-2583.362	-2792.029	208.6669	0.999307	0.09679006	0.498553	0.501447	4.595996
47910	-2578.902	-2787.879	208.9771	1.164898	0.07766537	0.478578	0.521422	4.376406
47916	-2580.524	-2788.864	208.3401	1.198903	0.05448684	0.670161	0.329839	4.777958
47922	-2580.245	-2788.621	208.3764	1.158942	0.09297646	0.714086	0.285914	4.678618
47928	-2591.933	-2802.191	210.2573	1.161546	0.07210667	0.507377	0.492623	3.661916
47934	-2588.565	-2796.531	207.9669	1.077325	0.0850306	0.507377	0.492623	4.972217
47940	-2578.246	-2787.766	209.5204	1.127732	0.07742667	0.568138	0.431862	4.090048
47946	-2585.174	-2793.885	208.7118	0.9457116	0.1324698	0.674391	0.325609	4.520585
47952	-2583.942	-2794.147	210.2049	1.218002	0.1122926	0.559669	0.440331	3.55726
47958	-2582.786	-2792.352	209.5665	1.140748	0.07317559	0.559669	0.440331	4.067755
47964	-2589.34	-2797.787	208.4462	1.164215	0.05393282	0.470739	0.529261	4.739572
47970	-2593.077	-2800.596	207.5194	0.9234001	0.1134534	0.516501	0.483499	5.238481
47976	-2576.763	-2786.282	209.5192	1.195466	0.1134534	0.567337	0.432663	3.963046
47982	-2582.094	-2790.315	208.2204	1.075448	0.1303835	0.512241	0.487759	4.727753
47988	-2577.993	-2787.479	209.4865	1.052809	0.1187475	0.593206	0.406794	4.051217
47994	-2582.339	-2793.087	210.7479	1.107523	0.1234277	0.593206	0.406794	3.278122
48000	-2597.374	-2806.116	208.7416	1.125643	0.09193856	0.559793	0.440207	4.494907
48006	-2594.178	-2804.186	210.0084	1.087039	0.1006911	0.584456	0.415544	3.774621
48012	-2601.811	-2808.518	206.707	1.043782	0.05496526	0.584456	0.415544	5.764758
48018	-2604.273	-2811.861	207.5884	1.094387	0.07294099	0.605752	0.394248	5.203658
48024	-2596.895	-2803.74	206.8455	1.008514	0.08460591	0.627893	0.372107	5.63048
48030	-2602.126	-2810.343	208.2166	1.076704	0.08460591	0.614155	0.385845	4.834636
48036	-2586.31	-2794.863	208.5528	1.072951	0.08021226	0.520549	0.479451	4.660028
48042	-2580.573	-2789.127	208.5545	1.153141	0.07605219	0.625536	0.374464	4.624983
48048	-2590.513	-2797.982	207.4687	0.9541661	0.1014353	0.543679	0.456321	5.276823
48054	-2585.368	-2793.338	207.9704	1.086449	0.1014353	0.517274	0.482726	4.92538
48060	-2586.47	-2796.113	209.6435	1.229488	0.07097914	0.548904	0.451096	3.979063
48066	-2599.853	-2809.84	209.9875	1.251203	0.07332725	0.668769	0.331231	3.76266
48072	-2588.75	-2798.291	209.5412	1.276556	0.1281743	0.648134	0.351866	3.871006
48078	-2578.982	-2787.832	208.8503	1.217028	0.09594215	0.649918	0.350082	4.372289
48084	-2588.097	-2799.345	211.2489	1.281316	0.1030965	0.54277	0.45723	2.924601
48090	-2591.646	-2800.129	208.4834	1.445998	0.0814461	0.592601	0.407399	4.486398
48096	-2578.535	-2788.06	209.5254	1.237735	0.08433936	0.4765	0.5235	4.006327
48102	-2584.513	-2794.933	210.4203	1.402796	0.06712353	0.494893	0.505107	3.440576
48108	-2587.948	-2797.818	209.8701	1.493226	0.0895161	0.612154	0.387846	3.647786
48114	-2587.942	-2798.854	210.9116	1.395228	0.1066415	0.512286	0.487714	3.049867
48120	-2590.139	-2800.752	210.6124	1.256068	0.09907641	0.655106	0.344894	3.32869
48126	-2590.639	-2800.147	209.5078	1.124432	0.07729587	0.563381	0.436619	4.099473
48132	-2566.19	-2775.757	209.5677	1.122547	0.1013731	0.473698	0.526302	4.005462
48138	-2573.252	-2781.592	208.3403	1.169893	0.06012878	0.640793	0.359207	4.778355
48144	-2574.505	-2782.508	208.0031	1.110535	0.07765236	0.640793	0.359207	4.952432
48150	-2582.261	-2791.945	209.6836	1.079655	0.1116432	0.526188	0.473812	3.939398
48156	-2600.062	-2809.715	209.6524	1.082594	0.1110779	0.700089	0.299911	3.956911
48162	-2604.387	-2814.088	209.7003	1.033659	0.07826789	0.513308	0.486692	4.038893
48168	-2595.749	-2805.064	209.315	1.012345	0.0828172	0.508133	0.491867	4.258196
48174	-2592.332	-2801.724	209.3924	1.291945	0.06612704	0.471136	0.528864	4.100046
48180	-2590.213	-2798.854	208.6417	1.018226	0.05349899	0.592625	0.407375	4.713137
48186	-2585.382	-2793.194	207.8115	1.018226	0.09202233	0.592625	0.407375	5.074043
48192	-2602.869	-2810.908	208.0386	0.9972474	0.1036283	0.498775	0.501225	4.931922
48198	-2607.799	-2816.611	208.8116	0.9030066	0.115832	0.670954	0.329046	4.524548
48204	-2598.344	-2806.735	208.3904	1.102195	0.08016088	0.651709	0.348291	4.73467
48210	-2586.145	-2796.045	209.9007	1.150281	0.1123917	0.703243	0.296757	3.77235
48216	-2576.927	-2786.171	209.2444	1.150281	0.08640905	0.538076	0.461924	4.210789
48222	-2577.071	-2786.315	209.2447	1.155226	0.08523531	0.652162	0.347838	4.210789
48228	-2586.861	-2796.64	209.779	1.092818	0.08523531	0.499464	0.500536	3.941855
48234	-2595.947	-2804.839	208.8919	1.12795	0.09814493	0.51817	0.48183	4.393794
48240	-2589.09	-2799.692	210.6024	1.177601	0.09814493	0.655702	0.344298	3.382963
48246	-2587.548	-2797.436	209.888	1.157427	0.07352701	0.670347	0.329653	3.873316
48252	-2594.673	-2803.858	209.1854	0.935896	0.1244007	0.578713	0.421287	4.276202
48258	-2596.153	-2805.091	208.9376	1.128995	0.08228341	0.686858	0.313142	4.406912
48264	-2593.113	-2802.542	209.4291	1.153096	0.1554762	0.712213	0.287787	3.949519
48270	-2604.131	-2814.722	210.5913	1.106343	0.1044557	0.703466	0.296534	3.415664
48276	-2592.424	-2802.927	210.5031	1.206959	0.09527137	0.502191	0.497809	3.431219
48282	-2588.44	-2795.573	207.1332	1.13036	0.05304503	0.480459	0.519541	5.488609
48288	-2589.256	-2796.546	207.2905	0.8815679	0.09503454	0.480459	0.519541	5.430269
48294	-2583.608	-2791.333	207.7254	1.082866	0.09339337	0.615641	0.384359	5.082636
48300	-2589.067	-2797.549	208.4814	1.242069	0.1131811	0.584706	0.415294	4.525557
48306	-2593.503	-2803.27	209.767	1.27108	0.05814837	0.501413	0.498587	3.920348
48312	-2587.044	-2796.547	209.5028	1.195167	0.09492788	0.414859	0.585141	4.016783
48318	-2580.944	-2791.666	210.7224	1.260984	0.07476654	0.565732	0.434268	3.325096
48324	-2583.172	-2792.225	209.0537	1.288126	0.07356024	0.532384	0.467616	4.274327
48330	-2578.632	-2787.933	209.3014	1.130238	0.07569736	0.559339	0.440661	4.217716
48336	-2581.221	-2790.343	209.1219	1.150444	0.1122698	0.611057	0.388943	4.217716
48342	-2586.278	-2795.407	209.1289	1.138661	0.1134612	0.565305	0.434695	4.217716
48348	-2588.933	-2797.295	208.3616	1.111248	0.1130082	0.646464	0.353536	4.666555
48354	-2597.326	-2804.906	207.5804	0.9754837	0.08710402	0.556534	0.443466	5.237742
48360	-2588.104	-2797.34	209.2357	0.9616978	0.08375714	0.706313	0.293687	4.329317
48366	-2595.568	-2802.215	206.6476	0.8796351	0.07367216	0.556547	0.443453	5.837121
48372	-2595.392	-2803.676	208.2842	0.8339946	0.1046137	0.630138	0.369862	4.883796
48378	-2593.581	-2801.494	207.9125	1.014448	0.09783892	0.620087	0.379913	5.006101
48384	-2590.735	-2799.982	209.2466	1.203608	0.07304442	0.614021	0.385979	4.214258
48390	-2585.15	-2792.243	207.0926	0.8329979	0.07304442	0.445152	0.554848	5.620567
48396	-2573.405	-2780.145	206.7395	1.052214	0.1030619	0.667947	0.332053	5.620567
48402	-2581.971	-2791.147	209.1768	1.248535	0.08119748	0.544389	0.455611	4.206796
48408	-2600.681	-2811.354	210.6727	1.298719	0.1089089	0.663171	0.336829	3.243755
48414	-2589.58	-2801.234	211.6536	1.347654	0.1426983	0.733109	0.266891	2.542186
48420	-2584.594	-2795.879	211.2853	1.50648	0.1242766	0.621065	0.378935	2.713883
48426	-2589.843	-2801.194	211.3511	1.411054	0.08530063	0.623979	0.376021	2.831039
48432	-2594.491	-2803.816	209.3248	1.121178	0.09283497	0.59681	0.40319	4.165479
48438	-2591.321	-2800.734	209.4132	0.9811972	0.0924351	0.670885	0.329115	4.195776
48444	-2587.54	-2795.474	207.9341	1.135764	0.08282802	0.605981	0.394019	4.963521
48450	-2583.509	-2791.422	207.9135	0.9289632	0.0817056	0.65685	0.34315	5.092623
48456	-2576.374	-2784.124	207.7507	1.005351	0.1013635	0.614387	0.385613	5.092623
48462	-2584.403	-2792.145	207.7425	1.018864	0.1001015	0.411991	0.588009	5.092623
48468	-2587.932	-2796.493	208.5607	1.102663	0.07526688	0.573787	0.426213	4.651839
48474	-2579.418	-2788.811	209.3929	0.9283893	0.104588	0.643964	0.356036	4.20781
48480	-2587.931	-2798.621	210.6899	1.134918	0.1309943	0.632811	0.367189	3.279188
48486	-2592.12	-2800.295	208.1753	0.9348229	0.1016718	0.49764	0.50236	4.895177
48492	-2582.412	-2790.422	208.0096	1.067149	0.06190563	0.527186	0.472814	5.014848
48498	-2581.767	-2789.737	207.97	1.181342	0.04695844	0.497819	0.502181	5.014848
48504	-2578.931	-2791.02	212.0881	1.350786	0.07435944	0.497819	0.502181	2.44447
48510	-2576.245	-2785.655	209.4099	1.301179	0.0769957	0.689305	0.310695	4.055303
48516	-2573.306	-2782.924	209.6176	1.115977	0.08182984	0.691418	0.308582	4.029724
48522	-2574.836	-2784.012	209.1761	1.115977	0.1059523	0.574198	0.425802	4.221175
48528	-2577.208	-2786.008	208.7991	1.075268	0.09954695	0.637176	0.362824	4.472374
48534	-2597.784	-2806.898	209.1146	1.171281	0.1028443	0.479047	0.520953	4.232051
48540	-2576.357	-2785.756	209.3998	1.197162	0.09661146	0.502321	0.497679	4.070233
48546	-2580.923	-2787.685	206.7613	1.062342	0.06790306	0.502321	0.497679	5.689916
48552	-2591.196	-2798.745	207.5494	1.01386	0.1173177	0.528211	0.471789	5.163309
48558	-2583.21	-2791.562	208.3519	1.37557	0.0519376	0.528211	0.471789	4.679706
48564	-2581.275	-2790.793	209.5179	1.125943	0.0519376	0.528211	0.471789	4.163032
48570	-2584.747	-2794.143	209.3966	1.059661	0.09148665	0.47785	0.52215	4.163032
48576	-2585.96	-2792.905	206.945	0.8332747	0.0849258	0.477622	0.522378	5.671233
48582	-2587.534	-2796.469	208.9353	1.139234	0.08479602	0.465299	0.534701	4.396018
48588	-2578.057	-2787.302	209.245	1.088088	0.06506563	0.66484	0.33516	4.302326
48594	-2584.337	-2793.369	209.0321	1.344341	0.06837352	0.555429	0.444571	4.268713
48600	-2593.488	-2803.679	210.1907	1.262018	0.08205492	0.552917	0.447083	3.615407
48606	-2586.829	-2795.299	208.4701	1.08719	0.06583148	0.662594	0.337406	4.736449
48612	-2597.184	-2806.068	208.8834	1.08719	0.06837032	0.456632	0.543368	4.497762
48618	-2577.733	-2787.898	210.1657	1.216626	0.08058942	0.596758	0.403242	3.660111
48624	-2585.54	-2796.469	210.9293	1.24046	0.1446721	0.781222	0.218778	3.044538
48630	-2580.269	-2789.519	209.2499	1.141523	0.1008089	0.636127	0.363873	4.177017
48636	-2588.349	-2797.166	208.8168	1.145316	0.08014691	0.56331	0.43669	4.471301
48642	-2592.338	-2799.721	207.3834	1.019041	0.08122673	0.626225	0.373775	5.337195
48648	-2576.301	-2783.502	207.2016	1.019548	0.08911762	0.571072	0.428928	5.41752
48654	-2574.799	-2783.245	208.4453	0.9394117	0.1127816	0.672049	0.327951	4.716374
48660	-2579.883	-2788.178	208.2958	1.059307	0.1202525	0.572701	0.427299	4.716374
48666	-2584.97	-2793.125	208.1544	1.027241	0.0587686	0.618881	0.381119	4.96515
48672	-2595.367	-2803.452	208.0857	0.9358764	0.09300003	0.618881	0.381119	4.96515
48678	-2587.169	-2795.625	208.4559	0.8447822	0.07903585	0.674989	0.325011	4.844688
48684	-2584.872	-2791.409	206.5378	0.8985542	0.08297421	0.719292	0.280708	5.863252
48690	-2577.594	-2784.079	206.4848	1.022034	0.06795273	0.47295	0.52705	5.863252
48696	-2583.963	-2790.893	206.9298	0.9086377	0.0654629	0.55585	0.44415	5.688339
48702	-2589.278	-2798.254	208.9769	0.9174839	0.05574673	0.59081	0.40919	4.575451
48708	-2597.686	-2805.248	207.5614	0.9174839	0.07782682	0.625585	0.374415	5.303646
48714	-2573.247	-2781.975	208.7283	1.053317	0.09755435	0.603043	0.396957	4.529351
48720	-2599.287	-2808.629	209.3421	0.9636505	0.07176961	0.517946	0.482054	4.299551
48726	-2592.99	-2801.485	208.4943	1.084356	0.07176961	0.450142	0.549858	4.708532
48732	-2604.195	-2811.283	207.0876	0.9373929	0.07939305	0.6384	0.3616	5.549627
48738	-2605.71	-2813.587	207.8768	1.029848	0.08184874	0.647611	0.352389	5.056657
48744	-2596.483	-2804.891	208.4074	0.9256885	0.1151182	0.474224	0.525776	4.740016
48750	-2589.388	-2798.532	209.1445	0.9256885	0.07389126	0.742379	0.257621	4.426883
48756	-2583.607	-2793.446	209.8384	1.212543	0.07673915	0.53223	0.46777	3.861478
48762	-2588.788	-2798.018	209.2298	1.289794	0.1060654	0.595167	0.404833	4.091594
48768	-2587.975	-2797.194	209.2194	1.197003	0.0933482	0.653992	0.346008	4.181054
48774	-2590.492	-2799.565	209.073	1.071992	0.1184502	0.587801	0.412199	4.27594
48780	-2583.453	-2792.068	208.6149	1.106523	0.08469901	0.55547	0.44453	4.594924
48786	-2593.372	-2802.168	208.7955	1.006916	0.07033507	0.479068	0.520932	4.586999
48792	-2586.524	-2796.743	210.2188	1.114436	0.06641565	0.583518	0.416482	3.727208
48798	-2580.24	-2788.068	207.8275	1.018836	0.08329118	0.583518	0.416482	5.086457
48804	-2583.418	-2793.148	209.7301	1.122506	0.148037	0.583518	0.416482	3.809212
48810	-2572.869	-2783.387	210.5182	1.312423	0.08342449	0.504836	0.495164	3.391354
48816	-2578.449	-2787.296	208.8467	1.152575	0.1097628	0.615421	0.384579	4.377994
48822	-2598.175	-2808.021	209.8464	1.3191	0.06846346	0.615421	0.384579	3.81819
48828	-2605.613	-2814.273	208.6603	1.052423	0.08029297	0.571518	0.428482	4.611074
48834	-2603.681	-2811.373	207.692	0.9104816	0.0967174	0.63553	0.36447	5.188663
48840	-2599.044	-2807.274	208.2305	1.252705	0.08782368	0.444317	0.555683	4.720502
48846	-2589.291	-2800.055	210.764	1.516038	0.07093167	0.710013	0.289987	3.160489
48852	-2580.767	-2789.175	208.4078	1.049662	0.0995595	0.710013	0.289987	4.706316
48858	-2586.743	-2795.025	208.2817	1.235214	0.08596734	0.503201	0.496799	4.706316
48864	-2584.027	-2791.421	207.3944	1.007108	0.07589531	0.675261	0.324739	5.351358
48870	-2579.629	-2789.259	209.6296	1.214163	0.07841588	0.507007	0.492993	3.975763
48876	-2598.562	-2805.826	207.2638	1.33571	0.04686721	0.624545	0.375455	5.320592
48882	-2593.983	-2803.935	209.9513	1.355975	0.09239219	0.60159	0.39841	3.672915
48888	-2589.348	-2800.527	211.1785	1.526174	0.0721853	0.531614	0.468386	2.902644
48894	-2599.331	-2808.363	209.0325	1.066836	0.06413734	0.528671	0.471329	4.436877
48900	-2600.334	-2810.163	209.8286	1.47832	0.0887992	0.632768	0.367232	3.682265
48906	-2600.025	-2809.8	209.7754	1.342154	0.04734979	0.599479	0.400521	3.905814
48912	-2589.958	-2797.729	207.7714	0.9855974	0.08615776	0.698289	0.301711	5.128831
48918	-2588.774	-2798.163	209.3888	1.052703	0.06504195	0.459334	0.540666	4.241008
48924	-2596.665	-2805.69	209.025	1.197705	0.06504195	0.539275	0.460725	4.364808
48930	-2588.536	-2797.663	209.127	1.126203	0.06665591	0.586592	0.413408	4.343137
48936	-2585.056	-2794.671	209.6147	1.181366	0.06124219	0.58157	0.41843	4.049967
48942	-2587.645	-2794.136	206.4907	0.9724032	0.08308777	0.590057	0.409943	5.848342
48948	-2587.597	-2796.399	208.8019	1.12477	0.0793222	0.63155	0.36845	4.493392
48954	-2576.155	-2785.765	209.6091	1.306371	0.07777861	0.53818	0.46182	3.936406
48960	-2568.977	-2777.913	208.9353	1.148616	0.07433202	0.574956	0.425044	4.41797
48966	-2577.472	-2787.353	209.8815	1.095713	0.134823	0.538477	0.461523	3.764931
48972	-2577.238	-2784.783	207.5447	0.9365207	0.08441938	0.538477	0.461523	5.285655
48978	-2587.046	-2795.317	208.2708	0.9365207	0.05511563	0.538477	0.461523	4.961007
48984	-2578.916	-2788.423	209.5073	1.189029	0.07799723	0.608841	0.391159	4.061053
48990	-2567.662	-2777.235	209.5728	1.068664	0.09011472	0.608841	0.391159	4.061053
48996	-2575.871	-2785.371	209.5002	1.080982	0.09011472	0.648605	0.351395	4.095421
49002	-2566.194	-2775.371	209.1771	1.22018	0.06393209	0.648605	0.351395	4.26911
49008	-2563.058	-2772.268	209.2099	1.014904	0.07667748	0.659205	0.340795	4.332225
49014	-2588.901	-2797.411	208.5099	1.108103	0.06494813	0.654287	0.345713	4.704868
49020	-2586.502	-2794.428	207.9265	0.9827169	0.09136841	0.588452	0.411548	5.031532
49026	-2590.839	-2799.785	208.9454	1.086811	0.09764371	0.588452	0.411548	4.387997
49032	-2589.325	-2798.248	208.9226	1.060865	0.1093013	0.529943	0.470057	4.387997
49038	-2587.511	-2798.36	210.8494	1.207725	0.06537011	0.455926	0.544074	3.308187
49044	-2579.045	-2788.749	209.7043	1.207725	0.06645634	0.548695	0.451305	3.969178
49050	-2588.116	-2797.759	209.6431	1.141815	0.09408274	0.538249	0.461751	3.969178
49056	-2586.902	-2795.418	208.5157	1.095323	0.09436037	0.572914	0.427086	4.632823
49062	-2588.951	-2797.422	208.4717	1.233473	0.07359548	0.574307	0.425693	4.632823
49068	-2587.206	-2797.184	209.978	1.25246	0.1039066	0.533992	0.466008	3.688858
49074	-2592.707	-2803.3	210.5935	1.254614	0.08990519	0.529441	0.470559	3.364037
49080	-2588.481	-2798.933	210.4524	1.286598	0.1433431	0.651731	0.348269	3.30309
49086	-2589.56	-2799.768	210.2079	1.233444	0.08870042	0.547595	0.452405	3.604607
49092	-2595.134	-2804.269	209.1355	1.279259	0.09889552	0.549065	0.450935	4.168381
49098	-2589.286	-2797.159	207.8732	1.207697	0.06272749	0.549065	0.450935	5.010326
49104	-2597.141	-2806.783	209.6426	1.251617	0.08901232	0.566651	0.433349	3.919332
49110	-2596.749	-2806.484	209.7348	1.161859	0.08847502	0.566406	0.433594	3.919332
49116	-2590.203	-2800.447	210.2446	1.161859	0.1205216	0.590903	0.409097	3.547777
49122	-2603.775	-2813.343	209.5682	1.101273	0.1018907	0.617164	0.382836	4.016057
49128	-2589.707	-2799.131	209.424	1.345705	0.07918807	0.617164	0.382836	4.016057
49134	-2602.51	-2811.024	208.5144	1.239834	0.07581544	0.610998	0.389002	4.59948
49140	-2585.134	-2795.949	210.8143	1.291119	0.09557442	0.601739	0.398261	3.197595
49146	-2592.2	-2801.647	209.4471	1.277313	0.0709261	0.575284	0.424716	4.064029
49152	-2573.323	-2782.532	209.209	1.060731	0.06878289	0.525016	0.474984	4.327975
49158	-2572.572	-2782.405	209.8333	1.085435	0.06365384	0.621118	0.378882	3.973156
49164	-2587.957	-2796.354	208.3966	1.029529	0.08195959	0.61065	0.38935	4.76719
49170	-2580.899	-2789.272	208.3734	1.056284	0.08119132	0.47638	0.52362	4.76719
49176	-2590.705	-2798.355	207.6497	1.096138	0.09867109	0.578266	0.421734	5.104627
49182	-2603.664	-2812.841	209.177	1.096138	0.08430189	0.578266	0.421734	4.285059
49188	-2594.632	-2805.406	210.774	1.308661	0.1152192	0.506194	0.493806	3.162704
49194	-2591.135	-2801.772	210.6369	1.437654	0.08477879	0.577918	0.422082	3.244125
49200	-2593.217	-2803.859	210.6424	1.437654	0.08357359	0.556737	0.443263	3.244125
49206	-2606.26	-2817.505	211.2444	1.278421	0.08357359	0.492223	0.507777	2.98033
49212	-2609.616	-2819.563	209.9473	1.456188	0.07170367	0.603458	0.396542	3.671926
49218	-2588.774	-2798.726	209.9516	1.252592	0.07161731	0.474021	0.525979	3.787259
49224	-2587.507	-2797.314	209.807	1.207933	0.1149441	0.406038	0.593962	3.787259
49230	-2610.059	-2818.859	208.8005	1.444649	0.06844618	0.53315	0.46685	4.34281
49236	-2600.71	-2810.16	209.4495	1.404674	0.0505773	0.61753	0.38247	4.047131
49242	-2601.197	-2810.227	209.0295	0.9817631	0.06594145	0.584444	0.415556	4.481533
49248	-2586.36	-2795.907	209.5465	1.098224	0.07244181	0.687657	0.312343	4.105364
49254	-2580.515	-2790.909	210.3941	1.301185	0.05234547	0.571997	0.428003	3.557731
49260	-2594.468	-2804.953	210.485	1.171163	0.06019624	0.587945	0.412055	3.557731
49266	-2601.662	-2811.679	210.0178	1.079824	0.06348001	0.410344	0.589656	3.871108
49272	-2595.175	-2804.419	209.2445	1.147186	0.08176258	0.684629	0.315371	4.224416
49278	-2590.793	-2800.162	209.369	1.068636	0.07569878	0.57814	0.42186	4.214283
49284	-2579.966	-2789.283	209.3175	1.122933	0.07511001	0.57814	0.42186	4.214283
49290	-2570.191	-2779.509	209.3189	1.193587	0.1155686	0.577693	0.422307	4.073689
49296	-2590.733	-2799.612	208.8784	1.144667	0.1126431	0.696897	0.303103	4.357959
49302	-2601.884	-2810.121	208.2367	1.021076	0.06498811	0.595741	0.404259	4.905814
49308	-2602.712	-2811.166	208.4539	1.131784	0.06132575	0.577608	0.422392	4.732898
49314	-2584.948	-2794.486	209.5375	1.133115	0.06376362	0.599306	0.400694	4.11443
49320	-2583.281	-2791.319	208.0375	1.220875	0.06707089	0.451704	0.548296	4.899858
49326	-2577.302	-2786.517	209.2145	1.287568	0.06707089	0.512837	0.487163	4.201042
49332	-2578.37	-2788.17	209.7992	1.465101	0.04403247	0.589443	0.410557	3.831028
49338	-2594.705	-2804.832	210.1265	1.61977	0.05279326	0.485154	0.514846	3.526746
49344	-2609.858	-2818.591	208.7332	1.191466	0.1278854	0.408338	0.591662	4.379832
49350	-2592.612	-2802.333	209.721	1.16012	0.05382768	0.396549	0.603451	4.022479
49356	-2592.68	-2802.841	210.1613	1.01913	0.1177627	0.557992	0.442008	3.685244
49362	-2599.203	-2810.03	210.8265	1.234128	0.09529927	0.49774	0.50226	3.224828
49368	-2595.603	-2805.936	210.333	1.234128	0.1031479	0.600007	0.399993	3.495159
49374	-2593.141	-2804.133	210.9922	1.291413	0.08991792	0.591885	0.408115	3.106448
49380	-2603.374	-2813.917	210.5428	1.488559	0.1016648	0.556183	0.443817	3.226098
49386	-2598.679	-2807.111	208.4314	1.111945	0.07304068	0.539395	0.460605	4.724882
49392	-2580.107	-2789.144	209.0374	1.067806	0.08503	0.425156	0.574844	4.378133
49398	-2582.485	-2790.105	207.6206	0.8598563	0.1174222	0.62671	0.37329	5.208931
49404	-2574.742	-2782.393	207.6507	1.153248	0.04640139	0.62671	0.37329	5.208931
49410	-2570.605	-2779.044	208.4387	1.15047	0.08642765	0.62671	0.37329	4.664669
49416	-2577.963	-2787.309	209.3465	1.207799	0.08255413	0.528345	0.471655	4.130034
49422	-2583.009	-2792.821	209.8119	1.25263	0.08474766	0.491774	0.508226	3.832553
49428	-2583.714	-2793.615	209.9005	1.374149	0.07392159	0.618138	0.381862	3.740323
49434	-2582.073	-2791.661	209.5879	1.331268	0.05708968	0.635112	0.364888	3.991412
49440	-2588.829	-2798.239	209.4095	1.325845	0.09656218	0.623322	0.376678	3.991412
49446	-2579.176	-2788.869	209.6926	1.322069	0.07541411	0.619022	0.380978	3.885892
49452	-2579.635	-2789.3	209.6654	1.340469	0.07729323	0.569407	0.430593	3.885892
49458	-2596.209	-2804.986	208.7775	1.340469	0.04785684	0.471531	0.528469	4.47198
49464	-2581.34	-2789.414	208.0746	1.108954	0.06799233	0.614068	0.385932	4.939019
49470	-2570.058	-2779.676	209.6177	1.27706	0.07830492	0.80695	0.19305	3.946905
49476	-2592.842	-2801.909	209.0664	1.150799	0.06537285	0.712631	0.287369	4.366961
49482	-2599.812	-2809.761	209.9492	1.200301	0.07633658	0.650303	0.349697	3.805911
49488	-2588.224	-2798.214	209.9901	1.247962	0.07587022	0.623232	0.376768	3.756146
49494	-2597.622	-2807.566	209.9437	1.247962	0.08598488	0.615114	0.384886	3.756146
49500	-2582.763	-2792.908	210.1452	1.071458	0.08048566	0.463433	0.536567	3.756146
49506	-2594.049	-2804.137	210.0883	1.071458	0.09317309	0.55906	0.44094	3.756146
49512	-2602.592	-2813.682	211.09	1.122928	0.08180575	0.668229	0.331771	3.170189
49518	-2607.212	-2817.251	210.039	1.232545	0.08496185	0.658986	0.341014	3.712641
49524	-2604.674	-2813.099	208.425	0.9658699	0.0899676	0.658986	0.341014	4.766805
49530	-2579.487	-2788.048	208.5614	0.9076971	0.07288489	0.634624	0.365376	4.766805
49536	-2579.094	-2787.893	208.7989	0.9279525	0.09050279	0.611841	0.388159	4.577333
49542	-2585.972	-2793.602	207.6305	0.9279525	0.08572203	0.50277	0.49723	5.239774
49548	-2578.769	-2786.546	207.7768	0.8410004	0.07286482	0.565565	0.434435	5.239774
49554	-2587.677	-2795.199	207.5226	1.095212	0.07286482	0.723411	0.276589	5.239774
49560	-2572.864	-2782.905	210.0406	1.185573	0.08843241	0.520519	0.479481	3.729901
49566	-2581.244	-2790.724	209.4803	1.145865	0.09251894	0.604774	0.395226	4.063752
49572	-2584.841	-2792.71	207.8691	1.044501	0.07086556	0.550447	0.449553	5.0813
49578	-2588.833	-2796.726	207.8926	1.006973	0.07380657	0.600856	0.399144	5.0813
49584	-2590.632	-2798.799	208.1663	0.9826774	0.06527556	0.58018	0.41982	4.965528
49590	-2607.891	-2817.116	209.2254	1.018328	0.07683946	0.617574	0.382426	4.321082
49596	-2599.919	-2807.698	207.779	1.137102	0.08995774	0.506384	0.493616	5.031188
49602	-2592.362	-2802.371	210.0094	1.100376	0.1275588	0.470585	0.529415	3.704129
49608	-2595.251	-2804.902	209.6512	1.053677	0.09965453	0.621143	0.378857	4.001272
49614	-2594.746	-2804.514	209.7672	1.053677	0.07865475	0.509197	0.490803	3.988233
49620	-2596.286	-2805.929	209.6427	1.259892	0.06157003	0.550651	0.449349	3.988233
49626	-2585.261	-2794.769	209.5084	1.126885	0.0964258	0.56654	0.43346	4.048885
49632	-2592.327	-2800.748	208.4206	1.004152	0.08327812	0.564763	0.435237	4.764588
49638	-2594.504	-2802.961	208.4575	0.9256306	0.09261412	0.608059	0.391941	4.764588
49644	-2589.968	-2798.227	208.2588	1.041903	0.06199691	0.628427	0.371573	4.890025
49650	-2595.506	-2804.464	208.9575	0.9892483	0.1136817	0.60641	0.39359	4.398663
49656	-2598.284	-2807.14	208.8559	0.9268601	0.1136817	0.690137	0.309863	4.491072
49662	-2590.664	-2800.5	209.836	1.221105	0.09746227	0.683766	0.316234	3.804639
49668	-2594.794	-2804.865	210.0705	1.069587	0.07882409	0.556977	0.443023	3.804639
49674	-2577.51	-2786.435	208.9252	0.9664602	0.07882409	0.508125	0.491875	4.514413
49680	-2598.396	-2808.218	209.8223	1.095942	0.08473793	0.650122	0.349878	3.916543
49686	-2597.548	-2805.875	208.327	1.068444	0.08884481	0.59651	0.40349	4.766991
49692	-2587.702	-2796.276	208.5732	1.089977	0.06584843	0.576677	0.423323	4.677137
49698	-2578.277	-2787.229	208.9516	1.108061	0.06464743	0.576677	0.423323	4.457786
49704	-2583.963	-2792.205	208.242	0.9945533	0.1082538	0.741798	0.258202	4.809456
49710	-2581.513	-2790.683	209.1704	1.020578	0.09743654	0.610538	0.389462	4.298812
49716	-2588.722	-2796.225	207.5024	0.9123539	0.1407614	0.605478	0.394522	5.196398
49722	-2563.446	-2772.978	209.5319	1.013813	0.0708286	0.518479	0.481521	4.166045
49728	-2572.694	-2783.66	210.966	1.233521	0.07841989	0.390648	0.609352	3.18737
49734	-2579.513	-2790.354	210.8408	1.362435	0.07762959	0.507065	0.492935	3.18737
49740	-2581.785	-2792.333	210.5478	1.293772	0.07067363	0.519543	0.480457	3.41976
49746	-2573.68	-2783.72	210.0399	1.088152	0.1079878	0.484112	0.515888	3.738252
49752	-2575.691	-2785.779	210.0886	1.341369	0.0550809	0.516143	0.483857	3.703598
49758	-2576.833	-2785.5	208.667	0.9285338	0.1214086	0.448968	0.551032	4.579132
49764	-2578.957	-2788.38	209.4231	1.134968	0.1214086	0.43944	0.56056	4.034576
49770	-2583.061	-2792.807	209.746	1.079981	0.1450389	0.661529	0.338471	3.830634
49776	-2596.494	-2806.304	209.81	1.027048	0.1092387	0.641209	0.358791	3.902722
49782	-2597.887	-2807.091	209.2045	1.140863	0.09075436	0.604287	0.395713	4.227822
49788	-2607.264	-2816.802	209.5375	0.9957136	0.09075436	0.450704	0.549296	4.121069
49794	-2587.575	-2796.74	209.1651	1.057858	0.1136452	0.626977	0.373023	4.242599
49800	-2592.731	-2802.406	209.6755	1.045151	0.1055582	0.539707	0.460293	3.978042
49806	-2579.214	-2788.19	208.9757	1.012962	0.0842104	0.567185	0.432815	4.445916
49812	-2583.268	-2792.174	208.9056	0.9807949	0.1079152	0.698921	0.301079	4.445916
49818	-2582.225	-2792.819	210.5944	1.067631	0.06016755	0.489358	0.510642	3.554378
49824	-2596.575	-2807.268	210.6932	1.25092	0.112013	0.591394	0.408606	3.252424
49830	-2585.06	-2793.755	208.6952	1.00495	0.073719	0.566294	0.433706	4.635289
49836	-2591.56	-2800.39	208.8294	0.9399488	0.07961515	0.555435	0.444565	4.581086
49842	-2606.954	-2813.52	206.5653	1.044634	0.06904672	0.530092	0.469908	5.803973
49848	-2594.932	-2803.296	208.3635	1.05263	0.1149806	0.581643	0.418357	4.693887
49854	-2590.8	-2801.116	210.3158	1.12403	0.1210615	0.596447	0.403553	3.527134
49860	-2586.133	-2794.836	208.7026	1.144011	0.06246306	0.637907	0.362093	4.583591
49866	-2585.871	-2794.478	208.6063	1.034374	0.108116	0.490737	0.509263	4.583591
49872	-2589.128	-2797.405	208.2769	1.116976	0.1091723	0.560313	0.439687	4.719442
49878	-2604.677	-2813.356	208.6787	1.329773	0.07618599	0.514918	0.485082	4.455601
49884	-2594.819	-2805.138	210.3188	1.202895	0.09507164	0.611086	0.388914	3.541651
49890	-2576.141	-2786.318	210.177	1.060467	0.114284	0.611086	0.388914	3.660217
49896	-2568.11	-2776.609	208.4985	1.060467	0.06294014	0.668701	0.331299	4.743366
49902	-2574.808	-2782.545	207.737	1.105983	0.08193662	0.509902	0.490098	5.091733
49908	-2571.362	-2780.563	209.2015	1.105983	0.08076243	0.509902	0.490098	4.274724
49914	-2592.103	-2801.838	209.7349	1.070743	0.07777706	0.550899	0.449101	3.999269
49920	-2590.958	-2801.557	210.5996	1.223175	0.1186588	0.702278	0.297722	3.308347
49926	-2591.638	-2800.311	208.6728	1.197621	0.1186588	0.56918	0.43082	4.4306
49932	-2589.257	-2797.515	208.2581	1.085462	0.07400081	0.591969	0.408031	4.833928
49938	-2581.12	-2790.608	209.488	1.251206	0.1096288	0.515934	0.484066	3.957834
49944	-2583.172	-2792.052	208.88	1.301787	0.07492485	0.674097	0.325903	4.361191
49950	-2589.845	-2798.984	209.1397	1.328885	0.06606525	0.493868	0.506132	4.222801
49956	-2589.87	-2799.615	209.7451	1.194366	0.06669701	0.498514	0.501486	3.952786
49962	-2582.221	-2789.691	207.4706	1.225446	0.05969799	0.55681	0.44319	5.231851
49968	-2593.201	-2801.399	208.1982	1.131048	0.05893864	0.680845	0.319155	4.882552
49974	-2601.957	-2811.037	209.0801	1.343958	0.1530055	0.616936	0.383064	4.044782
49980	-2594.579	-2802.278	207.6995	1.20839	0.1153865	0.541757	0.458243	4.976415
49986	-2583.436	-2793.105	209.6688	1.27345	0.08251168	0.426781	0.573219	3.908562
49992	-2578.501	-2787.691	209.1896	1.160079	0.1172888	0.614549	0.385451	4.162427
49998	-2591.614	-2800.816	209.2024	1.140486	0.09324066	0.640055	0.359945	4.223019
50004	-2590.043	-2798.689	208.6462	1.028832	0.07978451	0.640055	0.359945	4.633529
50010	-2587.278	-2796.138	208.8603	1.008562	0.1134194	0.673325	0.326675	4.443202
50016	-2589.613	-2797.197	207.5837	1.020475	0.08451282	0.558897	0.441103	5.217489
50022	-2586.413	-2796.75	210.3371	1.208301	0.1019015	0.677206	0.322794	3.510838
50028	-2589.147	-2799.413	210.2659	1.279576	0.1019015	0.544043	0.455957	3.510838
50034	-2592.038	-2800.219	208.1809	1.244673	0.08577186	0.673967	0.326033	4.757875
50040	-2588.415	-2798.448	210.0326	1.229542	0.09775088	0.3973	0.6027	3.685583
50046	-2577.905	-2788.42	210.5153	1.272022	0.08859948	0.658116	0.341884	3.403069
50052	-2595.814	-2804.742	208.9274	1.23709	0.07889493	0.618015	0.381985	4.360466
50058	-2585.44	-2795.554	210.1147	1.164951	0.07889493	0.518609	0.481391	3.72401
50064	-2592.067	-2800.986	208.9189	1.13722	0.08133689	0.67353	0.32647	4.415301
50070	-2596.873	-2807.569	210.696	1.188569	0.1332879	0.629737	0.370263	3.238822
50076	-2595.249	-2805.529	210.2802	1.244906	0.08826196	0.505443	0.494557	3.557097
50082	-2606.577	-2815.446	208.8685	1.284722	0.1000718	0.495181	0.504819	4.313818
50088	-2599.052	-2808.855	209.8023	1.096412	0.1089789	0.677756	0.322244	3.867933
50094	-2603.897	-2813.296	209.3985	0.9809708	0.1064936	0.458828	0.541172	4.170284
50100	-2619.555	-2830.121	210.5667	1.439642	0.1199639	0.415987	0.584013	3.196848
50106	-2606.219	-2817.879	211.6599	1.308294	0.08939666	0.55975	0.44025	2.694097
50112	-2598.089	-2808.511	210.422	1.22412	0.09972661	0.601845	0.398155	3.457421
50118	-2610.069	-2820.846	210.7768	1.288451	0.113036	0.414037	0.585963	3.178251
50124	-2609.632	-2819.449	209.8166	1.150085	0.1554887	0.530496	0.469504	3.728498
50130	-2610.218	-2819.191	208.9724	1.093483	0.08488757	0.632393	0.367607	4.400694
50136	-2599.293	-2808.69	209.3971	1.138828	0.1267688	0.447537	0.552463	4.035395
50142	-2590.929	-2799.415	208.4867	1.130095	0.05923928	0.553485	0.446515	4.721253
50148	-2597.66	-2807.256	209.5953	1.112369	0.09148752	0.586118	0.413882	4.019816
50154	-2576.508	-2787.65	211.1417	1.336254	0.1078435	0.479308	0.520692	2.944183
50160	-2583.701	-2793.684	209.9822	1.168962	0.073036	0.51181	0.48819	3.813914
50166	-2583.502	-2792.924	209.4225	1.393719	0.073036	0.674974	0.325026	4.00592
50172	-2570.257	-2780.204	209.9472	1.432745	0.07302282	0.674974	0.325026	3.681942
50178	-2578.264	-2788.256	209.9917	1.286635	0.1282444	0.574466	0.425534	3.604974
50184	-2581.949	-2792.153	210.204	1.296426	0.07563612	0.574327	0.425673	3.604974
50190	-2584.303	-2794.206	209.9028	1.296426	0.08111197	0.619741	0.380259	3.764528
50196	-2582.313	-2790.741	208.4289	1.147254	0.0626199	0.528317	0.471683	4.734671
50202	-2584.997	-2793.632	208.635	0.9411131	0.0626199	0.582833	0.417167	4.734671
50208	-2585.597	-2795.448	209.8514	1.178508	0.09386188	0.572146	0.427854	3.829234
50214	-2584.28	-2794.495	210.2148	1.082105	0.1109668	0.572146	0.427854	3.633564
50220	-2586.462	-2793.964	207.5026	0.8827753	0.05828462	0.572146	0.427854	5.407134
50226	-2578.388	-2786.921	208.5327	1.032628	0.07466264	0.572146	0.427854	4.708292
50232	-2595.952	-2802.631	206.6796	0.9835565	0.08726489	0.654211	0.345789	5.728566
50238	-2579.95	-2789.16	209.2105	1.056916	0.0855131	0.654211	0.345789	4.285196
50244	-2581.126	-2789.953	208.8269	0.9991775	0.06987974	0.550806	0.449194	4.574893
50250	-2589.697	-2799.477	209.7802	1.177393	0.06987974	0.571458	0.428542	3.933638
50256	-2585.049	-2794.998	209.9492	1.131289	0.09786967	0.500875	0.499125	3.79016
50262	-2589.517	-2800.003	210.4862	1.330089	0.05752487	0.497688	0.502312	3.472101
50268	-2588.588	-2798.464	209.8752	1.338187	0.09315566	0.497688	0.502312	3.725226
50274	-2597.902	-2807.961	210.0592	1.190976	0.09315566	0.516428	0.483572	3.703994
50280	-2584.616	-2794.802	210.1865	1.285029	0.06726371	0.570706	0.429294	3.644841
50286	-2595.526	-2805.667	210.141	1.169419	0.07981541	0.625461	0.374539	3.703772
50292	-2583.59	-2793.013	209.4232	1.169419	0.1036595	0.454698	0.545302	4.055679
50298	-2600.965	-2811.47	210.505	1.116807	0.07749732	0.521012	0.478988	3.529345
50304	-2591.16	-2799.78	208.6193	1.053819	0.07749732	0.512066	0.487934	4.640507
50310	-2582.343	-2790.709	208.3665	1.214118	0.06029773	0.55326	0.44674	4.738527
50316	-2577.734	-2785.888	208.1545	1.015133	0.0887333	0.57889	0.42111	4.893228
50322	-2585.151	-2793.812	208.6614	1.095853	0.08196872	0.557673	0.442327	4.581777
50328	-2596.993	-2808.35	211.3567	1.441543	0.1305292	0.557673	0.442327	2.695321
50334	-2586.89	-2797.045	210.1546	1.064802	0.08574464	0.557673	0.442327	3.740728
50340	-2572.59	-2782.511	209.9214	1.176941	0.09610562	0.439693	0.560307	3.784222
50346	-2578.227	-2788.266	210.0396	1.253891	0.05444083	0.65301	0.34699	3.784222
50352	-2583.19	-2792.408	209.218	1.336103	0.08395982	0.570848	0.429152	4.126483
50358	-2587.77	-2796.514	208.7442	1.097817	0.07569644	0.570848	0.429152	4.550499
50364	-2584.027	-2794.906	210.8793	1.408574	0.07502012	0.665801	0.334199	3.14435
50370	-2580.415	-2791.03	210.6147	1.180227	0.1229852	0.668627	0.331373	3.314824
50376	-2579.828	-2790.427	210.5993	1.219019	0.1121025	0.608075	0.391925	3.326385
50382	-2594.269	-2804.487	210.2183	1.278215	0.07112778	0.376822	0.623178	3.619585
50388	-2578.604	-2788.848	210.2438	1.25505	0.07064436	0.44416	0.55584	3.619585
50394	-2573.778	-2784.787	211.0096	1.27265	0.07064436	0.585662	0.414338	3.159998
50400	-2595.658	-2805.325	209.6673	1.175412	0.122305	0.582504	0.417496	3.869625
50406	-2595.976	-2805.209	209.2337	1.250864	0.06425662	0.527108	0.472892	4.218773
50412	-2596.248	-2805.333	209.0849	1.250864	0.06318652	0.588862	0.411138	4.306012
50418	-2578.802	-2788.491	209.6888	1.367087	0.06318652	0.643089	0.356911	3.8959
50424	-2583.26	-2792.936	209.675	1.458338	0.05939816	0.555054	0.444946	3.862129
50430	-2585.514	-2796.392	210.8783	1.326052	0.09306894	0.555054	0.444946	3.145333
50436	-2581.522	-2791.991	210.4692	1.298193	0.08078736	0.660203	0.339797	3.435437
50442	-2580.864	-2789.763	208.8988	1.17258	0.1552237	0.675444	0.324556	4.240972
50448	-2584.741	-2792.83	208.0897	0.9292148	0.1269298	0.665643	0.334357	4.889576
50454	-2600.705	-2809.963	209.2586	1.078313	0.06980664	0.665954	0.334046	4.287171
50460	-2612.19	-2820.148	207.9583	1.058149	0.07862108	0.664512	0.335488	5.003947
50466	-2619.099	-2827.031	207.9313	0.9996918	0.09780993	0.507875	0.492125	5.003947
50472	-2603.154	-2809.69	206.5354	1.04785	0.04552243	0.647014	0.352986	5.88225
50478	-2600.485	-2806.959	206.4743	1.10896	0.04552243	0.55822	0.44178	5.88225
50484	-2590.035	-2799.326	209.2911	1.163991	0.09376688	0.513317	0.486683	4.157995
50490	-2600.051	-2810.055	210.0037	1.281603	0.07769131	0.646754	0.353246	3.72399
50496	-2597.292	-2806.417	209.125	1.085435	0.114803	0.546362	0.453638	4.247054
50502	-2598.673	-2807.857	209.1844	1.062359	0.1058763	0.481585	0.518415	4.247054
50508	-2595.47	-2804.01	208.5399	1.11105	0.07184457	0.608457	0.391543	4.66787
50514	-2612.065	-2820.92	208.8551	0.9776426	0.0979989	0.492883	0.507117	4.499537
50520	-2598.494	-2809.202	210.7077	1.082185	0.0979989	0.55219	0.44781	3.377558
50526	-2587.477	-2796.358	208.8809	1.158202	0.08331047	0.538155	0.461845	4.419779
50532	-2584.069	-2794.326	210.2572	1.167791	0.1085902	0.623863	0.376137	3.564797
50538	-2591.649	-2800.861	209.2116	1.237939	0.05693542	0.616484	0.383516	4.259097
50544	-2588.071	-2798.801	210.73	1.23857	0.1362477	0.626978	0.373022	3.182604
50550	-2582.2	-2792.204	210.0034	1.130871	0.07995395	0.559457	0.440543	3.805014
50556	-2589.193	-2799.672	210.4785	1.121612	0.09408444	0.50094	0.49906	3.498463
50562	-2589.587	-2798.21	208.6225	1.121612	0.09408444	0.582218	0.417782	4.558831
50568	-2599.17	-2807.655	208.4853	0.9975908	0.09408444	0.558827	0.441173	4.705259
50574	-2599.031	-2808.552	209.5217	1.228121	0.1142142	0.558827	0.441173	3.941167
50580	-2604.482	-2812.977	208.4947	1.079998	0.07533737	0.52599	0.47401	4.70131
50586	-2595.234	-2804.606	209.3721	1.110033	0.06997867	0.628169	0.371831	4.204411
50592	-2587.233	-2796.227	208.9945	1.020982	0.1098831	0.575953	0.424047	4.368585
50598	-2600	-2808.166	208.1662	0.9337735	0.1098831	0.550081	0.449919	4.881894
50604	-2581.848	-2790.49	208.6424	1.104606	0.06499314	0.579726	0.420274	4.632513
50610	-2587.944	-2796.552	208.608	1.108572	0.07130811	0.579029	0.420971	4.632513
50616	-2586.856	-2796.678	209.8222	1.40712	0.05971424	0.568647	0.431353	3.806059
50622	-2593.265	-2802.567	209.3019	1.321019	0.06366019	0.568647	0.431353	4.141813
50628	-2581.496	-2790.882	209.3858	1.221573	0.08276493	0.732105	0.267895	4.099272
50634	-2596.915	-2805.502	208.5878	1.154212	0.07121512	0.509077	0.490923	4.618479
50640	-2575.281	-2784.274	208.9933	1.195488	0.08415967	0.605489	0.394511	4.333107
50646	-2602.7	-2814.159	211.459	1.345689	0.1217637	0.562533	0.437467	2.711943
50652	-2593.917	-2803.72	209.8031	1.087298	0.09638835	0.495057	0.504943	3.903052
50658	-2579.925	-2789.877	209.9517	1.296126	0.09638835	0.515134	0.484866	3.697266
50664	-2578.777	-2789.383	210.6053	1.276077	0.07920189	0.486342	0.513658	3.372926
50670	-2581.115	-2792.12	211.0054	1.357994	0.1241568	0.495348	0.504652	2.974081
50676	-2580.016	-2791.094	211.0783	1.468841	0.1169338	0.593467	0.406533	2.880327
50682	-2588.301	-2796.508	208.2072	0.9391503	0.09230122	0.611886	0.388114	4.897436
50688	-2585.362	-2795.022	209.6602	1.061133	0.09230122	0.593861	0.406139	4.009996
50694	-2591.867	-2802.487	210.6204	1.392753	0.05754696	0.517619	0.482381	3.356694
50700	-2589.412	-2800.648	211.2357	1.329151	0.09331878	0.592392	0.407608	2.928931
50706	-2587.019	-2798.15	211.1313	1.329151	0.118499	0.581871	0.418129	2.928931
50712	-2601.843	-2813.568	211.7247	1.315389	0.06877706	0.577581	0.422419	2.70847
50718	-2615.532	-2824.039	208.5074	1.190468	0.0437697	0.624145	0.375855	4.719193
50724	-2599.311	-2808.098	208.7871	1.083098	0.08470785	0.642185	0.357815	4.51135
50730	-2587.907	-2797.416	209.5087	1.157773	0.0920632	0.532151	0.467849	4.041896
50736	-2591.614	-2801.007	209.3929	1.191821	0.1222033	0.532151	0.467849	4.017562
50742	-2598.619	-2808.574	209.955	1.215832	0.1030042	0.486621	0.513379	3.725483
50748	-2598.349	-2806.849	208.5005	1.151012	0.08991623	0.53306	0.46694	4.621064
50754	-2583.983	-2792.724	208.7414	1.193083	0.09193113	0.524271	0.475729	4.457075
50760	-2576.301	-2785.469	209.1679	1.205965	0.09193113	0.60178	0.39822	4.208683
50766	-2571.516	-2779.941	208.4253	1.037543	0.07353881	0.529673	0.470327	4.768573
50772	-2574.442	-2783.475	209.0334	1.280038	0.08832791	0.489951	0.510049	4.252016
50778	-2582.482	-2792.673	210.1903	1.172038	0.08286532	0.505381	0.494619	3.665662
50784	-2601.397	-2812.892	211.4943	1.730066	0.08477227	0.592412	0.407588	2.548582
50790	-2589.968	-2800.724	210.7558	1.282171	0.1046197	0.671151	0.328849	3.214845
50796	-2569.414	-2780.431	211.017	1.356848	0.07045142	0.578696	0.421304	3.106039
50802	-2576.701	-2787.712	211.0109	1.360046	0.1073437	0.5892	0.4108	3.00975
50808	-2575.823	-2787.131	211.3085	1.360046	0.06476708	0.5892	0.4108	2.945979
50814	-2581.073	-2792.269	211.1959	1.151287	0.1410138	0.5892	0.4108	2.945979
50820	-2584.49	-2795.28	210.7904	1.355695	0.101869	0.570705	0.429295	3.157547
50826	-2592.231	-2804.114	211.8836	1.355695	0.0972321	0.551148	0.448852	2.505034
50832	-2593.05	-2801.556	208.5058	1.231856	0.1125501	0.567515	0.432485	4.519033
50838	-2581.813	-2792.569	210.7566	1.170276	0.08236921	0.442584	0.557416	3.337672
50844	-2574.699	-2785.272	210.5726	1.288795	0.08722049	0.563959	0.436041	3.363222
50850	-2584.394	-2793.883	209.4882	1.090009	0.08765492	0.621446	0.378554	4.103326
50856	-2593.251	-2802.845	209.5941	1.047725	0.07380563	0.481768	0.518232	4.103326
50862	-2583.253	-2792.723	209.4695	1.165012	0.09579852	0.592838	0.407162	4.050857
50868	-2587.126	-2797.626	210.4995	1.297937	0.1345118	0.555547	0.444453	3.287636
50874	-2598.288	-2808.061	209.7725	1.324866	0.1520478	0.77239	0.22761	3.659789
50880	-2594.293	-2804.616	210.3232	1.305344	0.1315846	0.524588	0.475412	3.393313
50886	-2587.329	-2798.214	210.8852	1.301814	0.1000412	0.631889	0.368111	3.137841
50892	-2597.361	-2808.018	210.6569	1.173545	0.08162732	0.76365	0.23635	3.396242
50898	-2590.994	-2799.467	208.4728	0.9609557	0.08041189	0.628245	0.371755	4.76688
50904	-2575.568	-2784.965	209.3972	0.9490787	0.07890733	0.556511	0.443489	4.25762
50910	-2578.001	-2785.945	207.9432	0.9385059	0.07394824	0.628894	0.371106	5.090855
50916	-2585.418	-2794.615	209.197	1.045548	0.05493796	0.617835	0.382165	4.381773
50922	-2571.827	-2781.248	209.4208	1.113428	0.07374781	0.617835	0.382165	4.164651
50928	-2587.029	-2797.527	210.4979	1.164271	0.06672666	0.62549	0.37451	3.535619
50934	-2577.098	-2787.858	210.7596	1.20023	0.06887822	0.517937	0.482063	3.355426
50940	-2589.106	-2798.581	209.4755	1.125007	0.06887822	0.66728	0.33272	4.140206
50946	-2585.21	-2792.874	207.6642	1.092087	0.04878895	0.643692	0.356308	5.228637
50952	-2582.651	-2791.194	208.5435	0.9754448	0.08755647	0.521065	0.478935	4.701164
50958	-2574.557	-2783.182	208.6246	0.9810364	0.06888313	0.480185	0.519815	4.701164
50964	-2580.862	-2788.83	207.9687	0.9810364	0.09905407	0.521491	0.478509	4.990546
50970	-2605.604	-2815.901	210.2966	1.286811	0.06789064	0.543998	0.456002	3.578187
50976	-2604.532	-2813.961	209.4297	1.24567	0.09732846	0.480296	0.519704	4.023745
50982	-2587.483	-2795.227	207.7432	1.166052	0.09270993	0.619888	0.380112	5.028234
50988	-2594.803	-2805.234	210.4307	1.287716	0.05964132	0.578228	0.421772	3.523054
50994	-2599.322	-2808.323	209.001	1.130833	0.09263422	0.488606	0.511394	4.343999
51000	-2597.105	-2807.181	210.0768	1.086996	0.07936705	0.491215	0.508785	3.789548
51006	-2608.478	-2817.001	208.5228	1.086996	0.08907286	0.599262	0.400738	4.646501
51012	-2590.912	-2798.82	207.9081	0.91724	0.08779848	0.579611	0.420389	5.086866
51018	-2585.277	-2794.615	209.3378	0.91724	0.09413282	0.531988	0.468012	4.270616
51024	-2581.852	-2791.056	209.2035	1.131187	0.07646099	0.531988	0.468012	4.270616
51030	-2579.807	-2789.896	210.0883	1.237301	0.09472573	0.561832	0.438168	3.656373
51036	-2583.95	-2794.987	211.0363	1.233856	0.09407139	0.569137	0.430863	3.10359
51042	-2585.059	-2795.704	210.6453	1.452833	0.08667259	0.569137	0.430863	3.225167
51048	-2575.707	-2786.003	210.2957	1.147401	0.05480714	0.569137	0.430863	3.696809
51054	-2583.044	-2791.114	208.0697	1.112327	0.08072484	0.545893	0.454107	4.9065
51060	-2589.221	-2797.384	208.1625	1.100732	0.06362236	0.560568	0.439432	4.9065
51066	-2587.181	-2796.243	209.0628	1.15244	0.06362236	0.645418	0.354582	4.372885
51072	-2585.693	-2794.432	208.739	1.549104	0.06529369	0.535078	0.464922	4.327132
51078	-2589.584	-2799.997	210.4131	1.196293	0.07591864	0.685739	0.314261	3.540862
51084	-2587.403	-2795.881	208.4779	1.027037	0.07591864	0.58823	0.41177	4.738768
51090	-2590.816	-2799.166	208.3498	0.9503245	0.1240767	0.594026	0.405974	4.738768
51096	-2594.297	-2804.684	210.3865	1.277611	0.08772327	0.535237	0.464763	3.477488
51102	-2585.156	-2794.7	209.5432	1.277611	0.06103429	0.587215	0.412785	4.036441
51108	-2582.692	-2791.525	208.8338	1.186227	0.07905455	0.587215	0.412785	4.441552
51114	-2576.775	-2786.467	209.692	1.068737	0.07605558	0.633368	0.366632	4.029502
51120	-2591.426	-2801.032	209.6056	1.120986	0.08344791	0.524044	0.475956	4.029502
51126	-2575.982	-2785.89	209.9078	1.142621	0.07307121	0.61572	0.38428	3.871685
51132	-2577.837	-2787.383	209.5461	1.116604	0.07307121	0.577366	0.422634	4.093402
51138	-2584.717	-2791.795	207.078	1.044342	0.06787402	0.577366	0.422634	5.526041
51144	-2590.266	-2800.441	210.1755	1.314069	0.06856701	0.679943	0.320057	3.630734
51150	-2586.532	-2796.405	209.8726	1.343524	0.09888346	0.679997	0.320003	3.70942
51156	-2596.995	-2807.124	210.1289	1.224343	0.06865753	0.721666	0.278334	3.70942
51162	-2582.598	-2792.47	209.8716	1.110139	0.08503526	0.643668	0.356332	3.879389
51168	-2587.654	-2795.866	208.2122	1.010534	0.08469847	0.530022	0.469978	4.873699
51174	-2586.613	-2796.187	209.5735	1.169216	0.07206295	0.530022	0.469978	4.050514
51180	-2603.629	-2814.1	210.471	1.394012	0.08867555	0.658361	0.341639	3.357337
51186	-2606.7	-2817.388	210.6878	1.313656	0.115218	0.645108	0.354892	3.21086
51192	-2583.467	-2792.568	209.1005	0.9487238	0.09063955	0.625232	0.374768	4.395579
51198	-2601.874	-2810.278	208.4039	1.063788	0.1329238	0.529835	0.470165	4.626248
51204	-2600.319	-2810.217	209.8984	1.242172	0.1063105	0.606387	0.393613	3.735018
51210	-2593.631	-2805.285	211.6539	1.243825	0.1063105	0.447276	0.552724	2.692876
51216	-2588.622	-2799.002	210.38	1.33225	0.06682178	0.52322	0.47678	3.506145
51222	-2584.694	-2792.551	207.8562	1.183036	0.09275224	0.692751	0.307249	4.955909
51228	-2597.041	-2805.316	208.2746	0.9297879	0.06104118	0.48965	0.51035	4.94628
51234	-2589.586	-2799.195	209.6093	1.123452	0.08203331	0.567459	0.432541	4.02971
51240	-2570.192	-2779.143	208.9511	1.099775	0.07622928	0.513321	0.486679	4.431587
51246	-2573.034	-2780.329	207.2947	1.104156	0.07949875	0.513321	0.486679	5.343574
51252	-2591.658	-2797.786	206.1279	1.155598	0.1032611	0.594954	0.405046	5.898389
51258	-2577.667	-2786.815	209.148	1.30946	0.06570316	0.467622	0.532378	4.23013
51264	-2581.188	-2790.364	209.1751	1.235123	0.07559904	0.563989	0.436011	4.23013
51270	-2589.551	-2797.991	208.4401	1.086105	0.1013917	0.651092	0.348908	4.663501
51276	-2590.825	-2800.114	209.2888	1.10972	0.1386343	0.499575	0.500425	4.088498
51282	-2583.039	-2792.15	209.1111	1.092717	0.06910701	0.415554	0.584446	4.36436
51288	-2594.802	-2804.213	209.4109	1.220355	0.06528708	0.603057	0.396943	4.132559
51294	-2602.022	-2811.613	209.5911	1.389369	0.04457725	0.540987	0.459013	3.992217
51300	-2598.144	-2809.691	211.5468	1.245201	0.07137575	0.621431	0.378569	2.852105
51306	-2589.249	-2800.603	211.3538	1.301508	0.1007449	0.563078	0.436922	2.85492
51312	-2578.986	-2790.361	211.3751	1.280283	0.1007449	0.592732	0.407268	2.85492
51318	-2579.045	-2790.653	211.6087	1.39667	0.1129759	0.478341	0.521659	2.609778
51324	-2574.861	-2786.656	211.7953	1.325096	0.08595102	0.556589	0.443411	2.609778
51330	-2564.49	-2776.139	211.6491	1.292051	0.09796683	0.668102	0.331898	2.687781
51336	-2572.74	-2782.265	209.5246	1.193097	0.05259302	0.477877	0.522123	4.119134
51342	-2576.108	-2785.645	209.5375	1.117774	0.1091238	0.509471	0.490529	4.007053
51348	-2571.671	-2779.989	208.3178	0.998298	0.1016152	0.509471	0.490529	4.78044
51354	-2578.69	-2787.858	209.1683	1.199578	0.05933261	0.44948	0.55052	4.298594
51360	-2579.223	-2786.462	207.2385	0.9126987	0.1064199	0.44948	0.55052	5.415201
51366	-2584.952	-2792.765	207.8129	0.9823463	0.06966532	0.671616	0.328384	5.150045
51372	-2592.109	-2801.745	209.636	1.028397	0.1078048	0.652571	0.347429	4.004893
51378	-2587.843	-2797.084	209.2417	1.073934	0.07939632	0.591186	0.408814	4.273668
51384	-2585.281	-2794.02	208.7386	1.048041	0.08677936	0.587855	0.412145	4.553041
51390	-2580.676	-2790.09	209.4142	1.252623	0.111871	0.632465	0.367535	3.994048
51396	-2602.839	-2812.079	209.2407	1.129992	0.0626878	0.690269	0.309731	4.287647
51402	-2587.742	-2797.345	209.6028	1.12011	0.09304875	0.588448	0.411552	4.007223
51408	-2575.017	-2784.244	209.2278	1.118734	0.08387075	0.68808	0.31192	4.24457
51414	-2569.14	-2778.173	209.0325	1.249061	0.09863394	0.572559	0.427441	4.24457
51420	-2566.769	-2776.994	210.2255	1.333194	0.07597113	0.449187	0.550813	3.570214
51426	-2569.895	-2780.129	210.2337	1.125626	0.102959	0.596931	0.403069	3.616481
51432	-2573.452	-2783.606	210.1542	1.212517	0.07377543	0.655938	0.344062	3.68752
51438	-2574.25	-2784.344	210.0931	1.262422	0.07614924	0.656723	0.343277	3.68752
51444	-2583.304	-2792.108	208.8046	1.109589	0.06704998	0.708861	0.291139	4.533053
51450	-2579.952	-2789.142	209.1893	1.109589	0.07328961	0.5066	0.4934	4.299312
51456	-2580.43	-2791.51	211.0797	1.182138	0.07529848	0.5066	0.4934	3.159
51462	-2567.845	-2779.011	211.1661	1.350151	0.07603385	0.615641	0.384359	3.005139
51468	-2577.909	-2789.513	211.6037	1.294985	0.08147725	0.5742	0.4258	2.758482
51474	-2584.089	-2793.498	209.4092	1.133897	0.09242965	0.57377	0.42623	4.111279
51480	-2584.712	-2793.017	208.3042	1.044845	0.08942434	0.662381	0.337619	4.791467
51486	-2571.552	-2781.894	210.3414	1.213188	0.06573394	0.657763	0.342237	3.600957
51492	-2576.711	-2784.894	208.1824	1.100909	0.05596058	0.589029	0.410971	4.916394
51498	-2588.677	-2798.884	210.2069	1.218411	0.09700773	0.72452	0.27548	3.592839
51504	-2583.343	-2793.026	209.6833	1.071929	0.1586073	0.635187	0.364813	3.844156
51510	-2587.884	-2797.458	209.5744	1.098943	0.08536982	0.645502	0.354498	4.054952
51516	-2583.364	-2793.18	209.816	1.136145	0.08923266	0.5331	0.4669	3.885589
51522	-2578.597	-2788.205	209.6081	1.117083	0.09889173	0.599097	0.400903	3.9915
51528	-2581.72	-2791.186	209.4668	1.081187	0.09451699	0.599097	0.400903	4.103336
51534	-2590.847	-2800.593	209.7459	1.008356	0.07730595	0.565072	0.434928	4.029877
51540	-2593.306	-2802.476	209.1699	1.092612	0.09277776	0.576602	0.423398	4.269716
51546	-2582.085	-2791.684	209.5988	1.138787	0.07048335	0.610096	0.389904	4.057754
51552	-2580.905	-2789.329	208.4241	1.118949	0.044193	0.482673	0.517327	4.804489
51558	-2581.554	-2790.648	209.0947	1.226658	0.05870373	0.598199	0.401801	4.326652
51564	-2586.525	-2797.089	210.5645	1.226658	0.0555382	0.628198	0.371802	3.492533
51570	-2591.694	-2800.943	209.2493	1.235832	0.09931296	0.491969	0.508031	4.12737
51576	-2596.015	-2806.652	210.6374	1.235832	0.06562895	0.752571	0.247429	3.415449
51582	-2591.454	-2799.965	208.511	1.058238	0.08452188	0.607237	0.392763	4.680673
51588	-2584.452	-2793.041	208.5898	1.074533	0.1102227	0.596037	0.403963	4.565487
51594	-2582.882	-2791.856	208.9735	1.074533	0.08743371	0.596037	0.403963	4.404279
51600	-2588.551	-2797.514	208.9627	1.047704	0.1072963	0.546375	0.453625	4.377441
51606	-2581.161	-2789.571	208.4099	1.047704	0.07090458	0.65775	0.34225	4.778496
51612	-2583.536	-2792.549	209.0124	1.111964	0.0971421	0.543358	0.456642	4.337159
51618	-2594.597	-2803.43	208.833	1.115261	0.1419325	0.532817	0.467183	4.337159
51624	-2586.983	-2794.678	207.6956	1.079136	0.0910988	0.457159	0.542841	5.106828
51630	-2584.67	-2793.964	209.2943	0.9753127	0.1288193	0.683362	0.316638	4.18258
51636	-2592.251	-2801.818	209.5673	0.9703204	0.117151	0.648581	0.351419	4.055775
51642	-2586.935	-2795.905	208.9696	1.266049	0.06041462	0.648581	0.351419	4.370315
51648	-2585.977	-2794.792	208.8153	1.279929	0.09037002	0.538852	0.461148	4.370315
51654	-2579.141	-2788.161	209.0199	1.185598	0.06656164	0.536071	0.463929	4.370315
51660	-2576.344	-2786.298	209.9545	1.310945	0.08823099	0.6311	0.3689	3.707719
51666	-2583.148	-2793.74	210.592	1.305941	0.08842914	0.538944	0.461056	3.338601
51672	-2584.972	-2795.269	210.2978	1.377835	0.1061524	0.538944	0.461056	3.424376
51678	-2584.523	-2793.87	209.3468	1.153308	0.09227561	0.621861	0.378139	4.136115
51684	-2581.783	-2791.003	209.2193	1.039549	0.08731991	0.540871	0.459129	4.28546
51690	-2581.518	-2789.725	208.2067	1.120083	0.08731991	0.666305	0.333695	4.809127
51696	-2581.78	-2792.233	210.4533	1.120083	0.1023534	0.545779	0.454221	3.493418
51702	-2585.473	-2793.961	208.4885	1.121523	0.07837076	0.563396	0.436604	4.6736
51708	-2589.431	-2799.998	210.567	1.226502	0.09583071	0.536859	0.463141	3.380868
51714	-2595.746	-2803.495	207.7486	1.353151	0.05492044	0.65609	0.34391	5.02023
51720	-2590.712	-2799.371	208.659	1.081018	0.07742663	0.583375	0.416625	4.60322
51726	-2583.128	-2791.124	207.9962	1.140204	0.07880926	0.590362	0.409638	4.936779
51732	-2600.028	-2808.654	208.6269	1.249887	0.06817229	0.590362	0.409638	4.551034
51738	-2599.206	-2807.822	208.6167	1.142448	0.0938123	0.716463	0.283537	4.551034
51744	-2596.675	-2805.784	209.1089	0.9662385	0.1383019	0.607736	0.392264	4.272816
51750	-2589.744	-2800.329	210.5843	1.284978	0.08100399	0.607088	0.392912	3.375147
51756	-2596.669	-2806.403	209.7342	1.02606	0.1043575	0.52215	0.47785	3.958239
51762	-2573.755	-2782.407	208.6516	1.140888	0.1096785	0.497979	0.502021	4.49474
51768	-2584.883	-2792.279	207.3963	1.017522	0.09015833	0.673413	0.326587	5.308726
51774	-2614.193	-2823.799	209.6064	1.292813	0.07844793	0.589908	0.410092	3.94393
51780	-2587.723	-2796.512	208.7881	1.029584	0.1036657	0.617018	0.382982	4.4945
51786	-2594.97	-2805.056	210.0865	1.217917	0.1074239	0.548486	0.451514	3.637588
51792	-2593.133	-2802.464	209.3309	1.105277	0.08951646	0.688438	0.311562	4.179355
51798	-2585.887	-2795.06	209.1725	1.398024	0.104877	0.688438	0.311562	4.065373
51804	-2597.991	-2808.313	210.3215	1.265766	0.06248451	0.460295	0.539705	3.591238
51810	-2601.599	-2810.677	209.0782	1.11856	0.07770307	0.631838	0.368162	4.345396
51816	-2586.982	-2795.948	208.9662	1.115298	0.08335024	0.587727	0.412273	4.3958
51822	-2579.684	-2787.436	207.752	1.180802	0.08335024	0.590643	0.409357	5.03836
51828	-2582.269	-2792.01	209.7406	1.111498	0.161248	0.683894	0.316106	3.783246
51834	-2588.86	-2800.395	211.5351	1.298496	0.1008042	0.549493	0.450507	2.746255
51840	-2591.814	-2802.487	210.6728	1.321877	0.08912425	0.657819	0.342181	3.279822
51846	-2579.915	-2790.615	210.7001	1.380424	0.1017569	0.579774	0.420226	3.196743
51852	-2574.314	-2784.525	210.2106	1.244401	0.08060555	0.570116	0.429884	3.617934
51858	-2583.327	-2793.45	210.1234	1.300094	0.08756548	0.5417	0.4583	3.617934
51864	-2594.357	-2804.85	210.493	1.187495	0.07986048	0.636534	0.363466	3.488743
51870	-2592.549	-2802.304	209.7559	1.265803	0.08590056	0.535369	0.464631	3.854192
51876	-2570.337	-2779.365	209.0277	0.9990158	0.1026787	0.651461	0.348539	4.37904
51882	-2578.779	-2786.634	207.8545	1.115508	0.08612383	0.59668	0.40332	5.010718
51888	-2577.208	-2784.234	207.0265	1.119902	0.08969611	0.642732	0.357268	5.457269
51894	-2580.745	-2789.712	208.9674	1.033321	0.08208668	0.537119	0.462881	4.444584
51900	-2588.898	-2796.927	208.0295	0.9603029	0.07554608	0.535445	0.464555	5.026742
51906	-2567.299	-2774.873	207.5738	1.083507	0.08012195	0.456227	0.543773	5.199174
51912	-2582.191	-2790.704	208.513	1.155716	0.09881939	0.651697	0.348303	4.589721
51918	-2578.938	-2788.428	209.4899	1.18428	0.1023922	0.573793	0.426207	4.012152
51924	-2586.027	-2796.647	210.6201	1.195345	0.1646279	0.731056	0.268944	3.214432
51930	-2577.518	-2788.006	210.4878	1.150989	0.0938364	0.6549	0.3451	3.476489
51936	-2581.211	-2788.968	207.757	1.116711	0.0769454	0.521426	0.478574	5.087486
51942	-2597.574	-2807.239	209.6654	1.038644	0.0674522	0.520945	0.479055	4.085169
51948	-2585.616	-2794.196	208.5804	1.069104	0.07854413	0.450767	0.549233	4.651055
51954	-2575.903	-2787.574	211.6709	1.530226	0.08560219	0.455958	0.544042	2.560684
51960	-2584.115	-2794.899	210.7833	1.325217	0.06957875	0.582783	0.417217	3.265872
51966	-2571.074	-2781.636	210.5623	1.43993	0.06957875	0.614528	0.385472	3.328564
51972	-2588.474	-2799.417	210.9435	1.605371	0.1133639	0.580981	0.419019	2.887845
51978	-2587.025	-2798.111	211.0861	1.50284	0.1036056	0.607254	0.392746	2.887845
51984	-2576.158	-2786.681	210.5234	1.331859	0.09250532	0.472737	0.527263	3.353119
51990	-2572.394	-2781.828	209.4342	1.244117	0.08717632	0.561844	0.438156	4.047487
51996	-2568.399	-2777.833	209.4349	1.135871	0.07773206	0.57917	0.42083	4.133296
52002	-2580.653	-2789.924	209.2708	0.9551675	0.07145765	0.57917	0.42083	4.345505
52008	-2575.306	-2784.467	209.1608	1.037196	0.07738004	0.377155	0.622845	4.345505
52014	-2575.886	-2783.714	207.8281	0.9342347	0.07338731	0.649462	0.350538	5.158475
52020	-2565.167	-2772.953	207.7862	0.9242661	0.0846074	0.480407	0.519593	5.158475
52026	-2578.689	-2787.908	209.219	1.1774	0.08350971	0.588068	0.411932	4.217239
52032	-2580.116	-2789.123	209.007	1.088738	0.05320076	0.588068	0.411932	4.469404
52038	-2569.522	-2779.795	210.2735	1.307515	0.07791164	0.588068	0.411932	3.551937
52044	-2564.981	-2773.665	208.6836	1.082967	0.1003111	0.66587	0.33413	4.531207
52050	-2577.7	-2787.627	209.9271	1.082967	0.08653265	0.516985	0.483015	3.859208
52056	-2574.323	-2783.849	209.5261	1.359906	0.1158885	0.524547	0.475453	3.859208
52062	-2573.082	-2783.12	210.0374	1.132812	0.06006008	0.668214	0.331786	3.839077
52068	-2580.989	-2790.891	209.9013	1.138255	0.06519477	0.655399	0.344601	3.89965
52074	-2590.133	-2799.036	208.903	1.008019	0.05722132	0.587685	0.412315	4.562007
52080	-2582.536	-2790.667	208.1311	1.072372	0.05946325	0.588386	0.411614	4.951141
52086	-2574.627	-2784.71	210.0831	1.250603	0.09148179	0.453761	0.546239	3.659893
52092	-2588.469	-2798.33	209.8617	1.033467	0.08389189	0.389106	0.610894	3.93195
52098	-2591.787	-2801.823	210.0356	1.144856	0.10687	0.543966	0.456034	3.710625
52104	-2579.499	-2787.546	208.0469	0.9918452	0.0817883	0.550964	0.449036	4.983458
52110	-2569.506	-2778.278	208.7719	1.12562	0.07886866	0.550964	0.449036	4.511004
52116	-2590.755	-2797.807	207.0522	0.9883996	0.07886866	0.562265	0.437735	5.542389
52122	-2589.37	-2797.046	207.6765	1.147865	0.08873045	0.649227	0.350773	5.085091
52128	-2575.964	-2786.542	210.5779	1.196738	0.1075062	0.560415	0.439585	3.36308
52134	-2602.68	-2812.104	209.4248	1.103167	0.1239051	0.585286	0.414714	4.046229
52140	-2592.454	-2801.87	209.4165	0.944117	0.1034726	0.741549	0.258451	4.188129
52146	-2582.919	-2793.156	210.2367	1.150661	0.1511117	0.593501	0.406499	3.493115
52152	-2583.393	-2794.38	210.9865	1.197083	0.0809892	0.457173	0.542827	3.189797
52158	-2583.922	-2793.858	209.9358	1.127626	0.09284041	0.536727	0.463273	3.812513
52164	-2590.4	-2798.952	208.5522	0.9319531	0.1006274	0.557149	0.442851	4.688835
52170	-2585.32	-2793.871	208.5515	0.9891911	0.08763208	0.658619	0.341381	4.688835
52176	-2566.746	-2774.906	208.1601	0.9752826	0.07878818	0.562659	0.437341	4.937412
52182	-2582.971	-2792.353	209.3818	1.040437	0.06428031	0.55223	0.44777	4.254008
52188	-2590.319	-2797.889	207.5702	1.195235	0.09253279	0.51039	0.48961	5.108467
52194	-2577.11	-2787.512	210.4024	1.207719	0.0884806	0.447538	0.552462	3.507019
52200	-2585.238	-2795.183	209.9445	1.19795	0.09509638	0.573605	0.426395	3.761316
52206	-2583.734	-2792.926	209.1918	1.19795	0.09198783	0.573605	0.426395	4.199547
52212	-2591.866	-2798.837	206.971	1.057795	0.08105791	0.573605	0.426395	5.543368
52218	-2586.606	-2795.242	208.6364	1.064938	0.08378067	0.665163	0.334837	4.608537
52224	-2586.382	-2793.102	206.7206	0.9200843	0.08626148	0.423027	0.576973	5.743341
52230	-2585.875	-2795.735	209.8593	1.118569	0.08376794	0.570685	0.429315	3.884894
52236	-2585.174	-2795.008	209.8334	1.146794	0.0832409	0.631197	0.368803	3.884894
52242	-2569.126	-2778.417	209.2901	1.140168	0.07912177	0.670447	0.329553	4.209449
52248	-2588.204	-2797.27	209.0665	1.274434	0.08143574	0.561686	0.438314	4.254056
52254	-2579.473	-2788.891	209.418	1.065397	0.09026134	0.563117	0.436883	4.150645
52260	-2583.78	-2791.6	207.8198	1.101164	0.08028149	0.593537	0.406463	5.052729
52266	-2584.476	-2792.259	207.7831	0.8811326	0.06530456	0.639063	0.360937	5.234219
52272	-2579.383	-2788.586	209.2034	1.124526	0.07412645	0.584933	0.415067	4.280635
52278	-2581.015	-2790.273	209.2576	0.9531603	0.1158651	0.61371	0.38629	4.244452
52284	-2593.05	-2801.179	208.1286	0.8966838	0.108456	0.610045	0.389955	4.926719
52290	-2590.24	-2798.353	208.1126	1.059717	0.08156782	0.60906	0.39094	4.909717
52296	-2588.187	-2798.852	210.6651	1.235432	0.1332888	0.630988	0.369012	3.229423
52302	-2578.567	-2788.256	209.6887	1.259955	0.0705921	0.641615	0.358385	3.936807
52308	-2586.152	-2795.067	208.9144	1.259955	0.0693893	0.500137	0.499863	4.380211
52314	-2596.613	-2805.934	209.3214	1.199062	0.08704501	0.522831	0.477169	4.137742
52320	-2586.81	-2796.187	209.3765	1.003608	0.1447133	0.394375	0.605625	4.086481
52326	-2586.731	-2793.403	206.6718	1.037286	0.08645236	0.5969	0.4031	5.705393
52332	-2596.025	-2805.715	209.6899	0.9102512	0.08336228	0.691229	0.308771	4.101806
52338	-2583.86	-2792.421	208.5611	0.9102512	0.1076337	0.713091	0.286909	4.679653
52344	-2574.957	-2783.527	208.5706	0.9102512	0.1053278	0.60983	0.39017	4.679653
52350	-2578.201	-2788.882	210.6809	1.287257	0.09830059	0.490908	0.509092	3.271872
52356	-2575.503	-2785.289	209.7855	1.200619	0.1001763	0.519486	0.480514	3.838807
52362	-2607.083	-2816.98	209.8969	1.093623	0.07736245	0.654167	0.345833	3.894508
52368	-2590.892	-2800.921	210.0284	1.028954	0.07393885	0.654167	0.345833	3.865381
52374	-2583.028	-2791.727	208.6993	1.249229	0.06347142	0.604209	0.395791	4.523565
52380	-2580.683	-2790.555	209.8722	1.248681	0.06991107	0.642636	0.357364	3.839867
52386	-2575.868	-2785.823	209.9554	1.130655	0.08749606	0.642636	0.357364	3.813071
52392	-2580.494	-2790.717	210.2231	1.33444	0.07724125	0.642636	0.357364	3.567442
52398	-2585.191	-2795.218	210.0269	1.148908	0.1197737	0.591895	0.408105	3.683356
52404	-2582.839	-2793.662	210.8229	1.277007	0.09718865	0.497704	0.502296	3.196753
52410	-2595.994	-2802.896	206.9018	0.9571163	0.08432497	0.578552	0.421448	5.628463
52416	-2598.364	-2806.133	207.769	1.027819	0.09485439	0.529578	0.470422	5.085456
52422	-2589.018	-2798.042	209.0234	0.9919849	0.1092037	0.645049	0.354951	4.370214
52428	-2598.448	-2808.485	210.0362	1.204577	0.1894984	0.726715	0.273285	3.505208
52434	-2584.461	-2792.722	208.2617	1.090982	0.1043873	0.603287	0.396713	4.753524
52440	-2593.58	-2801.888	208.3071	1.093883	0.09307464	0.696551	0.303449	4.753524
52446	-2591.072	-2799.397	208.3245	0.9884597	0.07072311	0.529241	0.470759	4.859649
52452	-2585.845	-2792.684	206.8386	0.9450429	0.1128195	0.673348	0.326652	5.602993
52458	-2577.305	-2784.205	206.8997	0.9386163	0.0893379	0.601544	0.398456	5.627456
52464	-2575.008	-2782.506	207.4978	0.980268	0.06638314	0.531278	0.468722	5.334143
52470	-2574.493	-2781.108	206.6145	1.001837	0.05619698	0.552981	0.447019	5.834912
52476	-2579.867	-2791.158	211.2913	1.306759	0.08902155	0.581944	0.418056	2.920277
52482	-2588.116	-2798.073	209.9567	1.060593	0.1286958	0.578376	0.421624	3.755021
52488	-2586.076	-2794.725	208.6489	1.060593	0.07380539	0.513507	0.486493	4.629858
52494	-2580.911	-2790.625	209.7144	1.17091	0.1249729	0.648712	0.351288	3.83921
52500	-2586.962	-2795.976	209.0147	1.011651	0.1085851	0.60104	0.39896	4.365437
52506	-2579.133	-2787.547	208.4141	0.980352	0.09083733	0.523504	0.476496	4.76263
52512	-2583.433	-2791.481	208.0483	0.980352	0.1256377	0.609977	0.390023	4.886898
52518	-2587.552	-2795.844	208.2922	0.9464848	0.07608222	0.491995	0.508005	4.886898
52524	-2579.457	-2788.568	209.1101	1.278657	0.05684356	0.63571	0.36429	4.293746
52530	-2594.047	-2804.433	210.3855	1.118973	0.07181008	0.600308	0.399692	3.613108
52536	-2595.241	-2806.823	211.5818	1.283496	0.07825871	0.52313	0.47687	2.787932
52542	-2593.014	-2804.241	211.2274	1.376119	0.1109679	0.520397	0.479603	2.860675
52548	-2592.283	-2803.771	211.4881	1.2091	0.08550281	0.537669	0.462331	2.869872
52554	-2581.992	-2792.536	210.5436	1.241183	0.1012947	0.699147	0.300853	3.372314
52560	-2575.615	-2786.203	210.5881	1.241183	0.06724445	0.542751	0.457249	3.436592
52566	-2591.06	-2802.008	210.9476	1.230849	0.1021729	0.477295	0.522705	3.137551
52572	-2593.459	-2802.729	209.2694	1.141262	0.119642	0.670224	0.329776	4.122498
52578	-2589.948	-2799.028	209.0803	0.9640617	0.0860522	0.604295	0.395705	4.409864
52584	-2592.441	-2801.832	209.3909	1.254125	0.0958679	0.66538	0.33462	4.044683
52590	-2593.138	-2802.621	209.4833	1.027162	0.09318299	0.539105	0.460895	4.127976
52596	-2593.255	-2800.569	207.3141	0.9463254	0.05876561	0.444862	0.555138	5.474654
52602	-2590.26	-2799.497	209.2374	1.219231	0.06033919	0.691118	0.308882	4.245497
52608	-2584.891	-2794.166	209.2748	1.203049	0.05606575	0.58666	0.41334	4.245497
52614	-2597.029	-2803.448	206.4185	1.066372	0.07972803	0.462723	0.537277	5.84484
52620	-2597.155	-2808.049	210.894	1.243611	0.09212769	0.619512	0.380488	3.187444
52626	-2593.728	-2805.048	211.3199	1.313096	0.1178819	0.666268	0.333732	2.825989
52632	-2596.202	-2804.336	208.1334	0.9767906	0.1268178	0.470542	0.529458	4.83895
52638	-2584.204	-2792.569	208.365	0.8980442	0.0896259	0.527971	0.472029	4.83895
52644	-2575.212	-2784.905	209.6926	1.146159	0.07647999	0.523326	0.476674	3.983764
52650	-2595.261	-2804.155	208.8938	1.130007	0.1084936	0.523326	0.476674	4.367073
52656	-2594.756	-2803.761	209.0056	1.114977	0.08596395	0.523326	0.476674	4.367073
52662	-2587.63	-2796.082	208.4518	1.089054	0.06320173	0.694658	0.305342	4.752756
52668	-2574.357	-2782.692	208.3356	1.147723	0.0751951	0.566139	0.433861	4.752756
52674	-2582.308	-2790.106	207.7981	1.081033	0.04969802	0.646853	0.353147	5.158144
52680	-2593.244	-2802.937	209.6933	0.9643451	0.07009999	0.430256	0.569744	4.10436
52686	-2587.102	-2796.982	209.8798	1.052359	0.07356905	0.593142	0.406858	3.938164
52692	-2594.904	-2804.236	209.3317	1.113759	0.1008529	0.468569	0.531431	4.146215
52698	-2589.555	-2798.32	208.7645	1.0395	0.07629571	0.374811	0.625189	4.570271
52704	-2592.265	-2801.921	209.6562	1.14294	0.08034892	0.488748	0.511252	3.996189
52710	-2595.041	-2803.913	208.8717	1.045494	0.1288544	0.590128	0.409872	4.381982
52716	-2575.177	-2783.564	208.3869	1.083959	0.09540353	0.589815	0.410185	4.70876
52722	-2573.177	-2781.591	208.4135	1.083205	0.09540353	0.578513	0.421487	4.694334
52728	-2571.048	-2781.062	210.0139	1.339938	0.09682617	0.578513	0.421487	3.63476
52734	-2586.743	-2796.568	209.8253	1.223512	0.08302723	0.493008	0.506992	3.846074
52740	-2586.366	-2796.183	209.8174	1.173619	0.06324558	0.5684	0.4316	3.932897
52746	-2607.872	-2817.956	210.0848	1.152533	0.0829665	0.505654	0.494346	3.737655
52752	-2594.984	-2804.482	209.4989	1.121436	0.07503453	0.578532	0.421468	4.112259
52758	-2590.418	-2799.673	209.255	1.22945	0.06925702	0.544038	0.455962	4.20509
52764	-2588.854	-2798.893	210.0393	1.209305	0.09625947	0.592878	0.407122	3.697104
52770	-2587.277	-2797.162	209.8853	1.32242	0.06204812	0.612257	0.387743	3.811873
52776	-2588.403	-2798.364	209.961	1.215824	0.1176186	0.674475	0.325525	3.68766
52782	-2596.664	-2806.72	210.0559	1.162488	0.1073073	0.433697	0.566303	3.68766
52788	-2587.583	-2796.533	208.9497	1.127622	0.0825071	0.627061	0.372939	4.400338
52794	-2592.493	-2802.238	209.7456	1.173513	0.07872382	0.5783	0.4217	3.931804
52800	-2585.876	-2795.159	209.283	1.124219	0.07486863	0.692949	0.307051	4.233757
52806	-2587.058	-2795.653	208.5949	1.224645	0.07748312	0.745557	0.254443	4.558405
52812	-2589.951	-2798.031	208.0803	1.096826	0.09010757	0.608057	0.391943	4.885642
52818	-2583.275	-2791.922	208.6467	1.100102	0.07779118	0.646806	0.353194	4.598471
52824	-2588.734	-2798.007	209.273	1.100102	0.05681547	0.634273	0.365727	4.302717
52830	-2589.098	-2798.107	209.0093	1.100102	0.1304677	0.560215	0.439785	4.269881
52836	-2584.805	-2795.081	210.2767	1.100102	0.1131597	0.629475	0.370525	3.582013
52842	-2576.901	-2785.559	208.6571	1.050101	0.1347689	0.536588	0.463412	4.487885
52848	-2576.882	-2785.52	208.6377	1.069416	0.1347689	0.59437	0.40563	4.487885
52854	-2581.928	-2790.734	208.8061	1.133614	0.0987004	0.59437	0.40563	4.437609
52860	-2578.065	-2787.16	209.0952	1.02035	0.06056992	0.567402	0.432598	4.437609
52866	-2583.47	-2793.586	210.1161	1.316974	0.07303043	0.484946	0.515054	3.651119
52872	-2600.643	-2810.688	210.0443	1.303186	0.09178894	0.69111	0.30889	3.651119
52878	-2585.999	-2797.344	211.345	1.465593	0.1139649	0.655901	0.344099	2.727166
52884	-2599.321	-2809.854	210.5336	1.376395	0.0586003	0.692365	0.307635	3.414151
52890	-2589.805	-2799.767	209.962	1.417818	0.09866444	0.467749	0.532251	3.615117
52896	-2585.651	-2797.067	211.416	1.420127	0.07516546	0.521382	0.478618	2.814415
52902	-2594.449	-2806.171	211.7222	1.376134	0.1049053	0.546978	0.453022	2.572662
52908	-2585.187	-2793.71	208.5227	1.17145	0.09577559	0.546978	0.453022	4.582739
52914	-2589.689	-2798.471	208.7817	1.114653	0.05275026	0.563406	0.436594	4.582739
52920	-2581.371	-2790.307	208.9359	1.117141	0.07165971	0.563406	0.436594	4.442527
52926	-2585.317	-2793.656	208.3383	1.11333	0.06889953	0.639131	0.360869	4.787192
52932	-2586.136	-2795.472	209.3361	1.007456	0.0863791	0.522157	0.477843	4.239875
52938	-2581.035	-2789.87	208.8346	1.208928	0.06433975	0.522157	0.477843	4.46771
52944	-2582.455	-2791.805	209.3493	1.152456	0.1037878	0.561042	0.438958	4.107176
52950	-2594.373	-2805.376	211.0036	1.146954	0.1252412	0.590134	0.409866	3.098979
52956	-2591.656	-2801.532	209.8755	1.405506	0.08368309	0.67835	0.32165	3.71055
52962	-2578.611	-2788.213	209.6016	1.258635	0.09329749	0.650693	0.349307	3.928044
52968	-2576.456	-2785.898	209.4423	1.323306	0.04849036	0.579502	0.420498	4.103614
52974	-2581.858	-2793.6	211.7413	1.62646	0.04849036	0.579502	0.420498	2.568185
52980	-2581.5	-2792.891	211.3916	1.560797	0.05608219	0.579502	0.420498	2.800095
52986	-2588.467	-2799.823	211.3559	1.598734	0.08120217	0.580172	0.419828	2.725022
52992	-2589.581	-2798.756	209.1745	1.241489	0.07440224	0.64257	0.35743	4.23004
52998	-2602.922	-2812.042	209.12	1.232513	0.07440224	0.64257	0.35743	4.266019
53004	-2585.332	-2795.898	210.5653	1.410766	0.08439822	0.631028	0.368972	3.303255
53010	-2603.436	-2813.172	209.7365	1.264573	0.08664654	0.771138	0.228862	3.864085
53016	-2595.268	-2804.418	209.1498	1.324479	0.05483652	0.573551	0.426449	4.251002
53022	-2586.648	-2797.869	211.2207	1.438039	0.08176043	0.582574	0.417426	2.903416
53028	-2592.935	-2804.317	211.3818	1.44448	0.1029959	0.669623	0.330377	2.745094
53034	-2584.719	-2795.751	211.032	1.44448	0.0864134	0.63379	0.36621	3.000413
53040	-2596.194	-2806.484	210.2895	1.406765	0.07246035	0.53349	0.46651	3.499709
53046	-2588.354	-2798.265	209.9115	1.077243	0.05225418	0.556034	0.443966	3.965463
53052	-2586.358	-2796.092	209.7343	1.068517	0.09146508	0.556034	0.443966	3.965463
53058	-2591.862	-2800.67	208.8081	1.162572	0.06852479	0.516811	0.483189	4.49734
53064	-2583.923	-2794.439	210.5159	1.254497	0.05612834	0.530026	0.469974	3.502919
53070	-2581.586	-2790.176	208.5897	1.212919	0.08321223	0.603712	0.396288	4.553112
53076	-2576.834	-2785.919	209.0847	1.174804	0.0703993	0.619228	0.380772	4.329356
53082	-2573.217	-2782.25	209.0333	1.296989	0.06130002	0.582366	0.417634	4.314336
53088	-2586.283	-2795.316	209.0333	1.402483	0.04012649	0.562947	0.437053	4.314336
53094	-2576.548	-2785.723	209.1749	1.144002	0.07945241	0.606809	0.393191	4.271684
53100	-2583.805	-2793.215	209.4102	1.184461	0.0827564	0.551241	0.448759	4.106514
53106	-2580.502	-2789.968	209.4664	1.128296	0.0827564	0.606712	0.393288	4.106514
53112	-2586.505	-2796.112	209.6071	1.086666	0.06186819	0.559666	0.440334	4.106514
53118	-2586.773	-2797.522	210.7496	1.292449	0.07013226	0.501919	0.498081	3.303557
53124	-2579.047	-2788.025	208.9774	1.195433	0.07236872	0.608995	0.391005	4.373067
53130	-2574.5	-2784.079	209.5794	1.147372	0.07199232	0.608995	0.391005	4.059823
53136	-2582.274	-2789.706	207.4318	0.984962	0.07249649	0.598002	0.401998	5.351759
53142	-2583.857	-2791.281	207.4241	0.9055927	0.0877549	0.527717	0.472283	5.361053
53148	-2586.935	-2794.815	207.8796	1.022614	0.0877549	0.552738	0.447262	5.044299
53154	-2580.245	-2788.045	207.7995	1.042697	0.07017332	0.462525	0.537475	5.122692
53160	-2576.687	-2785.28	208.5935	1.224069	0.06821407	0.462525	0.537475	4.584202
53166	-2582.369	-2790.016	207.6467	0.8767757	0.07777407	0.523178	0.476822	5.279157
53172	-2593.638	-2801.302	207.6632	1.096079	0.06906292	0.501858	0.498142	5.171598
53178	-2589.732	-2798.133	208.401	0.9833014	0.09729129	0.620817	0.379183	4.752606
53184	-2607.586	-2814.377	206.7917	1.110996	0.0657837	0.420971	0.579029	5.652202
53190	-2593.687	-2802.743	209.0561	0.9786914	0.0788391	0.463202	0.536798	4.433779
53196	-2593.773	-2803.505	209.7321	1.230447	0.09439056	0.444589	0.555411	3.866588
53202	-2585.855	-2794.489	208.6341	1.106358	0.08835116	0.673341	0.326659	4.575043
53208	-2595.476	-2802.039	206.5626	0.8305149	0.06821191	0.48869	0.51131	5.924682
53214	-2591.387	-2799.801	208.4132	1.093286	0.06493093	0.483065	0.516935	4.76729
53220	-2589.024	-2796.615	207.5913	0.9546591	0.1068489	0.579772	0.420228	5.196317
53226	-2599.392	-2807.105	207.7133	0.8326448	0.1068489	0.522665	0.477335	5.196317
53232	-2587.597	-2795.227	207.6303	0.9053665	0.1093447	0.522665	0.477335	5.196317
53238	-2573.142	-2781.637	208.4944	1.064139	0.07318889	0.639809	0.360191	4.715999
53244	-2580.723	-2789.871	209.1481	1.121186	0.07318889	0.639809	0.360191	4.316328
53250	-2575.814	-2785.24	209.4261	1.197846	0.07564158	0.625457	0.374543	4.108546
53256	-2574.599	-2784.633	210.0338	1.197846	0.07422016	0.491591	0.508409	3.764324
53262	-2577.928	-2785.565	207.6371	1.136593	0.07209053	0.697456	0.302544	5.155557
53268	-2575.226	-2783.614	208.3887	1.088659	0.07796248	0.5707	0.4293	4.748892
53274	-2580.314	-2788.427	208.113	1.039405	0.09342005	0.5707	0.4293	4.891307
53280	-2572.905	-2781.136	208.2308	0.9517308	0.09346516	0.467612	0.532388	4.874432
53286	-2576.257	-2785.495	209.2381	0.9795177	0.09346516	0.577741	0.422259	4.293416
53292	-2571.691	-2782.668	210.9767	1.290607	0.08354793	0.43633	0.56367	3.133118
53298	-2569.043	-2780.014	210.971	1.546559	0.08600646	0.580039	0.419961	2.976839
53304	-2574.999	-2786.066	211.0674	1.343019	0.06552923	0.665158	0.334842	3.098371
53310	-2576.951	-2786.486	209.5348	1.127959	0.09646686	0.665158	0.334842	4.033062
53316	-2576.261	-2786.245	209.9841	0.9505196	0.09981791	0.658296	0.341704	3.869277
53322	-2582.151	-2791.314	209.1629	1.165143	0.07735235	0.547561	0.452439	4.272019
53328	-2584.299	-2791.851	207.5526	1.068941	0.05881045	0.662049	0.337951	5.275408
53334	-2587.568	-2796.318	208.7499	1.068941	0.1126211	0.453641	0.546359	4.473156
53340	-2591.309	-2800.245	208.9368	1.13789	0.08094334	0.519072	0.480928	4.405841
53346	-2591.242	-2799.417	208.1747	0.9430387	0.09197453	0.578131	0.421869	4.914177
53352	-2589.06	-2797.638	208.5779	1.134768	0.07874106	0.580082	0.419918	4.615147
53358	-2582.475	-2792.236	209.7602	1.204575	0.05825147	0.668949	0.331051	3.962053
53364	-2580.308	-2789.972	209.664	1.185403	0.08239332	0.549148	0.450852	3.962053
53370	-2580.574	-2791.29	210.7155	1.161938	0.1193559	0.471768	0.528232	3.274489
53376	-2577.074	-2785.553	208.4787	1.203929	0.07142772	0.630155	0.369845	4.651187
53382	-2582.409	-2791.606	209.1975	1.162189	0.08498294	0.51349	0.48651	4.234298
53388	-2584.384	-2794.107	209.7227	1.133112	0.08498294	0.660316	0.339684	3.951681
53394	-2592.959	-2802.163	209.2043	0.9244773	0.08639161	0.459684	0.540316	4.361351
53400	-2594.794	-2801.893	207.0991	1.08019	0.06535192	0.659572	0.340428	5.501445
53406	-2586.733	-2796.206	209.4737	0.9953076	0.05147313	0.59944	0.40056	4.263547
53412	-2579.47	-2789.183	209.7124	1.138416	0.07406908	0.531115	0.468885	3.983353
53418	-2583.144	-2793.85	210.7058	1.146715	0.08191773	0.520068	0.479932	3.382562
53424	-2584.42	-2794.561	210.1412	1.153198	0.1157941	0.514571	0.485429	3.623759
53430	-2586.054	-2792.417	206.3626	0.9460876	0.05541331	0.497004	0.502996	6.005072
53436	-2600.335	-2808.54	208.2046	0.8764109	0.1196906	0.558063	0.441937	4.870611
53442	-2604.202	-2812.515	208.3131	1.139027	0.09915383	0.588122	0.411878	4.71025
53448	-2590.677	-2799.168	208.4919	0.9291693	0.1065637	0.64611	0.35389	4.71025
53454	-2605.862	-2814.283	208.4211	1.10451	0.0711989	0.625612	0.374388	4.739713
53460	-2605.033	-2813.468	208.4351	1.069541	0.1193253	0.701267	0.298733	4.634647
53466	-2589.391	-2798.773	209.3819	1.141229	0.07649878	0.608651	0.391349	4.163648
53472	-2595.993	-2805.45	209.4578	1.035934	0.08286374	0.608651	0.391349	4.163648
53478	-2591.787	-2801.447	209.6604	1.03994	0.09494857	0.54672	0.45328	4.015375
53484	-2585.601	-2793.259	207.6579	1.060439	0.0514267	0.572542	0.427458	5.242345
53490	-2577.461	-2784.913	207.4523	1.060439	0.05905425	0.572542	0.427458	5.334816
53496	-2569.763	-2777.326	207.5628	0.9884101	0.05134476	0.645647	0.354353	5.334816
53502	-2573.449	-2779.945	206.4969	0.9884101	0.07347108	0.532161	0.467839	5.860606
53508	-2573.301	-2779.773	206.4722	1.025656	0.07081618	0.571992	0.428008	5.860606
53514	-2579.72	-2788.52	208.8008	0.8964238	0.1039658	0.57806	0.42194	4.561506
53520	-2573.209	-2782.103	208.8943	0.986298	0.06354501	0.489277	0.510723	4.561506
53526	-2572.569	-2783.014	210.4454	1.148109	0.07962093	0.521236	0.478764	3.540076
53532	-2588.073	-2797.529	209.4566	0.9971665	0.09019695	0.681019	0.318981	4.167647
53538	-2592.1	-2801.004	208.9046	1.178328	0.1059807	0.516888	0.483112	4.339559
53544	-2582.585	-2791.828	209.2425	0.9836123	0.08864195	0.549899	0.450101	4.300621
53550	-2583.098	-2791.698	208.5998	0.879834	0.08402687	0.647522	0.352478	4.73202
53556	-2574.365	-2783.916	209.5507	1.040656	0.07228064	0.578536	0.421464	4.13614
53562	-2581.233	-2791.258	210.0249	1.220501	0.1086564	0.613245	0.386755	3.668864
53568	-2586.795	-2797.01	210.2149	0.983091	0.08723072	0.563345	0.436655	3.74925
53574	-2589.812	-2799.503	209.6912	1.209696	0.08235099	0.547046	0.452954	3.932709
53580	-2580.949	-2789.302	208.3532	0.9025573	0.07934031	0.519083	0.480917	4.868965
53586	-2583.946	-2793.162	209.2164	1.283164	0.07314816	0.680098	0.319902	4.185968
53592	-2584.854	-2794.367	209.513	1.283164	0.09039252	0.75371	0.24629	3.971999
53598	-2594.448	-2804.189	209.7406	1.139705	0.07202689	0.670811	0.329189	3.971999
53604	-2584.09	-2793.397	209.3073	1.048324	0.08389764	0.43143	0.56857	4.239352
53610	-2582.611	-2792.561	209.9493	1.229967	0.08038202	0.690636	0.309364	3.777953
53616	-2573.777	-2784.004	210.2267	1.260361	0.09154695	0.486658	0.513342	3.570738
53622	-2603.977	-2815.319	211.3412	1.169401	0.193642	0.829606	0.170394	2.740976
53628	-2591.817	-2800.012	208.1956	1.097541	0.1842185	0.68136	0.31864	4.625975
53634	-2606.392	-2815.734	209.3425	0.9714414	0.1524625	0.600793	0.399207	4.108592
53640	-2596.091	-2805.204	209.1137	1.014923	0.1228483	0.634007	0.365993	4.275448
53646	-2593.755	-2802.1	208.3444	1.032915	0.0932887	0.537942	0.462058	4.766207
53652	-2585.465	-2792.919	207.4534	1.136246	0.05952094	0.669915	0.330085	5.2911
53658	-2599.312	-2806.707	207.3947	0.9879775	0.1048587	0.565913	0.434087	5.2911
53664	-2577.285	-2786.884	209.5981	1.086073	0.07889629	0.626306	0.373694	4.06564
53670	-2592.748	-2802.645	209.8973	1.239388	0.05824015	0.56769	0.43231	3.863529
53676	-2597.833	-2806.289	208.4562	1.032791	0.07979076	0.563213	0.436787	4.737617
53682	-2598.233	-2806.092	207.8594	1.022962	0.1083725	0.526668	0.473332	5.006352
53688	-2590.092	-2798.078	207.9854	1.015956	0.07760942	0.496584	0.503416	5.014927
53694	-2594.316	-2803.369	209.0525	1.0374	0.1183414	0.674606	0.325394	4.307345
53700	-2586.591	-2795.849	209.2582	0.9871792	0.1183414	0.49928	0.50072	4.219291
53706	-2591.617	-2800.38	208.7627	1.093049	0.0801948	0.478904	0.521096	4.531014
53712	-2599.825	-2808.635	208.8102	0.9051391	0.11278	0.439914	0.560086	4.531014
53718	-2599.916	-2807.362	207.4459	0.9051391	0.08252758	0.600199	0.399801	5.362244
53724	-2590.663	-2799.809	209.1454	1.11186	0.05014318	0.671166	0.328834	4.387003
53730	-2592.024	-2801.889	209.8649	1.398011	0.07376126	0.581391	0.418609	3.747527
53736	-2595.544	-2804.221	208.6764	1.139896	0.09559858	0.576567	0.423433	4.514593
53742	-2592.005	-2798.892	206.8866	1.042137	0.06631629	0.492305	0.507695	5.636515
53748	-2573.396	-2782.724	209.3278	1.108306	0.1136742	0.459689	0.540311	4.12147
53754	-2570.484	-2779.873	209.3896	1.239907	0.1025215	0.590494	0.409506	4.037396
53760	-2573.771	-2784.445	210.6732	1.24416	0.05492869	0.669449	0.330551	3.42054
53766	-2586.193	-2794.607	208.4138	1.218691	0.08431618	0.581479	0.418521	4.645746
53772	-2580.896	-2790.865	209.9693	1.218691	0.0894066	0.642343	0.357657	3.749431
53778	-2585.59	-2794.653	209.0628	1.344751	0.09707377	0.585052	0.414948	4.176922
53784	-2598.069	-2807.958	209.8887	1.180666	0.07979943	0.713812	0.286188	3.842781
53790	-2607.114	-2816.238	209.1242	1.178205	0.07979943	0.657831	0.342169	4.280143
53796	-2605.67	-2814.803	209.1338	1.178205	0.07771554	0.646116	0.353884	4.280143
53802	-2598.242	-2810.181	211.9393	1.607726	0.109093	0.629844	0.370156	2.279075
53808	-2591.07	-2801.071	210.0003	1.153392	0.08637849	0.547738	0.452262	3.777005
53814	-2594	-2803.282	209.2821	1.153392	0.07870376	0.506465	0.493535	4.207551
53820	-2591.314	-2801.151	209.8368	1.153392	0.09190758	0.445014	0.554986	3.856923
53826	-2587.02	-2796.97	209.9503	1.065509	0.0861492	0.527625	0.472375	3.856923
53832	-2581.909	-2790.221	208.3118	0.9209392	0.08513719	0.56547	0.43453	4.867062
53838	-2588.331	-2797.846	209.515	0.9857899	0.1152588	0.563504	0.436496	4.081011
53844	-2591.879	-2801.629	209.7507	0.9679116	0.09573584	0.525835	0.474165	4.002982
53850	-2587.471	-2797.07	209.5983	1.053175	0.09790738	0.520723	0.479277	4.036007
53856	-2581.95	-2790.31	208.3603	1.053175	0.1020603	0.585345	0.414655	4.725006
53862	-2579.123	-2787.551	208.4284	1.055278	0.08591295	0.642866	0.357134	4.725006
53868	-2595.837	-2805.987	210.1496	1.033379	0.09121707	0.599611	0.400389	3.747707
53874	-2591.328	-2800.101	208.7725	1.242378	0.07137096	0.455325	0.544675	4.464793
53880	-2588.937	-2800.642	211.7044	1.457914	0.07323228	0.455325	0.544675	2.62014
53886	-2601.134	-2812.071	210.9368	1.493778	0.05241146	0.674268	0.325732	3.125052
53892	-2604.867	-2816	211.1329	1.606207	0.06859417	0.529447	0.470553	2.892208
53898	-2585.208	-2796.161	210.9526	1.387709	0.05502865	0.61457	0.38543	3.170915
53904	-2590.959	-2800.875	209.9155	1.103231	0.1056361	0.619692	0.380308	3.806875
53910	-2591.115	-2799.873	208.7582	1.137795	0.07736071	0.508444	0.491556	4.515788
53916	-2588.735	-2797.284	208.5487	1.134617	0.07736071	0.418994	0.581006	4.63519
53922	-2591.931	-2801.92	209.9897	1.050533	0.1026276	0.654949	0.345051	3.801682
53928	-2589.207	-2798.782	209.5751	0.9561279	0.09842063	0.539463	0.460537	4.103289
53934	-2585.534	-2795.623	210.0894	1.206155	0.1115017	0.659562	0.340438	3.633079
53940	-2590.221	-2799.995	209.7742	1.205694	0.1115017	0.602963	0.397037	3.815396
53946	-2579.342	-2789.879	210.5369	1.340665	0.07748811	0.671162	0.328838	3.379808
53952	-2590.962	-2801.391	210.4299	1.196722	0.1250138	0.512552	0.487448	3.40909
53958	-2582.436	-2791.926	209.4897	1.046645	0.07362988	0.56126	0.43874	4.163761
53964	-2587.381	-2795.926	208.545	1.295713	0.07555028	0.620458	0.379542	4.551592
53970	-2577.343	-2785.941	208.598	1.27916	0.08755839	0.531521	0.468479	4.500203
53976	-2586.839	-2796.452	209.6121	1.212601	0.06335993	0.55063	0.44937	4.02769
53982	-2584.446	-2792.812	208.366	1.113655	0.07982925	0.610333	0.389667	4.742751
53988	-2581.388	-2790.061	208.6729	0.9703138	0.1090931	0.567482	0.432518	4.579939
53994	-2585.576	-2795.762	210.1856	1.24114	0.05800528	0.550481	0.449519	3.697068
54000	-2588.66	-2796.908	208.247	1.09177	0.08820645	0.47364	0.52636	4.800209
54006	-2581.858	-2790.913	209.0555	1.032153	0.1183322	0.565069	0.434931	4.308639
54012	-2585.532	-2793.735	208.2024	1.032153	0.07933215	0.499304	0.500696	4.880818
54018	-2597.942	-2806.643	208.701	1.000372	0.09981869	0.5436	0.4564	4.56898
54024	-2607.002	-2814.862	207.8605	0.8020705	0.1255206	0.5436	0.4564	5.090592
54030	-2595.955	-2804.969	209.0149	1.296249	0.09269323	0.649565	0.350435	4.242385
54036	-2576.154	-2785.237	209.0823	1.058895	0.1042507	0.607519	0.392481	4.310672
54042	-2582.44	-2792.554	210.1137	1.268872	0.1042507	0.441458	0.558542	3.599883
54048	-2588.097	-2797.175	209.0776	1.03071	0.1042507	0.449282	0.550718	4.329267
54054	-2573.406	-2782.514	209.1077	0.9444005	0.07759984	0.691797	0.308203	4.427275
54060	-2594.345	-2802.18	207.8347	1.269258	0.05426388	0.745533	0.254467	5.020806
54066	-2595.511	-2802.43	206.9194	1.262518	0.06450165	0.745533	0.254467	5.502269
54072	-2581.897	-2789.139	207.2422	0.9962257	0.07808636	0.654658	0.345342	5.435549
54078	-2580.269	-2786.73	206.4603	0.9827838	0.09688533	0.601956	0.398044	5.825895
54084	-2582.046	-2791.282	209.2362	1.139439	0.1067759	0.598743	0.401257	4.171849
54090	-2597.619	-2805.74	208.1203	1.139439	0.05072976	0.598743	0.401257	4.944098
54096	-2586.471	-2795.235	208.7643	0.9370244	0.08775433	0.501516	0.498484	4.598511
54102	-2575.67	-2785.227	209.5566	1.178877	0.0618784	0.591904	0.408096	4.082709
54108	-2579.837	-2789.572	209.7349	1.232444	0.07209858	0.523064	0.476936	3.921996
54114	-2576.51	-2784.167	207.6567	1.175168	0.07625936	0.620534	0.379466	5.112484
54120	-2586.024	-2793.2	207.1756	1.075867	0.06246096	0.512692	0.487308	5.469511
54126	-2591.458	-2799.914	208.4566	1.063648	0.08238825	0.608358	0.391642	4.713509
54132	-2592.917	-2801.42	208.5021	0.9140038	0.1063467	0.487269	0.512731	4.713509
54138	-2608.81	-2814.95	206.1404	0.9140038	0.07902044	0.424266	0.575734	6.08156
54144	-2595.243	-2805.952	210.7087	1.360898	0.07200506	0.605124	0.394876	3.281993
54150	-2606.208	-2813.869	207.6608	0.8117517	0.07513367	0.564486	0.435514	5.314115
54156	-2601.901	-2809.313	207.4118	1.00157	0.0880553	0.488606	0.511394	5.314115
54162	-2596.753	-2804.529	207.7761	0.9153678	0.07558948	0.508554	0.491446	5.191972
54168	-2590.408	-2797.462	207.0548	0.7638751	0.09026814	0.537958	0.462042	5.635937
54174	-2568.565	-2776.271	207.706	0.9709703	0.07715348	0.560968	0.439032	5.195949
54180	-2579.194	-2788.066	208.8724	1.19478	0.04586853	0.691689	0.308311	4.506202
54186	-2582.638	-2791.416	208.7778	1.229068	0.04994786	0.531888	0.468112	4.528613
54192	-2584.905	-2793.855	208.9496	1.139886	0.08385856	0.470388	0.529612	4.389992
54198	-2585.253	-2794.241	208.988	1.101467	0.08385856	0.544273	0.455727	4.389992
54204	-2587.746	-2797.352	209.6058	1.221023	0.04733898	0.57071	0.42929	4.072
54210	-2577.005	-2788.063	211.0575	1.565445	0.06420082	0.580419	0.419581	2.975072
54216	-2576.504	-2786.092	209.5877	1.156879	0.06420082	0.541189	0.458811	4.071042
54222	-2588.842	-2796.013	207.171	0.9715821	0.06255288	0.504821	0.495179	5.529135
54228	-2580.647	-2790.258	209.6106	0.9957914	0.05542371	0.504821	0.495179	4.174401
54234	-2590.193	-2799.512	209.3187	1.09892	0.09576079	0.647828	0.352172	4.174401
54240	-2601.76	-2811.658	209.8984	1.09892	0.06481141	0.642977	0.357023	3.924917
54246	-2585.087	-2793.645	208.5582	1.105037	0.07747926	0.655795	0.344205	4.646138
54252	-2611.529	-2822.376	210.8466	1.144803	0.06542033	0.543977	0.456023	3.34674
54258	-2599.621	-2808.82	209.1996	1.138893	0.1425973	0.584923	0.415077	4.114469
54264	-2596.888	-2807.575	210.6864	1.279858	0.09311996	0.524339	0.475661	3.2862
54270	-2596.367	-2805.53	209.163	1.218801	0.05026721	0.662457	0.337543	4.31629
54276	-2598.018	-2807.439	209.4205	1.090998	0.06926353	0.69135	0.30865	4.189719
54282	-2591.425	-2799.58	208.1544	1.025282	0.112958	0.51268	0.48732	4.830475
54288	-2585.15	-2795.438	210.288	1.024226	0.08679687	0.665244	0.334756	3.684355
54294	-2576.626	-2786.442	209.8164	1.143265	0.08578145	0.598381	0.401619	3.890124
54300	-2588.8	-2797.301	208.5018	1.155414	0.06459941	0.427066	0.572934	4.683872
54306	-2591.89	-2800.591	208.7008	0.9100726	0.08293851	0.613445	0.386555	4.661343
54312	-2603.948	-2812.391	208.4425	1.068741	0.1058922	0.708161	0.291839	4.661343
54318	-2588.02	-2797.912	209.8918	1.145634	0.09881963	0.539665	0.460335	3.812571
54324	-2585.621	-2794.892	209.2713	1.071089	0.1010199	0.575669	0.424331	4.204366
54330	-2592.89	-2801.92	209.0298	1.000211	0.1304276	0.611292	0.388708	4.314904
54336	-2587.735	-2796.713	208.9783	1.121476	0.1125097	0.515756	0.484244	4.314904
54342	-2598.526	-2804.567	206.0411	1.017976	0.09060053	0.515756	0.484244	6.050523
54348	-2583.991	-2791.976	207.9849	0.9928141	0.09060053	0.680746	0.319254	4.995382
54354	-2591.195	-2801.697	210.5025	1.243931	0.07568031	0.538817	0.461183	3.461575
54360	-2592.021	-2802.741	210.7205	1.4668	0.06669339	0.569224	0.430776	3.227537
54366	-2592.537	-2802.346	209.8088	1.236939	0.06410289	0.580215	0.419785	3.899146
54372	-2598.345	-2807.825	209.4794	1.435762	0.09101416	0.441238	0.558762	3.902251
54378	-2584.252	-2793.534	209.2818	1.162512	0.08581338	0.561726	0.438274	4.184164
54384	-2584.191	-2793.379	209.1885	1.162512	0.1074731	0.633014	0.366986	4.184164
54390	-2577.17	-2786.535	209.3653	1.162512	0.1074731	0.562014	0.437986	4.083645
54396	-2598.182	-2808.303	210.1208	1.162512	0.08671076	0.657471	0.342529	3.701326
54402	-2578.468	-2787.974	209.5065	1.210996	0.08671076	0.645964	0.354036	4.026326
54408	-2583.977	-2794.586	210.6089	1.317096	0.06333723	0.645964	0.354036	3.391073
54414	-2584.884	-2796.291	211.4063	1.317096	0.09364992	0.713951	0.286049	2.832138
54420	-2589.919	-2801.344	211.4259	1.351818	0.07283242	0.480633	0.519367	2.856606
54426	-2595.839	-2807.543	211.7038	1.444833	0.0526886	0.611924	0.388076	2.690474
54432	-2588.069	-2798.918	210.8493	1.239988	0.08040875	0.658031	0.341969	3.24719
54438	-2587.174	-2796.982	209.8079	1.333068	0.07967939	0.489423	0.510577	3.801898
54444	-2581.923	-2793.303	211.3805	1.23125	0.1212259	0.547689	0.452311	2.830939
54450	-2574.741	-2784.365	209.6236	1.061555	0.07936098	0.594275	0.405725	4.063829
54456	-2575.007	-2784.624	209.6167	1.113007	0.09065182	0.652477	0.347523	4.009333
54462	-2590.545	-2801.157	210.6126	1.372273	0.07885898	0.766355	0.233645	3.31301
54468	-2583.001	-2793.474	210.4725	1.372273	0.06048471	0.612313	0.387687	3.446885
54474	-2580.763	-2790.228	209.4643	1.071482	0.1046451	0.580644	0.419356	4.085733
54480	-2592.082	-2801.672	209.5903	0.9530779	0.07429689	0.461833	0.538167	4.15798
54486	-2582.968	-2791.821	208.8533	1.088859	0.0894387	0.628674	0.371326	4.458912
54492	-2582.752	-2792.378	209.6253	0.9773927	0.08292114	0.477651	0.522349	4.101516
54498	-2583.019	-2792.597	209.5779	1.025718	0.0827202	0.533933	0.466067	4.101516
54504	-2588.539	-2798.218	209.6791	1.063414	0.1127875	0.503776	0.496224	3.948639
54510	-2584.504	-2793.295	208.7907	1.058749	0.1032218	0.604966	0.395034	4.477695
54516	-2582.597	-2791.595	208.9982	1.143838	0.1171863	0.498045	0.501955	4.280415
54522	-2584.404	-2794.385	209.9806	1.143838	0.09568914	0.690344	0.309656	3.77022
54528	-2592.831	-2802.471	209.6392	1.240189	0.1083804	0.608681	0.391319	3.88045
54534	-2588.99	-2800.754	211.7644	1.285767	0.1019074	0.530203	0.469797	2.610226
54540	-2590.349	-2802.06	211.7106	1.429907	0.0871713	0.591098	0.408902	2.593964
54546	-2574.533	-2785.066	210.5323	1.261367	0.1029409	0.643497	0.356503	3.36304
54552	-2580.843	-2791.117	210.2739	1.274661	0.07297082	0.643497	0.356503	3.584325
54558	-2581.212	-2790.173	208.9604	1.143789	0.08823631	0.666533	0.333467	4.370561
54564	-2593.693	-2802.756	209.063	1.139105	0.08633254	0.602793	0.397207	4.320036
54570	-2569.082	-2777.955	208.8733	1.074305	0.09639846	0.54273	0.45727	4.438746
54576	-2579.584	-2789.964	210.379	1.312002	0.07608471	0.678866	0.321134	3.492801
54582	-2581.236	-2791.74	210.5046	1.373036	0.1047903	0.674893	0.325107	3.30909
54588	-2594.131	-2805.634	211.5035	1.384202	0.08647952	0.650729	0.349271	2.751359
54594	-2584.247	-2795.202	210.9547	1.458049	0.08647952	0.581971	0.418029	3.038469
54600	-2580.87	-2792.031	211.1612	1.172421	0.07995269	0.644125	0.355875	3.103413
54606	-2592.856	-2799.948	207.0918	0.929978	0.09419389	0.575999	0.424001	5.514968
54612	-2608.709	-2818.339	209.6308	1.093831	0.06028312	0.46513	0.53487	4.093397
54618	-2610.271	-2819.968	209.6964	1.244356	0.08493928	0.566186	0.433814	3.903116
54624	-2596.294	-2804.049	207.7557	0.9918563	0.09725667	0.598959	0.401041	5.107018
54630	-2596.583	-2806.44	209.8569	1.070245	0.1010774	0.596736	0.403264	3.870485
54636	-2597.978	-2806.996	209.018	1.144644	0.06657996	0.599207	0.400793	4.394471
54642	-2591.733	-2801.056	209.3227	1.102611	0.06986979	0.583629	0.416371	4.236976
54648	-2582.343	-2792.31	209.9666	1.114276	0.08257323	0.541457	0.458543	3.828842
54654	-2589.529	-2798.634	209.1048	1.158875	0.1190627	0.604964	0.395036	4.207284
54660	-2575.137	-2784.757	209.6194	1.256278	0.09983365	0.583816	0.416184	3.903027
54666	-2574.746	-2783.156	208.4095	1.107693	0.08577947	0.583816	0.416184	4.706628
54672	-2576.863	-2784.598	207.7355	0.9838153	0.1263759	0.546738	0.453262	5.057302
54678	-2582.81	-2790.538	207.728	1.269023	0.06856345	0.541865	0.458135	5.041116
54684	-2572.415	-2782.547	210.1319	1.227136	0.08188272	0.541865	0.458135	3.67016
54690	-2585.693	-2795.851	210.1583	1.200733	0.08188272	0.622475	0.377525	3.67016
54696	-2590.409	-2799.71	209.3003	1.146855	0.06371868	0.631909	0.368091	4.241442
54702	-2598.357	-2807.436	209.0794	1.215894	0.0967161	0.497404	0.502596	4.241442
54708	-2591.129	-2800.77	209.6406	1.086307	0.07979077	0.737791	0.262209	4.0389
54714	-2596.292	-2804.5	208.2083	1.006616	0.07422859	0.656402	0.343598	4.905008
54720	-2581.008	-2790.189	209.1805	1.052078	0.09792377	0.617056	0.382944	4.274068
54726	-2595.301	-2803.556	208.2552	1.008056	0.1286196	0.558629	0.441371	4.749682
54732	-2588.601	-2799.452	210.8511	1.226076	0.08386055	0.433695	0.566305	3.24506
54738	-2594.6	-2803.476	208.8762	0.974659	0.1030147	0.548902	0.451098	4.477393
54744	-2599.894	-2809.058	209.1638	0.9538483	0.09996525	0.63445	0.36555	4.334138
54750	-2602.331	-2812.243	209.9121	1.325339	0.06429171	0.517626	0.482374	3.78846
54756	-2598.06	-2809.167	211.1069	1.246583	0.08317343	0.482224	0.517776	3.082804
54762	-2591.785	-2800.222	208.4373	0.9361228	0.09068998	0.555088	0.444912	4.77476
54768	-2595.27	-2802.201	206.9301	0.9451587	0.09691686	0.479428	0.520572	5.588989
54774	-2586.592	-2796.196	209.6033	1.166348	0.08743527	0.483461	0.516539	3.994685
54780	-2582.115	-2791.376	209.2606	0.997985	0.08749075	0.69575	0.30425	4.285175
54786	-2582.022	-2790.498	208.4757	0.9143364	0.1113656	0.636938	0.363062	4.716609
54792	-2596.703	-2804.452	207.7493	0.9143364	0.1092587	0.438509	0.561491	5.125709
54798	-2609.287	-2818.302	209.0152	1.091107	0.07908253	0.534336	0.465664	4.392854
54804	-2590.119	-2798.966	208.8475	1.091107	0.06553162	0.660489	0.339511	4.523489
54810	-2585.05	-2795.985	210.9346	1.233022	0.07382069	0.477203	0.522797	3.218989
54816	-2581.435	-2789.687	208.252	1.199293	0.08739015	0.539587	0.460413	4.739437
54822	-2600.62	-2809.784	209.1639	1.013334	0.06877438	0.688332	0.311668	4.380259
54828	-2596.088	-2806.128	210.0399	1.278218	0.055922	0.711344	0.288656	3.765745
54834	-2602.903	-2813.4	210.4969	1.167563	0.05801954	0.665756	0.334244	3.559181
54840	-2602.826	-2811.292	208.4659	1.051935	0.1203911	0.531112	0.468888	4.624923
54846	-2598.715	-2808.085	209.3697	1.145858	0.1082048	0.505896	0.494104	4.088881
54852	-2599.014	-2810.379	211.3643	1.271578	0.109134	0.614597	0.385403	2.845552
54858	-2591.577	-2800.845	209.2681	1.117497	0.09164496	0.614597	0.385403	4.202775
54864	-2597.224	-2807.462	210.2378	1.254711	0.08819265	0.732659	0.267341	3.57624
54870	-2594.281	-2805.418	211.1368	1.176963	0.08819265	0.637774	0.362226	3.093008
54876	-2584.283	-2795.167	210.8842	1.28744	0.08819265	0.460958	0.539042	3.177544
54882	-2588.639	-2798.247	209.6081	1.265107	0.1299617	0.705051	0.294949	3.835282
54888	-2577.054	-2786.948	209.8935	1.086861	0.1020847	0.538388	0.461612	3.837469
54894	-2604.934	-2816.735	211.8011	1.292005	0.1199455	0.50837	0.49163	2.538179
54900	-2596.049	-2807.261	211.2126	1.251714	0.06433292	0.638578	0.361422	3.069715
54906	-2581.454	-2790.877	209.4237	1.044415	0.08796938	0.688799	0.311201	4.165144
54912	-2586.676	-2796.78	210.1031	1.358343	0.0766752	0.540715	0.459285	3.624783
54918	-2579.987	-2789.357	209.3696	1.214545	0.0766752	0.540715	0.459285	4.128479
54924	-2589.504	-2798.871	209.3669	1.260164	0.06762851	0.56034	0.43966	4.128479
54930	-2598.945	-2807.736	208.7914	1.159216	0.1136372	0.562367	0.437633	4.396598
54936	-2592.643	-2802.677	210.0337	1.385786	0.05319445	0.485357	0.514643	3.715146
54942	-2590.129	-2799.023	208.8943	1.144339	0.08600484	0.542335	0.457665	4.413176
54948	-2587.939	-2796.954	209.015	1.073508	0.09326339	0.542335	0.457665	4.366938
54954	-2587.791	-2795.819	208.028	1.112113	0.1081381	0.462306	0.537694	4.863482
54960	-2581.918	-2790.125	208.2072	0.9986551	0.09261887	0.693914	0.306086	4.863482
54966	-2581.335	-2790.367	209.0316	1.256927	0.08758987	0.72466	0.27534	4.267958
54972	-2579.625	-2788.362	208.7366	1.139416	0.09584566	0.600139	0.399861	4.480384
54978	-2584.084	-2792.804	208.7199	1.114456	0.07559307	0.613911	0.386089	4.555059
54984	-2587.177	-2796.247	209.0704	1.099235	0.08587262	0.613911	0.386089	4.339597
54990	-2582.17	-2790.745	208.5746	1.162632	0.08287816	0.572072	0.427928	4.590708
54996	-2594.375	-2801.15	206.7753	1.139245	0.06810826	0.496078	0.503922	5.63955
55002	-2591.736	-2803.38	211.6442	1.394453	0.1269157	0.419903	0.580097	2.55529
55008	-2584.784	-2794.016	209.2325	1.330732	0.05445611	0.620499	0.379501	4.201616
55014	-2589.644	-2798.855	209.2112	1.219666	0.06933587	0.526308	0.473692	4.235283
55020	-2591.346	-2798.441	207.0941	1.198937	0.06271154	0.590415	0.409585	5.445947
55026	-2597.222	-2804.391	207.1684	0.9506125	0.1007706	0.535575	0.464425	5.445947
55032	-2584.211	-2792.696	208.4846	1.165267	0.1162694	0.54302	0.45698	4.559978
55038	-2576.242	-2785.12	208.8785	1.245838	0.08634323	0.628547	0.371453	4.36398
55044	-2584.277	-2793.139	208.8613	1.210231	0.09838986	0.707902	0.292098	4.36398
55050	-2591.301	-2799.465	208.1634	1.154457	0.07006059	0.418972	0.581028	4.858667
55056	-2581.497	-2789.948	208.4517	1.127298	0.07263349	0.520068	0.479932	4.706033
55062	-2583.541	-2793.5	209.9593	1.227714	0.07263349	0.644838	0.355162	3.794352
55068	-2591.275	-2800.947	209.6725	1.160011	0.08043629	0.648301	0.351699	3.976893
55074	-2577.771	-2785.846	208.0751	1.120003	0.09515814	0.652014	0.347986	4.863356
55080	-2585.572	-2796.156	210.5843	1.449187	0.08522942	0.450447	0.549553	3.267177
55086	-2593.334	-2804.929	211.5953	1.449187	0.1466613	0.595995	0.404005	2.506419
55092	-2587.551	-2798.641	211.0898	1.211725	0.06850256	0.595995	0.404005	3.154618
55098	-2590.099	-2798.433	208.3346	1.035294	0.08686894	0.680214	0.319786	4.786219
55104	-2590.559	-2799.047	208.4882	1.20186	0.1340198	0.387705	0.612295	4.499043
55110	-2578.472	-2788.342	209.8694	1.085701	0.09288113	0.610779	0.389221	3.874632
55116	-2575.868	-2785.63	209.7623	1.160062	0.08209741	0.552647	0.447353	3.921099
55122	-2569.553	-2779.359	209.8067	1.166078	0.07894054	0.529033	0.470967	3.90047
55128	-2575.903	-2785.526	209.6227	1.206606	0.06724493	0.498583	0.501417	4.014304
55134	-2586.073	-2795.816	209.7436	1.123082	0.1053493	0.613932	0.386068	3.894899
55140	-2572.45	-2781.858	209.4079	1.096225	0.09100181	0.613932	0.386068	4.137041
55146	-2582.798	-2792.889	210.0913	1.120581	0.08373138	0.508584	0.491416	3.750348
55152	-2587.604	-2797.253	209.649	1.120581	0.110564	0.46337	0.53663	3.938312
55158	-2591.619	-2801.578	209.9586	1.175021	0.09001789	0.513014	0.486986	3.779218
55164	-2586.392	-2796.471	210.079	1.044207	0.09081976	0.584494	0.415506	3.783152
55170	-2583.92	-2793.678	209.7586	1.068274	0.09183073	0.407026	0.592974	3.950781
55176	-2572.023	-2781.56	209.5377	1.191667	0.08481834	0.599327	0.400673	4.024412
55182	-2579.75	-2788.459	208.7091	1.165197	0.1279733	0.559038	0.440962	4.408063
55188	-2564.893	-2773.687	208.7945	1.064021	0.1158927	0.4918	0.5082	4.443427
55194	-2567.516	-2777.277	209.7606	1.09438	0.1515918	0.542186	0.457814	3.800636
55200	-2569.955	-2780.22	210.2653	1.166219	0.09003611	0.434624	0.565376	3.606877
55206	-2577.652	-2788.3	210.6487	1.368497	0.106632	0.650053	0.349947	3.222192
55212	-2604.117	-2812.503	208.3867	0.9830859	0.1484258	0.603615	0.396385	4.649587
55218	-2593.061	-2802.664	209.6032	1.016449	0.09220476	0.553358	0.446642	4.068211
55224	-2583.858	-2792.161	208.3032	0.9895554	0.09595899	0.552144	0.447856	4.806923
55230	-2578.366	-2786.54	208.1741	1.038482	0.0759889	0.563521	0.436479	4.901708
55236	-2596.459	-2806.832	210.3734	1.091455	0.1000365	0.687735	0.312265	3.562362
55242	-2595.056	-2805.335	210.2791	1.251928	0.0849161	0.447078	0.552922	3.562362
55248	-2587.43	-2798.627	211.1974	1.22266	0.1317296	0.709412	0.290588	2.922643
55254	-2579.186	-2790.199	211.0134	1.178844	0.1127832	0.421825	0.578175	3.103345
55260	-2589.171	-2800.187	211.0163	1.351153	0.07274763	0.58869	0.41131	3.103345
55266	-2591.14	-2799.303	208.1634	1.130584	0.09813299	0.58869	0.41131	4.801026
55272	-2586.37	-2796.958	210.5886	1.334441	0.1052475	0.615976	0.384024	3.281219
55278	-2594.901	-2806.763	211.8615	1.410748	0.0763181	0.541374	0.458626	2.542953
55284	-2589.743	-2798.076	208.3332	1.009141	0.08188547	0.500006	0.499994	4.814164
55290	-2587.63	-2798.243	210.6132	1.305032	0.1101679	0.546506	0.453494	3.272133
55296	-2580.671	-2790.329	209.6581	1.305032	0.0617141	0.59556	0.40444	3.953179
55302	-2587.918	-2797.473	209.5551	1.305032	0.1033537	0.487729	0.512271	3.903458
55308	-2593.975	-2802.097	208.1223	0.9141648	0.1374352	0.57489	0.42511	4.857941
55314	-2598.479	-2806.703	208.2237	0.9593456	0.1053909	0.642064	0.357936	4.845869
55320	-2601.536	-2809.316	207.7803	1.140734	0.1147252	0.502034	0.497966	4.970559
55326	-2596.715	-2808.093	211.3785	1.512084	0.09600884	0.497299	0.502701	2.72396
55332	-2601.184	-2812.254	211.0705	1.249367	0.1058667	0.497299	0.502701	3.044024
55338	-2596.404	-2806.228	209.8234	1.161737	0.08700527	0.629646	0.370354	3.872338
55344	-2580.309	-2788.337	208.0276	1.045295	0.09543913	0.521086	0.478914	4.930725
55350	-2569.196	-2777.882	208.6862	1.09062	0.1177602	0.486325	0.513675	4.485261
55356	-2570.784	-2780.489	209.7047	1.204923	0.062481	0.439169	0.560831	3.981658
55362	-2573.683	-2784.776	211.0933	1.276595	0.08064106	0.592955	0.407045	3.079889
55368	-2582.925	-2793.904	210.9791	1.349765	0.09415309	0.665565	0.334435	3.068359
55374	-2582.044	-2790.324	208.2803	1.092939	0.07500982	0.629885	0.370115	4.814688
55380	-2589.486	-2798.316	208.8303	1.270487	0.07270051	0.472868	0.527132	4.412815
55386	-2574.905	-2784.454	209.5484	1.258966	0.08310105	0.477396	0.522604	3.984299
55392	-2600.298	-2807.544	207.2455	1.024917	0.09659876	0.650158	0.349842	5.372334
55398	-2582.132	-2790.794	208.662	1.120664	0.09892518	0.68365	0.31635	4.525433
55404	-2580.062	-2789.138	209.0757	1.104298	0.09087848	0.476067	0.523933	4.321123
55410	-2588.081	-2796.66	208.579	1.147839	0.1037212	0.555895	0.444105	4.545455
55416	-2594.222	-2801.377	207.1555	1.038864	0.06223015	0.648527	0.351473	5.501565
55422	-2578.216	-2787.583	209.3671	1.247324	0.06623313	0.645177	0.354823	4.139544
55428	-2584.777	-2794.493	209.7156	1.282133	0.08594202	0.477782	0.522218	3.867865
55434	-2585.815	-2795.459	209.6434	1.293344	0.1028305	0.569516	0.430484	3.860721
55440	-2589.854	-2799.898	210.0437	1.057777	0.09010934	0.517834	0.482166	3.797527
55446	-2572.835	-2781.857	209.0222	1.113809	0.07610488	0.554061	0.445939	4.383881
55452	-2598.21	-2806.189	207.9797	1.085348	0.07411047	0.573337	0.426663	4.988669
55458	-2598.542	-2807.473	208.931	0.9525784	0.1010172	0.438008	0.561992	4.463692
55464	-2587.62	-2797.12	209.4995	1.204535	0.08693721	0.553192	0.446808	4.033414
55470	-2610.076	-2821.593	211.5167	1.531182	0.07364455	0.603273	0.396727	2.68944
55476	-2605.182	-2816.505	211.3229	1.393473	0.09660143	0.563062	0.436938	2.828635
55482	-2599.325	-2810.215	210.8906	1.464702	0.07725403	0.490956	0.509044	3.097987
55488	-2595.595	-2806.439	210.844	1.567716	0.08698957	0.49232	0.50768	3.03771
55494	-2583.236	-2793.025	209.7887	1.390171	0.08395935	0.654709	0.345291	3.768781
55500	-2596.374	-2806.081	209.7068	1.087773	0.1227634	0.616053	0.383947	3.896197
55506	-2593.771	-2804.557	210.7853	1.106212	0.07761411	0.616053	0.383947	3.37129
55512	-2589.494	-2799.115	209.6208	1.106212	0.07779992	0.686573	0.313427	4.044103
55518	-2581.362	-2791.664	210.3016	1.251285	0.08864963	0.460369	0.539631	3.539925
55524	-2599.513	-2810.795	211.2829	1.160635	0.07417868	0.489615	0.510385	3.053915
55530	-2588.333	-2798.487	210.1532	1.245948	0.07099934	0.629533	0.370467	3.676361
55536	-2589.449	-2799.546	210.0975	1.298328	0.07170614	0.581003	0.418997	3.676361
55542	-2596.738	-2808.836	212.0981	1.491795	0.09447921	0.658786	0.341214	2.291077
55548	-2591.498	-2802.22	210.7225	1.500093	0.0566527	0.521591	0.478409	3.235882
55554	-2603.602	-2813.971	210.3692	1.368678	0.06183299	0.609947	0.390053	3.505412
55560	-2598.55	-2809.873	211.3226	1.310873	0.0830039	0.689963	0.310037	2.915246
55566	-2595.138	-2805.924	210.7869	1.237661	0.06394111	0.531322	0.468678	3.331446
55572	-2606.946	-2813.389	206.4429	1.054499	0.1012784	0.647337	0.352663	5.785968
55578	-2593.957	-2802.976	209.0191	1.036483	0.08621326	0.491722	0.508278	4.403096
55584	-2597.761	-2808.617	210.8556	1.204472	0.1020237	0.457546	0.542454	3.208165
55590	-2587.448	-2797.984	210.5355	1.19983	0.06578001	0.529905	0.470095	3.49564
55596	-2582.949	-2793.19	210.2402	1.143283	0.1195379	0.622542	0.377458	3.563392
55602	-2584.148	-2795.589	211.4411	1.184969	0.07779665	0.658438	0.341562	2.934125
55608	-2580.53	-2790.579	210.0488	1.022668	0.1050667	0.666505	0.333495	3.777842
55614	-2579.214	-2786.823	207.6091	0.9098433	0.1017476	0.626847	0.373153	5.222996
55620	-2581.677	-2789.3	207.6234	0.8956268	0.1017476	0.626847	0.373153	5.222996
55626	-2575.764	-2784.602	208.8375	1.00256	0.1017476	0.631609	0.368391	4.486473
55632	-2597.074	-2805.035	207.9614	0.9258473	0.06667573	0.55916	0.44084	5.107048
55638	-2592.657	-2803.348	210.6917	1.386605	0.08484567	0.475957	0.524043	3.241719
55644	-2574.95	-2783.207	208.2578	1.074947	0.07525479	0.612095	0.387905	4.836679
55650	-2587.991	-2796.219	208.2275	1.125811	0.07089997	0.612095	0.387905	4.836679
55656	-2580.602	-2789.238	208.6366	1.289223	0.06056672	0.619012	0.380988	4.544331
55662	-2568.469	-2778.56	210.0908	1.305926	0.04347954	0.656297	0.343703	3.756374
55668	-2574.383	-2784.402	210.0183	1.305926	0.05796742	0.605596	0.394404	3.756374
55674	-2569.484	-2778.836	209.352	1.151167	0.05892771	0.630115	0.369885	4.223097
55680	-2569.798	-2779.57	209.7721	1.216006	0.1029936	0.578921	0.421079	3.830835
55686	-2573.202	-2783.156	209.9534	1.034697	0.1029936	0.526723	0.473277	3.830835
55692	-2578.337	-2788.493	210.1561	1.358303	0.08515143	0.570787	0.429213	3.57144
55698	-2585.088	-2795.435	210.3465	1.091185	0.1027623	0.544169	0.455831	3.57144
55704	-2596.437	-2804.131	207.6944	1.096296	0.08079394	0.496104	0.503896	5.123633
55710	-2600.247	-2808.084	207.8366	0.9541132	0.08079394	0.53278	0.46722	5.123633
55716	-2596.9	-2805.296	208.396	0.8815462	0.09273498	0.656974	0.343026	4.82322
55722	-2592.997	-2802.869	209.872	1.069528	0.06890547	0.59691	0.40309	3.94555
55728	-2600.675	-2810.521	209.846	1.028655	0.1003811	0.449219	0.550781	3.902284
55734	-2594.197	-2803.684	209.4866	1.056821	0.079099	0.601475	0.398525	4.145249
55740	-2583.579	-2793.831	210.2522	1.114977	0.1267639	0.601475	0.398525	3.556615
55746	-2577.836	-2787.64	209.8036	1.139831	0.08907278	0.401688	0.598312	3.890988
55752	-2596.44	-2804.059	207.6199	1.053659	0.0846436	0.658118	0.341882	5.178809
55758	-2597.616	-2806.91	209.2942	1.168566	0.07344216	0.628407	0.371593	4.206092
55764	-2585.838	-2794.365	208.5271	1.258369	0.08647935	0.535436	0.464564	4.554448
55770	-2571.62	-2780.581	208.9612	1.046548	0.105112	0.499963	0.500037	4.38401
55776	-2589.014	-2799.239	210.2256	1.054048	0.105112	0.582094	0.417906	3.65746
55782	-2576.061	-2785.366	209.3052	1.175905	0.1158905	0.490056	0.509944	4.090806
55788	-2597.983	-2806.024	208.0416	1.183939	0.05640266	0.621248	0.378752	4.947321
55794	-2587.355	-2795.747	208.3917	0.9549194	0.08386368	0.78831	0.21169	4.806758
55800	-2588.691	-2796.972	208.2812	0.9549194	0.1095348	0.625388	0.374612	4.806758
55806	-2580.028	-2787.817	207.7894	1.238443	0.05630817	0.551238	0.448762	5.057408
55812	-2574.063	-2783.874	209.8111	1.349275	0.07362919	0.517889	0.482111	3.806983
55818	-2583.947	-2793.665	209.7183	1.066646	0.07722901	0.517889	0.482111	4.01256
55824	-2589.615	-2798.969	209.3537	1.357607	0.09173368	0.584067	0.415933	4.017139
55830	-2580.325	-2790.886	210.5612	1.267653	0.06607179	0.472574	0.527426	3.440199
55836	-2577.708	-2786.219	208.5111	1.350674	0.04365152	0.583102	0.416898	4.627716
55842	-2590.158	-2799.412	209.2544	1.199799	0.1019435	0.506942	0.493058	4.138601
55848	-2582.584	-2792.31	209.7262	1.277097	0.1007625	0.583161	0.416839	3.827503
55854	-2580.406	-2790.435	210.0292	1.277097	0.0821675	0.533297	0.466703	3.699892
55860	-2583.156	-2790.884	207.7285	1.049674	0.07495542	0.610544	0.389456	5.145585
55866	-2588.266	-2795.072	206.8058	0.8311766	0.1200841	0.553156	0.446844	5.667606
55872	-2597.258	-2804.176	206.9184	0.8667082	0.08487383	0.507871	0.492129	5.667606
55878	-2598.887	-2807.636	208.749	0.9581017	0.08277874	0.575636	0.424364	4.607838
55884	-2604.05	-2812.327	208.2774	1.099931	0.0689855	0.575636	0.424364	4.828376
55890	-2593.184	-2803.796	210.6121	1.255016	0.08723964	0.582674	0.417326	3.359818
55896	-2594.001	-2803.889	209.8882	1.292402	0.09232795	0.651279	0.348721	3.746288
55902	-2595.381	-2802.203	206.8222	1.092043	0.07995811	0.480923	0.519077	5.609035
55908	-2586.245	-2795.436	209.1905	1.190818	0.07670289	0.563365	0.436635	4.243596
55914	-2591.855	-2800.806	208.9508	1.109236	0.07749714	0.524994	0.475006	4.423085
55920	-2602.359	-2812.399	210.0399	1.161748	0.0915313	0.59973	0.40027	3.736119
55926	-2586.77	-2795.522	208.7525	1.034243	0.08992891	0.608749	0.391251	4.545116
55932	-2585.648	-2794.315	208.6673	1.07792	0.08028111	0.624185	0.375815	4.592851
55938	-2587.314	-2798.066	210.7526	1.184819	0.104833	0.611423	0.388577	3.273726
55944	-2596.608	-2806.959	210.3512	1.183649	0.1757941	0.535374	0.464626	3.35838
55950	-2580.52	-2789.471	208.9512	1.034945	0.1179655	0.549494	0.450506	4.366838
55956	-2576.14	-2784.65	208.5093	0.9952989	0.09588447	0.635433	0.364567	4.688739
55962	-2583.914	-2792.07	208.156	0.985896	0.0906432	0.648104	0.351896	4.903946
55968	-2594.487	-2804.885	210.3982	1.082321	0.1428082	0.570231	0.429769	3.455864
55974	-2582.6	-2792.182	209.5822	1.11019	0.1216022	0.584537	0.415463	3.957356
55980	-2582.02	-2792.363	210.3424	1.289605	0.09307649	0.577379	0.422621	3.482398
55986	-2587.515	-2798.668	211.1521	1.354583	0.08622375	0.528038	0.471962	2.982798
55992	-2594.781	-2806.001	211.2205	1.332684	0.07608212	0.645901	0.354099	2.982798
55998	-2596.681	-2807.633	210.9518	1.21402	0.08670397	0.535225	0.464775	3.184975
56004	-2587.543	-2797.486	209.9431	1.341725	0.07102524	0.464486	0.535514	3.742356
56010	-2605.752	-2814.604	208.8518	1.274124	0.1007193	0.319894	0.680106	4.327681
56016	-2588.343	-2797.479	209.136	1.137362	0.0804401	0.704284	0.295716	4.294914
56022	-2587.73	-2796.951	209.2217	1.315621	0.1338561	0.564495	0.435505	4.019383
56028	-2588.465	-2797.151	208.6865	1.132282	0.114725	0.648712	0.351288	4.468473
56034	-2582.398	-2792.083	209.6854	1.162632	0.09461909	0.632261	0.367739	3.931737
56040	-2573.372	-2783.888	210.5156	1.151367	0.08855873	0.651146	0.348854	3.473603
56046	-2582.885	-2791.923	209.0377	1.230137	0.07527965	0.485789	0.514211	4.311571
56052	-2592.564	-2801.913	209.3491	1.139226	0.08952056	0.612777	0.387223	4.149733
56058	-2600.406	-2809.736	209.3296	1.184846	0.07089294	0.490375	0.509625	4.183602
56064	-2578.906	-2789.463	210.557	1.234517	0.09076547	0.610963	0.389037	3.395021
56070	-2586.762	-2797.323	210.5613	1.228262	0.09982043	0.576627	0.423373	3.373177
56076	-2586.383	-2796.938	210.555	1.148129	0.1210628	0.523435	0.476565	3.373177
56082	-2589.863	-2799.543	209.6799	1.035078	0.0775758	0.577667	0.422333	4.051572
56088	-2576.723	-2785.555	208.8317	1.035078	0.08594783	0.716004	0.283996	4.510118
56094	-2591.061	-2798.818	207.7572	1.166716	0.07169058	0.694173	0.305827	5.073395
56100	-2589.538	-2797.514	207.9755	0.9652971	0.06816201	0.597192	0.402808	5.073395
56106	-2599.906	-2810.174	210.2686	1.115782	0.1131759	0.54887	0.45113	3.57756
56112	-2603.983	-2812.023	208.0396	1.017217	0.09796071	0.626345	0.373655	4.933645
56118	-2595.172	-2802.994	207.8222	1.085774	0.06070312	0.626345	0.373655	5.111757
56124	-2591.555	-2800.683	209.1277	1.099841	0.07914033	0.65299	0.34701	4.324222
56130	-2594.573	-2803.209	208.6358	1.002555	0.09198046	0.559131	0.440869	4.623314
56136	-2587.676	-2797.467	209.7914	1.096728	0.05260091	0.543662	0.456338	4.021998
56142	-2591.029	-2801.324	210.2952	1.067385	0.09473525	0.543662	0.456338	3.634938
56148	-2576.681	-2786.183	209.5016	1.265186	0.07031448	0.587861	0.412139	4.041533
56154	-2581.903	-2791.695	209.7912	1.304178	0.05862642	0.594116	0.405884	3.88616
56160	-2581.271	-2791.935	210.6647	1.342304	0.07199105	0.600296	0.399704	3.318931
56166	-2594.501	-2803.729	209.2279	1.099085	0.07657358	0.602803	0.397197	4.27467
56172	-2584.238	-2793.466	209.2273	1.048066	0.1081937	0.554161	0.445839	4.225443
56178	-2583.604	-2793.575	209.9711	1.060244	0.1230149	0.554161	0.445839	3.759478
56184	-2580.808	-2790.751	209.9425	1.319715	0.06955556	0.56384	0.43616	3.759478
56190	-2591.973	-2802.408	210.4356	1.165829	0.09256182	0.650533	0.349467	3.50157
56196	-2588.968	-2798.531	209.5624	1.107251	0.07383817	0.650533	0.349467	4.087356
56202	-2584.965	-2793.752	208.7871	1.024747	0.07383817	0.628454	0.371546	4.572331
56208	-2579.008	-2788.733	209.7254	1.086158	0.08742291	0.626835	0.373165	3.970758
56214	-2583.368	-2794.139	210.7707	1.160344	0.08149818	0.52312	0.47688	3.337558
56220	-2596.591	-2803.568	206.9776	1.068906	0.07068904	0.52417	0.47583	5.560325
56226	-2585.426	-2792.271	206.8444	1.019357	0.05029983	0.52417	0.47583	5.715645
56232	-2588.403	-2795.079	206.6765	1.151813	0.04872735	0.628252	0.371748	5.739383
56238	-2581.927	-2790.253	208.3261	1.259793	0.151242	0.600108	0.399892	4.5228
56244	-2578.831	-2787.581	208.7491	1.017503	0.1039488	0.675912	0.324088	4.522593
56250	-2595.776	-2804.684	208.9086	1.191789	0.07477736	0.578969	0.421031	4.407502
56256	-2598.356	-2808.29	209.9341	1.075991	0.08210191	0.67511	0.32489	3.870715
56262	-2591.193	-2799.977	208.7844	1.071236	0.06483408	0.670889	0.329111	4.572001
56268	-2582.32	-2791.612	209.2922	1.077232	0.07341567	0.635913	0.364087	4.259046
56274	-2587.499	-2796.729	209.2305	1.045316	0.1150488	0.481526	0.518474	4.209447
56280	-2583.396	-2793.005	209.6087	1.095475	0.1191924	0.535812	0.464188	3.95602
56286	-2582.6	-2793.407	210.8077	1.30664	0.131823	0.500182	0.499818	3.105683
56292	-2590.747	-2799.672	208.9256	1.11706	0.1095459	0.614711	0.385289	4.354021
56298	-2581.732	-2790.798	209.0656	1.069696	0.106864	0.614711	0.385289	4.307865
56304	-2582.904	-2791.911	209.0069	1.147246	0.1193834	0.569617	0.430383	4.268688
56310	-2582.283	-2791.964	209.6813	1.320681	0.07519467	0.54267	0.45733	3.893748
56316	-2585.055	-2793.039	207.9842	1.133347	0.07575556	0.696531	0.303469	4.955173
56322	-2581.789	-2791.023	209.2346	1.129182	0.06248369	0.535472	0.464528	4.292104
56328	-2590.027	-2799.13	209.1029	1.312917	0.08700357	0.458562	0.541438	4.197269
56334	-2577.301	-2786.435	209.1342	1.297275	0.08352739	0.439257	0.560743	4.197269
56340	-2591.567	-2801.023	209.456	1.348432	0.0553389	0.413201	0.586799	4.061945
56346	-2593.684	-2805.215	211.5302	1.348432	0.07920603	0.667575	0.332425	2.77709
56352	-2602.478	-2812.151	209.6729	1.27036	0.08538399	0.633092	0.366908	3.900527
56358	-2591.561	-2803.155	211.5939	1.359922	0.08726711	0.552666	0.447334	2.708725
56364	-2606.491	-2815.935	209.4434	0.9995128	0.1078606	0.448147	0.551853	4.13102
56370	-2592.584	-2800.133	207.5493	1.134879	0.07072609	0.574837	0.425163	5.208688
56376	-2588.321	-2797.725	209.4041	1.024245	0.1181094	0.574837	0.425163	4.115861
56382	-2608.87	-2819.341	210.471	1.316518	0.06842041	0.481387	0.518613	3.457702
56388	-2590.606	-2800.961	210.3558	1.356522	0.0845247	0.665382	0.334618	3.457702
56394	-2593.783	-2803.855	210.0722	1.200105	0.0845247	0.621494	0.378506	3.713348
56400	-2589.661	-2797.933	208.2718	1.14979	0.08240004	0.698184	0.301816	4.768589
56406	-2592.886	-2801.535	208.6486	1.14979	0.1131569	0.65528	0.34472	4.483473
56412	-2592.545	-2801.372	208.8264	1.30992	0.08871394	0.600917	0.399083	4.351224
56418	-2593.874	-2802.714	208.8408	1.30992	0.07547268	0.600917	0.399083	4.377281
56424	-2592.303	-2801.084	208.7816	1.08279	0.089506	0.600917	0.399083	4.502534
56430	-2579.346	-2789	209.6537	1.13955	0.0708423	0.660789	0.339211	4.024978
56436	-2591.785	-2800.828	209.0436	1.233084	0.08146028	0.515276	0.484724	4.290358
56442	-2595.198	-2805.607	210.409	1.14035	0.07278742	0.664443	0.335557	3.58434
56448	-2582.122	-2790.726	208.6046	1.14035	0.07073358	0.564536	0.435464	4.618145
56454	-2586.399	-2795.636	209.2373	1.14035	0.07316114	0.564536	0.435464	4.255087
56460	-2590.969	-2799.793	208.8249	1.278788	0.07434824	0.516391	0.483609	4.406801
56466	-2591.012	-2800.167	209.1547	1.258	0.07594175	0.61843	0.38157	4.227819
56472	-2598.832	-2808.461	209.6288	1.267833	0.07594175	0.543285	0.456715	3.952135
56478	-2585.853	-2794.782	208.929	1.267833	0.05456938	0.709475	0.290525	4.408593
56484	-2585.825	-2795.233	209.4086	1.027426	0.07586641	0.557543	0.442457	4.214761
56490	-2584.403	-2791.741	207.3386	1.014152	0.09327404	0.552907	0.447093	5.334888
56496	-2579.17	-2786.965	207.7956	1.200067	0.05039819	0.566252	0.433748	5.091684
56502	-2587.031	-2797.058	210.0265	1.163063	0.06821002	0.566252	0.433748	3.805053
56508	-2588.233	-2798.339	210.106	1.271955	0.1110553	0.464457	0.535543	3.586286
56514	-2588.59	-2798.165	209.5757	1.309799	0.1055403	0.454561	0.545439	3.883647
56520	-2593.744	-2803.744	209.9992	1.213838	0.1588058	0.543387	0.456613	3.57918
56526	-2592.554	-2802.245	209.6902	1.187461	0.1083407	0.614792	0.385208	3.881542
56532	-2594.052	-2803.731	209.679	1.260171	0.07900972	0.729183	0.270817	3.919562
56538	-2593.717	-2802.491	208.7745	1.031616	0.09534208	0.654091	0.345909	4.52094
56544	-2593.008	-2801.983	208.9754	1.211595	0.06479188	0.578509	0.421491	4.385652
56550	-2587.451	-2797.244	209.7926	1.062975	0.0961525	0.629285	0.370715	3.923566
56556	-2587.005	-2795.728	208.7228	1.195475	0.1314591	0.588889	0.411111	4.37586
56562	-2577.309	-2785.882	208.5739	1.242754	0.05895192	0.605091	0.394909	4.610093
56568	-2583.465	-2792.254	208.7895	1.116489	0.1030574	0.618296	0.381704	4.446217
56574	-2598.35	-2807.82	209.4698	1.116489	0.1269637	0.48588	0.51412	4.006198
56580	-2603.4	-2813.055	209.6556	1.136488	0.07807705	0.384442	0.615558	4.006198
56586	-2602.693	-2812.031	209.3382	1.136488	0.07807705	0.572139	0.427861	4.186977
56592	-2597.092	-2804.088	206.9961	1.250977	0.07631353	0.592239	0.407761	5.435347
56598	-2590.741	-2796.94	206.1993	0.9526238	0.09709298	0.588454	0.411546	5.984454
56604	-2582.877	-2792.709	209.8321	1.170708	0.06577784	0.55291	0.44709	3.919102
56610	-2606.12	-2816.986	210.8659	1.250846	0.1341733	0.632891	0.367109	3.099054
56616	-2579.637	-2788.691	209.0538	1.07992	0.0685976	0.520011	0.479989	4.405303
56622	-2578.996	-2786.897	207.9008	1.163424	0.06984849	0.77295	0.22705	5.000395
56628	-2584.417	-2794.447	210.0299	1.367183	0.05481355	0.706682	0.293318	3.723394
56634	-2587.458	-2798.281	210.8236	1.526902	0.07666036	0.661313	0.338687	3.102469
56640	-2579.794	-2791.218	211.4244	1.530841	0.0572575	0.673923	0.326077	2.794762
56646	-2582.571	-2792.138	209.5663	1.402999	0.07076152	0.587821	0.412179	3.924499
56652	-2577.7	-2787.73	210.0299	1.129697	0.0807426	0.630141	0.369859	3.788315
56658	-2577.814	-2787.901	210.0874	1.203048	0.1005228	0.55416	0.44584	3.662381
56664	-2574.521	-2784.548	210.027	1.209062	0.09510958	0.590809	0.409191	3.707269
56670	-2583.063	-2792.95	209.8873	1.216293	0.05977164	0.556855	0.443145	3.878175
56676	-2596.324	-2805.06	208.7365	1.142016	0.0603167	0.613655	0.386345	4.57161
56682	-2586.344	-2796.56	210.216	1.140345	0.08628121	0.609876	0.390124	3.660202
56688	-2588.268	-2799.531	211.2633	1.347483	0.09177944	0.494433	0.505567	2.905277
56694	-2590.306	-2801.52	211.2139	1.320926	0.1258294	0.590139	0.409861	2.866784
56700	-2606.296	-2816.441	210.1448	1.264169	0.08152004	0.575577	0.424423	3.642213
56706	-2603.852	-2813.407	209.5551	1.197853	0.07446978	0.496624	0.503376	4.038163
56712	-2597.812	-2806.892	209.0798	0.924566	0.09011443	0.722801	0.277199	4.422172
56718	-2572.898	-2781.133	208.2343	0.929308	0.08778608	0.590772	0.409228	4.898938
56724	-2576.601	-2785.533	208.932	1.361557	0.04699427	0.515165	0.484835	4.375458
56730	-2584.019	-2791.425	207.4059	0.951037	0.1162265	0.527153	0.472847	5.279804
56736	-2583.233	-2793.784	210.551	1.280706	0.1271268	0.65594	0.34406	3.283787
56742	-2585.344	-2795.65	210.3066	1.202065	0.06225714	0.594837	0.405163	3.637483
56748	-2600.538	-2810.58	210.0415	1.202065	0.1226933	0.594837	0.405163	3.637483
56754	-2585.625	-2796.803	211.1773	1.311072	0.1315073	0.686337	0.313663	2.881856
56760	-2581.605	-2793.073	211.4683	1.212704	0.08471506	0.436971	0.563029	2.881856
56766	-2584.436	-2795.31	210.874	1.353327	0.08921879	0.58684	0.41316	3.141764
56772	-2582.144	-2789.967	207.8232	0.8773238	0.104836	0.512996	0.487004	5.115357
56778	-2601.714	-2809.604	207.8901	0.9212582	0.07955663	0.449818	0.550182	5.115357
56784	-2605.588	-2816.585	210.9977	1.317678	0.1030574	0.633589	0.366411	3.053708
56790	-2606.798	-2816.568	209.7707	1.260239	0.06210612	0.495274	0.504726	3.913243
56796	-2589.05	-2799.821	210.7713	1.269411	0.098759	0.585571	0.414429	3.227819
56802	-2593.388	-2803.584	210.1962	1.215626	0.08734238	0.452307	0.547693	3.625279
56808	-2577.682	-2787.686	210.0048	1.09799	0.07089307	0.479453	0.520547	3.847561
56814	-2593.845	-2805.55	211.7052	1.361351	0.1277187	0.531104	0.468896	2.536016
56820	-2592.932	-2803.566	210.6338	1.349649	0.1092019	0.634966	0.365034	3.235898
56826	-2587.274	-2797.761	210.4868	1.185592	0.1021004	0.624339	0.375661	3.436184
56832	-2586.846	-2797.124	210.2786	1.212622	0.08273398	0.50723	0.49277	3.591243
56838	-2588.736	-2799.991	211.2549	1.216914	0.09350551	0.527241	0.472759	2.984381
56844	-2592.987	-2802.05	209.0636	1.148794	0.1001538	0.480881	0.519119	4.28009
56850	-2600.795	-2810.056	209.2615	0.8806136	0.0828892	0.549831	0.450169	4.362742
56856	-2615.034	-2823.429	208.3946	0.964848	0.06927533	0.537961	0.462039	4.837604
56862	-2576.537	-2784.374	207.8366	1.104365	0.09281055	0.511645	0.488355	5.010408
56868	-2586.636	-2796.682	210.046	1.104365	0.1327999	0.470761	0.529239	3.669231
56874	-2580.276	-2789.8	209.5242	1.088004	0.1695378	0.636495	0.363505	3.905269
56880	-2571.905	-2780.201	208.2956	1.088004	0.08865924	0.692416	0.307584	4.774104
56886	-2571.171	-2779.424	208.253	1.008763	0.08865924	0.594217	0.405783	4.842078
56892	-2570.175	-2778.546	208.3712	0.9600004	0.07352121	0.593818	0.406182	4.842078
56898	-2557.295	-2764.884	207.5886	0.973447	0.1123176	0.606702	0.393298	5.175049
56904	-2572.522	-2781.398	208.8766	1.104655	0.0777853	0.652185	0.347815	4.466711
56910	-2570.396	-2779.63	209.2337	1.087765	0.08999082	0.615171	0.384829	4.243278
56916	-2583.752	-2792.647	208.8945	1.175964	0.07872657	0.580313	0.419687	4.413965
56922	-2589.245	-2797.259	208.014	1.175964	0.07875364	0.600102	0.399898	4.907148
56928	-2596.473	-2806.16	209.6869	1.055191	0.1140655	0.473593	0.526407	3.945926
56934	-2581.273	-2790.457	209.1839	1.079056	0.05874634	0.36846	0.63154	4.359516
56940	-2580.938	-2790.199	209.2611	1.20969	0.06433636	0.661852	0.338148	4.226317
56946	-2573.522	-2783.157	209.6349	1.182338	0.09730713	0.575431	0.424569	3.942719
56952	-2573.576	-2783.936	210.3602	1.099933	0.1029426	0.578102	0.421898	3.557988
56958	-2588.869	-2799.529	210.6604	1.003986	0.1095924	0.65271	0.34729	3.422693
56964	-2595.898	-2805.96	210.0615	1.057022	0.05394909	0.653146	0.346854	3.886231
56970	-2588.207	-2797.695	209.4878	1.086968	0.05857979	0.673101	0.326899	4.183415
56976	-2584.029	-2793.66	209.631	1.222888	0.05574563	0.50198	0.49802	4.03255
56982	-2587.447	-2797.059	209.6121	1.240764	0.05594171	0.443948	0.556052	4.03255
56988	-2592.861	-2803.25	210.3885	1.273023	0.1390589	0.583682	0.416318	3.357793
56994	-2586.189	-2797.25	211.0612	1.400223	0.07900863	0.489762	0.510238	3.02969
57000	-2600.15	-2809.642	209.4919	1.071744	0.08715791	0.510859	0.489141	4.112852
57006	-2599.09	-2809.18	210.0898	1.040717	0.09888265	0.495727	0.504273	3.758817
57012	-2584.321	-2794.637	210.3162	1.180579	0.1065017	0.634352	0.365648	3.52804
57018	-2580.791	-2788.221	207.4296	1.087391	0.1065017	0.544938	0.455062	5.213102
57024	-2595.541	-2804.753	209.2117	1.077838	0.1140377	0.629289	0.370711	4.20394
57030	-2623.749	-2834.378	210.6294	1.26666	0.09787974	0.44698	0.55302	3.315402
57036	-2597.447	-2808.166	210.7189	1.26666	0.07784148	0.5766	0.4234	3.315402
57042	-2611.562	-2820.223	208.6617	1.190172	0.07373558	0.511924	0.488076	4.550159
57048	-2595.95	-2805.805	209.8549	1.030199	0.1271171	0.511924	0.488076	3.834653
57054	-2611.011	-2819.649	208.6371	0.9740086	0.1053465	0.578947	0.421053	4.606593
57060	-2600.51	-2809.103	208.5936	0.9740086	0.1160537	0.444285	0.555715	4.606593
57066	-2593.574	-2802.419	208.8448	1.160248	0.09969852	0.632051	0.367949	4.398379
57072	-2592.756	-2801.737	208.9811	1.077855	0.08733286	0.608525	0.391475	4.398379
57078	-2599.617	-2810.015	210.3976	1.203383	0.09480412	0.608525	0.391475	3.496111
57084	-2594.189	-2802.21	208.0215	1.120756	0.07406874	0.608525	0.391475	4.945865
57090	-2585.852	-2795.131	209.2793	1.103956	0.09418663	0.554303	0.445697	4.19776
